source,target,relation
CVE:CVE-2025-9242,RISK:CRITICAL,HAS_RISK
CVE:CVE-2025-9242,SIGNAL:CISA_KEV,KNOWN_EXPLOITED
CVE:CVE-2025-9242,CWE:CWE-787,HAS_CWE
CVE:CVE-2025-9242,CPE:cpe:2.3:h:watchguard:firebox_m270:*:*:*:*:*:*:*:*,AFFECTS
CVE:CVE-2025-9242,CPE:cpe:2.3:h:watchguard:firebox_m290:*:*:*:*:*:*:*:*,AFFECTS
CVE:CVE-2025-9242,CPE:cpe:2.3:h:watchguard:firebox_m295:-:*:*:*:*:*:*:*,AFFECTS
CVE:CVE-2025-9242,CPE:cpe:2.3:h:watchguard:firebox_m370:*:*:*:*:*:*:*:*,AFFECTS
CVE:CVE-2025-9242,CPE:cpe:2.3:h:watchguard:firebox_m390:*:*:*:*:*:*:*:*,AFFECTS
CVE:CVE-2025-9242,CPE:cpe:2.3:h:watchguard:firebox_m395:-:*:*:*:*:*:*:*,AFFECTS
CVE:CVE-2025-9242,CPE:cpe:2.3:h:watchguard:firebox_m440:*:*:*:*:*:*:*:*,AFFECTS
CVE:CVE-2025-9242,CPE:cpe:2.3:h:watchguard:firebox_m4600:*:*:*:*:*:*:*:*,AFFECTS
CVE:CVE-2025-9242,CPE:cpe:2.3:h:watchguard:firebox_m470:*:*:*:*:*:*:*:*,AFFECTS
CVE:CVE-2025-9242,CPE:cpe:2.3:h:watchguard:firebox_m4800:*:*:*:*:*:*:*:*,AFFECTS
CVE:CVE-2025-9242,CPE:cpe:2.3:h:watchguard:firebox_m495:-:*:*:*:*:*:*:*,AFFECTS
CVE:CVE-2025-9242,CPE:cpe:2.3:h:watchguard:firebox_m5600:*:*:*:*:*:*:*:*,AFFECTS
CVE:CVE-2025-9242,CPE:cpe:2.3:h:watchguard:firebox_m570:*:*:*:*:*:*:*:*,AFFECTS
CVE:CVE-2025-9242,CPE:cpe:2.3:h:watchguard:firebox_m5800:*:*:*:*:*:*:*:*,AFFECTS
CVE:CVE-2025-9242,CPE:cpe:2.3:h:watchguard:firebox_m590:*:*:*:*:*:*:*:*,AFFECTS
CVE:CVE-2025-9242,CPE:cpe:2.3:h:watchguard:firebox_m595:-:*:*:*:*:*:*:*,AFFECTS
CVE:CVE-2025-9242,CPE:cpe:2.3:h:watchguard:firebox_m670:*:*:*:*:*:*:*:*,AFFECTS
CVE:CVE-2025-9242,CPE:cpe:2.3:h:watchguard:firebox_m690:*:*:*:*:*:*:*:*,AFFECTS
CVE:CVE-2025-9242,CPE:cpe:2.3:h:watchguard:firebox_m695:-:*:*:*:*:*:*:*,AFFECTS
CVE:CVE-2025-9242,CPE:cpe:2.3:h:watchguard:firebox_nv5:*:*:*:*:*:*:*:*,AFFECTS
CVE:CVE-2025-9242,CPE:cpe:2.3:h:watchguard:firebox_t115-w:*:*:*:*:*:*:*:*,AFFECTS
CVE:CVE-2025-9242,CPE:cpe:2.3:h:watchguard:firebox_t125-w:*:*:*:*:*:*:*:*,AFFECTS
CVE:CVE-2025-9242,CPE:cpe:2.3:h:watchguard:firebox_t125:*:*:*:*:*:*:*:*,AFFECTS
CVE:CVE-2025-9242,CPE:cpe:2.3:h:watchguard:firebox_t145-w:*:*:*:*:*:*:*:*,AFFECTS
CVE:CVE-2025-9242,CPE:cpe:2.3:h:watchguard:firebox_t145:*:*:*:*:*:*:*:*,AFFECTS
CVE:CVE-2025-9242,CPE:cpe:2.3:h:watchguard:firebox_t15:*:*:*:*:*:*:*:*,AFFECTS
CVE:CVE-2025-9242,CPE:cpe:2.3:h:watchguard:firebox_t185:*:*:*:*:*:*:*:*,AFFECTS
CVE:CVE-2025-9242,CPE:cpe:2.3:h:watchguard:firebox_t20:*:*:*:*:*:*:*:*,AFFECTS
CVE:CVE-2025-9242,CPE:cpe:2.3:h:watchguard:firebox_t25:*:*:*:*:*:*:*:*,AFFECTS
CVE:CVE-2025-9242,CPE:cpe:2.3:h:watchguard:firebox_t35:*:*:*:*:*:*:*:*,AFFECTS
CVE:CVE-2025-9242,CPE:cpe:2.3:h:watchguard:firebox_t40:*:*:*:*:*:*:*:*,AFFECTS
CVE:CVE-2025-9242,CPE:cpe:2.3:h:watchguard:firebox_t45:*:*:*:*:*:*:*:*,AFFECTS
CVE:CVE-2025-9242,CPE:cpe:2.3:h:watchguard:firebox_t55:*:*:*:*:*:*:*:*,AFFECTS
CVE:CVE-2025-9242,CPE:cpe:2.3:h:watchguard:firebox_t70:*:*:*:*:*:*:*:*,AFFECTS
CVE:CVE-2025-9242,CPE:cpe:2.3:h:watchguard:firebox_t80:*:*:*:*:*:*:*:*,AFFECTS
CVE:CVE-2025-9242,CPE:cpe:2.3:h:watchguard:firebox_t85:*:*:*:*:*:*:*:*,AFFECTS
CVE:CVE-2025-9242,CPE:cpe:2.3:h:watchguard:fireboxcloud:*:*:*:*:*:*:*:*,AFFECTS
CVE:CVE-2025-9242,CPE:cpe:2.3:h:watchguard:fireboxv:*:*:*:*:*:*:*:*,AFFECTS
CVE:CVE-2025-9242,CPE:cpe:2.3:o:watchguard:fireware:*:*:*:*:*:*:*:*,AFFECTS
CVE:CVE-2025-9242,CPE:cpe:2.3:o:watchguard:fireware:2025.1:*:*:*:*:*:*:*,AFFECTS
CVE:CVE-2025-9242,REF:CVE-2025-9242:0,REFERENCES
CVE:CVE-2025-9242,REF:CVE-2025-9242:1,REFERENCES
CVE:CVE-2025-9242,REF:CVE-2025-9242:2,REFERENCES
CVE:CVE-2025-9242,REF:CVE-2025-9242:3,REFERENCES
CVE:CVE-2026-48907,RISK:CRITICAL,HAS_RISK
CVE:CVE-2026-48907,SIGNAL:CISA_KEV,KNOWN_EXPLOITED
CVE:CVE-2026-48907,CWE:CWE-284,HAS_CWE
CVE:CVE-2026-48907,CPE:cpe:2.3:a:widgetfactorylimited:jce:*:*:*:*:*:joomla\!:*:*,AFFECTS
CVE:CVE-2026-48907,REF:CVE-2026-48907:0,REFERENCES
CVE:CVE-2026-48907,REF:CVE-2026-48907:1,REFERENCES
CVE:CVE-2026-48907,REF:CVE-2026-48907:2,REFERENCES
CVE:CVE-2024-4879,RISK:CRITICAL,HAS_RISK
CVE:CVE-2024-4879,SIGNAL:CISA_KEV,KNOWN_EXPLOITED
CVE:CVE-2024-4879,CWE:CWE-1287,HAS_CWE
CVE:CVE-2024-4879,CPE:cpe:2.3:a:servicenow:servicenow:utah:-:*:*:*:*:*:*,AFFECTS
CVE:CVE-2024-4879,CPE:cpe:2.3:a:servicenow:servicenow:utah:early_availability:*:*:*:*:*:*,AFFECTS
CVE:CVE-2024-4879,CPE:cpe:2.3:a:servicenow:servicenow:utah:patch_10:*:*:*:*:*:*,AFFECTS
CVE:CVE-2024-4879,CPE:cpe:2.3:a:servicenow:servicenow:utah:patch_10_hotfix_1:*:*:*:*:*:*,AFFECTS
CVE:CVE-2024-4879,CPE:cpe:2.3:a:servicenow:servicenow:utah:patch_10_hotfix_2:*:*:*:*:*:*,AFFECTS
CVE:CVE-2024-4879,CPE:cpe:2.3:a:servicenow:servicenow:utah:patch_10a:*:*:*:*:*:*,AFFECTS
CVE:CVE-2024-4879,CPE:cpe:2.3:a:servicenow:servicenow:utah:patch_10a_hotfix_1:*:*:*:*:*:*,AFFECTS
CVE:CVE-2024-4879,CPE:cpe:2.3:a:servicenow:servicenow:utah:patch_1:*:*:*:*:*:*,AFFECTS
CVE:CVE-2024-4879,CPE:cpe:2.3:a:servicenow:servicenow:utah:patch_1_hotfix_1:*:*:*:*:*:*,AFFECTS
CVE:CVE-2024-4879,CPE:cpe:2.3:a:servicenow:servicenow:utah:patch_1_hotfix_1a:*:*:*:*:*:*,AFFECTS
CVE:CVE-2024-4879,CPE:cpe:2.3:a:servicenow:servicenow:utah:patch_1_hotfix_1b:*:*:*:*:*:*,AFFECTS
CVE:CVE-2024-4879,CPE:cpe:2.3:a:servicenow:servicenow:utah:patch_1_hotfix_2:*:*:*:*:*:*,AFFECTS
CVE:CVE-2024-4879,CPE:cpe:2.3:a:servicenow:servicenow:utah:patch_2:*:*:*:*:*:*,AFFECTS
CVE:CVE-2024-4879,CPE:cpe:2.3:a:servicenow:servicenow:utah:patch_2_hotfix_1:*:*:*:*:*:*,AFFECTS
CVE:CVE-2024-4879,CPE:cpe:2.3:a:servicenow:servicenow:utah:patch_2_hotfix_2:*:*:*:*:*:*,AFFECTS
CVE:CVE-2024-4879,CPE:cpe:2.3:a:servicenow:servicenow:utah:patch_2_hotfix_3:*:*:*:*:*:*,AFFECTS
CVE:CVE-2024-4879,CPE:cpe:2.3:a:servicenow:servicenow:utah:patch_2_hotfix_4:*:*:*:*:*:*,AFFECTS
CVE:CVE-2024-4879,CPE:cpe:2.3:a:servicenow:servicenow:utah:patch_3:*:*:*:*:*:*,AFFECTS
CVE:CVE-2024-4879,CPE:cpe:2.3:a:servicenow:servicenow:utah:patch_3_hotfix_1:*:*:*:*:*:*,AFFECTS
CVE:CVE-2024-4879,CPE:cpe:2.3:a:servicenow:servicenow:utah:patch_3_hotfix_1b:*:*:*:*:*:*,AFFECTS
CVE:CVE-2024-4879,CPE:cpe:2.3:a:servicenow:servicenow:utah:patch_4:*:*:*:*:*:*,AFFECTS
CVE:CVE-2024-4879,CPE:cpe:2.3:a:servicenow:servicenow:utah:patch_4_hotfix_1:*:*:*:*:*:*,AFFECTS
CVE:CVE-2024-4879,CPE:cpe:2.3:a:servicenow:servicenow:utah:patch_4_hotfix_2:*:*:*:*:*:*,AFFECTS
CVE:CVE-2024-4879,CPE:cpe:2.3:a:servicenow:servicenow:utah:patch_4_hotfix_2a:*:*:*:*:*:*,AFFECTS
CVE:CVE-2024-4879,CPE:cpe:2.3:a:servicenow:servicenow:utah:patch_4_hotfix_2b:*:*:*:*:*:*,AFFECTS
CVE:CVE-2024-4879,CPE:cpe:2.3:a:servicenow:servicenow:utah:patch_4_hotfix_3:*:*:*:*:*:*,AFFECTS
CVE:CVE-2024-4879,CPE:cpe:2.3:a:servicenow:servicenow:utah:patch_4_hotfix_3b:*:*:*:*:*:*,AFFECTS
CVE:CVE-2024-4879,CPE:cpe:2.3:a:servicenow:servicenow:utah:patch_4_hotfix_4:*:*:*:*:*:*,AFFECTS
CVE:CVE-2024-4879,CPE:cpe:2.3:a:servicenow:servicenow:utah:patch_4_hotfix_4b:*:*:*:*:*:*,AFFECTS
CVE:CVE-2024-4879,CPE:cpe:2.3:a:servicenow:servicenow:utah:patch_4_hotfix_5:*:*:*:*:*:*,AFFECTS
CVE:CVE-2024-4879,CPE:cpe:2.3:a:servicenow:servicenow:utah:patch_5:*:*:*:*:*:*,AFFECTS
CVE:CVE-2024-4879,CPE:cpe:2.3:a:servicenow:servicenow:utah:patch_5_hotfix_1:*:*:*:*:*:*,AFFECTS
CVE:CVE-2024-4879,CPE:cpe:2.3:a:servicenow:servicenow:utah:patch_6:*:*:*:*:*:*,AFFECTS
CVE:CVE-2024-4879,CPE:cpe:2.3:a:servicenow:servicenow:utah:patch_6_hotfix_1:*:*:*:*:*:*,AFFECTS
CVE:CVE-2024-4879,CPE:cpe:2.3:a:servicenow:servicenow:utah:patch_6_hotfix_2:*:*:*:*:*:*,AFFECTS
CVE:CVE-2024-4879,CPE:cpe:2.3:a:servicenow:servicenow:utah:patch_7:*:*:*:*:*:*,AFFECTS
CVE:CVE-2024-4879,CPE:cpe:2.3:a:servicenow:servicenow:utah:patch_7_hotfix_1:*:*:*:*:*:*,AFFECTS
CVE:CVE-2024-4879,CPE:cpe:2.3:a:servicenow:servicenow:utah:patch_7_hotfix_2:*:*:*:*:*:*,AFFECTS
CVE:CVE-2024-4879,CPE:cpe:2.3:a:servicenow:servicenow:utah:patch_7a:*:*:*:*:*:*,AFFECTS
CVE:CVE-2024-4879,CPE:cpe:2.3:a:servicenow:servicenow:utah:patch_7b:*:*:*:*:*:*,AFFECTS
CVE:CVE-2024-4879,CPE:cpe:2.3:a:servicenow:servicenow:utah:patch_8:*:*:*:*:*:*,AFFECTS
CVE:CVE-2024-4879,CPE:cpe:2.3:a:servicenow:servicenow:utah:patch_8_hotfix_2:*:*:*:*:*:*,AFFECTS
CVE:CVE-2024-4879,CPE:cpe:2.3:a:servicenow:servicenow:utah:patch_9:*:*:*:*:*:*,AFFECTS
CVE:CVE-2024-4879,CPE:cpe:2.3:a:servicenow:servicenow:utah:patch_9_hotfix_1:*:*:*:*:*:*,AFFECTS
CVE:CVE-2024-4879,CPE:cpe:2.3:a:servicenow:servicenow:utah:patch_9_hotfix_1a:*:*:*:*:*:*,AFFECTS
CVE:CVE-2024-4879,CPE:cpe:2.3:a:servicenow:servicenow:utah:patch_9_hotfix_1b:*:*:*:*:*:*,AFFECTS
CVE:CVE-2024-4879,CPE:cpe:2.3:a:servicenow:servicenow:vancouver:-:*:*:*:*:*:*,AFFECTS
CVE:CVE-2024-4879,CPE:cpe:2.3:a:servicenow:servicenow:vancouver:patch_10:*:*:*:*:*:*,AFFECTS
CVE:CVE-2024-4879,CPE:cpe:2.3:a:servicenow:servicenow:vancouver:patch_1:*:*:*:*:*:*,AFFECTS
CVE:CVE-2024-4879,CPE:cpe:2.3:a:servicenow:servicenow:vancouver:patch_1_hotfix_1:*:*:*:*:*:*,AFFECTS
CVE:CVE-2024-4879,CPE:cpe:2.3:a:servicenow:servicenow:vancouver:patch_2:*:*:*:*:*:*,AFFECTS
CVE:CVE-2024-4879,CPE:cpe:2.3:a:servicenow:servicenow:vancouver:patch_2_hotfix1a:*:*:*:*:*:*,AFFECTS
CVE:CVE-2024-4879,CPE:cpe:2.3:a:servicenow:servicenow:vancouver:patch_2_hotfix_1:*:*:*:*:*:*,AFFECTS
CVE:CVE-2024-4879,CPE:cpe:2.3:a:servicenow:servicenow:vancouver:patch_2_hotfix_1a:*:*:*:*:*:*,AFFECTS
CVE:CVE-2024-4879,CPE:cpe:2.3:a:servicenow:servicenow:vancouver:patch_2_hotfix_2:*:*:*:*:*:*,AFFECTS
CVE:CVE-2024-4879,CPE:cpe:2.3:a:servicenow:servicenow:vancouver:patch_2_hotfix_3:*:*:*:*:*:*,AFFECTS
CVE:CVE-2024-4879,CPE:cpe:2.3:a:servicenow:servicenow:vancouver:patch_3:*:*:*:*:*:*,AFFECTS
CVE:CVE-2024-4879,CPE:cpe:2.3:a:servicenow:servicenow:vancouver:patch_3_hotfix_1:*:*:*:*:*:*,AFFECTS
CVE:CVE-2024-4879,CPE:cpe:2.3:a:servicenow:servicenow:vancouver:patch_3_hotfix_2:*:*:*:*:*:*,AFFECTS
CVE:CVE-2024-4879,CPE:cpe:2.3:a:servicenow:servicenow:vancouver:patch_3_hotfix_3:*:*:*:*:*:*,AFFECTS
CVE:CVE-2024-4879,CPE:cpe:2.3:a:servicenow:servicenow:vancouver:patch_3_hotfix_4:*:*:*:*:*:*,AFFECTS
CVE:CVE-2024-4879,CPE:cpe:2.3:a:servicenow:servicenow:vancouver:patch_4:*:*:*:*:*:*,AFFECTS
CVE:CVE-2024-4879,CPE:cpe:2.3:a:servicenow:servicenow:vancouver:patch_4_hotfix_1:*:*:*:*:*:*,AFFECTS
CVE:CVE-2024-4879,CPE:cpe:2.3:a:servicenow:servicenow:vancouver:patch_4_hotfix_1a:*:*:*:*:*:*,AFFECTS
CVE:CVE-2024-4879,CPE:cpe:2.3:a:servicenow:servicenow:vancouver:patch_4_hotfix_1b:*:*:*:*:*:*,AFFECTS
CVE:CVE-2024-4879,CPE:cpe:2.3:a:servicenow:servicenow:vancouver:patch_4_hotfix_2b:*:*:*:*:*:*,AFFECTS
CVE:CVE-2024-4879,CPE:cpe:2.3:a:servicenow:servicenow:vancouver:patch_5:*:*:*:*:*:*,AFFECTS
CVE:CVE-2024-4879,CPE:cpe:2.3:a:servicenow:servicenow:vancouver:patch_5_hotfix_1:*:*:*:*:*:*,AFFECTS
CVE:CVE-2024-4879,CPE:cpe:2.3:a:servicenow:servicenow:vancouver:patch_6:*:*:*:*:*:*,AFFECTS
CVE:CVE-2024-4879,CPE:cpe:2.3:a:servicenow:servicenow:vancouver:patch_6_hotfix_1:*:*:*:*:*:*,AFFECTS
CVE:CVE-2024-4879,CPE:cpe:2.3:a:servicenow:servicenow:vancouver:patch_7:*:*:*:*:*:*,AFFECTS
CVE:CVE-2024-4879,CPE:cpe:2.3:a:servicenow:servicenow:vancouver:patch_7_hotfix_1:*:*:*:*:*:*,AFFECTS
CVE:CVE-2024-4879,CPE:cpe:2.3:a:servicenow:servicenow:vancouver:patch_7_hotfix_1a:*:*:*:*:*:*,AFFECTS
CVE:CVE-2024-4879,CPE:cpe:2.3:a:servicenow:servicenow:vancouver:patch_7_hotfix_2:*:*:*:*:*:*,AFFECTS
CVE:CVE-2024-4879,CPE:cpe:2.3:a:servicenow:servicenow:vancouver:patch_7_hotfix_2a:*:*:*:*:*:*,AFFECTS
CVE:CVE-2024-4879,CPE:cpe:2.3:a:servicenow:servicenow:vancouver:patch_7_hotfix_2b:*:*:*:*:*:*,AFFECTS
CVE:CVE-2024-4879,CPE:cpe:2.3:a:servicenow:servicenow:vancouver:patch_7_hotfix_3a:*:*:*:*:*:*,AFFECTS
CVE:CVE-2024-4879,CPE:cpe:2.3:a:servicenow:servicenow:vancouver:patch_8:*:*:*:*:*:*,AFFECTS
CVE:CVE-2024-4879,CPE:cpe:2.3:a:servicenow:servicenow:vancouver:patch_8_hotfix_1:*:*:*:*:*:*,AFFECTS
CVE:CVE-2024-4879,CPE:cpe:2.3:a:servicenow:servicenow:vancouver:patch_8_hotfix_2:*:*:*:*:*:*,AFFECTS
CVE:CVE-2024-4879,CPE:cpe:2.3:a:servicenow:servicenow:vancouver:patch_8_hotfix_3:*:*:*:*:*:*,AFFECTS
CVE:CVE-2024-4879,CPE:cpe:2.3:a:servicenow:servicenow:vancouver:patch_9:*:*:*:*:*:*,AFFECTS
CVE:CVE-2024-4879,CPE:cpe:2.3:a:servicenow:servicenow:washington_dc:-:*:*:*:*:*:*,AFFECTS
CVE:CVE-2024-4879,CPE:cpe:2.3:a:servicenow:servicenow:washington_dc:patch_1:*:*:*:*:*:*,AFFECTS
CVE:CVE-2024-4879,CPE:cpe:2.3:a:servicenow:servicenow:washington_dc:patch_1_hotfix_1:*:*:*:*:*:*,AFFECTS
CVE:CVE-2024-4879,CPE:cpe:2.3:a:servicenow:servicenow:washington_dc:patch_1_hotfix_2:*:*:*:*:*:*,AFFECTS
CVE:CVE-2024-4879,CPE:cpe:2.3:a:servicenow:servicenow:washington_dc:patch_1_hotfix_2a:*:*:*:*:*:*,AFFECTS
CVE:CVE-2024-4879,CPE:cpe:2.3:a:servicenow:servicenow:washington_dc:patch_2:*:*:*:*:*:*,AFFECTS
CVE:CVE-2024-4879,CPE:cpe:2.3:a:servicenow:servicenow:washington_dc:patch_2_hotfix_1:*:*:*:*:*:*,AFFECTS
CVE:CVE-2024-4879,CPE:cpe:2.3:a:servicenow:servicenow:washington_dc:patch_3:*:*:*:*:*:*,AFFECTS
CVE:CVE-2024-4879,REF:CVE-2024-4879:0,REFERENCES
CVE:CVE-2024-4879,REF:CVE-2024-4879:1,REFERENCES
CVE:CVE-2024-4879,REF:CVE-2024-4879:2,REFERENCES
CVE:CVE-2024-4879,REF:CVE-2024-4879:3,REFERENCES
CVE:CVE-2026-48939,RISK:CRITICAL,HAS_RISK
CVE:CVE-2026-48939,SIGNAL:CISA_KEV,KNOWN_EXPLOITED
CVE:CVE-2026-48939,CWE:CWE-434,HAS_CWE
CVE:CVE-2026-48939,CPE:cpe:2.3:a:joomlic:icagenda:*:*:*:*:-:joomla\!:*:*,AFFECTS
CVE:CVE-2026-48939,REF:CVE-2026-48939:0,REFERENCES
CVE:CVE-2026-48939,REF:CVE-2026-48939:1,REFERENCES
CVE:CVE-2026-48939,REF:CVE-2026-48939:2,REFERENCES
CVE:CVE-2026-48939,REF:CVE-2026-48939:3,REFERENCES
CVE:CVE-2026-48939,REF:CVE-2026-48939:4,REFERENCES
CVE:CVE-2026-48939,REF:CVE-2026-48939:5,REFERENCES
CVE:CVE-2026-48908,RISK:CRITICAL,HAS_RISK
CVE:CVE-2026-48908,SIGNAL:CISA_KEV,KNOWN_EXPLOITED
CVE:CVE-2026-48908,CWE:CWE-434,HAS_CWE
CVE:CVE-2026-48908,CPE:cpe:2.3:a:ollyo:sp_page_builder:*:*:*:*:-:joomla\!:*:*,AFFECTS
CVE:CVE-2026-48908,REF:CVE-2026-48908:0,REFERENCES
CVE:CVE-2026-48908,REF:CVE-2026-48908:1,REFERENCES
CVE:CVE-2026-48908,REF:CVE-2026-48908:2,REFERENCES
CVE:CVE-2026-48908,REF:CVE-2026-48908:3,REFERENCES
CVE:CVE-2026-48908,REF:CVE-2026-48908:4,REFERENCES
CVE:CVE-2026-16232,RISK:CRITICAL,HAS_RISK
CVE:CVE-2026-16232,SIGNAL:CISA_KEV,KNOWN_EXPLOITED
CVE:CVE-2026-16232,CWE:CWE-287,HAS_CWE
CVE:CVE-2026-16232,CPE:cpe:2.3:a:checkpoint:multi-domain_security_management:*:*:*:*:*:*:*:*,AFFECTS
CVE:CVE-2026-16232,CPE:cpe:2.3:a:checkpoint:multi-domain_security_management:r81.20:-:*:*:*:*:*:*,AFFECTS
CVE:CVE-2026-16232,CPE:cpe:2.3:a:checkpoint:multi-domain_security_management:r81.20:take_101:*:*:*:*:*:*,AFFECTS
CVE:CVE-2026-16232,CPE:cpe:2.3:a:checkpoint:multi-domain_security_management:r81.20:take_103:*:*:*:*:*:*,AFFECTS
CVE:CVE-2026-16232,CPE:cpe:2.3:a:checkpoint:multi-domain_security_management:r81.20:take_105:*:*:*:*:*:*,AFFECTS
CVE:CVE-2026-16232,CPE:cpe:2.3:a:checkpoint:multi-domain_security_management:r81.20:take_10:*:*:*:*:*:*,AFFECTS
CVE:CVE-2026-16232,CPE:cpe:2.3:a:checkpoint:multi-domain_security_management:r81.20:take_111:*:*:*:*:*:*,AFFECTS
CVE:CVE-2026-16232,CPE:cpe:2.3:a:checkpoint:multi-domain_security_management:r81.20:take_113:*:*:*:*:*:*,AFFECTS
CVE:CVE-2026-16232,CPE:cpe:2.3:a:checkpoint:multi-domain_security_management:r81.20:take_115:*:*:*:*:*:*,AFFECTS
CVE:CVE-2026-16232,CPE:cpe:2.3:a:checkpoint:multi-domain_security_management:r81.20:take_118:*:*:*:*:*:*,AFFECTS
CVE:CVE-2026-16232,CPE:cpe:2.3:a:checkpoint:multi-domain_security_management:r81.20:take_119:*:*:*:*:*:*,AFFECTS
CVE:CVE-2026-16232,CPE:cpe:2.3:a:checkpoint:multi-domain_security_management:r81.20:take_120:*:*:*:*:*:*,AFFECTS
CVE:CVE-2026-16232,CPE:cpe:2.3:a:checkpoint:multi-domain_security_management:r81.20:take_122:*:*:*:*:*:*,AFFECTS
CVE:CVE-2026-16232,CPE:cpe:2.3:a:checkpoint:multi-domain_security_management:r81.20:take_126:*:*:*:*:*:*,AFFECTS
CVE:CVE-2026-16232,CPE:cpe:2.3:a:checkpoint:multi-domain_security_management:r81.20:take_127:*:*:*:*:*:*,AFFECTS
CVE:CVE-2026-16232,CPE:cpe:2.3:a:checkpoint:multi-domain_security_management:r81.20:take_141:*:*:*:*:*:*,AFFECTS
CVE:CVE-2026-16232,CPE:cpe:2.3:a:checkpoint:multi-domain_security_management:r81.20:take_146:*:*:*:*:*:*,AFFECTS
CVE:CVE-2026-16232,CPE:cpe:2.3:a:checkpoint:multi-domain_security_management:r81.20:take_14:*:*:*:*:*:*,AFFECTS
CVE:CVE-2026-16232,CPE:cpe:2.3:a:checkpoint:multi-domain_security_management:r81.20:take_24:*:*:*:*:*:*,AFFECTS
CVE:CVE-2026-16232,CPE:cpe:2.3:a:checkpoint:multi-domain_security_management:r81.20:take_26:*:*:*:*:*:*,AFFECTS
CVE:CVE-2026-16232,CPE:cpe:2.3:a:checkpoint:multi-domain_security_management:r81.20:take_38:*:*:*:*:*:*,AFFECTS
CVE:CVE-2026-16232,CPE:cpe:2.3:a:checkpoint:multi-domain_security_management:r81.20:take_41:*:*:*:*:*:*,AFFECTS
CVE:CVE-2026-16232,CPE:cpe:2.3:a:checkpoint:multi-domain_security_management:r81.20:take_43:*:*:*:*:*:*,AFFECTS
CVE:CVE-2026-16232,CPE:cpe:2.3:a:checkpoint:multi-domain_security_management:r81.20:take_45:*:*:*:*:*:*,AFFECTS
CVE:CVE-2026-16232,CPE:cpe:2.3:a:checkpoint:multi-domain_security_management:r81.20:take_53:*:*:*:*:*:*,AFFECTS
CVE:CVE-2026-16232,CPE:cpe:2.3:a:checkpoint:multi-domain_security_management:r81.20:take_54:*:*:*:*:*:*,AFFECTS
CVE:CVE-2026-16232,CPE:cpe:2.3:a:checkpoint:multi-domain_security_management:r81.20:take_65:*:*:*:*:*:*,AFFECTS
CVE:CVE-2026-16232,CPE:cpe:2.3:a:checkpoint:multi-domain_security_management:r81.20:take_70:*:*:*:*:*:*,AFFECTS
CVE:CVE-2026-16232,CPE:cpe:2.3:a:checkpoint:multi-domain_security_management:r81.20:take_76:*:*:*:*:*:*,AFFECTS
CVE:CVE-2026-16232,CPE:cpe:2.3:a:checkpoint:multi-domain_security_management:r81.20:take_79:*:*:*:*:*:*,AFFECTS
CVE:CVE-2026-16232,CPE:cpe:2.3:a:checkpoint:multi-domain_security_management:r81.20:take_84:*:*:*:*:*:*,AFFECTS
CVE:CVE-2026-16232,CPE:cpe:2.3:a:checkpoint:multi-domain_security_management:r81.20:take_89:*:*:*:*:*:*,AFFECTS
CVE:CVE-2026-16232,CPE:cpe:2.3:a:checkpoint:multi-domain_security_management:r81.20:take_8:*:*:*:*:*:*,AFFECTS
CVE:CVE-2026-16232,CPE:cpe:2.3:a:checkpoint:multi-domain_security_management:r81.20:take_90:*:*:*:*:*:*,AFFECTS
CVE:CVE-2026-16232,CPE:cpe:2.3:a:checkpoint:multi-domain_security_management:r81.20:take_92:*:*:*:*:*:*,AFFECTS
CVE:CVE-2026-16232,CPE:cpe:2.3:a:checkpoint:multi-domain_security_management:r81.20:take_96:*:*:*:*:*:*,AFFECTS
CVE:CVE-2026-16232,CPE:cpe:2.3:a:checkpoint:multi-domain_security_management:r81.20:take_98:*:*:*:*:*:*,AFFECTS
CVE:CVE-2026-16232,CPE:cpe:2.3:a:checkpoint:multi-domain_security_management:r81.20:take_99:*:*:*:*:*:*,AFFECTS
CVE:CVE-2026-16232,CPE:cpe:2.3:a:checkpoint:multi-domain_security_management:r82.10:-:*:*:*:*:*:*,AFFECTS
CVE:CVE-2026-16232,CPE:cpe:2.3:a:checkpoint:multi-domain_security_management:r82.10:take_19:*:*:*:*:*:*,AFFECTS
CVE:CVE-2026-16232,CPE:cpe:2.3:a:checkpoint:multi-domain_security_management:r82.10:take_24:*:*:*:*:*:*,AFFECTS
CVE:CVE-2026-16232,CPE:cpe:2.3:a:checkpoint:multi-domain_security_management:r82.10:take_6:*:*:*:*:*:*,AFFECTS
CVE:CVE-2026-16232,CPE:cpe:2.3:a:checkpoint:multi-domain_security_management:r82:-:*:*:*:*:*:*,AFFECTS
CVE:CVE-2026-16232,CPE:cpe:2.3:a:checkpoint:multi-domain_security_management:r82:take_103:*:*:*:*:*:*,AFFECTS
CVE:CVE-2026-16232,CPE:cpe:2.3:a:checkpoint:multi-domain_security_management:r82:take_107:*:*:*:*:*:*,AFFECTS
CVE:CVE-2026-16232,CPE:cpe:2.3:a:checkpoint:multi-domain_security_management:r82:take_10:*:*:*:*:*:*,AFFECTS
CVE:CVE-2026-16232,CPE:cpe:2.3:a:checkpoint:multi-domain_security_management:r82:take_12:*:*:*:*:*:*,AFFECTS
CVE:CVE-2026-16232,CPE:cpe:2.3:a:checkpoint:multi-domain_security_management:r82:take_14:*:*:*:*:*:*,AFFECTS
CVE:CVE-2026-16232,CPE:cpe:2.3:a:checkpoint:multi-domain_security_management:r82:take_18:*:*:*:*:*:*,AFFECTS
CVE:CVE-2026-16232,CPE:cpe:2.3:a:checkpoint:multi-domain_security_management:r82:take_19:*:*:*:*:*:*,AFFECTS
CVE:CVE-2026-16232,CPE:cpe:2.3:a:checkpoint:multi-domain_security_management:r82:take_25:*:*:*:*:*:*,AFFECTS
CVE:CVE-2026-16232,CPE:cpe:2.3:a:checkpoint:multi-domain_security_management:r82:take_33:*:*:*:*:*:*,AFFECTS
CVE:CVE-2026-16232,CPE:cpe:2.3:a:checkpoint:multi-domain_security_management:r82:take_34:*:*:*:*:*:*,AFFECTS
CVE:CVE-2026-16232,CPE:cpe:2.3:a:checkpoint:multi-domain_security_management:r82:take_36:*:*:*:*:*:*,AFFECTS
CVE:CVE-2026-16232,CPE:cpe:2.3:a:checkpoint:multi-domain_security_management:r82:take_39:*:*:*:*:*:*,AFFECTS
CVE:CVE-2026-16232,CPE:cpe:2.3:a:checkpoint:multi-domain_security_management:r82:take_41:*:*:*:*:*:*,AFFECTS
CVE:CVE-2026-16232,CPE:cpe:2.3:a:checkpoint:multi-domain_security_management:r82:take_43:*:*:*:*:*:*,AFFECTS
CVE:CVE-2026-16232,CPE:cpe:2.3:a:checkpoint:multi-domain_security_management:r82:take_44:*:*:*:*:*:*,AFFECTS
CVE:CVE-2026-16232,CPE:cpe:2.3:a:checkpoint:multi-domain_security_management:r82:take_60:*:*:*:*:*:*,AFFECTS
CVE:CVE-2026-16232,CPE:cpe:2.3:a:checkpoint:multi-domain_security_management:r82:take_73:*:*:*:*:*:*,AFFECTS
CVE:CVE-2026-16232,CPE:cpe:2.3:a:checkpoint:multi-domain_security_management:r82:take_91:*:*:*:*:*:*,AFFECTS
CVE:CVE-2026-16232,CPE:cpe:2.3:a:checkpoint:quantum_security_management:*:*:*:*:*:*:*:*,AFFECTS
CVE:CVE-2026-16232,CPE:cpe:2.3:a:checkpoint:quantum_security_management:r81.20:-:*:*:*:*:*:*,AFFECTS
CVE:CVE-2026-16232,CPE:cpe:2.3:a:checkpoint:quantum_security_management:r81.20:take_101:*:*:*:*:*:*,AFFECTS
CVE:CVE-2026-16232,CPE:cpe:2.3:a:checkpoint:quantum_security_management:r81.20:take_103:*:*:*:*:*:*,AFFECTS
CVE:CVE-2026-16232,CPE:cpe:2.3:a:checkpoint:quantum_security_management:r81.20:take_105:*:*:*:*:*:*,AFFECTS
CVE:CVE-2026-16232,CPE:cpe:2.3:a:checkpoint:quantum_security_management:r81.20:take_10:*:*:*:*:*:*,AFFECTS
CVE:CVE-2026-16232,CPE:cpe:2.3:a:checkpoint:quantum_security_management:r81.20:take_111:*:*:*:*:*:*,AFFECTS
CVE:CVE-2026-16232,CPE:cpe:2.3:a:checkpoint:quantum_security_management:r81.20:take_113:*:*:*:*:*:*,AFFECTS
CVE:CVE-2026-16232,CPE:cpe:2.3:a:checkpoint:quantum_security_management:r81.20:take_115:*:*:*:*:*:*,AFFECTS
CVE:CVE-2026-16232,CPE:cpe:2.3:a:checkpoint:quantum_security_management:r81.20:take_118:*:*:*:*:*:*,AFFECTS
CVE:CVE-2026-16232,CPE:cpe:2.3:a:checkpoint:quantum_security_management:r81.20:take_119:*:*:*:*:*:*,AFFECTS
CVE:CVE-2026-16232,CPE:cpe:2.3:a:checkpoint:quantum_security_management:r81.20:take_120:*:*:*:*:*:*,AFFECTS
CVE:CVE-2026-16232,CPE:cpe:2.3:a:checkpoint:quantum_security_management:r81.20:take_122:*:*:*:*:*:*,AFFECTS
CVE:CVE-2026-16232,CPE:cpe:2.3:a:checkpoint:quantum_security_management:r81.20:take_126:*:*:*:*:*:*,AFFECTS
CVE:CVE-2026-16232,CPE:cpe:2.3:a:checkpoint:quantum_security_management:r81.20:take_127:*:*:*:*:*:*,AFFECTS
CVE:CVE-2026-16232,CPE:cpe:2.3:a:checkpoint:quantum_security_management:r81.20:take_141:*:*:*:*:*:*,AFFECTS
CVE:CVE-2026-16232,CPE:cpe:2.3:a:checkpoint:quantum_security_management:r81.20:take_146:*:*:*:*:*:*,AFFECTS
CVE:CVE-2026-16232,CPE:cpe:2.3:a:checkpoint:quantum_security_management:r81.20:take_14:*:*:*:*:*:*,AFFECTS
CVE:CVE-2026-16232,CPE:cpe:2.3:a:checkpoint:quantum_security_management:r81.20:take_24:*:*:*:*:*:*,AFFECTS
CVE:CVE-2026-16232,CPE:cpe:2.3:a:checkpoint:quantum_security_management:r81.20:take_26:*:*:*:*:*:*,AFFECTS
CVE:CVE-2026-16232,CPE:cpe:2.3:a:checkpoint:quantum_security_management:r81.20:take_38:*:*:*:*:*:*,AFFECTS
CVE:CVE-2026-16232,CPE:cpe:2.3:a:checkpoint:quantum_security_management:r81.20:take_41:*:*:*:*:*:*,AFFECTS
CVE:CVE-2026-16232,CPE:cpe:2.3:a:checkpoint:quantum_security_management:r81.20:take_43:*:*:*:*:*:*,AFFECTS
CVE:CVE-2026-16232,CPE:cpe:2.3:a:checkpoint:quantum_security_management:r81.20:take_45:*:*:*:*:*:*,AFFECTS
CVE:CVE-2026-16232,CPE:cpe:2.3:a:checkpoint:quantum_security_management:r81.20:take_53:*:*:*:*:*:*,AFFECTS
CVE:CVE-2026-16232,CPE:cpe:2.3:a:checkpoint:quantum_security_management:r81.20:take_54:*:*:*:*:*:*,AFFECTS
CVE:CVE-2026-16232,CPE:cpe:2.3:a:checkpoint:quantum_security_management:r81.20:take_65:*:*:*:*:*:*,AFFECTS
CVE:CVE-2026-16232,CPE:cpe:2.3:a:checkpoint:quantum_security_management:r81.20:take_70:*:*:*:*:*:*,AFFECTS
CVE:CVE-2026-16232,CPE:cpe:2.3:a:checkpoint:quantum_security_management:r81.20:take_76:*:*:*:*:*:*,AFFECTS
CVE:CVE-2026-16232,CPE:cpe:2.3:a:checkpoint:quantum_security_management:r81.20:take_79:*:*:*:*:*:*,AFFECTS
CVE:CVE-2026-16232,CPE:cpe:2.3:a:checkpoint:quantum_security_management:r81.20:take_84:*:*:*:*:*:*,AFFECTS
CVE:CVE-2026-16232,CPE:cpe:2.3:a:checkpoint:quantum_security_management:r81.20:take_89:*:*:*:*:*:*,AFFECTS
CVE:CVE-2026-16232,CPE:cpe:2.3:a:checkpoint:quantum_security_management:r81.20:take_8:*:*:*:*:*:*,AFFECTS
CVE:CVE-2026-16232,CPE:cpe:2.3:a:checkpoint:quantum_security_management:r81.20:take_90:*:*:*:*:*:*,AFFECTS
CVE:CVE-2026-16232,CPE:cpe:2.3:a:checkpoint:quantum_security_management:r81.20:take_92:*:*:*:*:*:*,AFFECTS
CVE:CVE-2026-16232,CPE:cpe:2.3:a:checkpoint:quantum_security_management:r81.20:take_96:*:*:*:*:*:*,AFFECTS
CVE:CVE-2026-16232,CPE:cpe:2.3:a:checkpoint:quantum_security_management:r81.20:take_98:*:*:*:*:*:*,AFFECTS
CVE:CVE-2026-16232,CPE:cpe:2.3:a:checkpoint:quantum_security_management:r81.20:take_99:*:*:*:*:*:*,AFFECTS
CVE:CVE-2026-16232,CPE:cpe:2.3:a:checkpoint:quantum_security_management:r82.10:-:*:*:*:*:*:*,AFFECTS
CVE:CVE-2026-16232,CPE:cpe:2.3:a:checkpoint:quantum_security_management:r82.10:take_19:*:*:*:*:*:*,AFFECTS
CVE:CVE-2026-16232,CPE:cpe:2.3:a:checkpoint:quantum_security_management:r82.10:take_24:*:*:*:*:*:*,AFFECTS
CVE:CVE-2026-16232,CPE:cpe:2.3:a:checkpoint:quantum_security_management:r82.10:take_6:*:*:*:*:*:*,AFFECTS
CVE:CVE-2026-16232,CPE:cpe:2.3:a:checkpoint:quantum_security_management:r82:-:*:*:*:*:*:*,AFFECTS
CVE:CVE-2026-16232,CPE:cpe:2.3:a:checkpoint:quantum_security_management:r82:take_103:*:*:*:*:*:*,AFFECTS
CVE:CVE-2026-16232,CPE:cpe:2.3:a:checkpoint:quantum_security_management:r82:take_107:*:*:*:*:*:*,AFFECTS
CVE:CVE-2026-16232,CPE:cpe:2.3:a:checkpoint:quantum_security_management:r82:take_10:*:*:*:*:*:*,AFFECTS
CVE:CVE-2026-16232,CPE:cpe:2.3:a:checkpoint:quantum_security_management:r82:take_12:*:*:*:*:*:*,AFFECTS
CVE:CVE-2026-16232,CPE:cpe:2.3:a:checkpoint:quantum_security_management:r82:take_14:*:*:*:*:*:*,AFFECTS
CVE:CVE-2026-16232,CPE:cpe:2.3:a:checkpoint:quantum_security_management:r82:take_18:*:*:*:*:*:*,AFFECTS
CVE:CVE-2026-16232,CPE:cpe:2.3:a:checkpoint:quantum_security_management:r82:take_19:*:*:*:*:*:*,AFFECTS
CVE:CVE-2026-16232,CPE:cpe:2.3:a:checkpoint:quantum_security_management:r82:take_25:*:*:*:*:*:*,AFFECTS
CVE:CVE-2026-16232,CPE:cpe:2.3:a:checkpoint:quantum_security_management:r82:take_33:*:*:*:*:*:*,AFFECTS
CVE:CVE-2026-16232,CPE:cpe:2.3:a:checkpoint:quantum_security_management:r82:take_34:*:*:*:*:*:*,AFFECTS
CVE:CVE-2026-16232,CPE:cpe:2.3:a:checkpoint:quantum_security_management:r82:take_36:*:*:*:*:*:*,AFFECTS
CVE:CVE-2026-16232,CPE:cpe:2.3:a:checkpoint:quantum_security_management:r82:take_39:*:*:*:*:*:*,AFFECTS
CVE:CVE-2026-16232,CPE:cpe:2.3:a:checkpoint:quantum_security_management:r82:take_41:*:*:*:*:*:*,AFFECTS
CVE:CVE-2026-16232,CPE:cpe:2.3:a:checkpoint:quantum_security_management:r82:take_43:*:*:*:*:*:*,AFFECTS
CVE:CVE-2026-16232,CPE:cpe:2.3:a:checkpoint:quantum_security_management:r82:take_44:*:*:*:*:*:*,AFFECTS
CVE:CVE-2026-16232,CPE:cpe:2.3:a:checkpoint:quantum_security_management:r82:take_60:*:*:*:*:*:*,AFFECTS
CVE:CVE-2026-16232,CPE:cpe:2.3:a:checkpoint:quantum_security_management:r82:take_73:*:*:*:*:*:*,AFFECTS
CVE:CVE-2026-16232,CPE:cpe:2.3:a:checkpoint:quantum_security_management:r82:take_91:*:*:*:*:*:*,AFFECTS
CVE:CVE-2026-16232,REF:CVE-2026-16232:0,REFERENCES
CVE:CVE-2026-16232,REF:CVE-2026-16232:1,REFERENCES
CVE:CVE-2024-5217,RISK:CRITICAL,HAS_RISK
CVE:CVE-2024-5217,SIGNAL:CISA_KEV,KNOWN_EXPLOITED
CVE:CVE-2024-5217,CWE:CWE-184,HAS_CWE
CVE:CVE-2024-5217,CWE:CWE-697,HAS_CWE
CVE:CVE-2024-5217,CPE:cpe:2.3:a:servicenow:servicenow:utah:-:*:*:*:*:*:*,AFFECTS
CVE:CVE-2024-5217,CPE:cpe:2.3:a:servicenow:servicenow:utah:early_availability:*:*:*:*:*:*,AFFECTS
CVE:CVE-2024-5217,CPE:cpe:2.3:a:servicenow:servicenow:utah:patch_10:*:*:*:*:*:*,AFFECTS
CVE:CVE-2024-5217,CPE:cpe:2.3:a:servicenow:servicenow:utah:patch_10_hotfix_1:*:*:*:*:*:*,AFFECTS
CVE:CVE-2024-5217,CPE:cpe:2.3:a:servicenow:servicenow:utah:patch_10_hotfix_2:*:*:*:*:*:*,AFFECTS
CVE:CVE-2024-5217,CPE:cpe:2.3:a:servicenow:servicenow:utah:patch_10a:*:*:*:*:*:*,AFFECTS
CVE:CVE-2024-5217,CPE:cpe:2.3:a:servicenow:servicenow:utah:patch_10a_hotfix_1:*:*:*:*:*:*,AFFECTS
CVE:CVE-2024-5217,CPE:cpe:2.3:a:servicenow:servicenow:utah:patch_10b:*:*:*:*:*:*,AFFECTS
CVE:CVE-2024-5217,CPE:cpe:2.3:a:servicenow:servicenow:utah:patch_1:*:*:*:*:*:*,AFFECTS
CVE:CVE-2024-5217,CPE:cpe:2.3:a:servicenow:servicenow:utah:patch_1_hotfix_1:*:*:*:*:*:*,AFFECTS
CVE:CVE-2024-5217,CPE:cpe:2.3:a:servicenow:servicenow:utah:patch_1_hotfix_1a:*:*:*:*:*:*,AFFECTS
CVE:CVE-2024-5217,CPE:cpe:2.3:a:servicenow:servicenow:utah:patch_1_hotfix_1b:*:*:*:*:*:*,AFFECTS
CVE:CVE-2024-5217,CPE:cpe:2.3:a:servicenow:servicenow:utah:patch_1_hotfix_2:*:*:*:*:*:*,AFFECTS
CVE:CVE-2024-5217,CPE:cpe:2.3:a:servicenow:servicenow:utah:patch_2:*:*:*:*:*:*,AFFECTS
CVE:CVE-2024-5217,CPE:cpe:2.3:a:servicenow:servicenow:utah:patch_2_hotfix_1:*:*:*:*:*:*,AFFECTS
CVE:CVE-2024-5217,CPE:cpe:2.3:a:servicenow:servicenow:utah:patch_2_hotfix_2:*:*:*:*:*:*,AFFECTS
CVE:CVE-2024-5217,CPE:cpe:2.3:a:servicenow:servicenow:utah:patch_2_hotfix_3:*:*:*:*:*:*,AFFECTS
CVE:CVE-2024-5217,CPE:cpe:2.3:a:servicenow:servicenow:utah:patch_2_hotfix_4:*:*:*:*:*:*,AFFECTS
CVE:CVE-2024-5217,CPE:cpe:2.3:a:servicenow:servicenow:utah:patch_3:*:*:*:*:*:*,AFFECTS
CVE:CVE-2024-5217,CPE:cpe:2.3:a:servicenow:servicenow:utah:patch_3_hotfix_1:*:*:*:*:*:*,AFFECTS
CVE:CVE-2024-5217,CPE:cpe:2.3:a:servicenow:servicenow:utah:patch_3_hotfix_1b:*:*:*:*:*:*,AFFECTS
CVE:CVE-2024-5217,CPE:cpe:2.3:a:servicenow:servicenow:utah:patch_4:*:*:*:*:*:*,AFFECTS
CVE:CVE-2024-5217,CPE:cpe:2.3:a:servicenow:servicenow:utah:patch_4_hotfix_1:*:*:*:*:*:*,AFFECTS
CVE:CVE-2024-5217,CPE:cpe:2.3:a:servicenow:servicenow:utah:patch_4_hotfix_2:*:*:*:*:*:*,AFFECTS
CVE:CVE-2024-5217,CPE:cpe:2.3:a:servicenow:servicenow:utah:patch_4_hotfix_2a:*:*:*:*:*:*,AFFECTS
CVE:CVE-2024-5217,CPE:cpe:2.3:a:servicenow:servicenow:utah:patch_4_hotfix_2b:*:*:*:*:*:*,AFFECTS
CVE:CVE-2024-5217,CPE:cpe:2.3:a:servicenow:servicenow:utah:patch_4_hotfix_3:*:*:*:*:*:*,AFFECTS
CVE:CVE-2024-5217,CPE:cpe:2.3:a:servicenow:servicenow:utah:patch_4_hotfix_3b:*:*:*:*:*:*,AFFECTS
CVE:CVE-2024-5217,CPE:cpe:2.3:a:servicenow:servicenow:utah:patch_4_hotfix_4:*:*:*:*:*:*,AFFECTS
CVE:CVE-2024-5217,CPE:cpe:2.3:a:servicenow:servicenow:utah:patch_4_hotfix_4b:*:*:*:*:*:*,AFFECTS
CVE:CVE-2024-5217,CPE:cpe:2.3:a:servicenow:servicenow:utah:patch_4_hotfix_5:*:*:*:*:*:*,AFFECTS
CVE:CVE-2024-5217,CPE:cpe:2.3:a:servicenow:servicenow:utah:patch_5:*:*:*:*:*:*,AFFECTS
CVE:CVE-2024-5217,CPE:cpe:2.3:a:servicenow:servicenow:utah:patch_5_hotfix_1:*:*:*:*:*:*,AFFECTS
CVE:CVE-2024-5217,CPE:cpe:2.3:a:servicenow:servicenow:utah:patch_6:*:*:*:*:*:*,AFFECTS
CVE:CVE-2024-5217,CPE:cpe:2.3:a:servicenow:servicenow:utah:patch_6_hotfix_1:*:*:*:*:*:*,AFFECTS
CVE:CVE-2024-5217,CPE:cpe:2.3:a:servicenow:servicenow:utah:patch_6_hotfix_2:*:*:*:*:*:*,AFFECTS
CVE:CVE-2024-5217,CPE:cpe:2.3:a:servicenow:servicenow:utah:patch_7:*:*:*:*:*:*,AFFECTS
CVE:CVE-2024-5217,CPE:cpe:2.3:a:servicenow:servicenow:utah:patch_7_hotfix_1:*:*:*:*:*:*,AFFECTS
CVE:CVE-2024-5217,CPE:cpe:2.3:a:servicenow:servicenow:utah:patch_7_hotfix_2:*:*:*:*:*:*,AFFECTS
CVE:CVE-2024-5217,CPE:cpe:2.3:a:servicenow:servicenow:utah:patch_7a:*:*:*:*:*:*,AFFECTS
CVE:CVE-2024-5217,CPE:cpe:2.3:a:servicenow:servicenow:utah:patch_7b:*:*:*:*:*:*,AFFECTS
CVE:CVE-2024-5217,CPE:cpe:2.3:a:servicenow:servicenow:utah:patch_8:*:*:*:*:*:*,AFFECTS
CVE:CVE-2024-5217,CPE:cpe:2.3:a:servicenow:servicenow:utah:patch_8_hotfix_2:*:*:*:*:*:*,AFFECTS
CVE:CVE-2024-5217,CPE:cpe:2.3:a:servicenow:servicenow:utah:patch_9:*:*:*:*:*:*,AFFECTS
CVE:CVE-2024-5217,CPE:cpe:2.3:a:servicenow:servicenow:utah:patch_9_hotfix_1:*:*:*:*:*:*,AFFECTS
CVE:CVE-2024-5217,CPE:cpe:2.3:a:servicenow:servicenow:utah:patch_9_hotfix_1a:*:*:*:*:*:*,AFFECTS
CVE:CVE-2024-5217,CPE:cpe:2.3:a:servicenow:servicenow:utah:patch_9_hotfix_1b:*:*:*:*:*:*,AFFECTS
CVE:CVE-2024-5217,CPE:cpe:2.3:a:servicenow:servicenow:vancouver:-:*:*:*:*:*:*,AFFECTS
CVE:CVE-2024-5217,CPE:cpe:2.3:a:servicenow:servicenow:vancouver:patch_1:*:*:*:*:*:*,AFFECTS
CVE:CVE-2024-5217,CPE:cpe:2.3:a:servicenow:servicenow:vancouver:patch_1_hotfix_1:*:*:*:*:*:*,AFFECTS
CVE:CVE-2024-5217,CPE:cpe:2.3:a:servicenow:servicenow:vancouver:patch_2:*:*:*:*:*:*,AFFECTS
CVE:CVE-2024-5217,CPE:cpe:2.3:a:servicenow:servicenow:vancouver:patch_2_hotfix1a:*:*:*:*:*:*,AFFECTS
CVE:CVE-2024-5217,CPE:cpe:2.3:a:servicenow:servicenow:vancouver:patch_2_hotfix_1:*:*:*:*:*:*,AFFECTS
CVE:CVE-2024-5217,CPE:cpe:2.3:a:servicenow:servicenow:vancouver:patch_2_hotfix_1a:*:*:*:*:*:*,AFFECTS
CVE:CVE-2024-5217,CPE:cpe:2.3:a:servicenow:servicenow:vancouver:patch_2_hotfix_2:*:*:*:*:*:*,AFFECTS
CVE:CVE-2024-5217,CPE:cpe:2.3:a:servicenow:servicenow:vancouver:patch_2_hotfix_3:*:*:*:*:*:*,AFFECTS
CVE:CVE-2024-5217,CPE:cpe:2.3:a:servicenow:servicenow:vancouver:patch_3:*:*:*:*:*:*,AFFECTS
CVE:CVE-2024-5217,CPE:cpe:2.3:a:servicenow:servicenow:vancouver:patch_3_hotfix_1:*:*:*:*:*:*,AFFECTS
CVE:CVE-2024-5217,CPE:cpe:2.3:a:servicenow:servicenow:vancouver:patch_3_hotfix_2:*:*:*:*:*:*,AFFECTS
CVE:CVE-2024-5217,CPE:cpe:2.3:a:servicenow:servicenow:vancouver:patch_3_hotfix_3:*:*:*:*:*:*,AFFECTS
CVE:CVE-2024-5217,CPE:cpe:2.3:a:servicenow:servicenow:vancouver:patch_3_hotfix_4:*:*:*:*:*:*,AFFECTS
CVE:CVE-2024-5217,CPE:cpe:2.3:a:servicenow:servicenow:vancouver:patch_4:*:*:*:*:*:*,AFFECTS
CVE:CVE-2024-5217,CPE:cpe:2.3:a:servicenow:servicenow:vancouver:patch_4_hotfix_1:*:*:*:*:*:*,AFFECTS
CVE:CVE-2024-5217,CPE:cpe:2.3:a:servicenow:servicenow:vancouver:patch_4_hotfix_1a:*:*:*:*:*:*,AFFECTS
CVE:CVE-2024-5217,CPE:cpe:2.3:a:servicenow:servicenow:vancouver:patch_4_hotfix_1b:*:*:*:*:*:*,AFFECTS
CVE:CVE-2024-5217,CPE:cpe:2.3:a:servicenow:servicenow:vancouver:patch_4_hotfix_2b:*:*:*:*:*:*,AFFECTS
CVE:CVE-2024-5217,CPE:cpe:2.3:a:servicenow:servicenow:vancouver:patch_5:*:*:*:*:*:*,AFFECTS
CVE:CVE-2024-5217,CPE:cpe:2.3:a:servicenow:servicenow:vancouver:patch_5_hotfix_1:*:*:*:*:*:*,AFFECTS
CVE:CVE-2024-5217,CPE:cpe:2.3:a:servicenow:servicenow:vancouver:patch_6:*:*:*:*:*:*,AFFECTS
CVE:CVE-2024-5217,CPE:cpe:2.3:a:servicenow:servicenow:vancouver:patch_6_hotfix_1:*:*:*:*:*:*,AFFECTS
CVE:CVE-2024-5217,CPE:cpe:2.3:a:servicenow:servicenow:vancouver:patch_7:*:*:*:*:*:*,AFFECTS
CVE:CVE-2024-5217,CPE:cpe:2.3:a:servicenow:servicenow:vancouver:patch_7_hotfix_1:*:*:*:*:*:*,AFFECTS
CVE:CVE-2024-5217,CPE:cpe:2.3:a:servicenow:servicenow:vancouver:patch_7_hotfix_1a:*:*:*:*:*:*,AFFECTS
CVE:CVE-2024-5217,CPE:cpe:2.3:a:servicenow:servicenow:vancouver:patch_7_hotfix_2:*:*:*:*:*:*,AFFECTS
CVE:CVE-2024-5217,CPE:cpe:2.3:a:servicenow:servicenow:vancouver:patch_7_hotfix_2a:*:*:*:*:*:*,AFFECTS
CVE:CVE-2024-5217,CPE:cpe:2.3:a:servicenow:servicenow:vancouver:patch_7_hotfix_2b:*:*:*:*:*:*,AFFECTS
CVE:CVE-2024-5217,CPE:cpe:2.3:a:servicenow:servicenow:vancouver:patch_7_hotfix_3a:*:*:*:*:*:*,AFFECTS
CVE:CVE-2024-5217,CPE:cpe:2.3:a:servicenow:servicenow:vancouver:patch_7_hotfix_4:*:*:*:*:*:*,AFFECTS
CVE:CVE-2024-5217,CPE:cpe:2.3:a:servicenow:servicenow:vancouver:patch_7_hotifix_1a:*:*:*:*:*:*,AFFECTS
CVE:CVE-2024-5217,CPE:cpe:2.3:a:servicenow:servicenow:vancouver:patch_7_hotifix_1b:*:*:*:*:*:*,AFFECTS
CVE:CVE-2024-5217,CPE:cpe:2.3:a:servicenow:servicenow:vancouver:patch_7_hotifix_2a:*:*:*:*:*:*,AFFECTS
CVE:CVE-2024-5217,CPE:cpe:2.3:a:servicenow:servicenow:vancouver:patch_7_hotifix_2b:*:*:*:*:*:*,AFFECTS
CVE:CVE-2024-5217,CPE:cpe:2.3:a:servicenow:servicenow:vancouver:patch_8:*:*:*:*:*:*,AFFECTS
CVE:CVE-2024-5217,CPE:cpe:2.3:a:servicenow:servicenow:vancouver:patch_8_hotfix_1:*:*:*:*:*:*,AFFECTS
CVE:CVE-2024-5217,CPE:cpe:2.3:a:servicenow:servicenow:vancouver:patch_8_hotfix_2:*:*:*:*:*:*,AFFECTS
CVE:CVE-2024-5217,CPE:cpe:2.3:a:servicenow:servicenow:vancouver:patch_8_hotfix_3:*:*:*:*:*:*,AFFECTS
CVE:CVE-2024-5217,CPE:cpe:2.3:a:servicenow:servicenow:vancouver:patch_9:*:*:*:*:*:*,AFFECTS
CVE:CVE-2024-5217,CPE:cpe:2.3:a:servicenow:servicenow:washington_dc:-:*:*:*:*:*:*,AFFECTS
CVE:CVE-2024-5217,CPE:cpe:2.3:a:servicenow:servicenow:washington_dc:patch_1:*:*:*:*:*:*,AFFECTS
CVE:CVE-2024-5217,CPE:cpe:2.3:a:servicenow:servicenow:washington_dc:patch_1_hotfix_1:*:*:*:*:*:*,AFFECTS
CVE:CVE-2024-5217,CPE:cpe:2.3:a:servicenow:servicenow:washington_dc:patch_1_hotfix_2:*:*:*:*:*:*,AFFECTS
CVE:CVE-2024-5217,CPE:cpe:2.3:a:servicenow:servicenow:washington_dc:patch_1_hotfix_2a:*:*:*:*:*:*,AFFECTS
CVE:CVE-2024-5217,CPE:cpe:2.3:a:servicenow:servicenow:washington_dc:patch_1_hotfix_2b:*:*:*:*:*:*,AFFECTS
CVE:CVE-2024-5217,CPE:cpe:2.3:a:servicenow:servicenow:washington_dc:patch_2:*:*:*:*:*:*,AFFECTS
CVE:CVE-2024-5217,CPE:cpe:2.3:a:servicenow:servicenow:washington_dc:patch_2_hotfix_1:*:*:*:*:*:*,AFFECTS
CVE:CVE-2024-5217,CPE:cpe:2.3:a:servicenow:servicenow:washington_dc:patch_3:*:*:*:*:*:*,AFFECTS
CVE:CVE-2024-5217,CPE:cpe:2.3:a:servicenow:servicenow:washington_dc:patch_3_hotfix_1:*:*:*:*:*:*,AFFECTS
CVE:CVE-2024-5217,CPE:cpe:2.3:a:servicenow:servicenow:washington_dc:patch_4:*:*:*:*:*:*,AFFECTS
CVE:CVE-2024-5217,CPE:cpe:2.3:a:servicenow:servicenow:washington_dc:patch_5:*:*:*:*:*:*,AFFECTS
CVE:CVE-2024-5217,REF:CVE-2024-5217:0,REFERENCES
CVE:CVE-2024-5217,REF:CVE-2024-5217:1,REFERENCES
CVE:CVE-2024-5217,REF:CVE-2024-5217:2,REFERENCES
CVE:CVE-2024-5217,REF:CVE-2024-5217:3,REFERENCES
CVE:CVE-2026-8398,RISK:CRITICAL,HAS_RISK
CVE:CVE-2026-8398,SIGNAL:CISA_KEV,KNOWN_EXPLOITED
CVE:CVE-2026-8398,CWE:CWE-506,HAS_CWE
CVE:CVE-2026-8398,CPE:cpe:2.3:a:disc-soft:daemon_tools:12.5.1:*:*:*:lite:*:*:*,AFFECTS
CVE:CVE-2026-8398,CPE:cpe:2.3:o:microsoft:windows:-:*:*:*:*:*:*:*,AFFECTS
CVE:CVE-2026-8398,REF:CVE-2026-8398:0,REFERENCES
CVE:CVE-2026-8398,REF:CVE-2026-8398:1,REFERENCES
CVE:CVE-2026-8398,REF:CVE-2026-8398:2,REFERENCES
CVE:CVE-2026-56291,RISK:CRITICAL,HAS_RISK
CVE:CVE-2026-56291,SIGNAL:CISA_KEV,KNOWN_EXPLOITED
CVE:CVE-2026-56291,CWE:CWE-434,HAS_CWE
CVE:CVE-2026-56291,CPE:cpe:2.3:a:balbooa:forms:*:*:*:*:*:joomla\!:*:*,AFFECTS
CVE:CVE-2026-56291,REF:CVE-2026-56291:0,REFERENCES
CVE:CVE-2026-56291,REF:CVE-2026-56291:1,REFERENCES
CVE:CVE-2026-56291,REF:CVE-2026-56291:2,REFERENCES
CVE:CVE-2024-8068,RISK:CRITICAL,HAS_RISK
CVE:CVE-2024-8068,SIGNAL:CISA_KEV,KNOWN_EXPLOITED
CVE:CVE-2024-8068,CWE:CWE-269,HAS_CWE
CVE:CVE-2024-8068,CPE:cpe:2.3:a:citrix:session_recording:*:*:*:*:-:*:*:*,AFFECTS
CVE:CVE-2024-8068,CPE:cpe:2.3:a:citrix:session_recording:1912:-:*:*:ltsr:*:*:*,AFFECTS
CVE:CVE-2024-8068,CPE:cpe:2.3:a:citrix:session_recording:1912:cu1:*:*:ltsr:*:*:*,AFFECTS
CVE:CVE-2024-8068,CPE:cpe:2.3:a:citrix:session_recording:1912:cu2:*:*:ltsr:*:*:*,AFFECTS
CVE:CVE-2024-8068,CPE:cpe:2.3:a:citrix:session_recording:1912:cu3:*:*:ltsr:*:*:*,AFFECTS
CVE:CVE-2024-8068,CPE:cpe:2.3:a:citrix:session_recording:1912:cu4:*:*:ltsr:*:*:*,AFFECTS
CVE:CVE-2024-8068,CPE:cpe:2.3:a:citrix:session_recording:1912:cu5:*:*:ltsr:*:*:*,AFFECTS
CVE:CVE-2024-8068,CPE:cpe:2.3:a:citrix:session_recording:1912:cu6:*:*:ltsr:*:*:*,AFFECTS
CVE:CVE-2024-8068,CPE:cpe:2.3:a:citrix:session_recording:1912:cu7:*:*:ltsr:*:*:*,AFFECTS
CVE:CVE-2024-8068,CPE:cpe:2.3:a:citrix:session_recording:1912:cu8:*:*:ltsr:*:*:*,AFFECTS
CVE:CVE-2024-8068,CPE:cpe:2.3:a:citrix:session_recording:2203:-:*:*:ltsr:*:*:*,AFFECTS
CVE:CVE-2024-8068,CPE:cpe:2.3:a:citrix:session_recording:2203:cu1:*:*:ltsr:*:*:*,AFFECTS
CVE:CVE-2024-8068,CPE:cpe:2.3:a:citrix:session_recording:2203:cu2:*:*:ltsr:*:*:*,AFFECTS
CVE:CVE-2024-8068,CPE:cpe:2.3:a:citrix:session_recording:2203:cu3:*:*:ltsr:*:*:*,AFFECTS
CVE:CVE-2024-8068,CPE:cpe:2.3:a:citrix:session_recording:2203:cu4:*:*:ltsr:*:*:*,AFFECTS
CVE:CVE-2024-8068,CPE:cpe:2.3:a:citrix:session_recording:2203:cu5:*:*:ltsr:*:*:*,AFFECTS
CVE:CVE-2024-8068,CPE:cpe:2.3:a:citrix:session_recording:2402:-:*:*:ltsr:*:*:*,AFFECTS
CVE:CVE-2024-8068,CPE:cpe:2.3:a:citrix:session_recording:2407:-:*:*:-:*:*:*,AFFECTS
CVE:CVE-2024-8068,REF:CVE-2024-8068:0,REFERENCES
CVE:CVE-2024-8068,REF:CVE-2024-8068:1,REFERENCES
CVE:CVE-2026-3055,RISK:CRITICAL,HAS_RISK
CVE:CVE-2026-3055,SIGNAL:CISA_KEV,KNOWN_EXPLOITED
CVE:CVE-2026-3055,CWE:CWE-125,HAS_CWE
CVE:CVE-2026-3055,CPE:cpe:2.3:a:citrix:netscaler_application_delivery_controller:*:*:*:*:-:*:*:*,AFFECTS
CVE:CVE-2026-3055,CPE:cpe:2.3:a:citrix:netscaler_application_delivery_controller:*:*:*:*:fips:*:*:*,AFFECTS
CVE:CVE-2026-3055,CPE:cpe:2.3:a:citrix:netscaler_application_delivery_controller:*:*:*:*:ndcpp:*:*:*,AFFECTS
CVE:CVE-2026-3055,CPE:cpe:2.3:a:citrix:netscaler_gateway:*:*:*:*:*:*:*:*,AFFECTS
CVE:CVE-2026-3055,REF:CVE-2026-3055:0,REFERENCES
CVE:CVE-2026-3055,REF:CVE-2026-3055:1,REFERENCES
CVE:CVE-2026-3055,REF:CVE-2026-3055:2,REFERENCES
CVE:CVE-2024-8069,RISK:CRITICAL,HAS_RISK
CVE:CVE-2024-8069,SIGNAL:CISA_KEV,KNOWN_EXPLOITED
CVE:CVE-2024-8069,CWE:CWE-502,HAS_CWE
CVE:CVE-2024-8069,CPE:cpe:2.3:a:citrix:session_recording:*:*:*:*:-:*:*:*,AFFECTS
CVE:CVE-2024-8069,CPE:cpe:2.3:a:citrix:session_recording:1912:-:*:*:ltsr:*:*:*,AFFECTS
CVE:CVE-2024-8069,CPE:cpe:2.3:a:citrix:session_recording:1912:cu1:*:*:ltsr:*:*:*,AFFECTS
CVE:CVE-2024-8069,CPE:cpe:2.3:a:citrix:session_recording:1912:cu2:*:*:ltsr:*:*:*,AFFECTS
CVE:CVE-2024-8069,CPE:cpe:2.3:a:citrix:session_recording:1912:cu3:*:*:ltsr:*:*:*,AFFECTS
CVE:CVE-2024-8069,CPE:cpe:2.3:a:citrix:session_recording:1912:cu4:*:*:ltsr:*:*:*,AFFECTS
CVE:CVE-2024-8069,CPE:cpe:2.3:a:citrix:session_recording:1912:cu5:*:*:ltsr:*:*:*,AFFECTS
CVE:CVE-2024-8069,CPE:cpe:2.3:a:citrix:session_recording:1912:cu6:*:*:ltsr:*:*:*,AFFECTS
CVE:CVE-2024-8069,CPE:cpe:2.3:a:citrix:session_recording:1912:cu7:*:*:ltsr:*:*:*,AFFECTS
CVE:CVE-2024-8069,CPE:cpe:2.3:a:citrix:session_recording:1912:cu8:*:*:ltsr:*:*:*,AFFECTS
CVE:CVE-2024-8069,CPE:cpe:2.3:a:citrix:session_recording:2203:-:*:*:ltsr:*:*:*,AFFECTS
CVE:CVE-2024-8069,CPE:cpe:2.3:a:citrix:session_recording:2203:cu1:*:*:ltsr:*:*:*,AFFECTS
CVE:CVE-2024-8069,CPE:cpe:2.3:a:citrix:session_recording:2203:cu2:*:*:ltsr:*:*:*,AFFECTS
CVE:CVE-2024-8069,CPE:cpe:2.3:a:citrix:session_recording:2203:cu3:*:*:ltsr:*:*:*,AFFECTS
CVE:CVE-2024-8069,CPE:cpe:2.3:a:citrix:session_recording:2203:cu4:*:*:ltsr:*:*:*,AFFECTS
CVE:CVE-2024-8069,CPE:cpe:2.3:a:citrix:session_recording:2402:-:*:*:ltsr:*:*:*,AFFECTS
CVE:CVE-2024-8069,CPE:cpe:2.3:a:citrix:session_recording:2407:-:*:*:-:*:*:*,AFFECTS
CVE:CVE-2024-8069,REF:CVE-2024-8069:0,REFERENCES
CVE:CVE-2024-8069,REF:CVE-2024-8069:1,REFERENCES
CVE:CVE-2025-6543,RISK:CRITICAL,HAS_RISK
CVE:CVE-2025-6543,SIGNAL:CISA_KEV,KNOWN_EXPLOITED
CVE:CVE-2025-6543,CWE:CWE-119,HAS_CWE
CVE:CVE-2025-6543,CPE:cpe:2.3:a:citrix:netscaler_application_delivery_controller:*:*:*:*:-:*:*:*,AFFECTS
CVE:CVE-2025-6543,CPE:cpe:2.3:a:citrix:netscaler_application_delivery_controller:*:*:*:*:fips:*:*:*,AFFECTS
CVE:CVE-2025-6543,CPE:cpe:2.3:a:citrix:netscaler_application_delivery_controller:*:*:*:*:ndcpp:*:*:*,AFFECTS
CVE:CVE-2025-6543,CPE:cpe:2.3:a:citrix:netscaler_gateway:*:*:*:*:*:*:*:*,AFFECTS
CVE:CVE-2025-6543,REF:CVE-2025-6543:0,REFERENCES
CVE:CVE-2025-6543,REF:CVE-2025-6543:1,REFERENCES
CVE:CVE-2026-56290,RISK:CRITICAL,HAS_RISK
CVE:CVE-2026-56290,SIGNAL:CISA_KEV,KNOWN_EXPLOITED
CVE:CVE-2026-56290,CWE:CWE-434,HAS_CWE
CVE:CVE-2026-56290,CPE:cpe:2.3:a:joomlack:page_builder_ck:*:*:*:*:*:joomla\!:*:*,AFFECTS
CVE:CVE-2026-56290,REF:CVE-2026-56290:0,REFERENCES
CVE:CVE-2026-56290,REF:CVE-2026-56290:1,REFERENCES
CVE:CVE-2026-56290,REF:CVE-2026-56290:2,REFERENCES
CVE:CVE-2026-56290,REF:CVE-2026-56290:3,REFERENCES
CVE:CVE-2026-72529,RISK:CRITICAL,HAS_RISK
CVE:CVE-2026-72529,SIGNAL:CISA_KEV,KNOWN_EXPLOITED
CVE:CVE-2026-72529,CWE:CWE-306,HAS_CWE
CVE:CVE-2026-72529,CPE:cpe:2.3:a:trueconf:trueconf_server:*:*:*:*:*:linux_kernel:*:*,AFFECTS
CVE:CVE-2026-72529,CPE:cpe:2.3:a:trueconf:trueconf_server:*:*:*:*:*:windows:*:*,AFFECTS
CVE:CVE-2026-72529,REF:CVE-2026-72529:0,REFERENCES
CVE:CVE-2026-72529,REF:CVE-2026-72529:1,REFERENCES
CVE:CVE-2026-72529,REF:CVE-2026-72529:2,REFERENCES
CVE:CVE-2025-14733,RISK:CRITICAL,HAS_RISK
CVE:CVE-2025-14733,SIGNAL:CISA_KEV,KNOWN_EXPLOITED
CVE:CVE-2025-14733,CWE:CWE-787,HAS_CWE
CVE:CVE-2025-14733,CPE:cpe:2.3:h:watchguard:firebox_m270:*:*:*:*:*:*:*:*,AFFECTS
CVE:CVE-2025-14733,CPE:cpe:2.3:h:watchguard:firebox_m290:*:*:*:*:*:*:*:*,AFFECTS
CVE:CVE-2025-14733,CPE:cpe:2.3:h:watchguard:firebox_m295:-:*:*:*:*:*:*:*,AFFECTS
CVE:CVE-2025-14733,CPE:cpe:2.3:h:watchguard:firebox_m370:*:*:*:*:*:*:*:*,AFFECTS
CVE:CVE-2025-14733,CPE:cpe:2.3:h:watchguard:firebox_m390:*:*:*:*:*:*:*:*,AFFECTS
CVE:CVE-2025-14733,CPE:cpe:2.3:h:watchguard:firebox_m395:-:*:*:*:*:*:*:*,AFFECTS
CVE:CVE-2025-14733,CPE:cpe:2.3:h:watchguard:firebox_m440:*:*:*:*:*:*:*:*,AFFECTS
CVE:CVE-2025-14733,CPE:cpe:2.3:h:watchguard:firebox_m4600:*:*:*:*:*:*:*:*,AFFECTS
CVE:CVE-2025-14733,CPE:cpe:2.3:h:watchguard:firebox_m470:*:*:*:*:*:*:*:*,AFFECTS
CVE:CVE-2025-14733,CPE:cpe:2.3:h:watchguard:firebox_m4800:*:*:*:*:*:*:*:*,AFFECTS
CVE:CVE-2025-14733,CPE:cpe:2.3:h:watchguard:firebox_m495:-:*:*:*:*:*:*:*,AFFECTS
CVE:CVE-2025-14733,CPE:cpe:2.3:h:watchguard:firebox_m5600:*:*:*:*:*:*:*:*,AFFECTS
CVE:CVE-2025-14733,CPE:cpe:2.3:h:watchguard:firebox_m570:*:*:*:*:*:*:*:*,AFFECTS
CVE:CVE-2025-14733,CPE:cpe:2.3:h:watchguard:firebox_m5800:*:*:*:*:*:*:*:*,AFFECTS
CVE:CVE-2025-14733,CPE:cpe:2.3:h:watchguard:firebox_m590:*:*:*:*:*:*:*:*,AFFECTS
CVE:CVE-2025-14733,CPE:cpe:2.3:h:watchguard:firebox_m595:-:*:*:*:*:*:*:*,AFFECTS
CVE:CVE-2025-14733,CPE:cpe:2.3:h:watchguard:firebox_m670:*:*:*:*:*:*:*:*,AFFECTS
CVE:CVE-2025-14733,CPE:cpe:2.3:h:watchguard:firebox_m690:*:*:*:*:*:*:*:*,AFFECTS
CVE:CVE-2025-14733,CPE:cpe:2.3:h:watchguard:firebox_m695:-:*:*:*:*:*:*:*,AFFECTS
CVE:CVE-2025-14733,CPE:cpe:2.3:h:watchguard:firebox_nv5:*:*:*:*:*:*:*:*,AFFECTS
CVE:CVE-2025-14733,CPE:cpe:2.3:h:watchguard:firebox_t115-w:*:*:*:*:*:*:*:*,AFFECTS
CVE:CVE-2025-14733,CPE:cpe:2.3:h:watchguard:firebox_t125-w:*:*:*:*:*:*:*:*,AFFECTS
CVE:CVE-2025-14733,CPE:cpe:2.3:h:watchguard:firebox_t125:*:*:*:*:*:*:*:*,AFFECTS
CVE:CVE-2025-14733,CPE:cpe:2.3:h:watchguard:firebox_t145-w:*:*:*:*:*:*:*:*,AFFECTS
CVE:CVE-2025-14733,CPE:cpe:2.3:h:watchguard:firebox_t145:*:*:*:*:*:*:*:*,AFFECTS
CVE:CVE-2025-14733,CPE:cpe:2.3:h:watchguard:firebox_t15:*:*:*:*:*:*:*:*,AFFECTS
CVE:CVE-2025-14733,CPE:cpe:2.3:h:watchguard:firebox_t185:*:*:*:*:*:*:*:*,AFFECTS
CVE:CVE-2025-14733,CPE:cpe:2.3:h:watchguard:firebox_t20:*:*:*:*:*:*:*:*,AFFECTS
CVE:CVE-2025-14733,CPE:cpe:2.3:h:watchguard:firebox_t25:*:*:*:*:*:*:*:*,AFFECTS
CVE:CVE-2025-14733,CPE:cpe:2.3:h:watchguard:firebox_t35:*:*:*:*:*:*:*:*,AFFECTS
CVE:CVE-2025-14733,CPE:cpe:2.3:h:watchguard:firebox_t40:*:*:*:*:*:*:*:*,AFFECTS
CVE:CVE-2025-14733,CPE:cpe:2.3:h:watchguard:firebox_t45:*:*:*:*:*:*:*:*,AFFECTS
CVE:CVE-2025-14733,CPE:cpe:2.3:h:watchguard:firebox_t55:*:*:*:*:*:*:*:*,AFFECTS
CVE:CVE-2025-14733,CPE:cpe:2.3:h:watchguard:firebox_t70:*:*:*:*:*:*:*:*,AFFECTS
CVE:CVE-2025-14733,CPE:cpe:2.3:h:watchguard:firebox_t80:*:*:*:*:*:*:*:*,AFFECTS
CVE:CVE-2025-14733,CPE:cpe:2.3:h:watchguard:firebox_t85:*:*:*:*:*:*:*:*,AFFECTS
CVE:CVE-2025-14733,CPE:cpe:2.3:h:watchguard:fireboxcloud:*:*:*:*:*:*:*:*,AFFECTS
CVE:CVE-2025-14733,CPE:cpe:2.3:h:watchguard:fireboxv:*:*:*:*:*:*:*:*,AFFECTS
CVE:CVE-2025-14733,CPE:cpe:2.3:o:watchguard:fireware:*:*:*:*:*:*:*:*,AFFECTS
CVE:CVE-2025-14733,REF:CVE-2025-14733:0,REFERENCES
CVE:CVE-2025-14733,REF:CVE-2025-14733:1,REFERENCES
CVE:CVE-2025-14733,REF:CVE-2025-14733:2,REFERENCES
CVE:CVE-2024-13159,RISK:CRITICAL,HAS_RISK
CVE:CVE-2024-13159,SIGNAL:CISA_KEV,KNOWN_EXPLOITED
CVE:CVE-2024-13159,CWE:CWE-36,HAS_CWE
CVE:CVE-2024-13159,CPE:cpe:2.3:a:ivanti:endpoint_manager:*:-:*:*:*:*:*:*,AFFECTS
CVE:CVE-2024-13159,CPE:cpe:2.3:a:ivanti:endpoint_manager:2022:-:*:*:*:*:*:*,AFFECTS
CVE:CVE-2024-13159,CPE:cpe:2.3:a:ivanti:endpoint_manager:2022:su1:*:*:*:*:*:*,AFFECTS
CVE:CVE-2024-13159,CPE:cpe:2.3:a:ivanti:endpoint_manager:2022:su2:*:*:*:*:*:*,AFFECTS
CVE:CVE-2024-13159,CPE:cpe:2.3:a:ivanti:endpoint_manager:2022:su3:*:*:*:*:*:*,AFFECTS
CVE:CVE-2024-13159,CPE:cpe:2.3:a:ivanti:endpoint_manager:2022:su4:*:*:*:*:*:*,AFFECTS
CVE:CVE-2024-13159,CPE:cpe:2.3:a:ivanti:endpoint_manager:2022:su5:*:*:*:*:*:*,AFFECTS
CVE:CVE-2024-13159,CPE:cpe:2.3:a:ivanti:endpoint_manager:2022:su6:*:*:*:*:*:*,AFFECTS
CVE:CVE-2024-13159,CPE:cpe:2.3:a:ivanti:endpoint_manager:2024:-:*:*:*:*:*:*,AFFECTS
CVE:CVE-2024-13159,REF:CVE-2024-13159:0,REFERENCES
CVE:CVE-2024-13159,REF:CVE-2024-13159:1,REFERENCES
CVE:CVE-2024-13159,REF:CVE-2024-13159:2,REFERENCES
CVE:CVE-2024-13160,RISK:CRITICAL,HAS_RISK
CVE:CVE-2024-13160,SIGNAL:CISA_KEV,KNOWN_EXPLOITED
CVE:CVE-2024-13160,CWE:CWE-36,HAS_CWE
CVE:CVE-2024-13160,CPE:cpe:2.3:a:ivanti:endpoint_manager:*:-:*:*:*:*:*:*,AFFECTS
CVE:CVE-2024-13160,CPE:cpe:2.3:a:ivanti:endpoint_manager:2022:-:*:*:*:*:*:*,AFFECTS
CVE:CVE-2024-13160,CPE:cpe:2.3:a:ivanti:endpoint_manager:2022:su1:*:*:*:*:*:*,AFFECTS
CVE:CVE-2024-13160,CPE:cpe:2.3:a:ivanti:endpoint_manager:2022:su2:*:*:*:*:*:*,AFFECTS
CVE:CVE-2024-13160,CPE:cpe:2.3:a:ivanti:endpoint_manager:2022:su3:*:*:*:*:*:*,AFFECTS
CVE:CVE-2024-13160,CPE:cpe:2.3:a:ivanti:endpoint_manager:2022:su4:*:*:*:*:*:*,AFFECTS
CVE:CVE-2024-13160,CPE:cpe:2.3:a:ivanti:endpoint_manager:2022:su5:*:*:*:*:*:*,AFFECTS
CVE:CVE-2024-13160,CPE:cpe:2.3:a:ivanti:endpoint_manager:2022:su6:*:*:*:*:*:*,AFFECTS
CVE:CVE-2024-13160,CPE:cpe:2.3:a:ivanti:endpoint_manager:2024:-:*:*:*:*:*:*,AFFECTS
CVE:CVE-2024-13160,REF:CVE-2024-13160:0,REFERENCES
CVE:CVE-2024-13160,REF:CVE-2024-13160:1,REFERENCES
CVE:CVE-2024-13160,REF:CVE-2024-13160:2,REFERENCES
CVE:CVE-2024-13161,RISK:CRITICAL,HAS_RISK
CVE:CVE-2024-13161,SIGNAL:CISA_KEV,KNOWN_EXPLOITED
CVE:CVE-2024-13161,CWE:CWE-36,HAS_CWE
CVE:CVE-2024-13161,CPE:cpe:2.3:a:ivanti:endpoint_manager:*:-:*:*:*:*:*:*,AFFECTS
CVE:CVE-2024-13161,CPE:cpe:2.3:a:ivanti:endpoint_manager:2022:-:*:*:*:*:*:*,AFFECTS
CVE:CVE-2024-13161,CPE:cpe:2.3:a:ivanti:endpoint_manager:2022:su1:*:*:*:*:*:*,AFFECTS
CVE:CVE-2024-13161,CPE:cpe:2.3:a:ivanti:endpoint_manager:2022:su2:*:*:*:*:*:*,AFFECTS
CVE:CVE-2024-13161,CPE:cpe:2.3:a:ivanti:endpoint_manager:2022:su3:*:*:*:*:*:*,AFFECTS
CVE:CVE-2024-13161,CPE:cpe:2.3:a:ivanti:endpoint_manager:2022:su4:*:*:*:*:*:*,AFFECTS
CVE:CVE-2024-13161,CPE:cpe:2.3:a:ivanti:endpoint_manager:2022:su5:*:*:*:*:*:*,AFFECTS
CVE:CVE-2024-13161,CPE:cpe:2.3:a:ivanti:endpoint_manager:2022:su6:*:*:*:*:*:*,AFFECTS
CVE:CVE-2024-13161,CPE:cpe:2.3:a:ivanti:endpoint_manager:2024:-:*:*:*:*:*:*,AFFECTS
CVE:CVE-2024-13161,REF:CVE-2024-13161:0,REFERENCES
CVE:CVE-2024-13161,REF:CVE-2024-13161:1,REFERENCES
CVE:CVE-2024-13161,REF:CVE-2024-13161:2,REFERENCES
CVE:CVE-2024-0012,RISK:CRITICAL,HAS_RISK
CVE:CVE-2024-0012,SIGNAL:CISA_KEV,KNOWN_EXPLOITED
CVE:CVE-2024-0012,CWE:CWE-306,HAS_CWE
CVE:CVE-2024-0012,CPE:cpe:2.3:o:paloaltonetworks:pan-os:10.2.0:-:*:*:*:*:*:*,AFFECTS
CVE:CVE-2024-0012,CPE:cpe:2.3:o:paloaltonetworks:pan-os:10.2.0:h1:*:*:*:*:*:*,AFFECTS
CVE:CVE-2024-0012,CPE:cpe:2.3:o:paloaltonetworks:pan-os:10.2.0:h2:*:*:*:*:*:*,AFFECTS
CVE:CVE-2024-0012,CPE:cpe:2.3:o:paloaltonetworks:pan-os:10.2.0:h3:*:*:*:*:*:*,AFFECTS
CVE:CVE-2024-0012,CPE:cpe:2.3:o:paloaltonetworks:pan-os:10.2.10:-:*:*:*:*:*:*,AFFECTS
CVE:CVE-2024-0012,CPE:cpe:2.3:o:paloaltonetworks:pan-os:10.2.10:h2:*:*:*:*:*:*,AFFECTS
CVE:CVE-2024-0012,CPE:cpe:2.3:o:paloaltonetworks:pan-os:10.2.10:h3:*:*:*:*:*:*,AFFECTS
CVE:CVE-2024-0012,CPE:cpe:2.3:o:paloaltonetworks:pan-os:10.2.10:h4:*:*:*:*:*:*,AFFECTS
CVE:CVE-2024-0012,CPE:cpe:2.3:o:paloaltonetworks:pan-os:10.2.10:h5:*:*:*:*:*:*,AFFECTS
CVE:CVE-2024-0012,CPE:cpe:2.3:o:paloaltonetworks:pan-os:10.2.10:h7:*:*:*:*:*:*,AFFECTS
CVE:CVE-2024-0012,CPE:cpe:2.3:o:paloaltonetworks:pan-os:10.2.11:-:*:*:*:*:*:*,AFFECTS
CVE:CVE-2024-0012,CPE:cpe:2.3:o:paloaltonetworks:pan-os:10.2.11:h1:*:*:*:*:*:*,AFFECTS
CVE:CVE-2024-0012,CPE:cpe:2.3:o:paloaltonetworks:pan-os:10.2.11:h2:*:*:*:*:*:*,AFFECTS
CVE:CVE-2024-0012,CPE:cpe:2.3:o:paloaltonetworks:pan-os:10.2.11:h3:*:*:*:*:*:*,AFFECTS
CVE:CVE-2024-0012,CPE:cpe:2.3:o:paloaltonetworks:pan-os:10.2.11:h4:*:*:*:*:*:*,AFFECTS
CVE:CVE-2024-0012,CPE:cpe:2.3:o:paloaltonetworks:pan-os:10.2.12:-:*:*:*:*:*:*,AFFECTS
CVE:CVE-2024-0012,CPE:cpe:2.3:o:paloaltonetworks:pan-os:10.2.12:h1:*:*:*:*:*:*,AFFECTS
CVE:CVE-2024-0012,CPE:cpe:2.3:o:paloaltonetworks:pan-os:10.2.1:-:*:*:*:*:*:*,AFFECTS
CVE:CVE-2024-0012,CPE:cpe:2.3:o:paloaltonetworks:pan-os:10.2.1:h1:*:*:*:*:*:*,AFFECTS
CVE:CVE-2024-0012,CPE:cpe:2.3:o:paloaltonetworks:pan-os:10.2.1:h2:*:*:*:*:*:*,AFFECTS
CVE:CVE-2024-0012,CPE:cpe:2.3:o:paloaltonetworks:pan-os:10.2.2:-:*:*:*:*:*:*,AFFECTS
CVE:CVE-2024-0012,CPE:cpe:2.3:o:paloaltonetworks:pan-os:10.2.2:h1:*:*:*:*:*:*,AFFECTS
CVE:CVE-2024-0012,CPE:cpe:2.3:o:paloaltonetworks:pan-os:10.2.2:h2:*:*:*:*:*:*,AFFECTS
CVE:CVE-2024-0012,CPE:cpe:2.3:o:paloaltonetworks:pan-os:10.2.2:h4:*:*:*:*:*:*,AFFECTS
CVE:CVE-2024-0012,CPE:cpe:2.3:o:paloaltonetworks:pan-os:10.2.2:h5:*:*:*:*:*:*,AFFECTS
CVE:CVE-2024-0012,CPE:cpe:2.3:o:paloaltonetworks:pan-os:10.2.3:-:*:*:*:*:*:*,AFFECTS
CVE:CVE-2024-0012,CPE:cpe:2.3:o:paloaltonetworks:pan-os:10.2.3:h11:*:*:*:*:*:*,AFFECTS
CVE:CVE-2024-0012,CPE:cpe:2.3:o:paloaltonetworks:pan-os:10.2.3:h12:*:*:*:*:*:*,AFFECTS
CVE:CVE-2024-0012,CPE:cpe:2.3:o:paloaltonetworks:pan-os:10.2.3:h13:*:*:*:*:*:*,AFFECTS
CVE:CVE-2024-0012,CPE:cpe:2.3:o:paloaltonetworks:pan-os:10.2.3:h2:*:*:*:*:*:*,AFFECTS
CVE:CVE-2024-0012,CPE:cpe:2.3:o:paloaltonetworks:pan-os:10.2.3:h4:*:*:*:*:*:*,AFFECTS
CVE:CVE-2024-0012,CPE:cpe:2.3:o:paloaltonetworks:pan-os:10.2.3:h9:*:*:*:*:*:*,AFFECTS
CVE:CVE-2024-0012,CPE:cpe:2.3:o:paloaltonetworks:pan-os:10.2.4:-:*:*:*:*:*:*,AFFECTS
CVE:CVE-2024-0012,CPE:cpe:2.3:o:paloaltonetworks:pan-os:10.2.4:h10:*:*:*:*:*:*,AFFECTS
CVE:CVE-2024-0012,CPE:cpe:2.3:o:paloaltonetworks:pan-os:10.2.4:h16:*:*:*:*:*:*,AFFECTS
CVE:CVE-2024-0012,CPE:cpe:2.3:o:paloaltonetworks:pan-os:10.2.4:h2:*:*:*:*:*:*,AFFECTS
CVE:CVE-2024-0012,CPE:cpe:2.3:o:paloaltonetworks:pan-os:10.2.4:h3:*:*:*:*:*:*,AFFECTS
CVE:CVE-2024-0012,CPE:cpe:2.3:o:paloaltonetworks:pan-os:10.2.4:h4:*:*:*:*:*:*,AFFECTS
CVE:CVE-2024-0012,CPE:cpe:2.3:o:paloaltonetworks:pan-os:10.2.5:-:*:*:*:*:*:*,AFFECTS
CVE:CVE-2024-0012,CPE:cpe:2.3:o:paloaltonetworks:pan-os:10.2.5:h1:*:*:*:*:*:*,AFFECTS
CVE:CVE-2024-0012,CPE:cpe:2.3:o:paloaltonetworks:pan-os:10.2.5:h4:*:*:*:*:*:*,AFFECTS
CVE:CVE-2024-0012,CPE:cpe:2.3:o:paloaltonetworks:pan-os:10.2.5:h6:*:*:*:*:*:*,AFFECTS
CVE:CVE-2024-0012,CPE:cpe:2.3:o:paloaltonetworks:pan-os:10.2.6:-:*:*:*:*:*:*,AFFECTS
CVE:CVE-2024-0012,CPE:cpe:2.3:o:paloaltonetworks:pan-os:10.2.6:h1:*:*:*:*:*:*,AFFECTS
CVE:CVE-2024-0012,CPE:cpe:2.3:o:paloaltonetworks:pan-os:10.2.6:h3:*:*:*:*:*:*,AFFECTS
CVE:CVE-2024-0012,CPE:cpe:2.3:o:paloaltonetworks:pan-os:10.2.7:-:*:*:*:*:*:*,AFFECTS
CVE:CVE-2024-0012,CPE:cpe:2.3:o:paloaltonetworks:pan-os:10.2.7:h12:*:*:*:*:*:*,AFFECTS
CVE:CVE-2024-0012,CPE:cpe:2.3:o:paloaltonetworks:pan-os:10.2.7:h16:*:*:*:*:*:*,AFFECTS
CVE:CVE-2024-0012,CPE:cpe:2.3:o:paloaltonetworks:pan-os:10.2.7:h1:*:*:*:*:*:*,AFFECTS
CVE:CVE-2024-0012,CPE:cpe:2.3:o:paloaltonetworks:pan-os:10.2.7:h3:*:*:*:*:*:*,AFFECTS
CVE:CVE-2024-0012,CPE:cpe:2.3:o:paloaltonetworks:pan-os:10.2.7:h6:*:*:*:*:*:*,AFFECTS
CVE:CVE-2024-0012,CPE:cpe:2.3:o:paloaltonetworks:pan-os:10.2.7:h8:*:*:*:*:*:*,AFFECTS
CVE:CVE-2024-0012,CPE:cpe:2.3:o:paloaltonetworks:pan-os:10.2.8:-:*:*:*:*:*:*,AFFECTS
CVE:CVE-2024-0012,CPE:cpe:2.3:o:paloaltonetworks:pan-os:10.2.8:h10:*:*:*:*:*:*,AFFECTS
CVE:CVE-2024-0012,CPE:cpe:2.3:o:paloaltonetworks:pan-os:10.2.8:h13:*:*:*:*:*:*,AFFECTS
CVE:CVE-2024-0012,CPE:cpe:2.3:o:paloaltonetworks:pan-os:10.2.8:h3:*:*:*:*:*:*,AFFECTS
CVE:CVE-2024-0012,CPE:cpe:2.3:o:paloaltonetworks:pan-os:10.2.8:h4:*:*:*:*:*:*,AFFECTS
CVE:CVE-2024-0012,CPE:cpe:2.3:o:paloaltonetworks:pan-os:10.2.9:-:*:*:*:*:*:*,AFFECTS
CVE:CVE-2024-0012,CPE:cpe:2.3:o:paloaltonetworks:pan-os:10.2.9:h11:*:*:*:*:*:*,AFFECTS
CVE:CVE-2024-0012,CPE:cpe:2.3:o:paloaltonetworks:pan-os:10.2.9:h14:*:*:*:*:*:*,AFFECTS
CVE:CVE-2024-0012,CPE:cpe:2.3:o:paloaltonetworks:pan-os:10.2.9:h1:*:*:*:*:*:*,AFFECTS
CVE:CVE-2024-0012,CPE:cpe:2.3:o:paloaltonetworks:pan-os:10.2.9:h9:*:*:*:*:*:*,AFFECTS
CVE:CVE-2024-0012,CPE:cpe:2.3:o:paloaltonetworks:pan-os:11.0.0:-:*:*:*:*:*:*,AFFECTS
CVE:CVE-2024-0012,CPE:cpe:2.3:o:paloaltonetworks:pan-os:11.0.0:h1:*:*:*:*:*:*,AFFECTS
CVE:CVE-2024-0012,CPE:cpe:2.3:o:paloaltonetworks:pan-os:11.0.0:h2:*:*:*:*:*:*,AFFECTS
CVE:CVE-2024-0012,CPE:cpe:2.3:o:paloaltonetworks:pan-os:11.0.0:h3:*:*:*:*:*:*,AFFECTS
CVE:CVE-2024-0012,CPE:cpe:2.3:o:paloaltonetworks:pan-os:11.0.1:-:*:*:*:*:*:*,AFFECTS
CVE:CVE-2024-0012,CPE:cpe:2.3:o:paloaltonetworks:pan-os:11.0.1:h2:*:*:*:*:*:*,AFFECTS
CVE:CVE-2024-0012,CPE:cpe:2.3:o:paloaltonetworks:pan-os:11.0.1:h3:*:*:*:*:*:*,AFFECTS
CVE:CVE-2024-0012,CPE:cpe:2.3:o:paloaltonetworks:pan-os:11.0.1:h4:*:*:*:*:*:*,AFFECTS
CVE:CVE-2024-0012,CPE:cpe:2.3:o:paloaltonetworks:pan-os:11.0.2:-:*:*:*:*:*:*,AFFECTS
CVE:CVE-2024-0012,CPE:cpe:2.3:o:paloaltonetworks:pan-os:11.0.2:h1:*:*:*:*:*:*,AFFECTS
CVE:CVE-2024-0012,CPE:cpe:2.3:o:paloaltonetworks:pan-os:11.0.2:h2:*:*:*:*:*:*,AFFECTS
CVE:CVE-2024-0012,CPE:cpe:2.3:o:paloaltonetworks:pan-os:11.0.2:h3:*:*:*:*:*:*,AFFECTS
CVE:CVE-2024-0012,CPE:cpe:2.3:o:paloaltonetworks:pan-os:11.0.2:h4:*:*:*:*:*:*,AFFECTS
CVE:CVE-2024-0012,CPE:cpe:2.3:o:paloaltonetworks:pan-os:11.0.3:-:*:*:*:*:*:*,AFFECTS
CVE:CVE-2024-0012,CPE:cpe:2.3:o:paloaltonetworks:pan-os:11.0.3:h10:*:*:*:*:*:*,AFFECTS
CVE:CVE-2024-0012,CPE:cpe:2.3:o:paloaltonetworks:pan-os:11.0.3:h12:*:*:*:*:*:*,AFFECTS
CVE:CVE-2024-0012,CPE:cpe:2.3:o:paloaltonetworks:pan-os:11.0.3:h1:*:*:*:*:*:*,AFFECTS
CVE:CVE-2024-0012,CPE:cpe:2.3:o:paloaltonetworks:pan-os:11.0.3:h3:*:*:*:*:*:*,AFFECTS
CVE:CVE-2024-0012,CPE:cpe:2.3:o:paloaltonetworks:pan-os:11.0.3:h5:*:*:*:*:*:*,AFFECTS
CVE:CVE-2024-0012,CPE:cpe:2.3:o:paloaltonetworks:pan-os:11.0.4:-:*:*:*:*:*:*,AFFECTS
CVE:CVE-2024-0012,CPE:cpe:2.3:o:paloaltonetworks:pan-os:11.0.4:h1:*:*:*:*:*:*,AFFECTS
CVE:CVE-2024-0012,CPE:cpe:2.3:o:paloaltonetworks:pan-os:11.0.4:h2:*:*:*:*:*:*,AFFECTS
CVE:CVE-2024-0012,CPE:cpe:2.3:o:paloaltonetworks:pan-os:11.0.4:h5:*:*:*:*:*:*,AFFECTS
CVE:CVE-2024-0012,CPE:cpe:2.3:o:paloaltonetworks:pan-os:11.0.5:-:*:*:*:*:*:*,AFFECTS
CVE:CVE-2024-0012,CPE:cpe:2.3:o:paloaltonetworks:pan-os:11.0.5:h1:*:*:*:*:*:*,AFFECTS
CVE:CVE-2024-0012,CPE:cpe:2.3:o:paloaltonetworks:pan-os:11.0.6:-:*:*:*:*:*:*,AFFECTS
CVE:CVE-2024-0012,CPE:cpe:2.3:o:paloaltonetworks:pan-os:11.1.0:-:*:*:*:*:*:*,AFFECTS
CVE:CVE-2024-0012,CPE:cpe:2.3:o:paloaltonetworks:pan-os:11.1.0:h1:*:*:*:*:*:*,AFFECTS
CVE:CVE-2024-0012,CPE:cpe:2.3:o:paloaltonetworks:pan-os:11.1.0:h2:*:*:*:*:*:*,AFFECTS
CVE:CVE-2024-0012,CPE:cpe:2.3:o:paloaltonetworks:pan-os:11.1.0:h3:*:*:*:*:*:*,AFFECTS
CVE:CVE-2024-0012,CPE:cpe:2.3:o:paloaltonetworks:pan-os:11.1.1:-:*:*:*:*:*:*,AFFECTS
CVE:CVE-2024-0012,CPE:cpe:2.3:o:paloaltonetworks:pan-os:11.1.1:h1:*:*:*:*:*:*,AFFECTS
CVE:CVE-2024-0012,CPE:cpe:2.3:o:paloaltonetworks:pan-os:11.1.2:-:*:*:*:*:*:*,AFFECTS
CVE:CVE-2024-0012,CPE:cpe:2.3:o:paloaltonetworks:pan-os:11.1.2:h12:*:*:*:*:*:*,AFFECTS
CVE:CVE-2024-0012,CPE:cpe:2.3:o:paloaltonetworks:pan-os:11.1.2:h14:*:*:*:*:*:*,AFFECTS
CVE:CVE-2024-0012,CPE:cpe:2.3:o:paloaltonetworks:pan-os:11.1.2:h1:*:*:*:*:*:*,AFFECTS
CVE:CVE-2024-0012,CPE:cpe:2.3:o:paloaltonetworks:pan-os:11.1.2:h3:*:*:*:*:*:*,AFFECTS
CVE:CVE-2024-0012,CPE:cpe:2.3:o:paloaltonetworks:pan-os:11.1.2:h4:*:*:*:*:*:*,AFFECTS
CVE:CVE-2024-0012,CPE:cpe:2.3:o:paloaltonetworks:pan-os:11.1.2:h9:*:*:*:*:*:*,AFFECTS
CVE:CVE-2024-0012,CPE:cpe:2.3:o:paloaltonetworks:pan-os:11.1.3:-:*:*:*:*:*:*,AFFECTS
CVE:CVE-2024-0012,CPE:cpe:2.3:o:paloaltonetworks:pan-os:11.1.3:h10:*:*:*:*:*:*,AFFECTS
CVE:CVE-2024-0012,CPE:cpe:2.3:o:paloaltonetworks:pan-os:11.1.3:h1:*:*:*:*:*:*,AFFECTS
CVE:CVE-2024-0012,CPE:cpe:2.3:o:paloaltonetworks:pan-os:11.1.3:h2:*:*:*:*:*:*,AFFECTS
CVE:CVE-2024-0012,CPE:cpe:2.3:o:paloaltonetworks:pan-os:11.1.3:h4:*:*:*:*:*:*,AFFECTS
CVE:CVE-2024-0012,CPE:cpe:2.3:o:paloaltonetworks:pan-os:11.1.3:h6:*:*:*:*:*:*,AFFECTS
CVE:CVE-2024-0012,CPE:cpe:2.3:o:paloaltonetworks:pan-os:11.1.4:-:*:*:*:*:*:*,AFFECTS
CVE:CVE-2024-0012,CPE:cpe:2.3:o:paloaltonetworks:pan-os:11.1.4:h1:*:*:*:*:*:*,AFFECTS
CVE:CVE-2024-0012,CPE:cpe:2.3:o:paloaltonetworks:pan-os:11.1.4:h4:*:*:*:*:*:*,AFFECTS
CVE:CVE-2024-0012,CPE:cpe:2.3:o:paloaltonetworks:pan-os:11.1.5:-:*:*:*:*:*:*,AFFECTS
CVE:CVE-2024-0012,CPE:cpe:2.3:o:paloaltonetworks:pan-os:11.2.0:-:*:*:*:*:*:*,AFFECTS
CVE:CVE-2024-0012,CPE:cpe:2.3:o:paloaltonetworks:pan-os:11.2.1:-:*:*:*:*:*:*,AFFECTS
CVE:CVE-2024-0012,CPE:cpe:2.3:o:paloaltonetworks:pan-os:11.2.2:-:*:*:*:*:*:*,AFFECTS
CVE:CVE-2024-0012,CPE:cpe:2.3:o:paloaltonetworks:pan-os:11.2.2:h1:*:*:*:*:*:*,AFFECTS
CVE:CVE-2024-0012,CPE:cpe:2.3:o:paloaltonetworks:pan-os:11.2.3:-:*:*:*:*:*:*,AFFECTS
CVE:CVE-2024-0012,CPE:cpe:2.3:o:paloaltonetworks:pan-os:11.2.4:-:*:*:*:*:*:*,AFFECTS
CVE:CVE-2024-0012,REF:CVE-2024-0012:0,REFERENCES
CVE:CVE-2024-0012,REF:CVE-2024-0012:1,REFERENCES
CVE:CVE-2024-0012,REF:CVE-2024-0012:2,REFERENCES
CVE:CVE-2024-0012,REF:CVE-2024-0012:3,REFERENCES
CVE:CVE-2025-8876,RISK:CRITICAL,HAS_RISK
CVE:CVE-2025-8876,SIGNAL:CISA_KEV,KNOWN_EXPLOITED
CVE:CVE-2025-8876,CWE:CWE-20,HAS_CWE
CVE:CVE-2025-8876,CWE:CWE-78,HAS_CWE
CVE:CVE-2025-8876,CPE:cpe:2.3:a:n-able:n-central:*:*:*:*:*:*:*:*,AFFECTS
CVE:CVE-2025-8876,REF:CVE-2025-8876:0,REFERENCES
CVE:CVE-2025-8876,REF:CVE-2025-8876:1,REFERENCES
CVE:CVE-2025-67038,RISK:CRITICAL,HAS_RISK
CVE:CVE-2025-67038,SIGNAL:CISA_KEV,KNOWN_EXPLOITED
CVE:CVE-2025-67038,CWE:CWE-78,HAS_CWE
CVE:CVE-2025-67038,CPE:cpe:2.3:h:lantronix:e213f102s:-:*:*:*:*:*:*:*,AFFECTS
CVE:CVE-2025-67038,CPE:cpe:2.3:h:lantronix:e214f002s:-:*:*:*:*:*:*:*,AFFECTS
CVE:CVE-2025-67038,CPE:cpe:2.3:h:lantronix:e214f00cs:-:*:*:*:*:*:*:*,AFFECTS
CVE:CVE-2025-67038,CPE:cpe:2.3:h:lantronix:e214g000s:-:*:*:*:*:*:*:*,AFFECTS
CVE:CVE-2025-67038,CPE:cpe:2.3:h:lantronix:e214g001s:-:*:*:*:*:*:*:*,AFFECTS
CVE:CVE-2025-67038,CPE:cpe:2.3:h:lantronix:e218f004s:-:*:*:*:*:*:*:*,AFFECTS
CVE:CVE-2025-67038,CPE:cpe:2.3:h:lantronix:e218g107s:-:*:*:*:*:*:*:*,AFFECTS
CVE:CVE-2025-67038,CPE:cpe:2.3:h:lantronix:e228g002s:-:*:*:*:*:*:*:*,AFFECTS
CVE:CVE-2025-67038,CPE:cpe:2.3:h:lantronix:e228g004s:-:*:*:*:*:*:*:*,AFFECTS
CVE:CVE-2025-67038,CPE:cpe:2.3:h:lantronix:e228g00cb28:-:*:*:*:*:*:*:*,AFFECTS
CVE:CVE-2025-67038,CPE:cpe:2.3:h:lantronix:e228g00cs:-:*:*:*:*:*:*:*,AFFECTS
CVE:CVE-2025-67038,CPE:cpe:2.3:h:lantronix:eds5008:-:*:*:*:*:*:*:*,AFFECTS
CVE:CVE-2025-67038,CPE:cpe:2.3:h:lantronix:eds5016:-:*:*:*:*:*:*:*,AFFECTS
CVE:CVE-2025-67038,CPE:cpe:2.3:h:lantronix:eds5032:-:*:*:*:*:*:*:*,AFFECTS
CVE:CVE-2025-67038,CPE:cpe:2.3:h:lantronix:g526gp12s:-:*:*:*:*:*:*:*,AFFECTS
CVE:CVE-2025-67038,CPE:cpe:2.3:h:lantronix:g526gp17s:-:*:*:*:*:*:*:*,AFFECTS
CVE:CVE-2025-67038,CPE:cpe:2.3:h:lantronix:g526gp1as:-:*:*:*:*:*:*:*,AFFECTS
CVE:CVE-2025-67038,CPE:cpe:2.3:h:lantronix:g526gp1asg:-:*:*:*:*:*:*:*,AFFECTS
CVE:CVE-2025-67038,CPE:cpe:2.3:h:lantronix:g526gp1cs:-:*:*:*:*:*:*:*,AFFECTS
CVE:CVE-2025-67038,CPE:cpe:2.3:h:lantronix:g527gp22s:-:*:*:*:*:*:*:*,AFFECTS
CVE:CVE-2025-67038,CPE:cpe:2.3:h:lantronix:g527gp27s:-:*:*:*:*:*:*:*,AFFECTS
CVE:CVE-2025-67038,CPE:cpe:2.3:h:lantronix:g527gp2as:-:*:*:*:*:*:*:*,AFFECTS
CVE:CVE-2025-67038,CPE:cpe:2.3:h:lantronix:g527gp2asg:-:*:*:*:*:*:*:*,AFFECTS
CVE:CVE-2025-67038,CPE:cpe:2.3:h:lantronix:g528gp2fs:-:*:*:*:*:*:*:*,AFFECTS
CVE:CVE-2025-67038,CPE:cpe:2.3:h:lantronix:g528gp2fsg:-:*:*:*:*:*:*:*,AFFECTS
CVE:CVE-2025-67038,CPE:cpe:2.3:h:lantronix:g528gp2fsgc:-:*:*:*:*:*:*:*,AFFECTS
CVE:CVE-2025-67038,CPE:cpe:2.3:h:lantronix:x300f202s:-:*:*:*:*:*:*:*,AFFECTS
CVE:CVE-2025-67038,CPE:cpe:2.3:h:lantronix:x303f202s:-:*:*:*:*:*:*:*,AFFECTS
CVE:CVE-2025-67038,CPE:cpe:2.3:h:lantronix:x304g000s:-:*:*:*:*:*:*:*,AFFECTS
CVE:CVE-2025-67038,CPE:cpe:2.3:h:lantronix:x304g002s:-:*:*:*:*:*:*:*,AFFECTS
CVE:CVE-2025-67038,CPE:cpe:2.3:h:lantronix:x304g007s:-:*:*:*:*:*:*:*,AFFECTS
CVE:CVE-2025-67038,CPE:cpe:2.3:h:lantronix:x304g00as:-:*:*:*:*:*:*:*,AFFECTS
CVE:CVE-2025-67038,CPE:cpe:2.3:h:lantronix:x304g00cs:-:*:*:*:*:*:*:*,AFFECTS
CVE:CVE-2025-67038,CPE:cpe:2.3:o:lantronix:e213f102s_firmware:*:*:*:*:*:*:*:*,AFFECTS
CVE:CVE-2025-67038,CPE:cpe:2.3:o:lantronix:e214f002s_firmware:*:*:*:*:*:*:*:*,AFFECTS
CVE:CVE-2025-67038,CPE:cpe:2.3:o:lantronix:e214f00cs_firmware:*:*:*:*:*:*:*:*,AFFECTS
CVE:CVE-2025-67038,CPE:cpe:2.3:o:lantronix:e214g000s_firmware:*:*:*:*:*:*:*:*,AFFECTS
CVE:CVE-2025-67038,CPE:cpe:2.3:o:lantronix:e214g001s_firmware:*:*:*:*:*:*:*:*,AFFECTS
CVE:CVE-2025-67038,CPE:cpe:2.3:o:lantronix:e218f004s_firmware:*:*:*:*:*:*:*:*,AFFECTS
CVE:CVE-2025-67038,CPE:cpe:2.3:o:lantronix:e218g107s_firmware:*:*:*:*:*:*:*:*,AFFECTS
CVE:CVE-2025-67038,CPE:cpe:2.3:o:lantronix:e228g002s_firmware:*:*:*:*:*:*:*:*,AFFECTS
CVE:CVE-2025-67038,CPE:cpe:2.3:o:lantronix:e228g004s_firmware:*:*:*:*:*:*:*:*,AFFECTS
CVE:CVE-2025-67038,CPE:cpe:2.3:o:lantronix:e228g00cb28_firmware:*:*:*:*:*:*:*:*,AFFECTS
CVE:CVE-2025-67038,CPE:cpe:2.3:o:lantronix:e228g00cs_firmware:*:*:*:*:*:*:*:*,AFFECTS
CVE:CVE-2025-67038,CPE:cpe:2.3:o:lantronix:eds5008_firmware:*:*:*:*:*:*:*:*,AFFECTS
CVE:CVE-2025-67038,CPE:cpe:2.3:o:lantronix:eds5016_firmware:*:*:*:*:*:*:*:*,AFFECTS
CVE:CVE-2025-67038,CPE:cpe:2.3:o:lantronix:eds5032_firmware:*:*:*:*:*:*:*:*,AFFECTS
CVE:CVE-2025-67038,CPE:cpe:2.3:o:lantronix:g526gp12s_firmware:*:*:*:*:*:*:*:*,AFFECTS
CVE:CVE-2025-67038,CPE:cpe:2.3:o:lantronix:g526gp17s_firmware:*:*:*:*:*:*:*:*,AFFECTS
CVE:CVE-2025-67038,CPE:cpe:2.3:o:lantronix:g526gp1as_firmware:*:*:*:*:*:*:*:*,AFFECTS
CVE:CVE-2025-67038,CPE:cpe:2.3:o:lantronix:g526gp1asg_firmware:*:*:*:*:*:*:*:*,AFFECTS
CVE:CVE-2025-67038,CPE:cpe:2.3:o:lantronix:g526gp1cs_firmware:*:*:*:*:*:*:*:*,AFFECTS
CVE:CVE-2025-67038,CPE:cpe:2.3:o:lantronix:g527gp22s_firmware:*:*:*:*:*:*:*:*,AFFECTS
CVE:CVE-2025-67038,CPE:cpe:2.3:o:lantronix:g527gp27s_firmware:*:*:*:*:*:*:*:*,AFFECTS
CVE:CVE-2025-67038,CPE:cpe:2.3:o:lantronix:g527gp2as_firmware:*:*:*:*:*:*:*:*,AFFECTS
CVE:CVE-2025-67038,CPE:cpe:2.3:o:lantronix:g527gp2asg_firmware:*:*:*:*:*:*:*:*,AFFECTS
CVE:CVE-2025-67038,CPE:cpe:2.3:o:lantronix:g528gp2fs_firmware:*:*:*:*:*:*:*:*,AFFECTS
CVE:CVE-2025-67038,CPE:cpe:2.3:o:lantronix:g528gp2fsg_firmware:*:*:*:*:*:*:*:*,AFFECTS
CVE:CVE-2025-67038,CPE:cpe:2.3:o:lantronix:g528gp2fsgc_firmware:*:*:*:*:*:*:*:*,AFFECTS
CVE:CVE-2025-67038,CPE:cpe:2.3:o:lantronix:x300f202s_firmware:*:*:*:*:*:*:*:*,AFFECTS
CVE:CVE-2025-67038,CPE:cpe:2.3:o:lantronix:x303f202s_firmware:*:*:*:*:*:*:*:*,AFFECTS
CVE:CVE-2025-67038,CPE:cpe:2.3:o:lantronix:x304g000s_firmware:*:*:*:*:*:*:*:*,AFFECTS
CVE:CVE-2025-67038,CPE:cpe:2.3:o:lantronix:x304g002s_firmware:*:*:*:*:*:*:*:*,AFFECTS
CVE:CVE-2025-67038,CPE:cpe:2.3:o:lantronix:x304g007s_firmware:*:*:*:*:*:*:*:*,AFFECTS
CVE:CVE-2025-67038,CPE:cpe:2.3:o:lantronix:x304g00as_firmware:*:*:*:*:*:*:*:*,AFFECTS
CVE:CVE-2025-67038,CPE:cpe:2.3:o:lantronix:x304g00cs_firmware:*:*:*:*:*:*:*:*,AFFECTS
CVE:CVE-2025-67038,REF:CVE-2025-67038:0,REFERENCES
CVE:CVE-2025-67038,REF:CVE-2025-67038:1,REFERENCES
CVE:CVE-2025-67038,REF:CVE-2025-67038:2,REFERENCES
CVE:CVE-2025-67038,REF:CVE-2025-67038:3,REFERENCES
CVE:CVE-2025-21334,RISK:CRITICAL,HAS_RISK
CVE:CVE-2025-21334,SIGNAL:CISA_KEV,KNOWN_EXPLOITED
CVE:CVE-2025-21334,CWE:CWE-416,HAS_CWE
CVE:CVE-2025-21334,CPE:cpe:2.3:o:microsoft:windows_10_21h2:*:*:*:*:*:*:x64:*,AFFECTS
CVE:CVE-2025-21334,CPE:cpe:2.3:o:microsoft:windows_10_22h2:*:*:*:*:*:*:x64:*,AFFECTS
CVE:CVE-2025-21334,CPE:cpe:2.3:o:microsoft:windows_11_22h2:*:*:*:*:*:*:arm64:*,AFFECTS
CVE:CVE-2025-21334,CPE:cpe:2.3:o:microsoft:windows_11_22h2:*:*:*:*:*:*:x64:*,AFFECTS
CVE:CVE-2025-21334,CPE:cpe:2.3:o:microsoft:windows_11_23h2:*:*:*:*:*:*:arm64:*,AFFECTS
CVE:CVE-2025-21334,CPE:cpe:2.3:o:microsoft:windows_11_23h2:*:*:*:*:*:*:x64:*,AFFECTS
CVE:CVE-2025-21334,CPE:cpe:2.3:o:microsoft:windows_11_24h2:*:*:*:*:*:*:arm64:*,AFFECTS
CVE:CVE-2025-21334,CPE:cpe:2.3:o:microsoft:windows_11_24h2:*:*:*:*:*:*:x64:*,AFFECTS
CVE:CVE-2025-21334,CPE:cpe:2.3:o:microsoft:windows_server_2022_23h2:*:*:*:*:*:*:*:*,AFFECTS
CVE:CVE-2025-21334,CPE:cpe:2.3:o:microsoft:windows_server_2025:*:*:*:*:*:*:*:*,AFFECTS
CVE:CVE-2025-21334,REF:CVE-2025-21334:0,REFERENCES
CVE:CVE-2025-21334,REF:CVE-2025-21334:1,REFERENCES
CVE:CVE-2025-21335,RISK:CRITICAL,HAS_RISK
CVE:CVE-2025-21335,SIGNAL:CISA_KEV,KNOWN_EXPLOITED
CVE:CVE-2025-21335,CWE:CWE-416,HAS_CWE
CVE:CVE-2025-21335,CPE:cpe:2.3:o:microsoft:windows_10_21h2:*:*:*:*:*:*:x64:*,AFFECTS
CVE:CVE-2025-21335,CPE:cpe:2.3:o:microsoft:windows_10_22h2:*:*:*:*:*:*:x64:*,AFFECTS
CVE:CVE-2025-21335,CPE:cpe:2.3:o:microsoft:windows_11_22h2:*:*:*:*:*:*:arm64:*,AFFECTS
CVE:CVE-2025-21335,CPE:cpe:2.3:o:microsoft:windows_11_22h2:*:*:*:*:*:*:x64:*,AFFECTS
CVE:CVE-2025-21335,CPE:cpe:2.3:o:microsoft:windows_11_23h2:*:*:*:*:*:*:arm64:*,AFFECTS
CVE:CVE-2025-21335,CPE:cpe:2.3:o:microsoft:windows_11_23h2:*:*:*:*:*:*:x64:*,AFFECTS
CVE:CVE-2025-21335,CPE:cpe:2.3:o:microsoft:windows_11_24h2:*:*:*:*:*:*:arm64:*,AFFECTS
CVE:CVE-2025-21335,CPE:cpe:2.3:o:microsoft:windows_11_24h2:*:*:*:*:*:*:x64:*,AFFECTS
CVE:CVE-2025-21335,CPE:cpe:2.3:o:microsoft:windows_server_2022_23h2:*:*:*:*:*:*:*:*,AFFECTS
CVE:CVE-2025-21335,CPE:cpe:2.3:o:microsoft:windows_server_2025:*:*:*:*:*:*:*:*,AFFECTS
CVE:CVE-2025-21335,REF:CVE-2025-21335:0,REFERENCES
CVE:CVE-2025-21335,REF:CVE-2025-21335:1,REFERENCES
CVE:CVE-2025-8875,RISK:CRITICAL,HAS_RISK
CVE:CVE-2025-8875,SIGNAL:CISA_KEV,KNOWN_EXPLOITED
CVE:CVE-2025-8875,CWE:CWE-502,HAS_CWE
CVE:CVE-2025-8875,CPE:cpe:2.3:a:n-able:n-central:*:*:*:*:*:*:*:*,AFFECTS
CVE:CVE-2025-8875,REF:CVE-2025-8875:0,REFERENCES
CVE:CVE-2025-8875,REF:CVE-2025-8875:1,REFERENCES
CVE:CVE-2024-56145,RISK:CRITICAL,HAS_RISK
CVE:CVE-2024-56145,SIGNAL:CISA_KEV,KNOWN_EXPLOITED
CVE:CVE-2024-56145,CWE:CWE-94,HAS_CWE
CVE:CVE-2024-56145,CPE:cpe:2.3:a:craftcms:craft_cms:*:*:*:*:*:*:*:*,AFFECTS
CVE:CVE-2024-56145,REF:CVE-2024-56145:0,REFERENCES
CVE:CVE-2024-56145,REF:CVE-2024-56145:1,REFERENCES
CVE:CVE-2024-56145,REF:CVE-2024-56145:2,REFERENCES
CVE:CVE-2024-56145,REF:CVE-2024-56145:3,REFERENCES
CVE:CVE-2024-54085,RISK:CRITICAL,HAS_RISK
CVE:CVE-2024-54085,SIGNAL:CISA_KEV,KNOWN_EXPLOITED
CVE:CVE-2024-54085,CWE:CWE-290,HAS_CWE
CVE:CVE-2024-54085,CPE:cpe:2.3:h:netapp:h300s:-:*:*:*:*:*:*:*,AFFECTS
CVE:CVE-2024-54085,CPE:cpe:2.3:h:netapp:h410c:-:*:*:*:*:*:*:*,AFFECTS
CVE:CVE-2024-54085,CPE:cpe:2.3:h:netapp:h410s:-:*:*:*:*:*:*:*,AFFECTS
CVE:CVE-2024-54085,CPE:cpe:2.3:h:netapp:h500s:-:*:*:*:*:*:*:*,AFFECTS
CVE:CVE-2024-54085,CPE:cpe:2.3:h:netapp:h700s:-:*:*:*:*:*:*:*,AFFECTS
CVE:CVE-2024-54085,CPE:cpe:2.3:h:netapp:sg1100:-:*:*:*:*:*:*:*,AFFECTS
CVE:CVE-2024-54085,CPE:cpe:2.3:h:netapp:sg110:-:*:*:*:*:*:*:*,AFFECTS
CVE:CVE-2024-54085,CPE:cpe:2.3:h:netapp:sg6160:-:*:*:*:*:*:*:*,AFFECTS
CVE:CVE-2024-54085,CPE:cpe:2.3:h:netapp:sgf6112:-:*:*:*:*:*:*:*,AFFECTS
CVE:CVE-2024-54085,CPE:cpe:2.3:o:ami:megarac_sp-x:*:*:*:*:*:*:*:*,AFFECTS
CVE:CVE-2024-54085,CPE:cpe:2.3:o:netapp:h300s_firmware:-:*:*:*:*:*:*:*,AFFECTS
CVE:CVE-2024-54085,CPE:cpe:2.3:o:netapp:h410c_firmware:-:*:*:*:*:*:*:*,AFFECTS
CVE:CVE-2024-54085,CPE:cpe:2.3:o:netapp:h410s_firmware:-:*:*:*:*:*:*:*,AFFECTS
CVE:CVE-2024-54085,CPE:cpe:2.3:o:netapp:h500s_firmware:-:*:*:*:*:*:*:*,AFFECTS
CVE:CVE-2024-54085,CPE:cpe:2.3:o:netapp:h700s_firmware:-:*:*:*:*:*:*:*,AFFECTS
CVE:CVE-2024-54085,CPE:cpe:2.3:o:netapp:sg1100_firmware:-:*:*:*:*:*:*:*,AFFECTS
CVE:CVE-2024-54085,CPE:cpe:2.3:o:netapp:sg110_firmware:-:*:*:*:*:*:*:*,AFFECTS
CVE:CVE-2024-54085,CPE:cpe:2.3:o:netapp:sg6160_firmware:-:*:*:*:*:*:*:*,AFFECTS
CVE:CVE-2024-54085,CPE:cpe:2.3:o:netapp:sgf6112_firmware:-:*:*:*:*:*:*:*,AFFECTS
CVE:CVE-2024-54085,REF:CVE-2024-54085:0,REFERENCES
CVE:CVE-2024-54085,REF:CVE-2024-54085:1,REFERENCES
CVE:CVE-2024-54085,REF:CVE-2024-54085:2,REFERENCES
CVE:CVE-2024-54085,REF:CVE-2024-54085:3,REFERENCES
CVE:CVE-2024-54085,REF:CVE-2024-54085:4,REFERENCES
CVE:CVE-2024-54085,REF:CVE-2024-54085:5,REFERENCES
CVE:CVE-2024-54085,REF:CVE-2024-54085:6,REFERENCES
CVE:CVE-2024-54085,REF:CVE-2024-54085:7,REFERENCES
CVE:CVE-2026-16812,RISK:CRITICAL,HAS_RISK
CVE:CVE-2026-16812,SIGNAL:CISA_KEV,KNOWN_EXPLOITED
CVE:CVE-2026-16812,CWE:CWE-78,HAS_CWE
CVE:CVE-2026-16812,CPE:cpe:2.3:a:arista:velocloud_orchestrator:*:*:*:*:*:*:*:*,AFFECTS
CVE:CVE-2026-16812,CPE:cpe:2.3:a:arista:velocloud_orchestrator:7.0.0:*:*:*:*:*:*:*,AFFECTS
CVE:CVE-2026-16812,REF:CVE-2026-16812:0,REFERENCES
CVE:CVE-2026-16812,REF:CVE-2026-16812:1,REFERENCES
CVE:CVE-2026-82078,RISK:CRITICAL,HAS_RISK
CVE:CVE-2026-82078,SIGNAL:CISA_KEV,KNOWN_EXPLOITED
CVE:CVE-2026-82078,CWE:CWE-470,HAS_CWE
CVE:CVE-2026-82078,CPE:cpe:2.3:a:papercut:papercut_mf:*:*:*:*:*:*:*:*,AFFECTS
CVE:CVE-2026-82078,CPE:cpe:2.3:a:papercut:papercut_ng:*:*:*:*:*:*:*:*,AFFECTS
CVE:CVE-2026-82078,REF:CVE-2026-82078:0,REFERENCES
CVE:CVE-2026-82078,REF:CVE-2026-82078:1,REFERENCES
CVE:CVE-2026-82078,REF:CVE-2026-82078:2,REFERENCES
CVE:CVE-2025-3928,RISK:CRITICAL,HAS_RISK
CVE:CVE-2025-3928,SIGNAL:CISA_KEV,KNOWN_EXPLOITED
CVE:CVE-2025-3928,CPE:cpe:2.3:a:commvault:commvault:*:*:*:*:*:*:*:*,AFFECTS
CVE:CVE-2025-3928,CPE:cpe:2.3:o:linux:linux_kernel:-:*:*:*:*:*:*:*,AFFECTS
CVE:CVE-2025-3928,CPE:cpe:2.3:o:microsoft:windows:-:*:*:*:*:*:*:*,AFFECTS
CVE:CVE-2025-3928,REF:CVE-2025-3928:0,REFERENCES
CVE:CVE-2025-3928,REF:CVE-2025-3928:1,REFERENCES
CVE:CVE-2025-3928,REF:CVE-2025-3928:2,REFERENCES
CVE:CVE-2025-3928,REF:CVE-2025-3928:3,REFERENCES
CVE:CVE-2025-3928,REF:CVE-2025-3928:4,REFERENCES
CVE:CVE-2025-3928,REF:CVE-2025-3928:5,REFERENCES
CVE:CVE-2025-3928,REF:CVE-2025-3928:6,REFERENCES
CVE:CVE-2025-3928,REF:CVE-2025-3928:7,REFERENCES
CVE:CVE-2025-8088,RISK:CRITICAL,HAS_RISK
CVE:CVE-2025-8088,SIGNAL:CISA_KEV,KNOWN_EXPLOITED
CVE:CVE-2025-8088,CWE:CWE-35,HAS_CWE
CVE:CVE-2025-8088,CPE:cpe:2.3:a:dtsearch:dtsearch:*:*:*:*:*:*:*:*,AFFECTS
CVE:CVE-2025-8088,CPE:cpe:2.3:a:rarlab:winrar:*:*:*:*:*:*:*:*,AFFECTS
CVE:CVE-2025-8088,CPE:cpe:2.3:o:microsoft:windows:-:*:*:*:*:*:*:*,AFFECTS
CVE:CVE-2025-8088,REF:CVE-2025-8088:0,REFERENCES
CVE:CVE-2025-8088,REF:CVE-2025-8088:1,REFERENCES
CVE:CVE-2025-8088,REF:CVE-2025-8088:2,REFERENCES
CVE:CVE-2025-8088,REF:CVE-2025-8088:3,REFERENCES
CVE:CVE-2025-8088,REF:CVE-2025-8088:4,REFERENCES
CVE:CVE-2025-8088,REF:CVE-2025-8088:5,REFERENCES
CVE:CVE-2025-8088,REF:CVE-2025-8088:6,REFERENCES
CVE:CVE-2026-42208,RISK:CRITICAL,HAS_RISK
CVE:CVE-2026-42208,SIGNAL:CISA_KEV,KNOWN_EXPLOITED
CVE:CVE-2026-42208,CWE:CWE-89,HAS_CWE
CVE:CVE-2026-42208,CPE:cpe:2.3:a:litellm:litellm:*:*:*:*:*:*:*:*,AFFECTS
CVE:CVE-2026-42208,REF:CVE-2026-42208:0,REFERENCES
CVE:CVE-2026-42208,REF:CVE-2026-42208:1,REFERENCES
CVE:CVE-2026-42208,REF:CVE-2026-42208:2,REFERENCES
CVE:CVE-2026-42208,REF:CVE-2026-42208:3,REFERENCES
CVE:CVE-2026-42208,REF:CVE-2026-42208:4,REFERENCES
CVE:CVE-2026-42208,REF:CVE-2026-42208:5,REFERENCES
CVE:CVE-2025-7775,RISK:CRITICAL,HAS_RISK
CVE:CVE-2025-7775,SIGNAL:CISA_KEV,KNOWN_EXPLOITED
CVE:CVE-2025-7775,CWE:CWE-119,HAS_CWE
CVE:CVE-2025-7775,CPE:cpe:2.3:a:citrix:netscaler_application_delivery_controller:*:*:*:*:-:*:*:*,AFFECTS
CVE:CVE-2025-7775,CPE:cpe:2.3:a:citrix:netscaler_application_delivery_controller:*:*:*:*:fips:*:*:*,AFFECTS
CVE:CVE-2025-7775,CPE:cpe:2.3:a:citrix:netscaler_application_delivery_controller:*:*:*:*:ndcpp:*:*:*,AFFECTS
CVE:CVE-2025-7775,CPE:cpe:2.3:a:citrix:netscaler_gateway:*:*:*:*:*:*:*:*,AFFECTS
CVE:CVE-2025-7775,REF:CVE-2025-7775:0,REFERENCES
CVE:CVE-2025-7775,REF:CVE-2025-7775:1,REFERENCES
CVE:CVE-2025-34291,RISK:CRITICAL,HAS_RISK
CVE:CVE-2025-34291,SIGNAL:CISA_KEV,KNOWN_EXPLOITED
CVE:CVE-2025-34291,CWE:CWE-346,HAS_CWE
CVE:CVE-2025-34291,CPE:cpe:2.3:a:langflow:langflow:*:*:*:*:*:*:*:*,AFFECTS
CVE:CVE-2025-34291,REF:CVE-2025-34291:0,REFERENCES
CVE:CVE-2025-34291,REF:CVE-2025-34291:1,REFERENCES
CVE:CVE-2025-34291,REF:CVE-2025-34291:2,REFERENCES
CVE:CVE-2025-34291,REF:CVE-2025-34291:3,REFERENCES
CVE:CVE-2025-34291,REF:CVE-2025-34291:4,REFERENCES
CVE:CVE-2026-12569,RISK:CRITICAL,HAS_RISK
CVE:CVE-2026-12569,SIGNAL:CISA_KEV,KNOWN_EXPLOITED
CVE:CVE-2026-12569,CWE:CWE-20,HAS_CWE
CVE:CVE-2026-12569,CWE:CWE-502,HAS_CWE
CVE:CVE-2026-12569,CPE:cpe:2.3:a:ptc:flexplm:*:*:*:*:*:*:*:*,AFFECTS
CVE:CVE-2026-12569,CPE:cpe:2.3:a:ptc:flexplm:11.1m020:*:*:*:*:*:*:*,AFFECTS
CVE:CVE-2026-12569,CPE:cpe:2.3:a:ptc:flexplm:11.2.1.0:*:*:*:*:*:*:*,AFFECTS
CVE:CVE-2026-12569,CPE:cpe:2.3:a:ptc:flexplm:12.0.0.0:*:*:*:*:*:*:*,AFFECTS
CVE:CVE-2026-12569,CPE:cpe:2.3:a:ptc:flexplm:12.0.2.0:*:*:*:*:*:*:*,AFFECTS
CVE:CVE-2026-12569,CPE:cpe:2.3:a:ptc:flexplm:12.1.3.0:*:*:*:*:*:*:*,AFFECTS
CVE:CVE-2026-12569,CPE:cpe:2.3:a:ptc:flexplm:13.0.2.0:*:*:*:*:*:*:*,AFFECTS
CVE:CVE-2026-12569,CPE:cpe:2.3:a:ptc:flexplm:13.0.3.0:*:*:*:*:*:*:*,AFFECTS
CVE:CVE-2026-12569,CPE:cpe:2.3:a:ptc:windchill_pdmlink:*:*:*:*:*:*:*:*,AFFECTS
CVE:CVE-2026-12569,CPE:cpe:2.3:a:ptc:windchill_pdmlink:11.0m030:-:*:*:*:*:*:*,AFFECTS
CVE:CVE-2026-12569,CPE:cpe:2.3:a:ptc:windchill_pdmlink:11.1m020:-:*:*:*:*:*:*,AFFECTS
CVE:CVE-2026-12569,CPE:cpe:2.3:a:ptc:windchill_pdmlink:11.2.1.0:-:*:*:*:*:*:*,AFFECTS
CVE:CVE-2026-12569,CPE:cpe:2.3:a:ptc:windchill_pdmlink:12.0.2.0:-:*:*:*:*:*:*,AFFECTS
CVE:CVE-2026-12569,CPE:cpe:2.3:a:ptc:windchill_pdmlink:12.1.2.0:-:*:*:*:*:*:*,AFFECTS
CVE:CVE-2026-12569,CPE:cpe:2.3:a:ptc:windchill_pdmlink:13.0.2.0:-:*:*:*:*:*:*,AFFECTS
CVE:CVE-2026-12569,CPE:cpe:2.3:a:ptc:windchill_pdmlink:13.1.0.0:*:*:*:*:*:*:*,AFFECTS
CVE:CVE-2026-12569,CPE:cpe:2.3:a:ptc:windchill_pdmlink:13.1.1.0:-:*:*:*:*:*:*,AFFECTS
CVE:CVE-2026-12569,CPE:cpe:2.3:a:ptc:windchill_pdmlink:13.1.2.0:*:*:*:*:*:*:*,AFFECTS
CVE:CVE-2026-12569,CPE:cpe:2.3:a:ptc:windchill_pdmlink:13.1.3.0:*:*:*:*:*:*:*,AFFECTS
CVE:CVE-2026-12569,REF:CVE-2026-12569:0,REFERENCES
CVE:CVE-2026-12569,REF:CVE-2026-12569:1,REFERENCES
CVE:CVE-2026-23760,RISK:CRITICAL,HAS_RISK
CVE:CVE-2026-23760,SIGNAL:CISA_KEV,KNOWN_EXPLOITED
CVE:CVE-2026-23760,CWE:CWE-288,HAS_CWE
CVE:CVE-2026-23760,CPE:cpe:2.3:a:smartertools:smartermail:*:*:*:*:*:*:*:*,AFFECTS
CVE:CVE-2026-23760,REF:CVE-2026-23760:0,REFERENCES
CVE:CVE-2026-23760,REF:CVE-2026-23760:1,REFERENCES
CVE:CVE-2026-23760,REF:CVE-2026-23760:2,REFERENCES
CVE:CVE-2026-23760,REF:CVE-2026-23760:3,REFERENCES
CVE:CVE-2026-23760,REF:CVE-2026-23760:4,REFERENCES
CVE:CVE-2026-23760,REF:CVE-2026-23760:5,REFERENCES
CVE:CVE-2026-0300,RISK:CRITICAL,HAS_RISK
CVE:CVE-2026-0300,SIGNAL:CISA_KEV,KNOWN_EXPLOITED
CVE:CVE-2026-0300,CWE:CWE-787,HAS_CWE
CVE:CVE-2026-0300,CPE:cpe:2.3:h:paloaltonetworks:pa-1410:-:*:*:*:*:*:*:*,AFFECTS
CVE:CVE-2026-0300,CPE:cpe:2.3:h:paloaltonetworks:pa-1420:-:*:*:*:*:*:*:*,AFFECTS
CVE:CVE-2026-0300,CPE:cpe:2.3:h:paloaltonetworks:pa-3410:-:*:*:*:*:*:*:*,AFFECTS
CVE:CVE-2026-0300,CPE:cpe:2.3:h:paloaltonetworks:pa-3420:-:*:*:*:*:*:*:*,AFFECTS
CVE:CVE-2026-0300,CPE:cpe:2.3:h:paloaltonetworks:pa-3430:-:*:*:*:*:*:*:*,AFFECTS
CVE:CVE-2026-0300,CPE:cpe:2.3:h:paloaltonetworks:pa-3440:-:*:*:*:*:*:*:*,AFFECTS
CVE:CVE-2026-0300,CPE:cpe:2.3:h:paloaltonetworks:pa-410:-:*:*:*:*:*:*:*,AFFECTS
CVE:CVE-2026-0300,CPE:cpe:2.3:h:paloaltonetworks:pa-410r-5g:-:*:*:*:*:*:*:*,AFFECTS
CVE:CVE-2026-0300,CPE:cpe:2.3:h:paloaltonetworks:pa-410r:-:*:*:*:*:*:*:*,AFFECTS
CVE:CVE-2026-0300,CPE:cpe:2.3:h:paloaltonetworks:pa-415-5g:-:*:*:*:*:*:*:*,AFFECTS
CVE:CVE-2026-0300,CPE:cpe:2.3:h:paloaltonetworks:pa-415:-:*:*:*:*:*:*:*,AFFECTS
CVE:CVE-2026-0300,CPE:cpe:2.3:h:paloaltonetworks:pa-440:-:*:*:*:*:*:*:*,AFFECTS
CVE:CVE-2026-0300,CPE:cpe:2.3:h:paloaltonetworks:pa-445:-:*:*:*:*:*:*:*,AFFECTS
CVE:CVE-2026-0300,CPE:cpe:2.3:h:paloaltonetworks:pa-450:-:*:*:*:*:*:*:*,AFFECTS
CVE:CVE-2026-0300,CPE:cpe:2.3:h:paloaltonetworks:pa-450r-5g:-:*:*:*:*:*:*:*,AFFECTS
CVE:CVE-2026-0300,CPE:cpe:2.3:h:paloaltonetworks:pa-450r:-:*:*:*:*:*:*:*,AFFECTS
CVE:CVE-2026-0300,CPE:cpe:2.3:h:paloaltonetworks:pa-455-5g:-:*:*:*:*:*:*:*,AFFECTS
CVE:CVE-2026-0300,CPE:cpe:2.3:h:paloaltonetworks:pa-455:-:*:*:*:*:*:*:*,AFFECTS
CVE:CVE-2026-0300,CPE:cpe:2.3:h:paloaltonetworks:pa-455r-5g:-:*:*:*:*:*:*:*,AFFECTS
CVE:CVE-2026-0300,CPE:cpe:2.3:h:paloaltonetworks:pa-460:-:*:*:*:*:*:*:*,AFFECTS
CVE:CVE-2026-0300,CPE:cpe:2.3:h:paloaltonetworks:pa-501:-:*:*:*:*:*:*:*,AFFECTS
CVE:CVE-2026-0300,CPE:cpe:2.3:h:paloaltonetworks:pa-505:-:*:*:*:*:*:*:*,AFFECTS
CVE:CVE-2026-0300,CPE:cpe:2.3:h:paloaltonetworks:pa-510:-:*:*:*:*:*:*:*,AFFECTS
CVE:CVE-2026-0300,CPE:cpe:2.3:h:paloaltonetworks:pa-520:-:*:*:*:*:*:*:*,AFFECTS
CVE:CVE-2026-0300,CPE:cpe:2.3:h:paloaltonetworks:pa-540:-:*:*:*:*:*:*:*,AFFECTS
CVE:CVE-2026-0300,CPE:cpe:2.3:h:paloaltonetworks:pa-5410:-:*:*:*:*:*:*:*,AFFECTS
CVE:CVE-2026-0300,CPE:cpe:2.3:h:paloaltonetworks:pa-5420:-:*:*:*:*:*:*:*,AFFECTS
CVE:CVE-2026-0300,CPE:cpe:2.3:h:paloaltonetworks:pa-5430:-:*:*:*:*:*:*:*,AFFECTS
CVE:CVE-2026-0300,CPE:cpe:2.3:h:paloaltonetworks:pa-5440:-:*:*:*:*:*:*:*,AFFECTS
CVE:CVE-2026-0300,CPE:cpe:2.3:h:paloaltonetworks:pa-5445:-:*:*:*:*:*:*:*,AFFECTS
CVE:CVE-2026-0300,CPE:cpe:2.3:h:paloaltonetworks:pa-545-poe:-:*:*:*:*:*:*:*,AFFECTS
CVE:CVE-2026-0300,CPE:cpe:2.3:h:paloaltonetworks:pa-5450:-:*:*:*:*:*:*:*,AFFECTS
CVE:CVE-2026-0300,CPE:cpe:2.3:h:paloaltonetworks:pa-550:-:*:*:*:*:*:*:*,AFFECTS
CVE:CVE-2026-0300,CPE:cpe:2.3:h:paloaltonetworks:pa-5540:-:*:*:*:*:*:*:*,AFFECTS
CVE:CVE-2026-0300,CPE:cpe:2.3:h:paloaltonetworks:pa-555-poe:-:*:*:*:*:*:*:*,AFFECTS
CVE:CVE-2026-0300,CPE:cpe:2.3:h:paloaltonetworks:pa-5550:-:*:*:*:*:*:*:*,AFFECTS
CVE:CVE-2026-0300,CPE:cpe:2.3:h:paloaltonetworks:pa-5560:-:*:*:*:*:*:*:*,AFFECTS
CVE:CVE-2026-0300,CPE:cpe:2.3:h:paloaltonetworks:pa-5570:-:*:*:*:*:*:*:*,AFFECTS
CVE:CVE-2026-0300,CPE:cpe:2.3:h:paloaltonetworks:pa-5580:-:*:*:*:*:*:*:*,AFFECTS
CVE:CVE-2026-0300,CPE:cpe:2.3:h:paloaltonetworks:pa-560:-:*:*:*:*:*:*:*,AFFECTS
CVE:CVE-2026-0300,CPE:cpe:2.3:h:paloaltonetworks:pa-7500-dpc-a:-:*:*:*:*:*:*:*,AFFECTS
CVE:CVE-2026-0300,CPE:cpe:2.3:h:paloaltonetworks:pa-7500:-:*:*:*:*:*:*:*,AFFECTS
CVE:CVE-2026-0300,CPE:cpe:2.3:h:paloaltonetworks:vm-100:-:*:*:*:*:*:*:*,AFFECTS
CVE:CVE-2026-0300,CPE:cpe:2.3:h:paloaltonetworks:vm-300:-:*:*:*:*:*:*:*,AFFECTS
CVE:CVE-2026-0300,CPE:cpe:2.3:h:paloaltonetworks:vm-500:-:*:*:*:*:*:*:*,AFFECTS
CVE:CVE-2026-0300,CPE:cpe:2.3:h:paloaltonetworks:vm-50:-:*:*:*:*:*:*:*,AFFECTS
CVE:CVE-2026-0300,CPE:cpe:2.3:h:paloaltonetworks:vm-700:-:*:*:*:*:*:*:*,AFFECTS
CVE:CVE-2026-0300,CPE:cpe:2.3:h:siemens:ruggedcom_ape1808:-:*:*:*:*:*:*:*,AFFECTS
CVE:CVE-2026-0300,CPE:cpe:2.3:o:paloaltonetworks:pan-os:10.2.0:*:*:*:*:*:*:*,AFFECTS
CVE:CVE-2026-0300,CPE:cpe:2.3:o:paloaltonetworks:pan-os:10.2.10:-:*:*:*:*:*:*,AFFECTS
CVE:CVE-2026-0300,CPE:cpe:2.3:o:paloaltonetworks:pan-os:10.2.10:h10:*:*:*:*:*:*,AFFECTS
CVE:CVE-2026-0300,CPE:cpe:2.3:o:paloaltonetworks:pan-os:10.2.10:h12:*:*:*:*:*:*,AFFECTS
CVE:CVE-2026-0300,CPE:cpe:2.3:o:paloaltonetworks:pan-os:10.2.10:h14:*:*:*:*:*:*,AFFECTS
CVE:CVE-2026-0300,CPE:cpe:2.3:o:paloaltonetworks:pan-os:10.2.10:h17:*:*:*:*:*:*,AFFECTS
CVE:CVE-2026-0300,CPE:cpe:2.3:o:paloaltonetworks:pan-os:10.2.10:h18:*:*:*:*:*:*,AFFECTS
CVE:CVE-2026-0300,CPE:cpe:2.3:o:paloaltonetworks:pan-os:10.2.10:h21:*:*:*:*:*:*,AFFECTS
CVE:CVE-2026-0300,CPE:cpe:2.3:o:paloaltonetworks:pan-os:10.2.10:h27:*:*:*:*:*:*,AFFECTS
CVE:CVE-2026-0300,CPE:cpe:2.3:o:paloaltonetworks:pan-os:10.2.10:h2:*:*:*:*:*:*,AFFECTS
CVE:CVE-2026-0300,CPE:cpe:2.3:o:paloaltonetworks:pan-os:10.2.10:h30:*:*:*:*:*:*,AFFECTS
CVE:CVE-2026-0300,CPE:cpe:2.3:o:paloaltonetworks:pan-os:10.2.10:h31:*:*:*:*:*:*,AFFECTS
CVE:CVE-2026-0300,CPE:cpe:2.3:o:paloaltonetworks:pan-os:10.2.10:h3:*:*:*:*:*:*,AFFECTS
CVE:CVE-2026-0300,CPE:cpe:2.3:o:paloaltonetworks:pan-os:10.2.10:h4:*:*:*:*:*:*,AFFECTS
CVE:CVE-2026-0300,CPE:cpe:2.3:o:paloaltonetworks:pan-os:10.2.10:h5:*:*:*:*:*:*,AFFECTS
CVE:CVE-2026-0300,CPE:cpe:2.3:o:paloaltonetworks:pan-os:10.2.10:h7:*:*:*:*:*:*,AFFECTS
CVE:CVE-2026-0300,CPE:cpe:2.3:o:paloaltonetworks:pan-os:10.2.10:h9:*:*:*:*:*:*,AFFECTS
CVE:CVE-2026-0300,CPE:cpe:2.3:o:paloaltonetworks:pan-os:10.2.11:*:*:*:*:*:*:*,AFFECTS
CVE:CVE-2026-0300,CPE:cpe:2.3:o:paloaltonetworks:pan-os:10.2.12:*:*:*:*:*:*:*,AFFECTS
CVE:CVE-2026-0300,CPE:cpe:2.3:o:paloaltonetworks:pan-os:10.2.13:-:*:*:*:*:*:*,AFFECTS
CVE:CVE-2026-0300,CPE:cpe:2.3:o:paloaltonetworks:pan-os:10.2.13:h10:*:*:*:*:*:*,AFFECTS
CVE:CVE-2026-0300,CPE:cpe:2.3:o:paloaltonetworks:pan-os:10.2.13:h16:*:*:*:*:*:*,AFFECTS
CVE:CVE-2026-0300,CPE:cpe:2.3:o:paloaltonetworks:pan-os:10.2.13:h18:*:*:*:*:*:*,AFFECTS
CVE:CVE-2026-0300,CPE:cpe:2.3:o:paloaltonetworks:pan-os:10.2.13:h1:*:*:*:*:*:*,AFFECTS
CVE:CVE-2026-0300,CPE:cpe:2.3:o:paloaltonetworks:pan-os:10.2.13:h2:*:*:*:*:*:*,AFFECTS
CVE:CVE-2026-0300,CPE:cpe:2.3:o:paloaltonetworks:pan-os:10.2.13:h3:*:*:*:*:*:*,AFFECTS
CVE:CVE-2026-0300,CPE:cpe:2.3:o:paloaltonetworks:pan-os:10.2.13:h4:*:*:*:*:*:*,AFFECTS
CVE:CVE-2026-0300,CPE:cpe:2.3:o:paloaltonetworks:pan-os:10.2.13:h5:*:*:*:*:*:*,AFFECTS
CVE:CVE-2026-0300,CPE:cpe:2.3:o:paloaltonetworks:pan-os:10.2.13:h7:*:*:*:*:*:*,AFFECTS
CVE:CVE-2026-0300,CPE:cpe:2.3:o:paloaltonetworks:pan-os:10.2.14:*:*:*:*:*:*:*,AFFECTS
CVE:CVE-2026-0300,CPE:cpe:2.3:o:paloaltonetworks:pan-os:10.2.15:*:*:*:*:*:*:*,AFFECTS
CVE:CVE-2026-0300,CPE:cpe:2.3:o:paloaltonetworks:pan-os:10.2.16:-:*:*:*:*:*:*,AFFECTS
CVE:CVE-2026-0300,CPE:cpe:2.3:o:paloaltonetworks:pan-os:10.2.16:h1:*:*:*:*:*:*,AFFECTS
CVE:CVE-2026-0300,CPE:cpe:2.3:o:paloaltonetworks:pan-os:10.2.16:h4:*:*:*:*:*:*,AFFECTS
CVE:CVE-2026-0300,CPE:cpe:2.3:o:paloaltonetworks:pan-os:10.2.16:h6:*:*:*:*:*:*,AFFECTS
CVE:CVE-2026-0300,CPE:cpe:2.3:o:paloaltonetworks:pan-os:10.2.17:-:*:*:*:*:*:*,AFFECTS
CVE:CVE-2026-0300,CPE:cpe:2.3:o:paloaltonetworks:pan-os:10.2.18:-:*:*:*:*:*:*,AFFECTS
CVE:CVE-2026-0300,CPE:cpe:2.3:o:paloaltonetworks:pan-os:10.2.18:h1:*:*:*:*:*:*,AFFECTS
CVE:CVE-2026-0300,CPE:cpe:2.3:o:paloaltonetworks:pan-os:10.2.18:h5:*:*:*:*:*:*,AFFECTS
CVE:CVE-2026-0300,CPE:cpe:2.3:o:paloaltonetworks:pan-os:10.2.1:*:*:*:*:*:*:*,AFFECTS
CVE:CVE-2026-0300,CPE:cpe:2.3:o:paloaltonetworks:pan-os:10.2.2:*:*:*:*:*:*:*,AFFECTS
CVE:CVE-2026-0300,CPE:cpe:2.3:o:paloaltonetworks:pan-os:10.2.3:*:*:*:*:*:*:*,AFFECTS
CVE:CVE-2026-0300,CPE:cpe:2.3:o:paloaltonetworks:pan-os:10.2.4:*:*:*:*:*:*:*,AFFECTS
CVE:CVE-2026-0300,CPE:cpe:2.3:o:paloaltonetworks:pan-os:10.2.5:*:*:*:*:*:*:*,AFFECTS
CVE:CVE-2026-0300,CPE:cpe:2.3:o:paloaltonetworks:pan-os:10.2.6:*:*:*:*:*:*:*,AFFECTS
CVE:CVE-2026-0300,CPE:cpe:2.3:o:paloaltonetworks:pan-os:10.2.7:-:*:*:*:*:*:*,AFFECTS
CVE:CVE-2026-0300,CPE:cpe:2.3:o:paloaltonetworks:pan-os:10.2.7:h12:*:*:*:*:*:*,AFFECTS
CVE:CVE-2026-0300,CPE:cpe:2.3:o:paloaltonetworks:pan-os:10.2.7:h16:*:*:*:*:*:*,AFFECTS
CVE:CVE-2026-0300,CPE:cpe:2.3:o:paloaltonetworks:pan-os:10.2.7:h19:*:*:*:*:*:*,AFFECTS
CVE:CVE-2026-0300,CPE:cpe:2.3:o:paloaltonetworks:pan-os:10.2.7:h1:*:*:*:*:*:*,AFFECTS
CVE:CVE-2026-0300,CPE:cpe:2.3:o:paloaltonetworks:pan-os:10.2.7:h21:*:*:*:*:*:*,AFFECTS
CVE:CVE-2026-0300,CPE:cpe:2.3:o:paloaltonetworks:pan-os:10.2.7:h24:*:*:*:*:*:*,AFFECTS
CVE:CVE-2026-0300,CPE:cpe:2.3:o:paloaltonetworks:pan-os:10.2.7:h32:*:*:*:*:*:*,AFFECTS
CVE:CVE-2026-0300,CPE:cpe:2.3:o:paloaltonetworks:pan-os:10.2.7:h3:*:*:*:*:*:*,AFFECTS
CVE:CVE-2026-0300,CPE:cpe:2.3:o:paloaltonetworks:pan-os:10.2.7:h6:*:*:*:*:*:*,AFFECTS
CVE:CVE-2026-0300,CPE:cpe:2.3:o:paloaltonetworks:pan-os:10.2.7:h8:*:*:*:*:*:*,AFFECTS
CVE:CVE-2026-0300,CPE:cpe:2.3:o:paloaltonetworks:pan-os:10.2.8:*:*:*:*:*:*:*,AFFECTS
CVE:CVE-2026-0300,CPE:cpe:2.3:o:paloaltonetworks:pan-os:10.2.9:*:*:*:*:*:*:*,AFFECTS
CVE:CVE-2026-0300,CPE:cpe:2.3:o:paloaltonetworks:pan-os:11.1.0:*:*:*:*:*:*:*,AFFECTS
CVE:CVE-2026-0300,CPE:cpe:2.3:o:paloaltonetworks:pan-os:11.1.10:-:*:*:*:*:*:*,AFFECTS
CVE:CVE-2026-0300,CPE:cpe:2.3:o:paloaltonetworks:pan-os:11.1.10:h10:*:*:*:*:*:*,AFFECTS
CVE:CVE-2026-0300,CPE:cpe:2.3:o:paloaltonetworks:pan-os:11.1.10:h12:*:*:*:*:*:*,AFFECTS
CVE:CVE-2026-0300,CPE:cpe:2.3:o:paloaltonetworks:pan-os:11.1.10:h1:*:*:*:*:*:*,AFFECTS
CVE:CVE-2026-0300,CPE:cpe:2.3:o:paloaltonetworks:pan-os:11.1.10:h21:*:*:*:*:*:*,AFFECTS
CVE:CVE-2026-0300,CPE:cpe:2.3:o:paloaltonetworks:pan-os:11.1.10:h4:*:*:*:*:*:*,AFFECTS
CVE:CVE-2026-0300,CPE:cpe:2.3:o:paloaltonetworks:pan-os:11.1.10:h5:*:*:*:*:*:*,AFFECTS
CVE:CVE-2026-0300,CPE:cpe:2.3:o:paloaltonetworks:pan-os:11.1.10:h7:*:*:*:*:*:*,AFFECTS
CVE:CVE-2026-0300,CPE:cpe:2.3:o:paloaltonetworks:pan-os:11.1.10:h9:*:*:*:*:*:*,AFFECTS
CVE:CVE-2026-0300,CPE:cpe:2.3:o:paloaltonetworks:pan-os:11.1.11:*:*:*:*:*:*:*,AFFECTS
CVE:CVE-2026-0300,CPE:cpe:2.3:o:paloaltonetworks:pan-os:11.1.12:*:*:*:*:*:*:*,AFFECTS
CVE:CVE-2026-0300,CPE:cpe:2.3:o:paloaltonetworks:pan-os:11.1.13:-:*:*:*:*:*:*,AFFECTS
CVE:CVE-2026-0300,CPE:cpe:2.3:o:paloaltonetworks:pan-os:11.1.13:h1:*:*:*:*:*:*,AFFECTS
CVE:CVE-2026-0300,CPE:cpe:2.3:o:paloaltonetworks:pan-os:11.1.13:h2:*:*:*:*:*:*,AFFECTS
CVE:CVE-2026-0300,CPE:cpe:2.3:o:paloaltonetworks:pan-os:11.1.13:h3:*:*:*:*:*:*,AFFECTS
CVE:CVE-2026-0300,CPE:cpe:2.3:o:paloaltonetworks:pan-os:11.1.14:-:*:*:*:*:*:*,AFFECTS
CVE:CVE-2026-0300,CPE:cpe:2.3:o:paloaltonetworks:pan-os:11.1.1:*:*:*:*:*:*:*,AFFECTS
CVE:CVE-2026-0300,CPE:cpe:2.3:o:paloaltonetworks:pan-os:11.1.2:*:*:*:*:*:*:*,AFFECTS
CVE:CVE-2026-0300,CPE:cpe:2.3:o:paloaltonetworks:pan-os:11.1.3:*:*:*:*:*:*:*,AFFECTS
CVE:CVE-2026-0300,CPE:cpe:2.3:o:paloaltonetworks:pan-os:11.1.4:-:*:*:*:*:*:*,AFFECTS
CVE:CVE-2026-0300,CPE:cpe:2.3:o:paloaltonetworks:pan-os:11.1.4:h13:*:*:*:*:*:*,AFFECTS
CVE:CVE-2026-0300,CPE:cpe:2.3:o:paloaltonetworks:pan-os:11.1.4:h15:*:*:*:*:*:*,AFFECTS
CVE:CVE-2026-0300,CPE:cpe:2.3:o:paloaltonetworks:pan-os:11.1.4:h16:*:*:*:*:*:*,AFFECTS
CVE:CVE-2026-0300,CPE:cpe:2.3:o:paloaltonetworks:pan-os:11.1.4:h17:*:*:*:*:*:*,AFFECTS
CVE:CVE-2026-0300,CPE:cpe:2.3:o:paloaltonetworks:pan-os:11.1.4:h18:*:*:*:*:*:*,AFFECTS
CVE:CVE-2026-0300,CPE:cpe:2.3:o:paloaltonetworks:pan-os:11.1.4:h1:*:*:*:*:*:*,AFFECTS
CVE:CVE-2026-0300,CPE:cpe:2.3:o:paloaltonetworks:pan-os:11.1.4:h25:*:*:*:*:*:*,AFFECTS
CVE:CVE-2026-0300,CPE:cpe:2.3:o:paloaltonetworks:pan-os:11.1.4:h27:*:*:*:*:*:*,AFFECTS
CVE:CVE-2026-0300,CPE:cpe:2.3:o:paloaltonetworks:pan-os:11.1.4:h32:*:*:*:*:*:*,AFFECTS
CVE:CVE-2026-0300,CPE:cpe:2.3:o:paloaltonetworks:pan-os:11.1.4:h4:*:*:*:*:*:*,AFFECTS
CVE:CVE-2026-0300,CPE:cpe:2.3:o:paloaltonetworks:pan-os:11.1.4:h7:*:*:*:*:*:*,AFFECTS
CVE:CVE-2026-0300,CPE:cpe:2.3:o:paloaltonetworks:pan-os:11.1.4:h9:*:*:*:*:*:*,AFFECTS
CVE:CVE-2026-0300,CPE:cpe:2.3:o:paloaltonetworks:pan-os:11.1.5:*:*:*:*:*:*:*,AFFECTS
CVE:CVE-2026-0300,CPE:cpe:2.3:o:paloaltonetworks:pan-os:11.1.6:-:*:*:*:*:*:*,AFFECTS
CVE:CVE-2026-0300,CPE:cpe:2.3:o:paloaltonetworks:pan-os:11.1.6:h10:*:*:*:*:*:*,AFFECTS
CVE:CVE-2026-0300,CPE:cpe:2.3:o:paloaltonetworks:pan-os:11.1.6:h14:*:*:*:*:*:*,AFFECTS
CVE:CVE-2026-0300,CPE:cpe:2.3:o:paloaltonetworks:pan-os:11.1.6:h17:*:*:*:*:*:*,AFFECTS
CVE:CVE-2026-0300,CPE:cpe:2.3:o:paloaltonetworks:pan-os:11.1.6:h19:*:*:*:*:*:*,AFFECTS
CVE:CVE-2026-0300,CPE:cpe:2.3:o:paloaltonetworks:pan-os:11.1.6:h1:*:*:*:*:*:*,AFFECTS
CVE:CVE-2026-0300,CPE:cpe:2.3:o:paloaltonetworks:pan-os:11.1.6:h20:*:*:*:*:*:*,AFFECTS
CVE:CVE-2026-0300,CPE:cpe:2.3:o:paloaltonetworks:pan-os:11.1.6:h21:*:*:*:*:*:*,AFFECTS
CVE:CVE-2026-0300,CPE:cpe:2.3:o:paloaltonetworks:pan-os:11.1.6:h22:*:*:*:*:*:*,AFFECTS
CVE:CVE-2026-0300,CPE:cpe:2.3:o:paloaltonetworks:pan-os:11.1.6:h23:*:*:*:*:*:*,AFFECTS
CVE:CVE-2026-0300,CPE:cpe:2.3:o:paloaltonetworks:pan-os:11.1.6:h25:*:*:*:*:*:*,AFFECTS
CVE:CVE-2026-0300,CPE:cpe:2.3:o:paloaltonetworks:pan-os:11.1.6:h29:*:*:*:*:*:*,AFFECTS
CVE:CVE-2026-0300,CPE:cpe:2.3:o:paloaltonetworks:pan-os:11.1.6:h2:*:*:*:*:*:*,AFFECTS
CVE:CVE-2026-0300,CPE:cpe:2.3:o:paloaltonetworks:pan-os:11.1.6:h3:*:*:*:*:*:*,AFFECTS
CVE:CVE-2026-0300,CPE:cpe:2.3:o:paloaltonetworks:pan-os:11.1.6:h4:*:*:*:*:*:*,AFFECTS
CVE:CVE-2026-0300,CPE:cpe:2.3:o:paloaltonetworks:pan-os:11.1.6:h5:*:*:*:*:*:*,AFFECTS
CVE:CVE-2026-0300,CPE:cpe:2.3:o:paloaltonetworks:pan-os:11.1.6:h6:*:*:*:*:*:*,AFFECTS
CVE:CVE-2026-0300,CPE:cpe:2.3:o:paloaltonetworks:pan-os:11.1.6:h7:*:*:*:*:*:*,AFFECTS
CVE:CVE-2026-0300,CPE:cpe:2.3:o:paloaltonetworks:pan-os:11.1.7:-:*:*:*:*:*:*,AFFECTS
CVE:CVE-2026-0300,CPE:cpe:2.3:o:paloaltonetworks:pan-os:11.1.7:h1:*:*:*:*:*:*,AFFECTS
CVE:CVE-2026-0300,CPE:cpe:2.3:o:paloaltonetworks:pan-os:11.1.7:h2:*:*:*:*:*:*,AFFECTS
CVE:CVE-2026-0300,CPE:cpe:2.3:o:paloaltonetworks:pan-os:11.1.7:h4:*:*:*:*:*:*,AFFECTS
CVE:CVE-2026-0300,CPE:cpe:2.3:o:paloaltonetworks:pan-os:11.1.8:*:*:*:*:*:*:*,AFFECTS
CVE:CVE-2026-0300,CPE:cpe:2.3:o:paloaltonetworks:pan-os:11.1.9:*:*:*:*:*:*:*,AFFECTS
CVE:CVE-2026-0300,CPE:cpe:2.3:o:paloaltonetworks:pan-os:11.2.0:*:*:*:*:*:*:*,AFFECTS
CVE:CVE-2026-0300,CPE:cpe:2.3:o:paloaltonetworks:pan-os:11.2.10:-:*:*:*:*:*:*,AFFECTS
CVE:CVE-2026-0300,CPE:cpe:2.3:o:paloaltonetworks:pan-os:11.2.10:h1:*:*:*:*:*:*,AFFECTS
CVE:CVE-2026-0300,CPE:cpe:2.3:o:paloaltonetworks:pan-os:11.2.10:h2:*:*:*:*:*:*,AFFECTS
CVE:CVE-2026-0300,CPE:cpe:2.3:o:paloaltonetworks:pan-os:11.2.10:h3:*:*:*:*:*:*,AFFECTS
CVE:CVE-2026-0300,CPE:cpe:2.3:o:paloaltonetworks:pan-os:11.2.10:h4:*:*:*:*:*:*,AFFECTS
CVE:CVE-2026-0300,CPE:cpe:2.3:o:paloaltonetworks:pan-os:11.2.10:h5:*:*:*:*:*:*,AFFECTS
CVE:CVE-2026-0300,CPE:cpe:2.3:o:paloaltonetworks:pan-os:11.2.11:-:*:*:*:*:*:*,AFFECTS
CVE:CVE-2026-0300,CPE:cpe:2.3:o:paloaltonetworks:pan-os:11.2.1:*:*:*:*:*:*:*,AFFECTS
CVE:CVE-2026-0300,CPE:cpe:2.3:o:paloaltonetworks:pan-os:11.2.2:*:*:*:*:*:*:*,AFFECTS
CVE:CVE-2026-0300,CPE:cpe:2.3:o:paloaltonetworks:pan-os:11.2.3:*:*:*:*:*:*:*,AFFECTS
CVE:CVE-2026-0300,CPE:cpe:2.3:o:paloaltonetworks:pan-os:11.2.4:-:*:*:*:*:*:*,AFFECTS
CVE:CVE-2026-0300,CPE:cpe:2.3:o:paloaltonetworks:pan-os:11.2.4:h10:*:*:*:*:*:*,AFFECTS
CVE:CVE-2026-0300,CPE:cpe:2.3:o:paloaltonetworks:pan-os:11.2.4:h11:*:*:*:*:*:*,AFFECTS
CVE:CVE-2026-0300,CPE:cpe:2.3:o:paloaltonetworks:pan-os:11.2.4:h12:*:*:*:*:*:*,AFFECTS
CVE:CVE-2026-0300,CPE:cpe:2.3:o:paloaltonetworks:pan-os:11.2.4:h14:*:*:*:*:*:*,AFFECTS
CVE:CVE-2026-0300,CPE:cpe:2.3:o:paloaltonetworks:pan-os:11.2.4:h15:*:*:*:*:*:*,AFFECTS
CVE:CVE-2026-0300,CPE:cpe:2.3:o:paloaltonetworks:pan-os:11.2.4:h1:*:*:*:*:*:*,AFFECTS
CVE:CVE-2026-0300,CPE:cpe:2.3:o:paloaltonetworks:pan-os:11.2.4:h2:*:*:*:*:*:*,AFFECTS
CVE:CVE-2026-0300,CPE:cpe:2.3:o:paloaltonetworks:pan-os:11.2.4:h4:*:*:*:*:*:*,AFFECTS
CVE:CVE-2026-0300,CPE:cpe:2.3:o:paloaltonetworks:pan-os:11.2.4:h5:*:*:*:*:*:*,AFFECTS
CVE:CVE-2026-0300,CPE:cpe:2.3:o:paloaltonetworks:pan-os:11.2.4:h6:*:*:*:*:*:*,AFFECTS
CVE:CVE-2026-0300,CPE:cpe:2.3:o:paloaltonetworks:pan-os:11.2.4:h7:*:*:*:*:*:*,AFFECTS
CVE:CVE-2026-0300,CPE:cpe:2.3:o:paloaltonetworks:pan-os:11.2.4:h8:*:*:*:*:*:*,AFFECTS
CVE:CVE-2026-0300,CPE:cpe:2.3:o:paloaltonetworks:pan-os:11.2.4:h9:*:*:*:*:*:*,AFFECTS
CVE:CVE-2026-0300,CPE:cpe:2.3:o:paloaltonetworks:pan-os:11.2.5:*:*:*:*:*:*:*,AFFECTS
CVE:CVE-2026-0300,CPE:cpe:2.3:o:paloaltonetworks:pan-os:11.2.6:*:*:*:*:*:*:*,AFFECTS
CVE:CVE-2026-0300,CPE:cpe:2.3:o:paloaltonetworks:pan-os:11.2.7:-:*:*:*:*:*:*,AFFECTS
CVE:CVE-2026-0300,CPE:cpe:2.3:o:paloaltonetworks:pan-os:11.2.7:h10:*:*:*:*:*:*,AFFECTS
CVE:CVE-2026-0300,CPE:cpe:2.3:o:paloaltonetworks:pan-os:11.2.7:h11:*:*:*:*:*:*,AFFECTS
CVE:CVE-2026-0300,CPE:cpe:2.3:o:paloaltonetworks:pan-os:11.2.7:h12:*:*:*:*:*:*,AFFECTS
CVE:CVE-2026-0300,CPE:cpe:2.3:o:paloaltonetworks:pan-os:11.2.7:h1:*:*:*:*:*:*,AFFECTS
CVE:CVE-2026-0300,CPE:cpe:2.3:o:paloaltonetworks:pan-os:11.2.7:h2:*:*:*:*:*:*,AFFECTS
CVE:CVE-2026-0300,CPE:cpe:2.3:o:paloaltonetworks:pan-os:11.2.7:h3:*:*:*:*:*:*,AFFECTS
CVE:CVE-2026-0300,CPE:cpe:2.3:o:paloaltonetworks:pan-os:11.2.7:h4:*:*:*:*:*:*,AFFECTS
CVE:CVE-2026-0300,CPE:cpe:2.3:o:paloaltonetworks:pan-os:11.2.7:h7:*:*:*:*:*:*,AFFECTS
CVE:CVE-2026-0300,CPE:cpe:2.3:o:paloaltonetworks:pan-os:11.2.7:h8:*:*:*:*:*:*,AFFECTS
CVE:CVE-2026-0300,CPE:cpe:2.3:o:paloaltonetworks:pan-os:11.2.8:*:*:*:*:*:*:*,AFFECTS
CVE:CVE-2026-0300,CPE:cpe:2.3:o:paloaltonetworks:pan-os:11.2.9:*:*:*:*:*:*:*,AFFECTS
CVE:CVE-2026-0300,CPE:cpe:2.3:o:paloaltonetworks:pan-os:12.1.2:*:*:*:*:*:*:*,AFFECTS
CVE:CVE-2026-0300,CPE:cpe:2.3:o:paloaltonetworks:pan-os:12.1.3:*:*:*:*:*:*:*,AFFECTS
CVE:CVE-2026-0300,CPE:cpe:2.3:o:paloaltonetworks:pan-os:12.1.4:-:*:*:*:*:*:*,AFFECTS
CVE:CVE-2026-0300,CPE:cpe:2.3:o:paloaltonetworks:pan-os:12.1.4:h2:*:*:*:*:*:*,AFFECTS
CVE:CVE-2026-0300,CPE:cpe:2.3:o:paloaltonetworks:pan-os:12.1.4:h3:*:*:*:*:*:*,AFFECTS
CVE:CVE-2026-0300,CPE:cpe:2.3:o:paloaltonetworks:pan-os:12.1.5:-:*:*:*:*:*:*,AFFECTS
CVE:CVE-2026-0300,CPE:cpe:2.3:o:paloaltonetworks:pan-os:12.1.6:-:*:*:*:*:*:*,AFFECTS
CVE:CVE-2026-0300,CPE:cpe:2.3:o:siemens:ruggedcom_ape1808_firmware:-:*:*:*:*:*:*:*,AFFECTS
CVE:CVE-2026-0300,REF:CVE-2026-0300:0,REFERENCES
CVE:CVE-2026-0300,REF:CVE-2026-0300:1,REFERENCES
CVE:CVE-2026-0300,REF:CVE-2026-0300:2,REFERENCES
CVE:CVE-2024-5910,RISK:CRITICAL,HAS_RISK
CVE:CVE-2024-5910,SIGNAL:CISA_KEV,KNOWN_EXPLOITED
CVE:CVE-2024-5910,CWE:CWE-306,HAS_CWE
CVE:CVE-2024-5910,CPE:cpe:2.3:a:paloaltonetworks:expedition:*:*:*:*:*:*:*:*,AFFECTS
CVE:CVE-2024-5910,REF:CVE-2024-5910:0,REFERENCES
CVE:CVE-2024-5910,REF:CVE-2024-5910:1,REFERENCES
CVE:CVE-2024-5910,REF:CVE-2024-5910:2,REFERENCES
CVE:CVE-2025-14611,RISK:CRITICAL,HAS_RISK
CVE:CVE-2025-14611,SIGNAL:CISA_KEV,KNOWN_EXPLOITED
CVE:CVE-2025-14611,CWE:CWE-798,HAS_CWE
CVE:CVE-2025-14611,CPE:cpe:2.3:a:gladinet:centrestack:*:*:*:*:*:*:*:*,AFFECTS
CVE:CVE-2025-14611,CPE:cpe:2.3:a:gladinet:triofox:*:*:*:*:*:*:*:*,AFFECTS
CVE:CVE-2025-14611,REF:CVE-2025-14611:0,REFERENCES
CVE:CVE-2025-14611,REF:CVE-2025-14611:1,REFERENCES
CVE:CVE-2026-8452,RISK:CRITICAL,HAS_RISK
CVE:CVE-2026-8452,SIGNAL:CISA_KEV,KNOWN_EXPLOITED
CVE:CVE-2026-8452,CWE:CWE-119,HAS_CWE
CVE:CVE-2026-8452,CPE:cpe:2.3:a:citrix:netscaler_application_delivery_controller:*:*:*:*:-:*:*:*,AFFECTS
CVE:CVE-2026-8452,CPE:cpe:2.3:a:citrix:netscaler_application_delivery_controller:*:*:*:*:fips:*:*:*,AFFECTS
CVE:CVE-2026-8452,CPE:cpe:2.3:a:citrix:netscaler_application_delivery_controller:*:*:*:*:ndcpp:*:*:*,AFFECTS
CVE:CVE-2026-8452,CPE:cpe:2.3:a:citrix:netscaler_application_delivery_controller:14.1-66.68:*:*:*:fips:*:*:*,AFFECTS
CVE:CVE-2026-8452,CPE:cpe:2.3:a:citrix:netscaler_gateway:*:*:*:*:*:*:*:*,AFFECTS
CVE:CVE-2026-8452,REF:CVE-2026-8452:0,REFERENCES
CVE:CVE-2026-8452,REF:CVE-2026-8452:1,REFERENCES
CVE:CVE-2024-23225,RISK:CRITICAL,HAS_RISK
CVE:CVE-2024-23225,SIGNAL:CISA_KEV,KNOWN_EXPLOITED
CVE:CVE-2024-23225,CWE:CWE-787,HAS_CWE
CVE:CVE-2024-23225,CPE:cpe:2.3:o:apple:ipados:*:*:*:*:*:*:*:*,AFFECTS
CVE:CVE-2024-23225,CPE:cpe:2.3:o:apple:iphone_os:*:*:*:*:*:*:*:*,AFFECTS
CVE:CVE-2024-23225,CPE:cpe:2.3:o:apple:macos:*:*:*:*:*:*:*:*,AFFECTS
CVE:CVE-2024-23225,CPE:cpe:2.3:o:apple:tvos:*:*:*:*:*:*:*:*,AFFECTS
CVE:CVE-2024-23225,CPE:cpe:2.3:o:apple:visionos:*:*:*:*:*:*:*:*,AFFECTS
CVE:CVE-2024-23225,CPE:cpe:2.3:o:apple:watchos:*:*:*:*:*:*:*:*,AFFECTS
CVE:CVE-2024-23225,REF:CVE-2024-23225:0,REFERENCES
CVE:CVE-2024-23225,REF:CVE-2024-23225:1,REFERENCES
CVE:CVE-2024-23225,REF:CVE-2024-23225:2,REFERENCES
CVE:CVE-2024-23225,REF:CVE-2024-23225:3,REFERENCES
CVE:CVE-2024-23225,REF:CVE-2024-23225:4,REFERENCES
CVE:CVE-2024-23225,REF:CVE-2024-23225:5,REFERENCES
CVE:CVE-2024-23225,REF:CVE-2024-23225:6,REFERENCES
CVE:CVE-2024-23225,REF:CVE-2024-23225:7,REFERENCES
CVE:CVE-2024-23225,REF:CVE-2024-23225:8,REFERENCES
CVE:CVE-2024-23225,REF:CVE-2024-23225:9,REFERENCES
CVE:CVE-2024-23225,REF:CVE-2024-23225:10,REFERENCES
CVE:CVE-2024-23225,REF:CVE-2024-23225:11,REFERENCES
CVE:CVE-2024-23225,REF:CVE-2024-23225:12,REFERENCES
CVE:CVE-2024-23225,REF:CVE-2024-23225:13,REFERENCES
CVE:CVE-2024-23225,REF:CVE-2024-23225:14,REFERENCES
CVE:CVE-2024-23225,REF:CVE-2024-23225:15,REFERENCES
CVE:CVE-2024-23225,REF:CVE-2024-23225:16,REFERENCES
CVE:CVE-2024-23225,REF:CVE-2024-23225:17,REFERENCES
CVE:CVE-2024-23225,REF:CVE-2024-23225:18,REFERENCES
CVE:CVE-2024-23225,REF:CVE-2024-23225:19,REFERENCES
CVE:CVE-2024-23225,REF:CVE-2024-23225:20,REFERENCES
CVE:CVE-2024-23225,REF:CVE-2024-23225:21,REFERENCES
CVE:CVE-2024-23225,REF:CVE-2024-23225:22,REFERENCES
CVE:CVE-2024-23225,REF:CVE-2024-23225:23,REFERENCES
CVE:CVE-2024-23225,REF:CVE-2024-23225:24,REFERENCES
CVE:CVE-2024-23225,REF:CVE-2024-23225:25,REFERENCES
CVE:CVE-2024-23296,RISK:CRITICAL,HAS_RISK
CVE:CVE-2024-23296,SIGNAL:CISA_KEV,KNOWN_EXPLOITED
CVE:CVE-2024-23296,CWE:CWE-787,HAS_CWE
CVE:CVE-2024-23296,CPE:cpe:2.3:o:apple:ipados:*:*:*:*:*:*:*:*,AFFECTS
CVE:CVE-2024-23296,CPE:cpe:2.3:o:apple:iphone_os:*:*:*:*:*:*:*:*,AFFECTS
CVE:CVE-2024-23296,CPE:cpe:2.3:o:apple:macos:*:*:*:*:*:*:*:*,AFFECTS
CVE:CVE-2024-23296,CPE:cpe:2.3:o:apple:tvos:*:*:*:*:*:*:*:*,AFFECTS
CVE:CVE-2024-23296,CPE:cpe:2.3:o:apple:visionos:*:*:*:*:*:*:*:*,AFFECTS
CVE:CVE-2024-23296,CPE:cpe:2.3:o:apple:watchos:*:*:*:*:*:*:*:*,AFFECTS
CVE:CVE-2024-23296,REF:CVE-2024-23296:0,REFERENCES
CVE:CVE-2024-23296,REF:CVE-2024-23296:1,REFERENCES
CVE:CVE-2024-23296,REF:CVE-2024-23296:2,REFERENCES
CVE:CVE-2024-23296,REF:CVE-2024-23296:3,REFERENCES
CVE:CVE-2024-23296,REF:CVE-2024-23296:4,REFERENCES
CVE:CVE-2024-23296,REF:CVE-2024-23296:5,REFERENCES
CVE:CVE-2024-23296,REF:CVE-2024-23296:6,REFERENCES
CVE:CVE-2024-23296,REF:CVE-2024-23296:7,REFERENCES
CVE:CVE-2024-23296,REF:CVE-2024-23296:8,REFERENCES
CVE:CVE-2024-23296,REF:CVE-2024-23296:9,REFERENCES
CVE:CVE-2024-23296,REF:CVE-2024-23296:10,REFERENCES
CVE:CVE-2024-23296,REF:CVE-2024-23296:11,REFERENCES
CVE:CVE-2024-23296,REF:CVE-2024-23296:12,REFERENCES
CVE:CVE-2024-23296,REF:CVE-2024-23296:13,REFERENCES
CVE:CVE-2024-23296,REF:CVE-2024-23296:14,REFERENCES
CVE:CVE-2024-23296,REF:CVE-2024-23296:15,REFERENCES
CVE:CVE-2024-23296,REF:CVE-2024-23296:16,REFERENCES
CVE:CVE-2024-23296,REF:CVE-2024-23296:17,REFERENCES
CVE:CVE-2024-23296,REF:CVE-2024-23296:18,REFERENCES
CVE:CVE-2024-23296,REF:CVE-2024-23296:19,REFERENCES
CVE:CVE-2024-23296,REF:CVE-2024-23296:20,REFERENCES
CVE:CVE-2024-23296,REF:CVE-2024-23296:21,REFERENCES
CVE:CVE-2024-23296,REF:CVE-2024-23296:22,REFERENCES
CVE:CVE-2024-23296,REF:CVE-2024-23296:23,REFERENCES
CVE:CVE-2024-23296,REF:CVE-2024-23296:24,REFERENCES
CVE:CVE-2024-23296,REF:CVE-2024-23296:25,REFERENCES
CVE:CVE-2025-0108,RISK:CRITICAL,HAS_RISK
CVE:CVE-2025-0108,SIGNAL:CISA_KEV,KNOWN_EXPLOITED
CVE:CVE-2025-0108,CWE:CWE-306,HAS_CWE
CVE:CVE-2025-0108,CPE:cpe:2.3:o:paloaltonetworks:pan-os:*:*:*:*:*:*:*:*,AFFECTS
CVE:CVE-2025-0108,CPE:cpe:2.3:o:paloaltonetworks:pan-os:10.1.14:-:*:*:*:*:*:*,AFFECTS
CVE:CVE-2025-0108,CPE:cpe:2.3:o:paloaltonetworks:pan-os:10.1.14:h1:*:*:*:*:*:*,AFFECTS
CVE:CVE-2025-0108,CPE:cpe:2.3:o:paloaltonetworks:pan-os:10.1.14:h2:*:*:*:*:*:*,AFFECTS
CVE:CVE-2025-0108,CPE:cpe:2.3:o:paloaltonetworks:pan-os:10.1.14:h3:*:*:*:*:*:*,AFFECTS
CVE:CVE-2025-0108,CPE:cpe:2.3:o:paloaltonetworks:pan-os:10.1.14:h4:*:*:*:*:*:*,AFFECTS
CVE:CVE-2025-0108,CPE:cpe:2.3:o:paloaltonetworks:pan-os:10.1.14:h5:*:*:*:*:*:*,AFFECTS
CVE:CVE-2025-0108,CPE:cpe:2.3:o:paloaltonetworks:pan-os:10.1.14:h6:*:*:*:*:*:*,AFFECTS
CVE:CVE-2025-0108,CPE:cpe:2.3:o:paloaltonetworks:pan-os:10.1.14:h7:*:*:*:*:*:*,AFFECTS
CVE:CVE-2025-0108,CPE:cpe:2.3:o:paloaltonetworks:pan-os:10.1.14:h8:*:*:*:*:*:*,AFFECTS
CVE:CVE-2025-0108,CPE:cpe:2.3:o:paloaltonetworks:pan-os:10.2.10:-:*:*:*:*:*:*,AFFECTS
CVE:CVE-2025-0108,CPE:cpe:2.3:o:paloaltonetworks:pan-os:10.2.10:h10:*:*:*:*:*:*,AFFECTS
CVE:CVE-2025-0108,CPE:cpe:2.3:o:paloaltonetworks:pan-os:10.2.10:h11:*:*:*:*:*:*,AFFECTS
CVE:CVE-2025-0108,CPE:cpe:2.3:o:paloaltonetworks:pan-os:10.2.10:h12:*:*:*:*:*:*,AFFECTS
CVE:CVE-2025-0108,CPE:cpe:2.3:o:paloaltonetworks:pan-os:10.2.10:h13:*:*:*:*:*:*,AFFECTS
CVE:CVE-2025-0108,CPE:cpe:2.3:o:paloaltonetworks:pan-os:10.2.10:h1:*:*:*:*:*:*,AFFECTS
CVE:CVE-2025-0108,CPE:cpe:2.3:o:paloaltonetworks:pan-os:10.2.10:h2:*:*:*:*:*:*,AFFECTS
CVE:CVE-2025-0108,CPE:cpe:2.3:o:paloaltonetworks:pan-os:10.2.10:h3:*:*:*:*:*:*,AFFECTS
CVE:CVE-2025-0108,CPE:cpe:2.3:o:paloaltonetworks:pan-os:10.2.10:h4:*:*:*:*:*:*,AFFECTS
CVE:CVE-2025-0108,CPE:cpe:2.3:o:paloaltonetworks:pan-os:10.2.10:h5:*:*:*:*:*:*,AFFECTS
CVE:CVE-2025-0108,CPE:cpe:2.3:o:paloaltonetworks:pan-os:10.2.10:h6:*:*:*:*:*:*,AFFECTS
CVE:CVE-2025-0108,CPE:cpe:2.3:o:paloaltonetworks:pan-os:10.2.10:h7:*:*:*:*:*:*,AFFECTS
CVE:CVE-2025-0108,CPE:cpe:2.3:o:paloaltonetworks:pan-os:10.2.10:h8:*:*:*:*:*:*,AFFECTS
CVE:CVE-2025-0108,CPE:cpe:2.3:o:paloaltonetworks:pan-os:10.2.10:h9:*:*:*:*:*:*,AFFECTS
CVE:CVE-2025-0108,CPE:cpe:2.3:o:paloaltonetworks:pan-os:10.2.11:-:*:*:*:*:*:*,AFFECTS
CVE:CVE-2025-0108,CPE:cpe:2.3:o:paloaltonetworks:pan-os:10.2.11:h10:*:*:*:*:*:*,AFFECTS
CVE:CVE-2025-0108,CPE:cpe:2.3:o:paloaltonetworks:pan-os:10.2.11:h11:*:*:*:*:*:*,AFFECTS
CVE:CVE-2025-0108,CPE:cpe:2.3:o:paloaltonetworks:pan-os:10.2.11:h1:*:*:*:*:*:*,AFFECTS
CVE:CVE-2025-0108,CPE:cpe:2.3:o:paloaltonetworks:pan-os:10.2.11:h2:*:*:*:*:*:*,AFFECTS
CVE:CVE-2025-0108,CPE:cpe:2.3:o:paloaltonetworks:pan-os:10.2.11:h3:*:*:*:*:*:*,AFFECTS
CVE:CVE-2025-0108,CPE:cpe:2.3:o:paloaltonetworks:pan-os:10.2.11:h4:*:*:*:*:*:*,AFFECTS
CVE:CVE-2025-0108,CPE:cpe:2.3:o:paloaltonetworks:pan-os:10.2.11:h5:*:*:*:*:*:*,AFFECTS
CVE:CVE-2025-0108,CPE:cpe:2.3:o:paloaltonetworks:pan-os:10.2.11:h6:*:*:*:*:*:*,AFFECTS
CVE:CVE-2025-0108,CPE:cpe:2.3:o:paloaltonetworks:pan-os:10.2.11:h7:*:*:*:*:*:*,AFFECTS
CVE:CVE-2025-0108,CPE:cpe:2.3:o:paloaltonetworks:pan-os:10.2.11:h8:*:*:*:*:*:*,AFFECTS
CVE:CVE-2025-0108,CPE:cpe:2.3:o:paloaltonetworks:pan-os:10.2.11:h9:*:*:*:*:*:*,AFFECTS
CVE:CVE-2025-0108,CPE:cpe:2.3:o:paloaltonetworks:pan-os:10.2.12:-:*:*:*:*:*:*,AFFECTS
CVE:CVE-2025-0108,CPE:cpe:2.3:o:paloaltonetworks:pan-os:10.2.12:h1:*:*:*:*:*:*,AFFECTS
CVE:CVE-2025-0108,CPE:cpe:2.3:o:paloaltonetworks:pan-os:10.2.12:h2:*:*:*:*:*:*,AFFECTS
CVE:CVE-2025-0108,CPE:cpe:2.3:o:paloaltonetworks:pan-os:10.2.12:h3:*:*:*:*:*:*,AFFECTS
CVE:CVE-2025-0108,CPE:cpe:2.3:o:paloaltonetworks:pan-os:10.2.12:h4:*:*:*:*:*:*,AFFECTS
CVE:CVE-2025-0108,CPE:cpe:2.3:o:paloaltonetworks:pan-os:10.2.12:h5:*:*:*:*:*:*,AFFECTS
CVE:CVE-2025-0108,CPE:cpe:2.3:o:paloaltonetworks:pan-os:10.2.13:-:*:*:*:*:*:*,AFFECTS
CVE:CVE-2025-0108,CPE:cpe:2.3:o:paloaltonetworks:pan-os:10.2.13:h1:*:*:*:*:*:*,AFFECTS
CVE:CVE-2025-0108,CPE:cpe:2.3:o:paloaltonetworks:pan-os:10.2.13:h2:*:*:*:*:*:*,AFFECTS
CVE:CVE-2025-0108,CPE:cpe:2.3:o:paloaltonetworks:pan-os:10.2.7:-:*:*:*:*:*:*,AFFECTS
CVE:CVE-2025-0108,CPE:cpe:2.3:o:paloaltonetworks:pan-os:10.2.7:h10:*:*:*:*:*:*,AFFECTS
CVE:CVE-2025-0108,CPE:cpe:2.3:o:paloaltonetworks:pan-os:10.2.7:h11:*:*:*:*:*:*,AFFECTS
CVE:CVE-2025-0108,CPE:cpe:2.3:o:paloaltonetworks:pan-os:10.2.7:h12:*:*:*:*:*:*,AFFECTS
CVE:CVE-2025-0108,CPE:cpe:2.3:o:paloaltonetworks:pan-os:10.2.7:h13:*:*:*:*:*:*,AFFECTS
CVE:CVE-2025-0108,CPE:cpe:2.3:o:paloaltonetworks:pan-os:10.2.7:h14:*:*:*:*:*:*,AFFECTS
CVE:CVE-2025-0108,CPE:cpe:2.3:o:paloaltonetworks:pan-os:10.2.7:h15:*:*:*:*:*:*,AFFECTS
CVE:CVE-2025-0108,CPE:cpe:2.3:o:paloaltonetworks:pan-os:10.2.7:h16:*:*:*:*:*:*,AFFECTS
CVE:CVE-2025-0108,CPE:cpe:2.3:o:paloaltonetworks:pan-os:10.2.7:h17:*:*:*:*:*:*,AFFECTS
CVE:CVE-2025-0108,CPE:cpe:2.3:o:paloaltonetworks:pan-os:10.2.7:h18:*:*:*:*:*:*,AFFECTS
CVE:CVE-2025-0108,CPE:cpe:2.3:o:paloaltonetworks:pan-os:10.2.7:h19:*:*:*:*:*:*,AFFECTS
CVE:CVE-2025-0108,CPE:cpe:2.3:o:paloaltonetworks:pan-os:10.2.7:h1:*:*:*:*:*:*,AFFECTS
CVE:CVE-2025-0108,CPE:cpe:2.3:o:paloaltonetworks:pan-os:10.2.7:h20:*:*:*:*:*:*,AFFECTS
CVE:CVE-2025-0108,CPE:cpe:2.3:o:paloaltonetworks:pan-os:10.2.7:h21:*:*:*:*:*:*,AFFECTS
CVE:CVE-2025-0108,CPE:cpe:2.3:o:paloaltonetworks:pan-os:10.2.7:h22:*:*:*:*:*:*,AFFECTS
CVE:CVE-2025-0108,CPE:cpe:2.3:o:paloaltonetworks:pan-os:10.2.7:h23:*:*:*:*:*:*,AFFECTS
CVE:CVE-2025-0108,CPE:cpe:2.3:o:paloaltonetworks:pan-os:10.2.7:h2:*:*:*:*:*:*,AFFECTS
CVE:CVE-2025-0108,CPE:cpe:2.3:o:paloaltonetworks:pan-os:10.2.7:h3:*:*:*:*:*:*,AFFECTS
CVE:CVE-2025-0108,CPE:cpe:2.3:o:paloaltonetworks:pan-os:10.2.7:h4:*:*:*:*:*:*,AFFECTS
CVE:CVE-2025-0108,CPE:cpe:2.3:o:paloaltonetworks:pan-os:10.2.7:h5:*:*:*:*:*:*,AFFECTS
CVE:CVE-2025-0108,CPE:cpe:2.3:o:paloaltonetworks:pan-os:10.2.7:h6:*:*:*:*:*:*,AFFECTS
CVE:CVE-2025-0108,CPE:cpe:2.3:o:paloaltonetworks:pan-os:10.2.7:h7:*:*:*:*:*:*,AFFECTS
CVE:CVE-2025-0108,CPE:cpe:2.3:o:paloaltonetworks:pan-os:10.2.7:h8:*:*:*:*:*:*,AFFECTS
CVE:CVE-2025-0108,CPE:cpe:2.3:o:paloaltonetworks:pan-os:10.2.7:h9:*:*:*:*:*:*,AFFECTS
CVE:CVE-2025-0108,CPE:cpe:2.3:o:paloaltonetworks:pan-os:10.2.8:-:*:*:*:*:*:*,AFFECTS
CVE:CVE-2025-0108,CPE:cpe:2.3:o:paloaltonetworks:pan-os:10.2.8:h10:*:*:*:*:*:*,AFFECTS
CVE:CVE-2025-0108,CPE:cpe:2.3:o:paloaltonetworks:pan-os:10.2.8:h11:*:*:*:*:*:*,AFFECTS
CVE:CVE-2025-0108,CPE:cpe:2.3:o:paloaltonetworks:pan-os:10.2.8:h12:*:*:*:*:*:*,AFFECTS
CVE:CVE-2025-0108,CPE:cpe:2.3:o:paloaltonetworks:pan-os:10.2.8:h13:*:*:*:*:*:*,AFFECTS
CVE:CVE-2025-0108,CPE:cpe:2.3:o:paloaltonetworks:pan-os:10.2.8:h14:*:*:*:*:*:*,AFFECTS
CVE:CVE-2025-0108,CPE:cpe:2.3:o:paloaltonetworks:pan-os:10.2.8:h15:*:*:*:*:*:*,AFFECTS
CVE:CVE-2025-0108,CPE:cpe:2.3:o:paloaltonetworks:pan-os:10.2.8:h16:*:*:*:*:*:*,AFFECTS
CVE:CVE-2025-0108,CPE:cpe:2.3:o:paloaltonetworks:pan-os:10.2.8:h17:*:*:*:*:*:*,AFFECTS
CVE:CVE-2025-0108,CPE:cpe:2.3:o:paloaltonetworks:pan-os:10.2.8:h18:*:*:*:*:*:*,AFFECTS
CVE:CVE-2025-0108,CPE:cpe:2.3:o:paloaltonetworks:pan-os:10.2.8:h19:*:*:*:*:*:*,AFFECTS
CVE:CVE-2025-0108,CPE:cpe:2.3:o:paloaltonetworks:pan-os:10.2.8:h1:*:*:*:*:*:*,AFFECTS
CVE:CVE-2025-0108,CPE:cpe:2.3:o:paloaltonetworks:pan-os:10.2.8:h20:*:*:*:*:*:*,AFFECTS
CVE:CVE-2025-0108,CPE:cpe:2.3:o:paloaltonetworks:pan-os:10.2.8:h2:*:*:*:*:*:*,AFFECTS
CVE:CVE-2025-0108,CPE:cpe:2.3:o:paloaltonetworks:pan-os:10.2.8:h3:*:*:*:*:*:*,AFFECTS
CVE:CVE-2025-0108,CPE:cpe:2.3:o:paloaltonetworks:pan-os:10.2.8:h4:*:*:*:*:*:*,AFFECTS
CVE:CVE-2025-0108,CPE:cpe:2.3:o:paloaltonetworks:pan-os:10.2.8:h5:*:*:*:*:*:*,AFFECTS
CVE:CVE-2025-0108,CPE:cpe:2.3:o:paloaltonetworks:pan-os:10.2.8:h6:*:*:*:*:*:*,AFFECTS
CVE:CVE-2025-0108,CPE:cpe:2.3:o:paloaltonetworks:pan-os:10.2.8:h7:*:*:*:*:*:*,AFFECTS
CVE:CVE-2025-0108,CPE:cpe:2.3:o:paloaltonetworks:pan-os:10.2.8:h8:*:*:*:*:*:*,AFFECTS
CVE:CVE-2025-0108,CPE:cpe:2.3:o:paloaltonetworks:pan-os:10.2.8:h9:*:*:*:*:*:*,AFFECTS
CVE:CVE-2025-0108,CPE:cpe:2.3:o:paloaltonetworks:pan-os:10.2.9:-:*:*:*:*:*:*,AFFECTS
CVE:CVE-2025-0108,CPE:cpe:2.3:o:paloaltonetworks:pan-os:10.2.9:h11:*:*:*:*:*:*,AFFECTS
CVE:CVE-2025-0108,CPE:cpe:2.3:o:paloaltonetworks:pan-os:10.2.9:h12:*:*:*:*:*:*,AFFECTS
CVE:CVE-2025-0108,CPE:cpe:2.3:o:paloaltonetworks:pan-os:10.2.9:h13:*:*:*:*:*:*,AFFECTS
CVE:CVE-2025-0108,CPE:cpe:2.3:o:paloaltonetworks:pan-os:10.2.9:h14:*:*:*:*:*:*,AFFECTS
CVE:CVE-2025-0108,CPE:cpe:2.3:o:paloaltonetworks:pan-os:10.2.9:h15:*:*:*:*:*:*,AFFECTS
CVE:CVE-2025-0108,CPE:cpe:2.3:o:paloaltonetworks:pan-os:10.2.9:h16:*:*:*:*:*:*,AFFECTS
CVE:CVE-2025-0108,CPE:cpe:2.3:o:paloaltonetworks:pan-os:10.2.9:h17:*:*:*:*:*:*,AFFECTS
CVE:CVE-2025-0108,CPE:cpe:2.3:o:paloaltonetworks:pan-os:10.2.9:h18:*:*:*:*:*:*,AFFECTS
CVE:CVE-2025-0108,CPE:cpe:2.3:o:paloaltonetworks:pan-os:10.2.9:h19:*:*:*:*:*:*,AFFECTS
CVE:CVE-2025-0108,CPE:cpe:2.3:o:paloaltonetworks:pan-os:10.2.9:h1:*:*:*:*:*:*,AFFECTS
CVE:CVE-2025-0108,CPE:cpe:2.3:o:paloaltonetworks:pan-os:10.2.9:h20:*:*:*:*:*:*,AFFECTS
CVE:CVE-2025-0108,CPE:cpe:2.3:o:paloaltonetworks:pan-os:10.2.9:h2:*:*:*:*:*:*,AFFECTS
CVE:CVE-2025-0108,CPE:cpe:2.3:o:paloaltonetworks:pan-os:10.2.9:h3:*:*:*:*:*:*,AFFECTS
CVE:CVE-2025-0108,CPE:cpe:2.3:o:paloaltonetworks:pan-os:10.2.9:h4:*:*:*:*:*:*,AFFECTS
CVE:CVE-2025-0108,CPE:cpe:2.3:o:paloaltonetworks:pan-os:10.2.9:h5:*:*:*:*:*:*,AFFECTS
CVE:CVE-2025-0108,CPE:cpe:2.3:o:paloaltonetworks:pan-os:10.2.9:h6:*:*:*:*:*:*,AFFECTS
CVE:CVE-2025-0108,CPE:cpe:2.3:o:paloaltonetworks:pan-os:10.2.9:h7:*:*:*:*:*:*,AFFECTS
CVE:CVE-2025-0108,CPE:cpe:2.3:o:paloaltonetworks:pan-os:10.2.9:h8:*:*:*:*:*:*,AFFECTS
CVE:CVE-2025-0108,CPE:cpe:2.3:o:paloaltonetworks:pan-os:10.2.9:h9:*:*:*:*:*:*,AFFECTS
CVE:CVE-2025-0108,CPE:cpe:2.3:o:paloaltonetworks:pan-os:11.1.2:-:*:*:*:*:*:*,AFFECTS
CVE:CVE-2025-0108,CPE:cpe:2.3:o:paloaltonetworks:pan-os:11.1.2:h10:*:*:*:*:*:*,AFFECTS
CVE:CVE-2025-0108,CPE:cpe:2.3:o:paloaltonetworks:pan-os:11.1.2:h11:*:*:*:*:*:*,AFFECTS
CVE:CVE-2025-0108,CPE:cpe:2.3:o:paloaltonetworks:pan-os:11.1.2:h12:*:*:*:*:*:*,AFFECTS
CVE:CVE-2025-0108,CPE:cpe:2.3:o:paloaltonetworks:pan-os:11.1.2:h13:*:*:*:*:*:*,AFFECTS
CVE:CVE-2025-0108,CPE:cpe:2.3:o:paloaltonetworks:pan-os:11.1.2:h14:*:*:*:*:*:*,AFFECTS
CVE:CVE-2025-0108,CPE:cpe:2.3:o:paloaltonetworks:pan-os:11.1.2:h15:*:*:*:*:*:*,AFFECTS
CVE:CVE-2025-0108,CPE:cpe:2.3:o:paloaltonetworks:pan-os:11.1.2:h16:*:*:*:*:*:*,AFFECTS
CVE:CVE-2025-0108,CPE:cpe:2.3:o:paloaltonetworks:pan-os:11.1.2:h17:*:*:*:*:*:*,AFFECTS
CVE:CVE-2025-0108,CPE:cpe:2.3:o:paloaltonetworks:pan-os:11.1.2:h1:*:*:*:*:*:*,AFFECTS
CVE:CVE-2025-0108,CPE:cpe:2.3:o:paloaltonetworks:pan-os:11.1.2:h2:*:*:*:*:*:*,AFFECTS
CVE:CVE-2025-0108,CPE:cpe:2.3:o:paloaltonetworks:pan-os:11.1.2:h3:*:*:*:*:*:*,AFFECTS
CVE:CVE-2025-0108,CPE:cpe:2.3:o:paloaltonetworks:pan-os:11.1.2:h4:*:*:*:*:*:*,AFFECTS
CVE:CVE-2025-0108,CPE:cpe:2.3:o:paloaltonetworks:pan-os:11.1.2:h5:*:*:*:*:*:*,AFFECTS
CVE:CVE-2025-0108,CPE:cpe:2.3:o:paloaltonetworks:pan-os:11.1.2:h6:*:*:*:*:*:*,AFFECTS
CVE:CVE-2025-0108,CPE:cpe:2.3:o:paloaltonetworks:pan-os:11.1.2:h7:*:*:*:*:*:*,AFFECTS
CVE:CVE-2025-0108,CPE:cpe:2.3:o:paloaltonetworks:pan-os:11.1.2:h8:*:*:*:*:*:*,AFFECTS
CVE:CVE-2025-0108,CPE:cpe:2.3:o:paloaltonetworks:pan-os:11.1.2:h9:*:*:*:*:*:*,AFFECTS
CVE:CVE-2025-0108,CPE:cpe:2.3:o:paloaltonetworks:pan-os:11.1.3:*:*:*:*:*:*:*,AFFECTS
CVE:CVE-2025-0108,CPE:cpe:2.3:o:paloaltonetworks:pan-os:11.1.4:-:*:*:*:*:*:*,AFFECTS
CVE:CVE-2025-0108,CPE:cpe:2.3:o:paloaltonetworks:pan-os:11.1.4:h10:*:*:*:*:*:*,AFFECTS
CVE:CVE-2025-0108,CPE:cpe:2.3:o:paloaltonetworks:pan-os:11.1.4:h11:*:*:*:*:*:*,AFFECTS
CVE:CVE-2025-0108,CPE:cpe:2.3:o:paloaltonetworks:pan-os:11.1.4:h12:*:*:*:*:*:*,AFFECTS
CVE:CVE-2025-0108,CPE:cpe:2.3:o:paloaltonetworks:pan-os:11.1.4:h1:*:*:*:*:*:*,AFFECTS
CVE:CVE-2025-0108,CPE:cpe:2.3:o:paloaltonetworks:pan-os:11.1.4:h2:*:*:*:*:*:*,AFFECTS
CVE:CVE-2025-0108,CPE:cpe:2.3:o:paloaltonetworks:pan-os:11.1.4:h3:*:*:*:*:*:*,AFFECTS
CVE:CVE-2025-0108,CPE:cpe:2.3:o:paloaltonetworks:pan-os:11.1.4:h4:*:*:*:*:*:*,AFFECTS
CVE:CVE-2025-0108,CPE:cpe:2.3:o:paloaltonetworks:pan-os:11.1.4:h5:*:*:*:*:*:*,AFFECTS
CVE:CVE-2025-0108,CPE:cpe:2.3:o:paloaltonetworks:pan-os:11.1.4:h6:*:*:*:*:*:*,AFFECTS
CVE:CVE-2025-0108,CPE:cpe:2.3:o:paloaltonetworks:pan-os:11.1.4:h7:*:*:*:*:*:*,AFFECTS
CVE:CVE-2025-0108,CPE:cpe:2.3:o:paloaltonetworks:pan-os:11.1.4:h8:*:*:*:*:*:*,AFFECTS
CVE:CVE-2025-0108,CPE:cpe:2.3:o:paloaltonetworks:pan-os:11.1.4:h9:*:*:*:*:*:*,AFFECTS
CVE:CVE-2025-0108,CPE:cpe:2.3:o:paloaltonetworks:pan-os:11.1.5:*:*:*:*:*:*:*,AFFECTS
CVE:CVE-2025-0108,CPE:cpe:2.3:o:paloaltonetworks:pan-os:11.1.6:-:*:*:*:*:*:*,AFFECTS
CVE:CVE-2025-0108,CPE:cpe:2.3:o:paloaltonetworks:pan-os:11.2.4:-:*:*:*:*:*:*,AFFECTS
CVE:CVE-2025-0108,CPE:cpe:2.3:o:paloaltonetworks:pan-os:11.2.4:h1:*:*:*:*:*:*,AFFECTS
CVE:CVE-2025-0108,CPE:cpe:2.3:o:paloaltonetworks:pan-os:11.2.4:h2:*:*:*:*:*:*,AFFECTS
CVE:CVE-2025-0108,CPE:cpe:2.3:o:paloaltonetworks:pan-os:11.2.4:h3:*:*:*:*:*:*,AFFECTS
CVE:CVE-2025-0108,REF:CVE-2025-0108:0,REFERENCES
CVE:CVE-2025-0108,REF:CVE-2025-0108:1,REFERENCES
CVE:CVE-2025-0108,REF:CVE-2025-0108:2,REFERENCES
CVE:CVE-2025-0108,REF:CVE-2025-0108:3,REFERENCES
CVE:CVE-2025-0108,REF:CVE-2025-0108:4,REFERENCES
CVE:CVE-2025-0108,REF:CVE-2025-0108:5,REFERENCES
CVE:CVE-2025-0108,REF:CVE-2025-0108:6,REFERENCES
CVE:CVE-2025-0108,REF:CVE-2025-0108:7,REFERENCES
CVE:CVE-2026-48558,RISK:CRITICAL,HAS_RISK
CVE:CVE-2026-48558,SIGNAL:CISA_KEV,KNOWN_EXPLOITED
CVE:CVE-2026-48558,CWE:CWE-347,HAS_CWE
CVE:CVE-2026-48558,CPE:cpe:2.3:a:simple-help:simplehelp:*:*:*:*:*:*:*:*,AFFECTS
CVE:CVE-2026-48558,CPE:cpe:2.3:a:simple-help:simplehelp:6.0:pre-release:*:*:*:*:*:*,AFFECTS
CVE:CVE-2026-48558,REF:CVE-2026-48558:0,REFERENCES
CVE:CVE-2026-48558,REF:CVE-2026-48558:1,REFERENCES
CVE:CVE-2026-48558,REF:CVE-2026-48558:2,REFERENCES
CVE:CVE-2026-48558,REF:CVE-2026-48558:3,REFERENCES
CVE:CVE-2026-48558,REF:CVE-2026-48558:4,REFERENCES
CVE:CVE-2026-59822,RISK:CRITICAL,HAS_RISK
CVE:CVE-2026-59822,SIGNAL:CISA_KEV,KNOWN_EXPLOITED
CVE:CVE-2026-59822,CWE:CWE-287,HAS_CWE
CVE:CVE-2026-59822,CWE:CWE-306,HAS_CWE
CVE:CVE-2026-59822,CPE:cpe:2.3:a:litellm:litellm:*:*:*:*:*:*:*:*,AFFECTS
CVE:CVE-2026-59822,REF:CVE-2026-59822:0,REFERENCES
CVE:CVE-2026-59822,REF:CVE-2026-59822:1,REFERENCES
CVE:CVE-2026-59822,REF:CVE-2026-59822:2,REFERENCES
CVE:CVE-2026-59822,REF:CVE-2026-59822:3,REFERENCES
CVE:CVE-2026-59822,REF:CVE-2026-59822:4,REFERENCES
CVE:CVE-2026-59822,REF:CVE-2026-59822:5,REFERENCES
CVE:CVE-2026-18556,RISK:CRITICAL,HAS_RISK
CVE:CVE-2026-18556,SIGNAL:CISA_KEV,KNOWN_EXPLOITED
CVE:CVE-2026-18556,CWE:CWE-288,HAS_CWE
CVE:CVE-2026-18556,CPE:cpe:2.3:a:n-able:n-central:*:*:*:*:*:*:*:*,AFFECTS
CVE:CVE-2026-18556,REF:CVE-2026-18556:0,REFERENCES
CVE:CVE-2026-18556,REF:CVE-2026-18556:1,REFERENCES
CVE:CVE-2026-18556,REF:CVE-2026-18556:2,REFERENCES
CVE:CVE-2024-9463,RISK:CRITICAL,HAS_RISK
CVE:CVE-2024-9463,SIGNAL:CISA_KEV,KNOWN_EXPLOITED
CVE:CVE-2024-9463,CWE:CWE-78,HAS_CWE
CVE:CVE-2024-9463,CPE:cpe:2.3:a:paloaltonetworks:expedition:*:*:*:*:*:*:*:*,AFFECTS
CVE:CVE-2024-9463,REF:CVE-2024-9463:0,REFERENCES
CVE:CVE-2024-9463,REF:CVE-2024-9463:1,REFERENCES
CVE:CVE-2026-50522,RISK:CRITICAL,HAS_RISK
CVE:CVE-2026-50522,SIGNAL:CISA_KEV,KNOWN_EXPLOITED
CVE:CVE-2026-50522,CWE:CWE-502,HAS_CWE
CVE:CVE-2026-50522,CPE:cpe:2.3:a:microsoft:sharepoint_server:*:*:*:*:subscription:*:*:*,AFFECTS
CVE:CVE-2026-50522,CPE:cpe:2.3:a:microsoft:sharepoint_server:2016:*:*:*:enterprise:*:*:*,AFFECTS
CVE:CVE-2026-50522,CPE:cpe:2.3:a:microsoft:sharepoint_server:2019:*:*:*:*:*:*:*,AFFECTS
CVE:CVE-2026-50522,REF:CVE-2026-50522:0,REFERENCES
CVE:CVE-2026-50522,REF:CVE-2026-50522:1,REFERENCES
CVE:CVE-2026-58644,RISK:CRITICAL,HAS_RISK
CVE:CVE-2026-58644,SIGNAL:CISA_KEV,KNOWN_EXPLOITED
CVE:CVE-2026-58644,CWE:CWE-502,HAS_CWE
CVE:CVE-2026-58644,CPE:cpe:2.3:a:microsoft:sharepoint_server:*:*:*:*:subscription:*:*:*,AFFECTS
CVE:CVE-2026-58644,CPE:cpe:2.3:a:microsoft:sharepoint_server:2016:*:*:*:enterprise:*:*:*,AFFECTS
CVE:CVE-2026-58644,CPE:cpe:2.3:a:microsoft:sharepoint_server:2019:*:*:*:*:*:*:*,AFFECTS
CVE:CVE-2026-58644,REF:CVE-2026-58644:0,REFERENCES
CVE:CVE-2026-58644,REF:CVE-2026-58644:1,REFERENCES
CVE:CVE-2025-1316,RISK:CRITICAL,HAS_RISK
CVE:CVE-2025-1316,SIGNAL:CISA_KEV,KNOWN_EXPLOITED
CVE:CVE-2025-1316,CWE:CWE-78,HAS_CWE
CVE:CVE-2025-1316,CPE:cpe:2.3:h:edimax:ic-7100:-:*:*:*:*:*:*:*,AFFECTS
CVE:CVE-2025-1316,CPE:cpe:2.3:o:edimax:ic-7100_firmware:*:*:*:*:*:*:*:*,AFFECTS
CVE:CVE-2025-1316,REF:CVE-2025-1316:0,REFERENCES
CVE:CVE-2025-1316,REF:CVE-2025-1316:1,REFERENCES
CVE:CVE-2025-34028,RISK:CRITICAL,HAS_RISK
CVE:CVE-2025-34028,SIGNAL:CISA_KEV,KNOWN_EXPLOITED
CVE:CVE-2025-34028,CWE:CWE-22,HAS_CWE
CVE:CVE-2025-34028,CWE:CWE-306,HAS_CWE
CVE:CVE-2025-34028,CPE:cpe:2.3:a:commvault:commvault:*:*:*:*:*:*:*:*,AFFECTS
CVE:CVE-2025-34028,CPE:cpe:2.3:o:linux:linux_kernel:-:*:*:*:*:*:*:*,AFFECTS
CVE:CVE-2025-34028,CPE:cpe:2.3:o:microsoft:windows:-:*:*:*:*:*:*:*,AFFECTS
CVE:CVE-2025-34028,REF:CVE-2025-34028:0,REFERENCES
CVE:CVE-2025-34028,REF:CVE-2025-34028:1,REFERENCES
CVE:CVE-2025-34028,REF:CVE-2025-34028:2,REFERENCES
CVE:CVE-2025-34028,REF:CVE-2025-34028:3,REFERENCES
CVE:CVE-2025-34028,REF:CVE-2025-34028:4,REFERENCES
CVE:CVE-2026-24423,RISK:CRITICAL,HAS_RISK
CVE:CVE-2026-24423,SIGNAL:CISA_KEV,KNOWN_EXPLOITED
CVE:CVE-2026-24423,CWE:CWE-306,HAS_CWE
CVE:CVE-2026-24423,CPE:cpe:2.3:a:smartertools:smartermail:*:*:*:*:*:*:*:*,AFFECTS
CVE:CVE-2026-24423,REF:CVE-2026-24423:0,REFERENCES
CVE:CVE-2026-24423,REF:CVE-2026-24423:1,REFERENCES
CVE:CVE-2026-24423,REF:CVE-2026-24423:2,REFERENCES
CVE:CVE-2026-24423,REF:CVE-2026-24423:3,REFERENCES
CVE:CVE-2025-5777,RISK:CRITICAL,HAS_RISK
CVE:CVE-2025-5777,SIGNAL:CISA_KEV,KNOWN_EXPLOITED
CVE:CVE-2025-5777,CWE:CWE-125,HAS_CWE
CVE:CVE-2025-5777,CWE:CWE-457,HAS_CWE
CVE:CVE-2025-5777,CWE:CWE-908,HAS_CWE
CVE:CVE-2025-5777,CPE:cpe:2.3:a:citrix:netscaler_application_delivery_controller:*:*:*:*:-:*:*:*,AFFECTS
CVE:CVE-2025-5777,CPE:cpe:2.3:a:citrix:netscaler_application_delivery_controller:*:*:*:*:fips:*:*:*,AFFECTS
CVE:CVE-2025-5777,CPE:cpe:2.3:a:citrix:netscaler_application_delivery_controller:*:*:*:*:ndcpp:*:*:*,AFFECTS
CVE:CVE-2025-5777,CPE:cpe:2.3:a:citrix:netscaler_gateway:*:*:*:*:*:*:*:*,AFFECTS
CVE:CVE-2025-5777,REF:CVE-2025-5777:0,REFERENCES
CVE:CVE-2025-5777,REF:CVE-2025-5777:1,REFERENCES
CVE:CVE-2025-5777,REF:CVE-2025-5777:2,REFERENCES
CVE:CVE-2025-5777,REF:CVE-2025-5777:3,REFERENCES
CVE:CVE-2025-5777,REF:CVE-2025-5777:4,REFERENCES
CVE:CVE-2025-5777,REF:CVE-2025-5777:5,REFERENCES
CVE:CVE-2025-5777,REF:CVE-2025-5777:6,REFERENCES
CVE:CVE-2025-5777,REF:CVE-2025-5777:7,REFERENCES
CVE:CVE-2025-5777,REF:CVE-2025-5777:8,REFERENCES
CVE:CVE-2025-5777,REF:CVE-2025-5777:9,REFERENCES
CVE:CVE-2026-0257,RISK:CRITICAL,HAS_RISK
CVE:CVE-2026-0257,SIGNAL:CISA_KEV,KNOWN_EXPLOITED
CVE:CVE-2026-0257,CWE:CWE-565,HAS_CWE
CVE:CVE-2026-0257,CPE:cpe:2.3:a:paloaltonetworks:prisma_access:-:*:*:*:*:*:*:*,AFFECTS
CVE:CVE-2026-0257,CPE:cpe:2.3:h:siemens:ruggedcom_ape1808:-:*:*:*:*:*:*:*,AFFECTS
CVE:CVE-2026-0257,CPE:cpe:2.3:o:paloaltonetworks:pan-os:*:*:*:*:*:*:*:*,AFFECTS
CVE:CVE-2026-0257,CPE:cpe:2.3:o:paloaltonetworks:pan-os:10.2.10:-:*:*:*:*:*:*,AFFECTS
CVE:CVE-2026-0257,CPE:cpe:2.3:o:paloaltonetworks:pan-os:10.2.10:h10:*:*:*:*:*:*,AFFECTS
CVE:CVE-2026-0257,CPE:cpe:2.3:o:paloaltonetworks:pan-os:10.2.10:h12:*:*:*:*:*:*,AFFECTS
CVE:CVE-2026-0257,CPE:cpe:2.3:o:paloaltonetworks:pan-os:10.2.10:h14:*:*:*:*:*:*,AFFECTS
CVE:CVE-2026-0257,CPE:cpe:2.3:o:paloaltonetworks:pan-os:10.2.10:h17:*:*:*:*:*:*,AFFECTS
CVE:CVE-2026-0257,CPE:cpe:2.3:o:paloaltonetworks:pan-os:10.2.10:h18:*:*:*:*:*:*,AFFECTS
CVE:CVE-2026-0257,CPE:cpe:2.3:o:paloaltonetworks:pan-os:10.2.10:h21:*:*:*:*:*:*,AFFECTS
CVE:CVE-2026-0257,CPE:cpe:2.3:o:paloaltonetworks:pan-os:10.2.10:h27:*:*:*:*:*:*,AFFECTS
CVE:CVE-2026-0257,CPE:cpe:2.3:o:paloaltonetworks:pan-os:10.2.10:h2:*:*:*:*:*:*,AFFECTS
CVE:CVE-2026-0257,CPE:cpe:2.3:o:paloaltonetworks:pan-os:10.2.10:h30:*:*:*:*:*:*,AFFECTS
CVE:CVE-2026-0257,CPE:cpe:2.3:o:paloaltonetworks:pan-os:10.2.10:h31:*:*:*:*:*:*,AFFECTS
CVE:CVE-2026-0257,CPE:cpe:2.3:o:paloaltonetworks:pan-os:10.2.10:h3:*:*:*:*:*:*,AFFECTS
CVE:CVE-2026-0257,CPE:cpe:2.3:o:paloaltonetworks:pan-os:10.2.10:h4:*:*:*:*:*:*,AFFECTS
CVE:CVE-2026-0257,CPE:cpe:2.3:o:paloaltonetworks:pan-os:10.2.10:h5:*:*:*:*:*:*,AFFECTS
CVE:CVE-2026-0257,CPE:cpe:2.3:o:paloaltonetworks:pan-os:10.2.10:h7:*:*:*:*:*:*,AFFECTS
CVE:CVE-2026-0257,CPE:cpe:2.3:o:paloaltonetworks:pan-os:10.2.10:h9:*:*:*:*:*:*,AFFECTS
CVE:CVE-2026-0257,CPE:cpe:2.3:o:paloaltonetworks:pan-os:10.2.11:*:*:*:*:*:*:*,AFFECTS
CVE:CVE-2026-0257,CPE:cpe:2.3:o:paloaltonetworks:pan-os:10.2.12:*:*:*:*:*:*:*,AFFECTS
CVE:CVE-2026-0257,CPE:cpe:2.3:o:paloaltonetworks:pan-os:10.2.13:-:*:*:*:*:*:*,AFFECTS
CVE:CVE-2026-0257,CPE:cpe:2.3:o:paloaltonetworks:pan-os:10.2.13:h10:*:*:*:*:*:*,AFFECTS
CVE:CVE-2026-0257,CPE:cpe:2.3:o:paloaltonetworks:pan-os:10.2.13:h16:*:*:*:*:*:*,AFFECTS
CVE:CVE-2026-0257,CPE:cpe:2.3:o:paloaltonetworks:pan-os:10.2.13:h18:*:*:*:*:*:*,AFFECTS
CVE:CVE-2026-0257,CPE:cpe:2.3:o:paloaltonetworks:pan-os:10.2.13:h1:*:*:*:*:*:*,AFFECTS
CVE:CVE-2026-0257,CPE:cpe:2.3:o:paloaltonetworks:pan-os:10.2.13:h2:*:*:*:*:*:*,AFFECTS
CVE:CVE-2026-0257,CPE:cpe:2.3:o:paloaltonetworks:pan-os:10.2.13:h3:*:*:*:*:*:*,AFFECTS
CVE:CVE-2026-0257,CPE:cpe:2.3:o:paloaltonetworks:pan-os:10.2.13:h4:*:*:*:*:*:*,AFFECTS
CVE:CVE-2026-0257,CPE:cpe:2.3:o:paloaltonetworks:pan-os:10.2.13:h5:*:*:*:*:*:*,AFFECTS
CVE:CVE-2026-0257,CPE:cpe:2.3:o:paloaltonetworks:pan-os:10.2.13:h7:*:*:*:*:*:*,AFFECTS
CVE:CVE-2026-0257,CPE:cpe:2.3:o:paloaltonetworks:pan-os:10.2.14:*:*:*:*:*:*:*,AFFECTS
CVE:CVE-2026-0257,CPE:cpe:2.3:o:paloaltonetworks:pan-os:10.2.15:*:*:*:*:*:*:*,AFFECTS
CVE:CVE-2026-0257,CPE:cpe:2.3:o:paloaltonetworks:pan-os:10.2.16:-:*:*:*:*:*:*,AFFECTS
CVE:CVE-2026-0257,CPE:cpe:2.3:o:paloaltonetworks:pan-os:10.2.16:h1:*:*:*:*:*:*,AFFECTS
CVE:CVE-2026-0257,CPE:cpe:2.3:o:paloaltonetworks:pan-os:10.2.16:h4:*:*:*:*:*:*,AFFECTS
CVE:CVE-2026-0257,CPE:cpe:2.3:o:paloaltonetworks:pan-os:10.2.16:h6:*:*:*:*:*:*,AFFECTS
CVE:CVE-2026-0257,CPE:cpe:2.3:o:paloaltonetworks:pan-os:10.2.17:*:*:*:*:*:*:*,AFFECTS
CVE:CVE-2026-0257,CPE:cpe:2.3:o:paloaltonetworks:pan-os:10.2.18:-:*:*:*:*:*:*,AFFECTS
CVE:CVE-2026-0257,CPE:cpe:2.3:o:paloaltonetworks:pan-os:10.2.18:h1:*:*:*:*:*:*,AFFECTS
CVE:CVE-2026-0257,CPE:cpe:2.3:o:paloaltonetworks:pan-os:10.2.18:h5:*:*:*:*:*:*,AFFECTS
CVE:CVE-2026-0257,CPE:cpe:2.3:o:paloaltonetworks:pan-os:10.2.7:-:*:*:*:*:*:*,AFFECTS
CVE:CVE-2026-0257,CPE:cpe:2.3:o:paloaltonetworks:pan-os:10.2.7:h12:*:*:*:*:*:*,AFFECTS
CVE:CVE-2026-0257,CPE:cpe:2.3:o:paloaltonetworks:pan-os:10.2.7:h16:*:*:*:*:*:*,AFFECTS
CVE:CVE-2026-0257,CPE:cpe:2.3:o:paloaltonetworks:pan-os:10.2.7:h18:*:*:*:*:*:*,AFFECTS
CVE:CVE-2026-0257,CPE:cpe:2.3:o:paloaltonetworks:pan-os:10.2.7:h19:*:*:*:*:*:*,AFFECTS
CVE:CVE-2026-0257,CPE:cpe:2.3:o:paloaltonetworks:pan-os:10.2.7:h1:*:*:*:*:*:*,AFFECTS
CVE:CVE-2026-0257,CPE:cpe:2.3:o:paloaltonetworks:pan-os:10.2.7:h21:*:*:*:*:*:*,AFFECTS
CVE:CVE-2026-0257,CPE:cpe:2.3:o:paloaltonetworks:pan-os:10.2.7:h24:*:*:*:*:*:*,AFFECTS
CVE:CVE-2026-0257,CPE:cpe:2.3:o:paloaltonetworks:pan-os:10.2.7:h32:*:*:*:*:*:*,AFFECTS
CVE:CVE-2026-0257,CPE:cpe:2.3:o:paloaltonetworks:pan-os:10.2.7:h3:*:*:*:*:*:*,AFFECTS
CVE:CVE-2026-0257,CPE:cpe:2.3:o:paloaltonetworks:pan-os:10.2.7:h6:*:*:*:*:*:*,AFFECTS
CVE:CVE-2026-0257,CPE:cpe:2.3:o:paloaltonetworks:pan-os:10.2.7:h8:*:*:*:*:*:*,AFFECTS
CVE:CVE-2026-0257,CPE:cpe:2.3:o:paloaltonetworks:pan-os:10.2.8:*:*:*:*:*:*:*,AFFECTS
CVE:CVE-2026-0257,CPE:cpe:2.3:o:paloaltonetworks:pan-os:10.2.9:*:*:*:*:*:*:*,AFFECTS
CVE:CVE-2026-0257,CPE:cpe:2.3:o:paloaltonetworks:pan-os:11.1.0:*:*:*:*:*:*:*,AFFECTS
CVE:CVE-2026-0257,CPE:cpe:2.3:o:paloaltonetworks:pan-os:11.1.10:-:*:*:*:*:*:*,AFFECTS
CVE:CVE-2026-0257,CPE:cpe:2.3:o:paloaltonetworks:pan-os:11.1.10:h10:*:*:*:*:*:*,AFFECTS
CVE:CVE-2026-0257,CPE:cpe:2.3:o:paloaltonetworks:pan-os:11.1.10:h12:*:*:*:*:*:*,AFFECTS
CVE:CVE-2026-0257,CPE:cpe:2.3:o:paloaltonetworks:pan-os:11.1.10:h1:*:*:*:*:*:*,AFFECTS
CVE:CVE-2026-0257,CPE:cpe:2.3:o:paloaltonetworks:pan-os:11.1.10:h21:*:*:*:*:*:*,AFFECTS
CVE:CVE-2026-0257,CPE:cpe:2.3:o:paloaltonetworks:pan-os:11.1.10:h4:*:*:*:*:*:*,AFFECTS
CVE:CVE-2026-0257,CPE:cpe:2.3:o:paloaltonetworks:pan-os:11.1.10:h5:*:*:*:*:*:*,AFFECTS
CVE:CVE-2026-0257,CPE:cpe:2.3:o:paloaltonetworks:pan-os:11.1.10:h7:*:*:*:*:*:*,AFFECTS
CVE:CVE-2026-0257,CPE:cpe:2.3:o:paloaltonetworks:pan-os:11.1.10:h9:*:*:*:*:*:*,AFFECTS
CVE:CVE-2026-0257,CPE:cpe:2.3:o:paloaltonetworks:pan-os:11.1.11:*:*:*:*:*:*:*,AFFECTS
CVE:CVE-2026-0257,CPE:cpe:2.3:o:paloaltonetworks:pan-os:11.1.12:*:*:*:*:*:*:*,AFFECTS
CVE:CVE-2026-0257,CPE:cpe:2.3:o:paloaltonetworks:pan-os:11.1.13:-:*:*:*:*:*:*,AFFECTS
CVE:CVE-2026-0257,CPE:cpe:2.3:o:paloaltonetworks:pan-os:11.1.13:h1:*:*:*:*:*:*,AFFECTS
CVE:CVE-2026-0257,CPE:cpe:2.3:o:paloaltonetworks:pan-os:11.1.13:h2:*:*:*:*:*:*,AFFECTS
CVE:CVE-2026-0257,CPE:cpe:2.3:o:paloaltonetworks:pan-os:11.1.13:h3:*:*:*:*:*:*,AFFECTS
CVE:CVE-2026-0257,CPE:cpe:2.3:o:paloaltonetworks:pan-os:11.1.14:-:*:*:*:*:*:*,AFFECTS
CVE:CVE-2026-0257,CPE:cpe:2.3:o:paloaltonetworks:pan-os:11.1.1:*:*:*:*:*:*:*,AFFECTS
CVE:CVE-2026-0257,CPE:cpe:2.3:o:paloaltonetworks:pan-os:11.1.2:*:*:*:*:*:*:*,AFFECTS
CVE:CVE-2026-0257,CPE:cpe:2.3:o:paloaltonetworks:pan-os:11.1.3:*:*:*:*:*:*:*,AFFECTS
CVE:CVE-2026-0257,CPE:cpe:2.3:o:paloaltonetworks:pan-os:11.1.4:-:*:*:*:*:*:*,AFFECTS
CVE:CVE-2026-0257,CPE:cpe:2.3:o:paloaltonetworks:pan-os:11.1.4:h13:*:*:*:*:*:*,AFFECTS
CVE:CVE-2026-0257,CPE:cpe:2.3:o:paloaltonetworks:pan-os:11.1.4:h15:*:*:*:*:*:*,AFFECTS
CVE:CVE-2026-0257,CPE:cpe:2.3:o:paloaltonetworks:pan-os:11.1.4:h16:*:*:*:*:*:*,AFFECTS
CVE:CVE-2026-0257,CPE:cpe:2.3:o:paloaltonetworks:pan-os:11.1.4:h17:*:*:*:*:*:*,AFFECTS
CVE:CVE-2026-0257,CPE:cpe:2.3:o:paloaltonetworks:pan-os:11.1.4:h18:*:*:*:*:*:*,AFFECTS
CVE:CVE-2026-0257,CPE:cpe:2.3:o:paloaltonetworks:pan-os:11.1.4:h1:*:*:*:*:*:*,AFFECTS
CVE:CVE-2026-0257,CPE:cpe:2.3:o:paloaltonetworks:pan-os:11.1.4:h25:*:*:*:*:*:*,AFFECTS
CVE:CVE-2026-0257,CPE:cpe:2.3:o:paloaltonetworks:pan-os:11.1.4:h27:*:*:*:*:*:*,AFFECTS
CVE:CVE-2026-0257,CPE:cpe:2.3:o:paloaltonetworks:pan-os:11.1.4:h32:*:*:*:*:*:*,AFFECTS
CVE:CVE-2026-0257,CPE:cpe:2.3:o:paloaltonetworks:pan-os:11.1.4:h4:*:*:*:*:*:*,AFFECTS
CVE:CVE-2026-0257,CPE:cpe:2.3:o:paloaltonetworks:pan-os:11.1.4:h7:*:*:*:*:*:*,AFFECTS
CVE:CVE-2026-0257,CPE:cpe:2.3:o:paloaltonetworks:pan-os:11.1.4:h9:*:*:*:*:*:*,AFFECTS
CVE:CVE-2026-0257,CPE:cpe:2.3:o:paloaltonetworks:pan-os:11.1.5:*:*:*:*:*:*:*,AFFECTS
CVE:CVE-2026-0257,CPE:cpe:2.3:o:paloaltonetworks:pan-os:11.1.6:-:*:*:*:*:*:*,AFFECTS
CVE:CVE-2026-0257,CPE:cpe:2.3:o:paloaltonetworks:pan-os:11.1.6:h10:*:*:*:*:*:*,AFFECTS
CVE:CVE-2026-0257,CPE:cpe:2.3:o:paloaltonetworks:pan-os:11.1.6:h14:*:*:*:*:*:*,AFFECTS
CVE:CVE-2026-0257,CPE:cpe:2.3:o:paloaltonetworks:pan-os:11.1.6:h17:*:*:*:*:*:*,AFFECTS
CVE:CVE-2026-0257,CPE:cpe:2.3:o:paloaltonetworks:pan-os:11.1.6:h19:*:*:*:*:*:*,AFFECTS
CVE:CVE-2026-0257,CPE:cpe:2.3:o:paloaltonetworks:pan-os:11.1.6:h1:*:*:*:*:*:*,AFFECTS
CVE:CVE-2026-0257,CPE:cpe:2.3:o:paloaltonetworks:pan-os:11.1.6:h20:*:*:*:*:*:*,AFFECTS
CVE:CVE-2026-0257,CPE:cpe:2.3:o:paloaltonetworks:pan-os:11.1.6:h21:*:*:*:*:*:*,AFFECTS
CVE:CVE-2026-0257,CPE:cpe:2.3:o:paloaltonetworks:pan-os:11.1.6:h22:*:*:*:*:*:*,AFFECTS
CVE:CVE-2026-0257,CPE:cpe:2.3:o:paloaltonetworks:pan-os:11.1.6:h23:*:*:*:*:*:*,AFFECTS
CVE:CVE-2026-0257,CPE:cpe:2.3:o:paloaltonetworks:pan-os:11.1.6:h25:*:*:*:*:*:*,AFFECTS
CVE:CVE-2026-0257,CPE:cpe:2.3:o:paloaltonetworks:pan-os:11.1.6:h29:*:*:*:*:*:*,AFFECTS
CVE:CVE-2026-0257,CPE:cpe:2.3:o:paloaltonetworks:pan-os:11.1.6:h2:*:*:*:*:*:*,AFFECTS
CVE:CVE-2026-0257,CPE:cpe:2.3:o:paloaltonetworks:pan-os:11.1.6:h3:*:*:*:*:*:*,AFFECTS
CVE:CVE-2026-0257,CPE:cpe:2.3:o:paloaltonetworks:pan-os:11.1.6:h4:*:*:*:*:*:*,AFFECTS
CVE:CVE-2026-0257,CPE:cpe:2.3:o:paloaltonetworks:pan-os:11.1.6:h5:*:*:*:*:*:*,AFFECTS
CVE:CVE-2026-0257,CPE:cpe:2.3:o:paloaltonetworks:pan-os:11.1.6:h6:*:*:*:*:*:*,AFFECTS
CVE:CVE-2026-0257,CPE:cpe:2.3:o:paloaltonetworks:pan-os:11.1.6:h7:*:*:*:*:*:*,AFFECTS
CVE:CVE-2026-0257,CPE:cpe:2.3:o:paloaltonetworks:pan-os:11.1.7:-:*:*:*:*:*:*,AFFECTS
CVE:CVE-2026-0257,CPE:cpe:2.3:o:paloaltonetworks:pan-os:11.1.7:h1:*:*:*:*:*:*,AFFECTS
CVE:CVE-2026-0257,CPE:cpe:2.3:o:paloaltonetworks:pan-os:11.1.7:h2:*:*:*:*:*:*,AFFECTS
CVE:CVE-2026-0257,CPE:cpe:2.3:o:paloaltonetworks:pan-os:11.1.7:h4:*:*:*:*:*:*,AFFECTS
CVE:CVE-2026-0257,CPE:cpe:2.3:o:paloaltonetworks:pan-os:11.1.8:*:*:*:*:*:*:*,AFFECTS
CVE:CVE-2026-0257,CPE:cpe:2.3:o:paloaltonetworks:pan-os:11.1.9:*:*:*:*:*:*:*,AFFECTS
CVE:CVE-2026-0257,CPE:cpe:2.3:o:paloaltonetworks:pan-os:11.2.0:*:*:*:*:*:*:*,AFFECTS
CVE:CVE-2026-0257,CPE:cpe:2.3:o:paloaltonetworks:pan-os:11.2.10:-:*:*:*:*:*:*,AFFECTS
CVE:CVE-2026-0257,CPE:cpe:2.3:o:paloaltonetworks:pan-os:11.2.10:h1:*:*:*:*:*:*,AFFECTS
CVE:CVE-2026-0257,CPE:cpe:2.3:o:paloaltonetworks:pan-os:11.2.10:h2:*:*:*:*:*:*,AFFECTS
CVE:CVE-2026-0257,CPE:cpe:2.3:o:paloaltonetworks:pan-os:11.2.10:h3:*:*:*:*:*:*,AFFECTS
CVE:CVE-2026-0257,CPE:cpe:2.3:o:paloaltonetworks:pan-os:11.2.10:h4:*:*:*:*:*:*,AFFECTS
CVE:CVE-2026-0257,CPE:cpe:2.3:o:paloaltonetworks:pan-os:11.2.10:h5:*:*:*:*:*:*,AFFECTS
CVE:CVE-2026-0257,CPE:cpe:2.3:o:paloaltonetworks:pan-os:11.2.10:h6:*:*:*:*:*:*,AFFECTS
CVE:CVE-2026-0257,CPE:cpe:2.3:o:paloaltonetworks:pan-os:11.2.11:-:*:*:*:*:*:*,AFFECTS
CVE:CVE-2026-0257,CPE:cpe:2.3:o:paloaltonetworks:pan-os:11.2.1:*:*:*:*:*:*:*,AFFECTS
CVE:CVE-2026-0257,CPE:cpe:2.3:o:paloaltonetworks:pan-os:11.2.2:*:*:*:*:*:*:*,AFFECTS
CVE:CVE-2026-0257,CPE:cpe:2.3:o:paloaltonetworks:pan-os:11.2.3:*:*:*:*:*:*:*,AFFECTS
CVE:CVE-2026-0257,CPE:cpe:2.3:o:paloaltonetworks:pan-os:11.2.4:-:*:*:*:*:*:*,AFFECTS
CVE:CVE-2026-0257,CPE:cpe:2.3:o:paloaltonetworks:pan-os:11.2.4:h10:*:*:*:*:*:*,AFFECTS
CVE:CVE-2026-0257,CPE:cpe:2.3:o:paloaltonetworks:pan-os:11.2.4:h11:*:*:*:*:*:*,AFFECTS
CVE:CVE-2026-0257,CPE:cpe:2.3:o:paloaltonetworks:pan-os:11.2.4:h12:*:*:*:*:*:*,AFFECTS
CVE:CVE-2026-0257,CPE:cpe:2.3:o:paloaltonetworks:pan-os:11.2.4:h14:*:*:*:*:*:*,AFFECTS
CVE:CVE-2026-0257,CPE:cpe:2.3:o:paloaltonetworks:pan-os:11.2.4:h15:*:*:*:*:*:*,AFFECTS
CVE:CVE-2026-0257,CPE:cpe:2.3:o:paloaltonetworks:pan-os:11.2.4:h1:*:*:*:*:*:*,AFFECTS
CVE:CVE-2026-0257,CPE:cpe:2.3:o:paloaltonetworks:pan-os:11.2.4:h2:*:*:*:*:*:*,AFFECTS
CVE:CVE-2026-0257,CPE:cpe:2.3:o:paloaltonetworks:pan-os:11.2.4:h4:*:*:*:*:*:*,AFFECTS
CVE:CVE-2026-0257,CPE:cpe:2.3:o:paloaltonetworks:pan-os:11.2.4:h5:*:*:*:*:*:*,AFFECTS
CVE:CVE-2026-0257,CPE:cpe:2.3:o:paloaltonetworks:pan-os:11.2.4:h6:*:*:*:*:*:*,AFFECTS
CVE:CVE-2026-0257,CPE:cpe:2.3:o:paloaltonetworks:pan-os:11.2.4:h7:*:*:*:*:*:*,AFFECTS
CVE:CVE-2026-0257,CPE:cpe:2.3:o:paloaltonetworks:pan-os:11.2.4:h8:*:*:*:*:*:*,AFFECTS
CVE:CVE-2026-0257,CPE:cpe:2.3:o:paloaltonetworks:pan-os:11.2.4:h9:*:*:*:*:*:*,AFFECTS
CVE:CVE-2026-0257,CPE:cpe:2.3:o:paloaltonetworks:pan-os:11.2.5:*:*:*:*:*:*:*,AFFECTS
CVE:CVE-2026-0257,CPE:cpe:2.3:o:paloaltonetworks:pan-os:11.2.6:*:*:*:*:*:*:*,AFFECTS
CVE:CVE-2026-0257,CPE:cpe:2.3:o:paloaltonetworks:pan-os:11.2.7:-:*:*:*:*:*:*,AFFECTS
CVE:CVE-2026-0257,CPE:cpe:2.3:o:paloaltonetworks:pan-os:11.2.7:h10:*:*:*:*:*:*,AFFECTS
CVE:CVE-2026-0257,CPE:cpe:2.3:o:paloaltonetworks:pan-os:11.2.7:h11:*:*:*:*:*:*,AFFECTS
CVE:CVE-2026-0257,CPE:cpe:2.3:o:paloaltonetworks:pan-os:11.2.7:h12:*:*:*:*:*:*,AFFECTS
CVE:CVE-2026-0257,CPE:cpe:2.3:o:paloaltonetworks:pan-os:11.2.7:h13:*:*:*:*:*:*,AFFECTS
CVE:CVE-2026-0257,CPE:cpe:2.3:o:paloaltonetworks:pan-os:11.2.7:h1:*:*:*:*:*:*,AFFECTS
CVE:CVE-2026-0257,CPE:cpe:2.3:o:paloaltonetworks:pan-os:11.2.7:h2:*:*:*:*:*:*,AFFECTS
CVE:CVE-2026-0257,CPE:cpe:2.3:o:paloaltonetworks:pan-os:11.2.7:h3:*:*:*:*:*:*,AFFECTS
CVE:CVE-2026-0257,CPE:cpe:2.3:o:paloaltonetworks:pan-os:11.2.7:h4:*:*:*:*:*:*,AFFECTS
CVE:CVE-2026-0257,CPE:cpe:2.3:o:paloaltonetworks:pan-os:11.2.7:h7:*:*:*:*:*:*,AFFECTS
CVE:CVE-2026-0257,CPE:cpe:2.3:o:paloaltonetworks:pan-os:11.2.7:h8:*:*:*:*:*:*,AFFECTS
CVE:CVE-2026-0257,CPE:cpe:2.3:o:paloaltonetworks:pan-os:11.2.8:*:*:*:*:*:*:*,AFFECTS
CVE:CVE-2026-0257,CPE:cpe:2.3:o:paloaltonetworks:pan-os:11.2.9:*:*:*:*:*:*:*,AFFECTS
CVE:CVE-2026-0257,CPE:cpe:2.3:o:paloaltonetworks:pan-os:12.1.2:*:*:*:*:*:*:*,AFFECTS
CVE:CVE-2026-0257,CPE:cpe:2.3:o:paloaltonetworks:pan-os:12.1.3:*:*:*:*:*:*:*,AFFECTS
CVE:CVE-2026-0257,CPE:cpe:2.3:o:paloaltonetworks:pan-os:12.1.4:-:*:*:*:*:*:*,AFFECTS
CVE:CVE-2026-0257,CPE:cpe:2.3:o:paloaltonetworks:pan-os:12.1.4:h2:*:*:*:*:*:*,AFFECTS
CVE:CVE-2026-0257,CPE:cpe:2.3:o:paloaltonetworks:pan-os:12.1.4:h3:*:*:*:*:*:*,AFFECTS
CVE:CVE-2026-0257,CPE:cpe:2.3:o:paloaltonetworks:pan-os:12.1.4:h5:*:*:*:*:*:*,AFFECTS
CVE:CVE-2026-0257,CPE:cpe:2.3:o:paloaltonetworks:pan-os:12.1.5:*:*:*:*:*:*:*,AFFECTS
CVE:CVE-2026-0257,CPE:cpe:2.3:o:paloaltonetworks:pan-os:12.1.6:*:*:*:*:*:*:*,AFFECTS
CVE:CVE-2026-0257,CPE:cpe:2.3:o:siemens:ruggedcom_ape1808_firmware:-:*:*:*:*:*:*:*,AFFECTS
CVE:CVE-2026-0257,REF:CVE-2026-0257:0,REFERENCES
CVE:CVE-2026-0257,REF:CVE-2026-0257:1,REFERENCES
CVE:CVE-2026-0257,REF:CVE-2026-0257:2,REFERENCES
CVE:CVE-2026-72530,RISK:CRITICAL,HAS_RISK
CVE:CVE-2026-72530,SIGNAL:CISA_KEV,KNOWN_EXPLOITED
CVE:CVE-2026-72530,CWE:CWE-94,HAS_CWE
CVE:CVE-2026-72530,CPE:cpe:2.3:a:trueconf:trueconf_server:*:*:*:*:*:linux_kernel:*:*,AFFECTS
CVE:CVE-2026-72530,CPE:cpe:2.3:a:trueconf:trueconf_server:*:*:*:*:*:windows:*:*,AFFECTS
CVE:CVE-2026-72530,REF:CVE-2026-72530:0,REFERENCES
CVE:CVE-2026-72530,REF:CVE-2026-72530:1,REFERENCES
CVE:CVE-2026-72530,REF:CVE-2026-72530:2,REFERENCES
CVE:CVE-2025-21590,RISK:CRITICAL,HAS_RISK
CVE:CVE-2025-21590,SIGNAL:CISA_KEV,KNOWN_EXPLOITED
CVE:CVE-2025-21590,CWE:CWE-653,HAS_CWE
CVE:CVE-2025-21590,CPE:cpe:2.3:o:juniper:junos:*:-:*:*:*:*:*:*,AFFECTS
CVE:CVE-2025-21590,CPE:cpe:2.3:o:juniper:junos:21.2:r1-s1:*:*:*:*:*:*,AFFECTS
CVE:CVE-2025-21590,CPE:cpe:2.3:o:juniper:junos:21.2:r1-s2:*:*:*:*:*:*,AFFECTS
CVE:CVE-2025-21590,CPE:cpe:2.3:o:juniper:junos:21.2:r1:*:*:*:*:*:*,AFFECTS
CVE:CVE-2025-21590,CPE:cpe:2.3:o:juniper:junos:21.2:r2-s1:*:*:*:*:*:*,AFFECTS
CVE:CVE-2025-21590,CPE:cpe:2.3:o:juniper:junos:21.2:r2-s2:*:*:*:*:*:*,AFFECTS
CVE:CVE-2025-21590,CPE:cpe:2.3:o:juniper:junos:21.2:r2:*:*:*:*:*:*,AFFECTS
CVE:CVE-2025-21590,CPE:cpe:2.3:o:juniper:junos:21.2:r3-s1:*:*:*:*:*:*,AFFECTS
CVE:CVE-2025-21590,CPE:cpe:2.3:o:juniper:junos:21.2:r3-s2:*:*:*:*:*:*,AFFECTS
CVE:CVE-2025-21590,CPE:cpe:2.3:o:juniper:junos:21.2:r3-s3:*:*:*:*:*:*,AFFECTS
CVE:CVE-2025-21590,CPE:cpe:2.3:o:juniper:junos:21.2:r3-s4:*:*:*:*:*:*,AFFECTS
CVE:CVE-2025-21590,CPE:cpe:2.3:o:juniper:junos:21.2:r3-s5:*:*:*:*:*:*,AFFECTS
CVE:CVE-2025-21590,CPE:cpe:2.3:o:juniper:junos:21.2:r3-s6:*:*:*:*:*:*,AFFECTS
CVE:CVE-2025-21590,CPE:cpe:2.3:o:juniper:junos:21.2:r3-s7:*:*:*:*:*:*,AFFECTS
CVE:CVE-2025-21590,CPE:cpe:2.3:o:juniper:junos:21.2:r3-s8:*:*:*:*:*:*,AFFECTS
CVE:CVE-2025-21590,CPE:cpe:2.3:o:juniper:junos:21.2:r3:*:*:*:*:*:*,AFFECTS
CVE:CVE-2025-21590,CPE:cpe:2.3:o:juniper:junos:21.4:*:*:*:*:*:*:*,AFFECTS
CVE:CVE-2025-21590,CPE:cpe:2.3:o:juniper:junos:21.4:-:*:*:*:*:*:*,AFFECTS
CVE:CVE-2025-21590,CPE:cpe:2.3:o:juniper:junos:21.4:r1-s1:*:*:*:*:*:*,AFFECTS
CVE:CVE-2025-21590,CPE:cpe:2.3:o:juniper:junos:21.4:r1-s2:*:*:*:*:*:*,AFFECTS
CVE:CVE-2025-21590,CPE:cpe:2.3:o:juniper:junos:21.4:r1:*:*:*:*:*:*,AFFECTS
CVE:CVE-2025-21590,CPE:cpe:2.3:o:juniper:junos:21.4:r2-s1:*:*:*:*:*:*,AFFECTS
CVE:CVE-2025-21590,CPE:cpe:2.3:o:juniper:junos:21.4:r2-s2:*:*:*:*:*:*,AFFECTS
CVE:CVE-2025-21590,CPE:cpe:2.3:o:juniper:junos:21.4:r2:*:*:*:*:*:*,AFFECTS
CVE:CVE-2025-21590,CPE:cpe:2.3:o:juniper:junos:21.4:r3-s1:*:*:*:*:*:*,AFFECTS
CVE:CVE-2025-21590,CPE:cpe:2.3:o:juniper:junos:21.4:r3-s2:*:*:*:*:*:*,AFFECTS
CVE:CVE-2025-21590,CPE:cpe:2.3:o:juniper:junos:21.4:r3-s3:*:*:*:*:*:*,AFFECTS
CVE:CVE-2025-21590,CPE:cpe:2.3:o:juniper:junos:21.4:r3-s4:*:*:*:*:*:*,AFFECTS
CVE:CVE-2025-21590,CPE:cpe:2.3:o:juniper:junos:21.4:r3-s5:*:*:*:*:*:*,AFFECTS
CVE:CVE-2025-21590,CPE:cpe:2.3:o:juniper:junos:21.4:r3-s6:*:*:*:*:*:*,AFFECTS
CVE:CVE-2025-21590,CPE:cpe:2.3:o:juniper:junos:21.4:r3-s7:*:*:*:*:*:*,AFFECTS
CVE:CVE-2025-21590,CPE:cpe:2.3:o:juniper:junos:21.4:r3-s8:*:*:*:*:*:*,AFFECTS
CVE:CVE-2025-21590,CPE:cpe:2.3:o:juniper:junos:21.4:r3-s9:*:*:*:*:*:*,AFFECTS
CVE:CVE-2025-21590,CPE:cpe:2.3:o:juniper:junos:21.4:r3:*:*:*:*:*:*,AFFECTS
CVE:CVE-2025-21590,CPE:cpe:2.3:o:juniper:junos:22.2:-:*:*:*:*:*:*,AFFECTS
CVE:CVE-2025-21590,CPE:cpe:2.3:o:juniper:junos:22.2:r1-s1:*:*:*:*:*:*,AFFECTS
CVE:CVE-2025-21590,CPE:cpe:2.3:o:juniper:junos:22.2:r1-s2:*:*:*:*:*:*,AFFECTS
CVE:CVE-2025-21590,CPE:cpe:2.3:o:juniper:junos:22.2:r1:*:*:*:*:*:*,AFFECTS
CVE:CVE-2025-21590,CPE:cpe:2.3:o:juniper:junos:22.2:r2-s1:*:*:*:*:*:*,AFFECTS
CVE:CVE-2025-21590,CPE:cpe:2.3:o:juniper:junos:22.2:r2-s2:*:*:*:*:*:*,AFFECTS
CVE:CVE-2025-21590,CPE:cpe:2.3:o:juniper:junos:22.2:r2:*:*:*:*:*:*,AFFECTS
CVE:CVE-2025-21590,CPE:cpe:2.3:o:juniper:junos:22.2:r3-s1:*:*:*:*:*:*,AFFECTS
CVE:CVE-2025-21590,CPE:cpe:2.3:o:juniper:junos:22.2:r3-s2:*:*:*:*:*:*,AFFECTS
CVE:CVE-2025-21590,CPE:cpe:2.3:o:juniper:junos:22.2:r3-s3:*:*:*:*:*:*,AFFECTS
CVE:CVE-2025-21590,CPE:cpe:2.3:o:juniper:junos:22.2:r3-s4:*:*:*:*:*:*,AFFECTS
CVE:CVE-2025-21590,CPE:cpe:2.3:o:juniper:junos:22.2:r3-s5:*:*:*:*:*:*,AFFECTS
CVE:CVE-2025-21590,CPE:cpe:2.3:o:juniper:junos:22.2:r3:*:*:*:*:*:*,AFFECTS
CVE:CVE-2025-21590,CPE:cpe:2.3:o:juniper:junos:22.4:*:*:*:*:*:*:*,AFFECTS
CVE:CVE-2025-21590,CPE:cpe:2.3:o:juniper:junos:22.4:-:*:*:*:*:*:*,AFFECTS
CVE:CVE-2025-21590,CPE:cpe:2.3:o:juniper:junos:22.4:r1-s1:*:*:*:*:*:*,AFFECTS
CVE:CVE-2025-21590,CPE:cpe:2.3:o:juniper:junos:22.4:r1-s2:*:*:*:*:*:*,AFFECTS
CVE:CVE-2025-21590,CPE:cpe:2.3:o:juniper:junos:22.4:r1:*:*:*:*:*:*,AFFECTS
CVE:CVE-2025-21590,CPE:cpe:2.3:o:juniper:junos:22.4:r2-s1:*:*:*:*:*:*,AFFECTS
CVE:CVE-2025-21590,CPE:cpe:2.3:o:juniper:junos:22.4:r2-s2:*:*:*:*:*:*,AFFECTS
CVE:CVE-2025-21590,CPE:cpe:2.3:o:juniper:junos:22.4:r2:*:*:*:*:*:*,AFFECTS
CVE:CVE-2025-21590,CPE:cpe:2.3:o:juniper:junos:22.4:r3-s1:*:*:*:*:*:*,AFFECTS
CVE:CVE-2025-21590,CPE:cpe:2.3:o:juniper:junos:22.4:r3-s2:*:*:*:*:*:*,AFFECTS
CVE:CVE-2025-21590,CPE:cpe:2.3:o:juniper:junos:22.4:r3-s3:*:*:*:*:*:*,AFFECTS
CVE:CVE-2025-21590,CPE:cpe:2.3:o:juniper:junos:22.4:r3-s4:*:*:*:*:*:*,AFFECTS
CVE:CVE-2025-21590,CPE:cpe:2.3:o:juniper:junos:22.4:r3-s5:*:*:*:*:*:*,AFFECTS
CVE:CVE-2025-21590,CPE:cpe:2.3:o:juniper:junos:22.4:r3:*:*:*:*:*:*,AFFECTS
CVE:CVE-2025-21590,CPE:cpe:2.3:o:juniper:junos:23.2:-:*:*:*:*:*:*,AFFECTS
CVE:CVE-2025-21590,CPE:cpe:2.3:o:juniper:junos:23.2:r1-s1:*:*:*:*:*:*,AFFECTS
CVE:CVE-2025-21590,CPE:cpe:2.3:o:juniper:junos:23.2:r1-s2:*:*:*:*:*:*,AFFECTS
CVE:CVE-2025-21590,CPE:cpe:2.3:o:juniper:junos:23.2:r1:*:*:*:*:*:*,AFFECTS
CVE:CVE-2025-21590,CPE:cpe:2.3:o:juniper:junos:23.2:r2-s1:*:*:*:*:*:*,AFFECTS
CVE:CVE-2025-21590,CPE:cpe:2.3:o:juniper:junos:23.2:r2-s2:*:*:*:*:*:*,AFFECTS
CVE:CVE-2025-21590,CPE:cpe:2.3:o:juniper:junos:23.2:r2:*:*:*:*:*:*,AFFECTS
CVE:CVE-2025-21590,CPE:cpe:2.3:o:juniper:junos:23.4:*:*:*:*:*:*:*,AFFECTS
CVE:CVE-2025-21590,CPE:cpe:2.3:o:juniper:junos:23.4:-:*:*:*:*:*:*,AFFECTS
CVE:CVE-2025-21590,CPE:cpe:2.3:o:juniper:junos:23.4:r1-s1:*:*:*:*:*:*,AFFECTS
CVE:CVE-2025-21590,CPE:cpe:2.3:o:juniper:junos:23.4:r1-s2:*:*:*:*:*:*,AFFECTS
CVE:CVE-2025-21590,CPE:cpe:2.3:o:juniper:junos:23.4:r1:*:*:*:*:*:*,AFFECTS
CVE:CVE-2025-21590,CPE:cpe:2.3:o:juniper:junos:23.4:r2-s1:*:*:*:*:*:*,AFFECTS
CVE:CVE-2025-21590,CPE:cpe:2.3:o:juniper:junos:23.4:r2-s2:*:*:*:*:*:*,AFFECTS
CVE:CVE-2025-21590,CPE:cpe:2.3:o:juniper:junos:23.4:r2-s3:*:*:*:*:*:*,AFFECTS
CVE:CVE-2025-21590,CPE:cpe:2.3:o:juniper:junos:23.4:r2:*:*:*:*:*:*,AFFECTS
CVE:CVE-2025-21590,CPE:cpe:2.3:o:juniper:junos:24.2:*:*:*:*:*:*:*,AFFECTS
CVE:CVE-2025-21590,CPE:cpe:2.3:o:juniper:junos:24.2:-:*:*:*:*:*:*,AFFECTS
CVE:CVE-2025-21590,CPE:cpe:2.3:o:juniper:junos:24.2:r1-s1:*:*:*:*:*:*,AFFECTS
CVE:CVE-2025-21590,CPE:cpe:2.3:o:juniper:junos:24.2:r1:*:*:*:*:*:*,AFFECTS
CVE:CVE-2025-21590,CPE:cpe:2.3:o:juniper:junos:24.2:r2:*:*:*:*:*:*,AFFECTS
CVE:CVE-2025-21590,REF:CVE-2025-21590:0,REFERENCES
CVE:CVE-2025-21590,REF:CVE-2025-21590:1,REFERENCES
CVE:CVE-2025-21590,REF:CVE-2025-21590:2,REFERENCES
CVE:CVE-2025-61932,RISK:CRITICAL,HAS_RISK
CVE:CVE-2025-61932,SIGNAL:CISA_KEV,KNOWN_EXPLOITED
CVE:CVE-2025-61932,CWE:CWE-940,HAS_CWE
CVE:CVE-2025-61932,CPE:cpe:2.3:a:motex:lanscope_endpoint_manager:*:*:*:*:on-premise:*:*:*,AFFECTS
CVE:CVE-2025-61932,REF:CVE-2025-61932:0,REFERENCES
CVE:CVE-2025-61932,REF:CVE-2025-61932:1,REFERENCES
CVE:CVE-2025-61932,REF:CVE-2025-61932:2,REFERENCES
CVE:CVE-2025-62593,RISK:CRITICAL,HAS_RISK
CVE:CVE-2025-62593,SIGNAL:CISA_KEV,KNOWN_EXPLOITED
CVE:CVE-2025-62593,CWE:CWE-352,HAS_CWE
CVE:CVE-2025-62593,CWE:CWE-94,HAS_CWE
CVE:CVE-2025-62593,CPE:cpe:2.3:a:anyscale:ray:*:*:*:*:*:*:*:*,AFFECTS
CVE:CVE-2025-62593,REF:CVE-2025-62593:0,REFERENCES
CVE:CVE-2025-62593,REF:CVE-2025-62593:1,REFERENCES
CVE:CVE-2025-62593,REF:CVE-2025-62593:2,REFERENCES
CVE:CVE-2025-62593,REF:CVE-2025-62593:3,REFERENCES
CVE:CVE-2025-15556,RISK:CRITICAL,HAS_RISK
CVE:CVE-2025-15556,SIGNAL:CISA_KEV,KNOWN_EXPLOITED
CVE:CVE-2025-15556,CWE:CWE-494,HAS_CWE
CVE:CVE-2025-15556,CPE:cpe:2.3:a:notepad-plus-plus:notepad\+\+:*:*:*:*:*:*:*:*,AFFECTS
CVE:CVE-2025-15556,REF:CVE-2025-15556:0,REFERENCES
CVE:CVE-2025-15556,REF:CVE-2025-15556:1,REFERENCES
CVE:CVE-2025-15556,REF:CVE-2025-15556:2,REFERENCES
CVE:CVE-2025-15556,REF:CVE-2025-15556:3,REFERENCES
CVE:CVE-2025-15556,REF:CVE-2025-15556:4,REFERENCES
CVE:CVE-2025-15556,REF:CVE-2025-15556:5,REFERENCES
CVE:CVE-2025-15556,REF:CVE-2025-15556:6,REFERENCES
CVE:CVE-2026-41940,RISK:CRITICAL,HAS_RISK
CVE:CVE-2026-41940,SIGNAL:CISA_KEV,KNOWN_EXPLOITED
CVE:CVE-2026-41940,CWE:CWE-306,HAS_CWE
CVE:CVE-2026-41940,CPE:cpe:2.3:a:cpanel:cpanel:*:*:*:*:*:*:*:*,AFFECTS
CVE:CVE-2026-41940,CPE:cpe:2.3:a:cpanel:whm:*:*:*:*:*:*:*:*,AFFECTS
CVE:CVE-2026-41940,CPE:cpe:2.3:a:cpanel:wp_squared:*:*:*:*:*:wordpress:*:*,AFFECTS
CVE:CVE-2026-41940,REF:CVE-2026-41940:0,REFERENCES
CVE:CVE-2026-41940,REF:CVE-2026-41940:1,REFERENCES
CVE:CVE-2026-41940,REF:CVE-2026-41940:2,REFERENCES
CVE:CVE-2026-41940,REF:CVE-2026-41940:3,REFERENCES
CVE:CVE-2026-41940,REF:CVE-2026-41940:4,REFERENCES
CVE:CVE-2026-41940,REF:CVE-2026-41940:5,REFERENCES
CVE:CVE-2026-41940,REF:CVE-2026-41940:6,REFERENCES
CVE:CVE-2026-41940,REF:CVE-2026-41940:7,REFERENCES
CVE:CVE-2026-41940,REF:CVE-2026-41940:8,REFERENCES
CVE:CVE-2026-42271,RISK:CRITICAL,HAS_RISK
CVE:CVE-2026-42271,SIGNAL:CISA_KEV,KNOWN_EXPLOITED
CVE:CVE-2026-42271,CWE:CWE-77,HAS_CWE
CVE:CVE-2026-42271,CWE:CWE-78,HAS_CWE
CVE:CVE-2026-42271,CPE:cpe:2.3:a:litellm:litellm:*:*:*:*:*:*:*:*,AFFECTS
CVE:CVE-2026-42271,CPE:cpe:2.3:a:redhat:openshift_ai:*:*:*:*:*:*:*:*,AFFECTS
CVE:CVE-2026-42271,CPE:cpe:2.3:a:redhat:openshift_ai:3.4:*:*:*:*:*:*:*,AFFECTS
CVE:CVE-2026-42271,REF:CVE-2026-42271:0,REFERENCES
CVE:CVE-2026-42271,REF:CVE-2026-42271:1,REFERENCES
CVE:CVE-2026-42271,REF:CVE-2026-42271:2,REFERENCES
CVE:CVE-2026-42271,REF:CVE-2026-42271:3,REFERENCES
CVE:CVE-2026-42271,REF:CVE-2026-42271:4,REFERENCES
CVE:CVE-2026-42271,REF:CVE-2026-42271:5,REFERENCES
CVE:CVE-2026-42271,REF:CVE-2026-42271:6,REFERENCES
CVE:CVE-2026-42271,REF:CVE-2026-42271:7,REFERENCES
CVE:CVE-2026-42271,REF:CVE-2026-42271:8,REFERENCES
CVE:CVE-2026-72898,RISK:CRITICAL,HAS_RISK
CVE:CVE-2026-72898,SIGNAL:CISA_KEV,KNOWN_EXPLOITED
CVE:CVE-2026-72898,CWE:CWE-89,HAS_CWE
CVE:CVE-2026-72898,CPE:cpe:2.3:a:metabase:metabase:*:*:*:*:-:*:*:*,AFFECTS
CVE:CVE-2026-72898,CPE:cpe:2.3:a:metabase:metabase:*:*:*:*:enterprise:*:*:*,AFFECTS
CVE:CVE-2026-72898,REF:CVE-2026-72898:0,REFERENCES
CVE:CVE-2026-72898,REF:CVE-2026-72898:1,REFERENCES
CVE:CVE-2026-72898,REF:CVE-2026-72898:2,REFERENCES
CVE:CVE-2026-72898,REF:CVE-2026-72898:3,REFERENCES
CVE:CVE-2026-72898,REF:CVE-2026-72898:4,REFERENCES
CVE:CVE-2026-9586,RISK:CRITICAL,HAS_RISK
CVE:CVE-2026-9586,SIGNAL:CISA_KEV,KNOWN_EXPLOITED
CVE:CVE-2026-9586,CWE:CWE-89,HAS_CWE
CVE:CVE-2026-9586,CPE:cpe:2.3:a:sangoma:switchvox:*:*:*:*:on-premises:*:*:*,AFFECTS
CVE:CVE-2026-9586,REF:CVE-2026-9586:0,REFERENCES
CVE:CVE-2026-9586,REF:CVE-2026-9586:1,REFERENCES
CVE:CVE-2026-9586,REF:CVE-2026-9586:2,REFERENCES
CVE:CVE-2026-9586,REF:CVE-2026-9586:3,REFERENCES
CVE:CVE-2026-48027,RISK:CRITICAL,HAS_RISK
CVE:CVE-2026-48027,SIGNAL:CISA_KEV,KNOWN_EXPLOITED
CVE:CVE-2026-48027,CWE:CWE-506,HAS_CWE
CVE:CVE-2026-48027,CPE:cpe:2.3:a:nx:nx_console:18.95.0:*:*:*:*:visual_studio_code:*:*,AFFECTS
CVE:CVE-2026-48027,REF:CVE-2026-48027:0,REFERENCES
CVE:CVE-2026-48027,REF:CVE-2026-48027:1,REFERENCES
CVE:CVE-2026-48027,REF:CVE-2026-48027:2,REFERENCES
CVE:CVE-2026-48027,REF:CVE-2026-48027:3,REFERENCES
CVE:CVE-2026-48027,REF:CVE-2026-48027:4,REFERENCES
CVE:CVE-2026-86218,RISK:CRITICAL,HAS_RISK
CVE:CVE-2026-86218,SIGNAL:CISA_KEV,KNOWN_EXPLOITED
CVE:CVE-2026-86218,CWE:CWE-96,HAS_CWE
CVE:CVE-2026-86218,CPE:cpe:2.3:a:n-able:n-central:*:*:*:*:*:*:*:*,AFFECTS
CVE:CVE-2026-86218,CPE:cpe:2.3:a:n-able:n-central:2026.3:-:*:*:*:*:*:*,AFFECTS
CVE:CVE-2026-86218,CPE:cpe:2.3:a:n-able:n-central:2026.3:hotfix1:*:*:*:*:*:*,AFFECTS
CVE:CVE-2026-86218,CPE:cpe:2.3:a:n-able:n-central:2026.3:hotfix2:*:*:*:*:*:*,AFFECTS
CVE:CVE-2026-86218,CPE:cpe:2.3:a:n-able:n-central:2026.3:hotfix3:*:*:*:*:*:*,AFFECTS
CVE:CVE-2026-86218,REF:CVE-2026-86218:0,REFERENCES
CVE:CVE-2026-86218,REF:CVE-2026-86218:1,REFERENCES
CVE:CVE-2024-7262,RISK:CRITICAL,HAS_RISK
CVE:CVE-2024-7262,SIGNAL:CISA_KEV,KNOWN_EXPLOITED
CVE:CVE-2024-7262,CWE:CWE-22,HAS_CWE
CVE:CVE-2024-7262,CPE:cpe:2.3:a:kingsoft:wps_office:*:*:*:*:*:*:*:*,AFFECTS
CVE:CVE-2024-7262,CPE:cpe:2.3:o:microsoft:windows:-:*:*:*:*:*:*:*,AFFECTS
CVE:CVE-2024-7262,REF:CVE-2024-7262:0,REFERENCES
CVE:CVE-2024-7262,REF:CVE-2024-7262:1,REFERENCES
CVE:CVE-2026-18577,RISK:CRITICAL,HAS_RISK
CVE:CVE-2026-18577,SIGNAL:CISA_KEV,KNOWN_EXPLOITED
CVE:CVE-2026-18577,CWE:CWE-288,HAS_CWE
CVE:CVE-2026-18577,CPE:cpe:2.3:a:n-able:n-central:*:*:*:*:*:*:*:*,AFFECTS
CVE:CVE-2026-18577,CPE:cpe:2.3:a:n-able:n-central:2026.3:-:*:*:*:*:*:*,AFFECTS
CVE:CVE-2026-18577,REF:CVE-2026-18577:0,REFERENCES
CVE:CVE-2026-18577,REF:CVE-2026-18577:1,REFERENCES
CVE:CVE-2026-18577,REF:CVE-2026-18577:2,REFERENCES
CVE:CVE-2026-18577,REF:CVE-2026-18577:3,REFERENCES
CVE:CVE-2026-18577,REF:CVE-2026-18577:4,REFERENCES
CVE:CVE-2025-35939,RISK:CRITICAL,HAS_RISK
CVE:CVE-2025-35939,SIGNAL:CISA_KEV,KNOWN_EXPLOITED
CVE:CVE-2025-35939,CWE:CWE-472,HAS_CWE
CVE:CVE-2025-35939,CPE:cpe:2.3:a:craftcms:craft_cms:*:*:*:*:*:*:*:*,AFFECTS
CVE:CVE-2025-35939,REF:CVE-2025-35939:0,REFERENCES
CVE:CVE-2025-35939,REF:CVE-2025-35939:1,REFERENCES
CVE:CVE-2025-35939,REF:CVE-2025-35939:2,REFERENCES
CVE:CVE-2025-35939,REF:CVE-2025-35939:3,REFERENCES
CVE:CVE-2025-35939,REF:CVE-2025-35939:4,REFERENCES
CVE:CVE-2025-35939,REF:CVE-2025-35939:5,REFERENCES
CVE:CVE-2024-9474,RISK:CRITICAL,HAS_RISK
CVE:CVE-2024-9474,SIGNAL:CISA_KEV,KNOWN_EXPLOITED
CVE:CVE-2024-9474,CWE:CWE-78,HAS_CWE
CVE:CVE-2024-9474,CPE:cpe:2.3:o:paloaltonetworks:pan-os:*:*:*:*:*:*:*:*,AFFECTS
CVE:CVE-2024-9474,CPE:cpe:2.3:o:paloaltonetworks:pan-os:10.1.14:-:*:*:*:*:*:*,AFFECTS
CVE:CVE-2024-9474,CPE:cpe:2.3:o:paloaltonetworks:pan-os:10.1.14:h2:*:*:*:*:*:*,AFFECTS
CVE:CVE-2024-9474,CPE:cpe:2.3:o:paloaltonetworks:pan-os:10.1.14:h4:*:*:*:*:*:*,AFFECTS
CVE:CVE-2024-9474,CPE:cpe:2.3:o:paloaltonetworks:pan-os:10.2.12:-:*:*:*:*:*:*,AFFECTS
CVE:CVE-2024-9474,CPE:cpe:2.3:o:paloaltonetworks:pan-os:10.2.12:h1:*:*:*:*:*:*,AFFECTS
CVE:CVE-2024-9474,CPE:cpe:2.3:o:paloaltonetworks:pan-os:11.0.6:-:*:*:*:*:*:*,AFFECTS
CVE:CVE-2024-9474,CPE:cpe:2.3:o:paloaltonetworks:pan-os:11.1.5:-:*:*:*:*:*:*,AFFECTS
CVE:CVE-2024-9474,CPE:cpe:2.3:o:paloaltonetworks:pan-os:11.2.4:-:*:*:*:*:*:*,AFFECTS
CVE:CVE-2024-9474,REF:CVE-2024-9474:0,REFERENCES
CVE:CVE-2024-9474,REF:CVE-2024-9474:1,REFERENCES
CVE:CVE-2024-9474,REF:CVE-2024-9474:2,REFERENCES
CVE:CVE-2024-9474,REF:CVE-2024-9474:3,REFERENCES
CVE:CVE-2024-9474,REF:CVE-2024-9474:4,REFERENCES
CVE:CVE-2025-1976,RISK:CRITICAL,HAS_RISK
CVE:CVE-2025-1976,SIGNAL:CISA_KEV,KNOWN_EXPLOITED
CVE:CVE-2025-1976,CWE:CWE-78,HAS_CWE
CVE:CVE-2025-1976,CWE:CWE-94,HAS_CWE
CVE:CVE-2025-1976,CPE:cpe:2.3:o:broadcom:fabric_operating_system:*:*:*:*:*:*:*:*,AFFECTS
CVE:CVE-2025-1976,REF:CVE-2025-1976:0,REFERENCES
CVE:CVE-2025-1976,REF:CVE-2025-1976:1,REFERENCES
CVE:CVE-2025-34026,RISK:CRITICAL,HAS_RISK
CVE:CVE-2025-34026,SIGNAL:CISA_KEV,KNOWN_EXPLOITED
CVE:CVE-2025-34026,CWE:CWE-288,HAS_CWE
CVE:CVE-2025-34026,CPE:cpe:2.3:a:versa-networks:concerto:*:*:*:*:*:*:*:*,AFFECTS
CVE:CVE-2025-34026,CPE:cpe:2.3:a:versa-networks:concerto:12.1.2:-:*:*:*:*:*:*,AFFECTS
CVE:CVE-2025-34026,CPE:cpe:2.3:a:versa-networks:concerto:12.2.0:*:*:*:*:*:*:*,AFFECTS
CVE:CVE-2025-34026,REF:CVE-2025-34026:0,REFERENCES
CVE:CVE-2025-34026,REF:CVE-2025-34026:1,REFERENCES
CVE:CVE-2025-34026,REF:CVE-2025-34026:2,REFERENCES
CVE:CVE-2024-12987,RISK:CRITICAL,HAS_RISK
CVE:CVE-2024-12987,SIGNAL:CISA_KEV,KNOWN_EXPLOITED
CVE:CVE-2024-12987,CWE:CWE-77,HAS_CWE
CVE:CVE-2024-12987,CWE:CWE-78,HAS_CWE
CVE:CVE-2024-12987,CPE:cpe:2.3:h:draytek:vigor2960:-:*:*:*:*:*:*:*,AFFECTS
CVE:CVE-2024-12987,CPE:cpe:2.3:h:draytek:vigor300b:-:*:*:*:*:*:*:*,AFFECTS
CVE:CVE-2024-12987,CPE:cpe:2.3:o:draytek:vigor2960_firmware:1.5.1.4:*:*:*:*:*:*:*,AFFECTS
CVE:CVE-2024-12987,CPE:cpe:2.3:o:draytek:vigor300b_firmware:1.5.1.4:*:*:*:*:*:*:*,AFFECTS
CVE:CVE-2024-12987,REF:CVE-2024-12987:0,REFERENCES
CVE:CVE-2024-12987,REF:CVE-2024-12987:1,REFERENCES
CVE:CVE-2024-12987,REF:CVE-2024-12987:2,REFERENCES
CVE:CVE-2024-12987,REF:CVE-2024-12987:3,REFERENCES
CVE:CVE-2024-12987,REF:CVE-2024-12987:4,REFERENCES
CVE:CVE-2024-12987,REF:CVE-2024-12987:5,REFERENCES
CVE:CVE-2024-12987,REF:CVE-2024-12987:6,REFERENCES
CVE:CVE-2024-12987,REF:CVE-2024-12987:7,REFERENCES
CVE:CVE-2026-1731,RISK:CRITICAL,HAS_RISK
CVE:CVE-2026-1731,SIGNAL:CISA_KEV,KNOWN_EXPLOITED
CVE:CVE-2026-1731,CWE:CWE-78,HAS_CWE
CVE:CVE-2026-1731,CPE:cpe:2.3:a:beyondtrust:privileged_remote_access:*:*:*:*:*:*:*:*,AFFECTS
CVE:CVE-2026-1731,CPE:cpe:2.3:a:beyondtrust:remote_support:*:*:*:*:*:*:*:*,AFFECTS
CVE:CVE-2026-1731,REF:CVE-2026-1731:0,REFERENCES
CVE:CVE-2026-1731,REF:CVE-2026-1731:1,REFERENCES
CVE:CVE-2026-1731,REF:CVE-2026-1731:2,REFERENCES
CVE:CVE-2026-1731,REF:CVE-2026-1731:3,REFERENCES
CVE:CVE-2026-1731,REF:CVE-2026-1731:4,REFERENCES
CVE:CVE-2026-33634,RISK:CRITICAL,HAS_RISK
CVE:CVE-2026-33634,SIGNAL:CISA_KEV,KNOWN_EXPLOITED
CVE:CVE-2026-33634,CWE:CWE-506,HAS_CWE
CVE:CVE-2026-33634,CPE:cpe:2.3:a:aquasec:setup-trivy:*:*:*:*:*:*:*:*,AFFECTS
CVE:CVE-2026-33634,CPE:cpe:2.3:a:aquasec:trivy:0.69.4:*:*:*:*:go:*:*,AFFECTS
CVE:CVE-2026-33634,CPE:cpe:2.3:a:aquasec:trivy_action:*:*:*:*:*:*:*:*,AFFECTS
CVE:CVE-2026-33634,CPE:cpe:2.3:a:litellm:litellm:1.82.7:*:*:*:*:*:*:*,AFFECTS
CVE:CVE-2026-33634,CPE:cpe:2.3:a:litellm:litellm:1.82.8:*:*:*:*:*:*:*,AFFECTS
CVE:CVE-2026-33634,CPE:cpe:2.3:a:telnyx:telnyx:4.87.1:*:*:*:*:python:*:*,AFFECTS
CVE:CVE-2026-33634,CPE:cpe:2.3:a:telnyx:telnyx:4.87.2:*:*:*:*:python:*:*,AFFECTS
CVE:CVE-2026-33634,REF:CVE-2026-33634:0,REFERENCES
CVE:CVE-2026-33634,REF:CVE-2026-33634:1,REFERENCES
CVE:CVE-2026-33634,REF:CVE-2026-33634:2,REFERENCES
CVE:CVE-2026-33634,REF:CVE-2026-33634:3,REFERENCES
CVE:CVE-2026-33634,REF:CVE-2026-33634:4,REFERENCES
CVE:CVE-2026-33634,REF:CVE-2026-33634:5,REFERENCES
CVE:CVE-2026-33634,REF:CVE-2026-33634:6,REFERENCES
CVE:CVE-2026-33634,REF:CVE-2026-33634:7,REFERENCES
CVE:CVE-2026-33634,REF:CVE-2026-33634:8,REFERENCES
CVE:CVE-2026-33634,REF:CVE-2026-33634:9,REFERENCES
CVE:CVE-2026-33634,REF:CVE-2026-33634:10,REFERENCES
CVE:CVE-2026-33634,REF:CVE-2026-33634:11,REFERENCES
CVE:CVE-2026-33634,REF:CVE-2026-33634:12,REFERENCES
CVE:CVE-2026-33634,REF:CVE-2026-33634:13,REFERENCES
CVE:CVE-2026-34908,RISK:CRITICAL,HAS_RISK
CVE:CVE-2026-34908,SIGNAL:CISA_KEV,KNOWN_EXPLOITED
CVE:CVE-2026-34908,CWE:CWE-284,HAS_CWE
CVE:CVE-2026-34908,CPE:cpe:2.3:a:ui:unifi_os_server:*:*:*:*:*:*:*:*,AFFECTS
CVE:CVE-2026-34908,CPE:cpe:2.3:h:ui:enterprise_fortress_gateway:-:*:*:*:*:*:*:*,AFFECTS
CVE:CVE-2026-34908,CPE:cpe:2.3:h:ui:enterprise_network_video_recorder:-:*:*:*:*:*:*:*,AFFECTS
CVE:CVE-2026-34908,CPE:cpe:2.3:h:ui:enterprise_network_video_recorder_core:-:*:*:*:*:*:*:*,AFFECTS
CVE:CVE-2026-34908,CPE:cpe:2.3:h:ui:unas_2:-:*:*:*:*:*:*:*,AFFECTS
CVE:CVE-2026-34908,CPE:cpe:2.3:h:ui:unas_4:-:*:*:*:*:*:*:*,AFFECTS
CVE:CVE-2026-34908,CPE:cpe:2.3:h:ui:unas_pro:-:*:*:*:*:*:*:*,AFFECTS
CVE:CVE-2026-34908,CPE:cpe:2.3:h:ui:unas_pro_4:-:*:*:*:*:*:*:*,AFFECTS
CVE:CVE-2026-34908,CPE:cpe:2.3:h:ui:unas_pro_8:-:*:*:*:*:*:*:*,AFFECTS
CVE:CVE-2026-34908,CPE:cpe:2.3:h:ui:unifi_cloud_gateway_fiber:-:*:*:*:*:*:*:*,AFFECTS
CVE:CVE-2026-34908,CPE:cpe:2.3:h:ui:unifi_cloud_gateway_industrial:-:*:*:*:*:*:*:*,AFFECTS
CVE:CVE-2026-34908,CPE:cpe:2.3:h:ui:unifi_cloud_gateway_max:-:*:*:*:*:*:*:*,AFFECTS
CVE:CVE-2026-34908,CPE:cpe:2.3:h:ui:unifi_cloud_gateway_ultra:-:*:*:*:*:*:*:*,AFFECTS
CVE:CVE-2026-34908,CPE:cpe:2.3:h:ui:unifi_cloud_key_plus:-:*:*:*:*:*:*:*,AFFECTS
CVE:CVE-2026-34908,CPE:cpe:2.3:h:ui:unifi_cloudkey:-:*:*:*:*:*:*:*,AFFECTS
CVE:CVE-2026-34908,CPE:cpe:2.3:h:ui:unifi_cloudkey_enterprise:-:*:*:*:*:*:*:*,AFFECTS
CVE:CVE-2026-34908,CPE:cpe:2.3:h:ui:unifi_dream_machine:-:*:*:*:*:*:*:*,AFFECTS
CVE:CVE-2026-34908,CPE:cpe:2.3:h:ui:unifi_dream_machine_beast:-:*:*:*:*:*:*:*,AFFECTS
CVE:CVE-2026-34908,CPE:cpe:2.3:h:ui:unifi_dream_machine_pro:-:*:*:*:*:*:*:*,AFFECTS
CVE:CVE-2026-34908,CPE:cpe:2.3:h:ui:unifi_dream_machine_pro_max:-:*:*:*:*:*:*:*,AFFECTS
CVE:CVE-2026-34908,CPE:cpe:2.3:h:ui:unifi_dream_machine_special_edition:-:*:*:*:*:*:*:*,AFFECTS
CVE:CVE-2026-34908,CPE:cpe:2.3:h:ui:unifi_dream_router:-:*:*:*:*:*:*:*,AFFECTS
CVE:CVE-2026-34908,CPE:cpe:2.3:h:ui:unifi_dream_router_5g_max:-:*:*:*:*:*:*:*,AFFECTS
CVE:CVE-2026-34908,CPE:cpe:2.3:h:ui:unifi_dream_router_7:-:*:*:*:*:*:*:*,AFFECTS
CVE:CVE-2026-34908,CPE:cpe:2.3:h:ui:unifi_dream_wall:-:*:*:*:*:*:*:*,AFFECTS
CVE:CVE-2026-34908,CPE:cpe:2.3:h:ui:unifi_express_7:-:*:*:*:*:*:*:*,AFFECTS
CVE:CVE-2026-34908,CPE:cpe:2.3:h:ui:unifi_network_video_recorder:-:*:*:*:*:*:*:*,AFFECTS
CVE:CVE-2026-34908,CPE:cpe:2.3:h:ui:unifi_network_video_recorder_g2:-:*:*:*:*:*:*:*,AFFECTS
CVE:CVE-2026-34908,CPE:cpe:2.3:h:ui:unifi_network_video_recorder_g2_pro:-:*:*:*:*:*:*:*,AFFECTS
CVE:CVE-2026-34908,CPE:cpe:2.3:h:ui:unifi_network_video_recorder_instant:-:*:*:*:*:*:*:*,AFFECTS
CVE:CVE-2026-34908,CPE:cpe:2.3:h:ui:unifi_network_video_recorder_pro:-:*:*:*:*:*:*:*,AFFECTS
CVE:CVE-2026-34908,CPE:cpe:2.3:o:ui:enterprise_fortress_gateway_firmware:*:*:*:*:*:*:*:*,AFFECTS
CVE:CVE-2026-34908,CPE:cpe:2.3:o:ui:enterprise_network_video_recorder_core_firmware:*:*:*:*:*:*:*:*,AFFECTS
CVE:CVE-2026-34908,CPE:cpe:2.3:o:ui:enterprise_network_video_recorder_firmware:*:*:*:*:*:*:*:*,AFFECTS
CVE:CVE-2026-34908,CPE:cpe:2.3:o:ui:unas_2_firmware:*:*:*:*:*:*:*:*,AFFECTS
CVE:CVE-2026-34908,CPE:cpe:2.3:o:ui:unas_4_firmware:*:*:*:*:*:*:*:*,AFFECTS
CVE:CVE-2026-34908,CPE:cpe:2.3:o:ui:unas_pro_4_firmware:*:*:*:*:*:*:*:*,AFFECTS
CVE:CVE-2026-34908,CPE:cpe:2.3:o:ui:unas_pro_8_firmware:*:*:*:*:*:*:*:*,AFFECTS
CVE:CVE-2026-34908,CPE:cpe:2.3:o:ui:unas_pro_firmware:*:*:*:*:*:*:*:*,AFFECTS
CVE:CVE-2026-34908,CPE:cpe:2.3:o:ui:unifi_cloud_gateway_fiber_firmware:*:*:*:*:*:*:*:*,AFFECTS
CVE:CVE-2026-34908,CPE:cpe:2.3:o:ui:unifi_cloud_gateway_industrial_firmware:*:*:*:*:*:*:*:*,AFFECTS
CVE:CVE-2026-34908,CPE:cpe:2.3:o:ui:unifi_cloud_gateway_max_firmware:*:*:*:*:*:*:*:*,AFFECTS
CVE:CVE-2026-34908,CPE:cpe:2.3:o:ui:unifi_cloud_gateway_ultra_firmware:*:*:*:*:*:*:*:*,AFFECTS
CVE:CVE-2026-34908,CPE:cpe:2.3:o:ui:unifi_cloud_key_plus_firmware:*:*:*:*:*:*:*:*,AFFECTS
CVE:CVE-2026-34908,CPE:cpe:2.3:o:ui:unifi_cloudkey_enterprise_firmware:*:*:*:*:*:*:*:*,AFFECTS
CVE:CVE-2026-34908,CPE:cpe:2.3:o:ui:unifi_cloudkey_firmware:*:*:*:*:*:*:*:*,AFFECTS
CVE:CVE-2026-34908,CPE:cpe:2.3:o:ui:unifi_dream_machine_beast_firmware:*:*:*:*:*:*:*:*,AFFECTS
CVE:CVE-2026-34908,CPE:cpe:2.3:o:ui:unifi_dream_machine_firmware:*:*:*:*:*:*:*:*,AFFECTS
CVE:CVE-2026-34908,CPE:cpe:2.3:o:ui:unifi_dream_machine_pro_firmware:*:*:*:*:*:*:*:*,AFFECTS
CVE:CVE-2026-34908,CPE:cpe:2.3:o:ui:unifi_dream_machine_pro_max_firmware:*:*:*:*:*:*:*:*,AFFECTS
CVE:CVE-2026-34908,CPE:cpe:2.3:o:ui:unifi_dream_machine_special_edition_firmware:*:*:*:*:*:*:*:*,AFFECTS
CVE:CVE-2026-34908,CPE:cpe:2.3:o:ui:unifi_dream_router_5g_max_firmware:*:*:*:*:*:*:*:*,AFFECTS
CVE:CVE-2026-34908,CPE:cpe:2.3:o:ui:unifi_dream_router_7_firmware:*:*:*:*:*:*:*:*,AFFECTS
CVE:CVE-2026-34908,CPE:cpe:2.3:o:ui:unifi_dream_router_firmware:*:*:*:*:*:*:*:*,AFFECTS
CVE:CVE-2026-34908,CPE:cpe:2.3:o:ui:unifi_dream_wall_firmware:*:*:*:*:*:*:*:*,AFFECTS
CVE:CVE-2026-34908,CPE:cpe:2.3:o:ui:unifi_express_7_firmware:*:*:*:*:*:*:*:*,AFFECTS
CVE:CVE-2026-34908,CPE:cpe:2.3:o:ui:unifi_network_video_recorder_firmware:*:*:*:*:*:*:*:*,AFFECTS
CVE:CVE-2026-34908,CPE:cpe:2.3:o:ui:unifi_network_video_recorder_g2_firmware:*:*:*:*:*:*:*:*,AFFECTS
CVE:CVE-2026-34908,CPE:cpe:2.3:o:ui:unifi_network_video_recorder_g2_pro_firmware:*:*:*:*:*:*:*:*,AFFECTS
CVE:CVE-2026-34908,CPE:cpe:2.3:o:ui:unifi_network_video_recorder_instant_firmware:*:*:*:*:*:*:*:*,AFFECTS
CVE:CVE-2026-34908,CPE:cpe:2.3:o:ui:unifi_network_video_recorder_pro_firmware:*:*:*:*:*:*:*:*,AFFECTS
CVE:CVE-2026-34908,REF:CVE-2026-34908:0,REFERENCES
CVE:CVE-2026-34908,REF:CVE-2026-34908:1,REFERENCES
CVE:CVE-2026-34908,REF:CVE-2026-34908:2,REFERENCES
CVE:CVE-2025-54068,RISK:CRITICAL,HAS_RISK
CVE:CVE-2025-54068,SIGNAL:CISA_KEV,KNOWN_EXPLOITED
CVE:CVE-2025-54068,CWE:CWE-94,HAS_CWE
CVE:CVE-2025-54068,CPE:cpe:2.3:a:laravel:livewire:*:*:*:*:*:*:*:*,AFFECTS
CVE:CVE-2025-54068,REF:CVE-2025-54068:0,REFERENCES
CVE:CVE-2025-54068,REF:CVE-2025-54068:1,REFERENCES
CVE:CVE-2025-54068,REF:CVE-2025-54068:2,REFERENCES
CVE:CVE-2025-54068,REF:CVE-2025-54068:3,REFERENCES
CVE:CVE-2025-54068,REF:CVE-2025-54068:4,REFERENCES
CVE:CVE-2026-39987,RISK:CRITICAL,HAS_RISK
CVE:CVE-2026-39987,SIGNAL:CISA_KEV,KNOWN_EXPLOITED
CVE:CVE-2026-39987,CWE:CWE-306,HAS_CWE
CVE:CVE-2026-39987,CPE:cpe:2.3:a:coreweave:marimo:*:*:*:*:*:python:*:*,AFFECTS
CVE:CVE-2026-39987,REF:CVE-2026-39987:0,REFERENCES
CVE:CVE-2026-39987,REF:CVE-2026-39987:1,REFERENCES
CVE:CVE-2026-39987,REF:CVE-2026-39987:2,REFERENCES
CVE:CVE-2026-39987,REF:CVE-2026-39987:3,REFERENCES
CVE:CVE-2026-39987,REF:CVE-2026-39987:4,REFERENCES
CVE:CVE-2024-9465,RISK:CRITICAL,HAS_RISK
CVE:CVE-2024-9465,SIGNAL:CISA_KEV,KNOWN_EXPLOITED
CVE:CVE-2024-9465,CWE:CWE-89,HAS_CWE
CVE:CVE-2024-9465,CPE:cpe:2.3:a:paloaltonetworks:expedition:*:*:*:*:*:*:*:*,AFFECTS
CVE:CVE-2024-9465,REF:CVE-2024-9465:0,REFERENCES
CVE:CVE-2024-9465,REF:CVE-2024-9465:1,REFERENCES
CVE:CVE-2024-9465,REF:CVE-2024-9465:2,REFERENCES
CVE:CVE-2024-3393,RISK:CRITICAL,HAS_RISK
CVE:CVE-2024-3393,SIGNAL:CISA_KEV,KNOWN_EXPLOITED
CVE:CVE-2024-3393,CWE:CWE-754,HAS_CWE
CVE:CVE-2024-3393,CPE:cpe:2.3:a:paloaltonetworks:prisma_access:-:*:*:*:*:*:*:*,AFFECTS
CVE:CVE-2024-3393,CPE:cpe:2.3:o:paloaltonetworks:pan-os:*:*:*:*:*:*:*:*,AFFECTS
CVE:CVE-2024-3393,CPE:cpe:2.3:o:paloaltonetworks:pan-os:10.1.14:-:*:*:*:*:*:*,AFFECTS
CVE:CVE-2024-3393,CPE:cpe:2.3:o:paloaltonetworks:pan-os:10.1.14:h2:*:*:*:*:*:*,AFFECTS
CVE:CVE-2024-3393,CPE:cpe:2.3:o:paloaltonetworks:pan-os:10.1.14:h4:*:*:*:*:*:*,AFFECTS
CVE:CVE-2024-3393,CPE:cpe:2.3:o:paloaltonetworks:pan-os:10.1.14:h6:*:*:*:*:*:*,AFFECTS
CVE:CVE-2024-3393,CPE:cpe:2.3:o:paloaltonetworks:pan-os:10.2.10:-:*:*:*:*:*:*,AFFECTS
CVE:CVE-2024-3393,CPE:cpe:2.3:o:paloaltonetworks:pan-os:10.2.10:h10:*:*:*:*:*:*,AFFECTS
CVE:CVE-2024-3393,CPE:cpe:2.3:o:paloaltonetworks:pan-os:10.2.10:h2:*:*:*:*:*:*,AFFECTS
CVE:CVE-2024-3393,CPE:cpe:2.3:o:paloaltonetworks:pan-os:10.2.10:h3:*:*:*:*:*:*,AFFECTS
CVE:CVE-2024-3393,CPE:cpe:2.3:o:paloaltonetworks:pan-os:10.2.10:h4:*:*:*:*:*:*,AFFECTS
CVE:CVE-2024-3393,CPE:cpe:2.3:o:paloaltonetworks:pan-os:10.2.10:h5:*:*:*:*:*:*,AFFECTS
CVE:CVE-2024-3393,CPE:cpe:2.3:o:paloaltonetworks:pan-os:10.2.10:h7:*:*:*:*:*:*,AFFECTS
CVE:CVE-2024-3393,CPE:cpe:2.3:o:paloaltonetworks:pan-os:10.2.10:h9:*:*:*:*:*:*,AFFECTS
CVE:CVE-2024-3393,CPE:cpe:2.3:o:paloaltonetworks:pan-os:10.2.11:-:*:*:*:*:*:*,AFFECTS
CVE:CVE-2024-3393,CPE:cpe:2.3:o:paloaltonetworks:pan-os:10.2.11:h1:*:*:*:*:*:*,AFFECTS
CVE:CVE-2024-3393,CPE:cpe:2.3:o:paloaltonetworks:pan-os:10.2.11:h2:*:*:*:*:*:*,AFFECTS
CVE:CVE-2024-3393,CPE:cpe:2.3:o:paloaltonetworks:pan-os:10.2.11:h3:*:*:*:*:*:*,AFFECTS
CVE:CVE-2024-3393,CPE:cpe:2.3:o:paloaltonetworks:pan-os:10.2.11:h4:*:*:*:*:*:*,AFFECTS
CVE:CVE-2024-3393,CPE:cpe:2.3:o:paloaltonetworks:pan-os:10.2.11:h6:*:*:*:*:*:*,AFFECTS
CVE:CVE-2024-3393,CPE:cpe:2.3:o:paloaltonetworks:pan-os:10.2.11:h9:*:*:*:*:*:*,AFFECTS
CVE:CVE-2024-3393,CPE:cpe:2.3:o:paloaltonetworks:pan-os:10.2.12:-:*:*:*:*:*:*,AFFECTS
CVE:CVE-2024-3393,CPE:cpe:2.3:o:paloaltonetworks:pan-os:10.2.12:h1:*:*:*:*:*:*,AFFECTS
CVE:CVE-2024-3393,CPE:cpe:2.3:o:paloaltonetworks:pan-os:10.2.12:h2:*:*:*:*:*:*,AFFECTS
CVE:CVE-2024-3393,CPE:cpe:2.3:o:paloaltonetworks:pan-os:10.2.12:h3:*:*:*:*:*:*,AFFECTS
CVE:CVE-2024-3393,CPE:cpe:2.3:o:paloaltonetworks:pan-os:10.2.13:-:*:*:*:*:*:*,AFFECTS
CVE:CVE-2024-3393,CPE:cpe:2.3:o:paloaltonetworks:pan-os:10.2.13:h1:*:*:*:*:*:*,AFFECTS
CVE:CVE-2024-3393,CPE:cpe:2.3:o:paloaltonetworks:pan-os:10.2.8:-:*:*:*:*:*:*,AFFECTS
CVE:CVE-2024-3393,CPE:cpe:2.3:o:paloaltonetworks:pan-os:10.2.8:h10:*:*:*:*:*:*,AFFECTS
CVE:CVE-2024-3393,CPE:cpe:2.3:o:paloaltonetworks:pan-os:10.2.8:h13:*:*:*:*:*:*,AFFECTS
CVE:CVE-2024-3393,CPE:cpe:2.3:o:paloaltonetworks:pan-os:10.2.8:h15:*:*:*:*:*:*,AFFECTS
CVE:CVE-2024-3393,CPE:cpe:2.3:o:paloaltonetworks:pan-os:10.2.8:h18:*:*:*:*:*:*,AFFECTS
CVE:CVE-2024-3393,CPE:cpe:2.3:o:paloaltonetworks:pan-os:10.2.8:h19:*:*:*:*:*:*,AFFECTS
CVE:CVE-2024-3393,CPE:cpe:2.3:o:paloaltonetworks:pan-os:10.2.8:h3:*:*:*:*:*:*,AFFECTS
CVE:CVE-2024-3393,CPE:cpe:2.3:o:paloaltonetworks:pan-os:10.2.8:h4:*:*:*:*:*:*,AFFECTS
CVE:CVE-2024-3393,CPE:cpe:2.3:o:paloaltonetworks:pan-os:10.2.9:-:*:*:*:*:*:*,AFFECTS
CVE:CVE-2024-3393,CPE:cpe:2.3:o:paloaltonetworks:pan-os:10.2.9:h11:*:*:*:*:*:*,AFFECTS
CVE:CVE-2024-3393,CPE:cpe:2.3:o:paloaltonetworks:pan-os:10.2.9:h14:*:*:*:*:*:*,AFFECTS
CVE:CVE-2024-3393,CPE:cpe:2.3:o:paloaltonetworks:pan-os:10.2.9:h16:*:*:*:*:*:*,AFFECTS
CVE:CVE-2024-3393,CPE:cpe:2.3:o:paloaltonetworks:pan-os:10.2.9:h18:*:*:*:*:*:*,AFFECTS
CVE:CVE-2024-3393,CPE:cpe:2.3:o:paloaltonetworks:pan-os:10.2.9:h1:*:*:*:*:*:*,AFFECTS
CVE:CVE-2024-3393,CPE:cpe:2.3:o:paloaltonetworks:pan-os:10.2.9:h9:*:*:*:*:*:*,AFFECTS
CVE:CVE-2024-3393,CPE:cpe:2.3:o:paloaltonetworks:pan-os:11.1.2:-:*:*:*:*:*:*,AFFECTS
CVE:CVE-2024-3393,CPE:cpe:2.3:o:paloaltonetworks:pan-os:11.1.2:h12:*:*:*:*:*:*,AFFECTS
CVE:CVE-2024-3393,CPE:cpe:2.3:o:paloaltonetworks:pan-os:11.1.2:h14:*:*:*:*:*:*,AFFECTS
CVE:CVE-2024-3393,CPE:cpe:2.3:o:paloaltonetworks:pan-os:11.1.2:h15:*:*:*:*:*:*,AFFECTS
CVE:CVE-2024-3393,CPE:cpe:2.3:o:paloaltonetworks:pan-os:11.1.2:h1:*:*:*:*:*:*,AFFECTS
CVE:CVE-2024-3393,CPE:cpe:2.3:o:paloaltonetworks:pan-os:11.1.2:h3:*:*:*:*:*:*,AFFECTS
CVE:CVE-2024-3393,CPE:cpe:2.3:o:paloaltonetworks:pan-os:11.1.2:h4:*:*:*:*:*:*,AFFECTS
CVE:CVE-2024-3393,CPE:cpe:2.3:o:paloaltonetworks:pan-os:11.1.2:h9:*:*:*:*:*:*,AFFECTS
CVE:CVE-2024-3393,CPE:cpe:2.3:o:paloaltonetworks:pan-os:11.1.3:-:*:*:*:*:*:*,AFFECTS
CVE:CVE-2024-3393,CPE:cpe:2.3:o:paloaltonetworks:pan-os:11.1.3:h10:*:*:*:*:*:*,AFFECTS
CVE:CVE-2024-3393,CPE:cpe:2.3:o:paloaltonetworks:pan-os:11.1.3:h11:*:*:*:*:*:*,AFFECTS
CVE:CVE-2024-3393,CPE:cpe:2.3:o:paloaltonetworks:pan-os:11.1.3:h1:*:*:*:*:*:*,AFFECTS
CVE:CVE-2024-3393,CPE:cpe:2.3:o:paloaltonetworks:pan-os:11.1.3:h2:*:*:*:*:*:*,AFFECTS
CVE:CVE-2024-3393,CPE:cpe:2.3:o:paloaltonetworks:pan-os:11.1.3:h4:*:*:*:*:*:*,AFFECTS
CVE:CVE-2024-3393,CPE:cpe:2.3:o:paloaltonetworks:pan-os:11.1.3:h6:*:*:*:*:*:*,AFFECTS
CVE:CVE-2024-3393,CPE:cpe:2.3:o:paloaltonetworks:pan-os:11.1.4:-:*:*:*:*:*:*,AFFECTS
CVE:CVE-2024-3393,CPE:cpe:2.3:o:paloaltonetworks:pan-os:11.1.4:h1:*:*:*:*:*:*,AFFECTS
CVE:CVE-2024-3393,CPE:cpe:2.3:o:paloaltonetworks:pan-os:11.1.4:h4:*:*:*:*:*:*,AFFECTS
CVE:CVE-2024-3393,REF:CVE-2024-3393:0,REFERENCES
CVE:CVE-2024-3393,REF:CVE-2024-3393:1,REFERENCES
CVE:CVE-2026-48172,RISK:CRITICAL,HAS_RISK
CVE:CVE-2026-48172,SIGNAL:CISA_KEV,KNOWN_EXPLOITED
CVE:CVE-2026-48172,CWE:CWE-266,HAS_CWE
CVE:CVE-2026-48172,CPE:cpe:2.3:a:litespeedtech:litespeed_cpanel_plugin:*:*:*:*:*:*:*:*,AFFECTS
CVE:CVE-2026-48172,CPE:cpe:2.3:a:litespeedtech:litespeed_whm_plugin:*:*:*:*:*:*:*:*,AFFECTS
CVE:CVE-2026-48172,REF:CVE-2026-48172:0,REFERENCES
CVE:CVE-2026-48172,REF:CVE-2026-48172:1,REFERENCES
CVE:CVE-2026-48172,REF:CVE-2026-48172:2,REFERENCES
CVE:CVE-2026-48172,REF:CVE-2026-48172:3,REFERENCES
CVE:CVE-2025-0111,RISK:CRITICAL,HAS_RISK
CVE:CVE-2025-0111,SIGNAL:CISA_KEV,KNOWN_EXPLOITED
CVE:CVE-2025-0111,CWE:CWE-610,HAS_CWE
CVE:CVE-2025-0111,CWE:CWE-73,HAS_CWE
CVE:CVE-2025-0111,CPE:cpe:2.3:o:paloaltonetworks:pan-os:*:*:*:*:*:*:*:*,AFFECTS
CVE:CVE-2025-0111,CPE:cpe:2.3:o:paloaltonetworks:pan-os:10.1.14:-:*:*:*:*:*:*,AFFECTS
CVE:CVE-2025-0111,CPE:cpe:2.3:o:paloaltonetworks:pan-os:10.1.14:h2:*:*:*:*:*:*,AFFECTS
CVE:CVE-2025-0111,CPE:cpe:2.3:o:paloaltonetworks:pan-os:10.1.14:h4:*:*:*:*:*:*,AFFECTS
CVE:CVE-2025-0111,CPE:cpe:2.3:o:paloaltonetworks:pan-os:10.1.14:h6:*:*:*:*:*:*,AFFECTS
CVE:CVE-2025-0111,CPE:cpe:2.3:o:paloaltonetworks:pan-os:10.1.14:h8:*:*:*:*:*:*,AFFECTS
CVE:CVE-2025-0111,CPE:cpe:2.3:o:paloaltonetworks:pan-os:10.2.12:-:*:*:*:*:*:*,AFFECTS
CVE:CVE-2025-0111,CPE:cpe:2.3:o:paloaltonetworks:pan-os:10.2.12:h1:*:*:*:*:*:*,AFFECTS
CVE:CVE-2025-0111,CPE:cpe:2.3:o:paloaltonetworks:pan-os:10.2.12:h2:*:*:*:*:*:*,AFFECTS
CVE:CVE-2025-0111,CPE:cpe:2.3:o:paloaltonetworks:pan-os:10.2.12:h3:*:*:*:*:*:*,AFFECTS
CVE:CVE-2025-0111,CPE:cpe:2.3:o:paloaltonetworks:pan-os:10.2.12:h4:*:*:*:*:*:*,AFFECTS
CVE:CVE-2025-0111,CPE:cpe:2.3:o:paloaltonetworks:pan-os:10.2.13:-:*:*:*:*:*:*,AFFECTS
CVE:CVE-2025-0111,CPE:cpe:2.3:o:paloaltonetworks:pan-os:10.2.13:h1:*:*:*:*:*:*,AFFECTS
CVE:CVE-2025-0111,CPE:cpe:2.3:o:paloaltonetworks:pan-os:10.2.13:h2:*:*:*:*:*:*,AFFECTS
CVE:CVE-2025-0111,CPE:cpe:2.3:o:paloaltonetworks:pan-os:10.2.7:-:*:*:*:*:*:*,AFFECTS
CVE:CVE-2025-0111,CPE:cpe:2.3:o:paloaltonetworks:pan-os:10.2.7:h12:*:*:*:*:*:*,AFFECTS
CVE:CVE-2025-0111,CPE:cpe:2.3:o:paloaltonetworks:pan-os:10.2.7:h16:*:*:*:*:*:*,AFFECTS
CVE:CVE-2025-0111,CPE:cpe:2.3:o:paloaltonetworks:pan-os:10.2.7:h18:*:*:*:*:*:*,AFFECTS
CVE:CVE-2025-0111,CPE:cpe:2.3:o:paloaltonetworks:pan-os:10.2.7:h19:*:*:*:*:*:*,AFFECTS
CVE:CVE-2025-0111,CPE:cpe:2.3:o:paloaltonetworks:pan-os:10.2.7:h1:*:*:*:*:*:*,AFFECTS
CVE:CVE-2025-0111,CPE:cpe:2.3:o:paloaltonetworks:pan-os:10.2.7:h21:*:*:*:*:*:*,AFFECTS
CVE:CVE-2025-0111,CPE:cpe:2.3:o:paloaltonetworks:pan-os:10.2.7:h3:*:*:*:*:*:*,AFFECTS
CVE:CVE-2025-0111,CPE:cpe:2.3:o:paloaltonetworks:pan-os:10.2.7:h6:*:*:*:*:*:*,AFFECTS
CVE:CVE-2025-0111,CPE:cpe:2.3:o:paloaltonetworks:pan-os:10.2.7:h8:*:*:*:*:*:*,AFFECTS
CVE:CVE-2025-0111,CPE:cpe:2.3:o:paloaltonetworks:pan-os:10.2.8:-:*:*:*:*:*:*,AFFECTS
CVE:CVE-2025-0111,CPE:cpe:2.3:o:paloaltonetworks:pan-os:10.2.8:h10:*:*:*:*:*:*,AFFECTS
CVE:CVE-2025-0111,CPE:cpe:2.3:o:paloaltonetworks:pan-os:10.2.8:h13:*:*:*:*:*:*,AFFECTS
CVE:CVE-2025-0111,CPE:cpe:2.3:o:paloaltonetworks:pan-os:10.2.8:h15:*:*:*:*:*:*,AFFECTS
CVE:CVE-2025-0111,CPE:cpe:2.3:o:paloaltonetworks:pan-os:10.2.8:h18:*:*:*:*:*:*,AFFECTS
CVE:CVE-2025-0111,CPE:cpe:2.3:o:paloaltonetworks:pan-os:10.2.8:h19:*:*:*:*:*:*,AFFECTS
CVE:CVE-2025-0111,CPE:cpe:2.3:o:paloaltonetworks:pan-os:10.2.8:h3:*:*:*:*:*:*,AFFECTS
CVE:CVE-2025-0111,CPE:cpe:2.3:o:paloaltonetworks:pan-os:10.2.8:h4:*:*:*:*:*:*,AFFECTS
CVE:CVE-2025-0111,CPE:cpe:2.3:o:paloaltonetworks:pan-os:10.2.9:-:*:*:*:*:*:*,AFFECTS
CVE:CVE-2025-0111,CPE:cpe:2.3:o:paloaltonetworks:pan-os:10.2.9:h11:*:*:*:*:*:*,AFFECTS
CVE:CVE-2025-0111,CPE:cpe:2.3:o:paloaltonetworks:pan-os:10.2.9:h14:*:*:*:*:*:*,AFFECTS
CVE:CVE-2025-0111,CPE:cpe:2.3:o:paloaltonetworks:pan-os:10.2.9:h16:*:*:*:*:*:*,AFFECTS
CVE:CVE-2025-0111,CPE:cpe:2.3:o:paloaltonetworks:pan-os:10.2.9:h18:*:*:*:*:*:*,AFFECTS
CVE:CVE-2025-0111,CPE:cpe:2.3:o:paloaltonetworks:pan-os:10.2.9:h19:*:*:*:*:*:*,AFFECTS
CVE:CVE-2025-0111,CPE:cpe:2.3:o:paloaltonetworks:pan-os:10.2.9:h1:*:*:*:*:*:*,AFFECTS
CVE:CVE-2025-0111,CPE:cpe:2.3:o:paloaltonetworks:pan-os:10.2.9:h9:*:*:*:*:*:*,AFFECTS
CVE:CVE-2025-0111,CPE:cpe:2.3:o:paloaltonetworks:pan-os:11.1.6:-:*:*:*:*:*:*,AFFECTS
CVE:CVE-2025-0111,CPE:cpe:2.3:o:paloaltonetworks:pan-os:11.2.4:-:*:*:*:*:*:*,AFFECTS
CVE:CVE-2025-0111,CPE:cpe:2.3:o:paloaltonetworks:pan-os:11.2.4:h1:*:*:*:*:*:*,AFFECTS
CVE:CVE-2025-0111,CPE:cpe:2.3:o:paloaltonetworks:pan-os:11.2.4:h2:*:*:*:*:*:*,AFFECTS
CVE:CVE-2025-0111,REF:CVE-2025-0111:0,REFERENCES
CVE:CVE-2025-0111,REF:CVE-2025-0111:1,REFERENCES
CVE:CVE-2025-4008,RISK:CRITICAL,HAS_RISK
CVE:CVE-2025-4008,SIGNAL:CISA_KEV,KNOWN_EXPLOITED
CVE:CVE-2025-4008,CWE:CWE-306,HAS_CWE
CVE:CVE-2025-4008,CWE:CWE-77,HAS_CWE
CVE:CVE-2025-4008,CPE:cpe:2.3:a:smartbedded:meteobridge_vm:*:*:*:*:*:*:*:*,AFFECTS
CVE:CVE-2025-4008,CPE:cpe:2.3:o:smartbedded:meteobridge_firmware:*:*:*:*:*:*:*:*,AFFECTS
CVE:CVE-2025-4008,REF:CVE-2025-4008:0,REFERENCES
CVE:CVE-2025-4008,REF:CVE-2025-4008:1,REFERENCES
CVE:CVE-2025-4008,REF:CVE-2025-4008:2,REFERENCES
CVE:CVE-2025-57819,RISK:CRITICAL,HAS_RISK
CVE:CVE-2025-57819,SIGNAL:CISA_KEV,KNOWN_EXPLOITED
CVE:CVE-2025-57819,CWE:CWE-288,HAS_CWE
CVE:CVE-2025-57819,CWE:CWE-89,HAS_CWE
CVE:CVE-2025-57819,CPE:cpe:2.3:a:sangoma:freepbx:*:*:*:*:*:*:*:*,AFFECTS
CVE:CVE-2025-57819,REF:CVE-2025-57819:0,REFERENCES
CVE:CVE-2025-57819,REF:CVE-2025-57819:1,REFERENCES
CVE:CVE-2025-57819,REF:CVE-2025-57819:2,REFERENCES
CVE:CVE-2025-57819,REF:CVE-2025-57819:3,REFERENCES
CVE:CVE-2025-9377,RISK:CRITICAL,HAS_RISK
CVE:CVE-2025-9377,SIGNAL:CISA_KEV,KNOWN_EXPLOITED
CVE:CVE-2025-9377,CWE:CWE-78,HAS_CWE
CVE:CVE-2025-9377,CPE:cpe:2.3:h:tp-link:archer_c7:2.0:*:*:*:*:*:*:*,AFFECTS
CVE:CVE-2025-9377,CPE:cpe:2.3:h:tp-link:tl-wr841n:v9:*:*:*:*:*:*:*,AFFECTS
CVE:CVE-2025-9377,CPE:cpe:2.3:h:tp-link:tl-wr841nd:9:*:*:*:*:*:*:*,AFFECTS
CVE:CVE-2025-9377,CPE:cpe:2.3:o:tp-link:archer_c7_firmware:*:*:*:*:*:*:*:*,AFFECTS
CVE:CVE-2025-9377,CPE:cpe:2.3:o:tp-link:tl-wr841n_firmware:*:*:*:*:*:*:*:*,AFFECTS
CVE:CVE-2025-9377,CPE:cpe:2.3:o:tp-link:tl-wr841nd_firmware:*:*:*:*:*:*:*:*,AFFECTS
CVE:CVE-2025-9377,REF:CVE-2025-9377:0,REFERENCES
CVE:CVE-2025-9377,REF:CVE-2025-9377:1,REFERENCES
CVE:CVE-2025-9377,REF:CVE-2025-9377:2,REFERENCES
CVE:CVE-2026-7473,RISK:CRITICAL,HAS_RISK
CVE:CVE-2026-7473,SIGNAL:CISA_KEV,KNOWN_EXPLOITED
CVE:CVE-2026-7473,CWE:CWE-1023,HAS_CWE
CVE:CVE-2026-7473,CPE:cpe:2.3:h:arista:7020sr-24c2:-:*:*:*:*:*:*:*,AFFECTS
CVE:CVE-2026-7473,CPE:cpe:2.3:h:arista:7020sr-32c2:-:*:*:*:*:*:*:*,AFFECTS
CVE:CVE-2026-7473,CPE:cpe:2.3:h:arista:7020srg-24c2:-:*:*:*:*:*:*:*,AFFECTS
CVE:CVE-2026-7473,CPE:cpe:2.3:h:arista:7020tr-48:-:*:*:*:*:*:*:*,AFFECTS
CVE:CVE-2026-7473,CPE:cpe:2.3:h:arista:7020tra-48:-:*:*:*:*:*:*:*,AFFECTS
CVE:CVE-2026-7473,CPE:cpe:2.3:h:arista:7280cr-48:-:*:*:*:*:*:*:*,AFFECTS
CVE:CVE-2026-7473,CPE:cpe:2.3:h:arista:7280cr2-60:-:*:*:*:*:*:*:*,AFFECTS
CVE:CVE-2026-7473,CPE:cpe:2.3:h:arista:7280cr2a-30:-:*:*:*:*:*:*:*,AFFECTS
CVE:CVE-2026-7473,CPE:cpe:2.3:h:arista:7280cr2a-60:-:*:*:*:*:*:*:*,AFFECTS
CVE:CVE-2026-7473,CPE:cpe:2.3:h:arista:7280cr2k-30:-:*:*:*:*:*:*:*,AFFECTS
CVE:CVE-2026-7473,CPE:cpe:2.3:h:arista:7280cr2k-60:-:*:*:*:*:*:*:*,AFFECTS
CVE:CVE-2026-7473,CPE:cpe:2.3:h:arista:7280cr2m-30:-:*:*:*:*:*:*:*,AFFECTS
CVE:CVE-2026-7473,CPE:cpe:2.3:h:arista:7280cr3-32d4:-:*:*:*:*:*:*:*,AFFECTS
CVE:CVE-2026-7473,CPE:cpe:2.3:h:arista:7280cr3-32p4:-:*:*:*:*:*:*:*,AFFECTS
CVE:CVE-2026-7473,CPE:cpe:2.3:h:arista:7280cr3-36s:-:*:*:*:*:*:*:*,AFFECTS
CVE:CVE-2026-7473,CPE:cpe:2.3:h:arista:7280cr3-96:-:*:*:*:*:*:*:*,AFFECTS
CVE:CVE-2026-7473,CPE:cpe:2.3:h:arista:7280cr3a-24d12:-:*:*:*:*:*:*:*,AFFECTS
CVE:CVE-2026-7473,CPE:cpe:2.3:h:arista:7280cr3a-48d6:-:*:*:*:*:*:*:*,AFFECTS
CVE:CVE-2026-7473,CPE:cpe:2.3:h:arista:7280cr3a-72:-:*:*:*:*:*:*:*,AFFECTS
CVE:CVE-2026-7473,CPE:cpe:2.3:h:arista:7280cr3ak-24d12:-:*:*:*:*:*:*:*,AFFECTS
CVE:CVE-2026-7473,CPE:cpe:2.3:h:arista:7280cr3ak-48d6:-:*:*:*:*:*:*:*,AFFECTS
CVE:CVE-2026-7473,CPE:cpe:2.3:h:arista:7280cr3ak-72:-:*:*:*:*:*:*:*,AFFECTS
CVE:CVE-2026-7473,CPE:cpe:2.3:h:arista:7280cr3am-24d12:-:*:*:*:*:*:*:*,AFFECTS
CVE:CVE-2026-7473,CPE:cpe:2.3:h:arista:7280cr3am-48d6:-:*:*:*:*:*:*:*,AFFECTS
CVE:CVE-2026-7473,CPE:cpe:2.3:h:arista:7280cr3am-72:-:*:*:*:*:*:*:*,AFFECTS
CVE:CVE-2026-7473,CPE:cpe:2.3:h:arista:7280cr3mk-32d4s:-:*:*:*:*:*:*:*,AFFECTS
CVE:CVE-2026-7473,CPE:cpe:2.3:h:arista:7280cr3mk-32p4s:-:*:*:*:*:*:*:*,AFFECTS
CVE:CVE-2026-7473,CPE:cpe:2.3:h:arista:7280dr3-24:-:*:*:*:*:*:*:*,AFFECTS
CVE:CVE-2026-7473,CPE:cpe:2.3:h:arista:7280dr3a-36:-:*:*:*:*:*:*:*,AFFECTS
CVE:CVE-2026-7473,CPE:cpe:2.3:h:arista:7280dr3a-54:-:*:*:*:*:*:*:*,AFFECTS
CVE:CVE-2026-7473,CPE:cpe:2.3:h:arista:7280dr3ak-36:-:*:*:*:*:*:*:*,AFFECTS
CVE:CVE-2026-7473,CPE:cpe:2.3:h:arista:7280dr3ak-54:-:*:*:*:*:*:*:*,AFFECTS
CVE:CVE-2026-7473,CPE:cpe:2.3:h:arista:7280dr3am-36:-:*:*:*:*:*:*:*,AFFECTS
CVE:CVE-2026-7473,CPE:cpe:2.3:h:arista:7280dr3am-54:-:*:*:*:*:*:*:*,AFFECTS
CVE:CVE-2026-7473,CPE:cpe:2.3:h:arista:7280pr3-24:-:*:*:*:*:*:*:*,AFFECTS
CVE:CVE-2026-7473,CPE:cpe:2.3:h:arista:7280qr-c36-m:-:*:*:*:*:*:*:*,AFFECTS
CVE:CVE-2026-7473,CPE:cpe:2.3:h:arista:7280qr-c36:-:*:*:*:*:*:*:*,AFFECTS
CVE:CVE-2026-7473,CPE:cpe:2.3:h:arista:7280qr-c72:-:*:*:*:*:*:*:*,AFFECTS
CVE:CVE-2026-7473,CPE:cpe:2.3:h:arista:7280qra-c36s:-:*:*:*:*:*:*:*,AFFECTS
CVE:CVE-2026-7473,CPE:cpe:2.3:h:arista:7280qra-c36sm:-:*:*:*:*:*:*:*,AFFECTS
CVE:CVE-2026-7473,CPE:cpe:2.3:h:arista:7280sr-48c6:-:*:*:*:*:*:*:*,AFFECTS
CVE:CVE-2026-7473,CPE:cpe:2.3:h:arista:7280sr2-48yc6-m:-:*:*:*:*:*:*:*,AFFECTS
CVE:CVE-2026-7473,CPE:cpe:2.3:h:arista:7280sr2-48yc6:-:*:*:*:*:*:*:*,AFFECTS
CVE:CVE-2026-7473,CPE:cpe:2.3:h:arista:7280sr2a-48yc6-m:-:*:*:*:*:*:*:*,AFFECTS
CVE:CVE-2026-7473,CPE:cpe:2.3:h:arista:7280sr2a-48yc6:-:*:*:*:*:*:*:*,AFFECTS
CVE:CVE-2026-7473,CPE:cpe:2.3:h:arista:7280sr2k-48c6-m:-:*:*:*:*:*:*:*,AFFECTS
CVE:CVE-2026-7473,CPE:cpe:2.3:h:arista:7280sr3-40yc6:-:*:*:*:*:*:*:*,AFFECTS
CVE:CVE-2026-7473,CPE:cpe:2.3:h:arista:7280sr3-48yc8:-:*:*:*:*:*:*:*,AFFECTS
CVE:CVE-2026-7473,CPE:cpe:2.3:h:arista:7280sr3m-48yc8:-:*:*:*:*:*:*:*,AFFECTS
CVE:CVE-2026-7473,CPE:cpe:2.3:h:arista:7280sra-48c6-m:-:*:*:*:*:*:*:*,AFFECTS
CVE:CVE-2026-7473,CPE:cpe:2.3:h:arista:7280sra-48c6:-:*:*:*:*:*:*:*,AFFECTS
CVE:CVE-2026-7473,CPE:cpe:2.3:h:arista:7280sram-48c6:-:*:*:*:*:*:*:*,AFFECTS
CVE:CVE-2026-7473,CPE:cpe:2.3:h:arista:7280srm-40cx2:-:*:*:*:*:*:*:*,AFFECTS
CVE:CVE-2026-7473,CPE:cpe:2.3:h:arista:7280tr-48c6:-:*:*:*:*:*:*:*,AFFECTS
CVE:CVE-2026-7473,CPE:cpe:2.3:h:arista:7280tr3-40c6:-:*:*:*:*:*:*:*,AFFECTS
CVE:CVE-2026-7473,CPE:cpe:2.3:h:arista:7280tra-48c6-m:-:*:*:*:*:*:*:*,AFFECTS
CVE:CVE-2026-7473,CPE:cpe:2.3:h:arista:7280tra-48c6:-:*:*:*:*:*:*:*,AFFECTS
CVE:CVE-2026-7473,CPE:cpe:2.3:h:arista:7289r3a-sc:-:*:*:*:*:*:*:*,AFFECTS
CVE:CVE-2026-7473,CPE:cpe:2.3:h:arista:7289r3ak-sc:-:*:*:*:*:*:*:*,AFFECTS
CVE:CVE-2026-7473,CPE:cpe:2.3:h:arista:7289r3am-sc:-:*:*:*:*:*:*:*,AFFECTS
CVE:CVE-2026-7473,CPE:cpe:2.3:h:arista:7500r-36cq-lc:-:*:*:*:*:*:*:*,AFFECTS
CVE:CVE-2026-7473,CPE:cpe:2.3:h:arista:7500r-36q-lc:-:*:*:*:*:*:*:*,AFFECTS
CVE:CVE-2026-7473,CPE:cpe:2.3:h:arista:7500r-48s2cq-lc:-:*:*:*:*:*:*:*,AFFECTS
CVE:CVE-2026-7473,CPE:cpe:2.3:h:arista:7500r-8cfpx-lc:-:*:*:*:*:*:*:*,AFFECTS
CVE:CVE-2026-7473,CPE:cpe:2.3:h:arista:7500r2-36cq-lc:-:*:*:*:*:*:*:*,AFFECTS
CVE:CVE-2026-7473,CPE:cpe:2.3:h:arista:7500r2a-36cq-lc:-:*:*:*:*:*:*:*,AFFECTS
CVE:CVE-2026-7473,CPE:cpe:2.3:h:arista:7500r2ak-36cq-lc:-:*:*:*:*:*:*:*,AFFECTS
CVE:CVE-2026-7473,CPE:cpe:2.3:h:arista:7500r2ak-48ycq-lc:-:*:*:*:*:*:*:*,AFFECTS
CVE:CVE-2026-7473,CPE:cpe:2.3:h:arista:7500r2am-36cq-lc:-:*:*:*:*:*:*:*,AFFECTS
CVE:CVE-2026-7473,CPE:cpe:2.3:h:arista:7500r2m-36cq-lc:-:*:*:*:*:*:*:*,AFFECTS
CVE:CVE-2026-7473,CPE:cpe:2.3:h:arista:7500r3-24d:-:*:*:*:*:*:*:*,AFFECTS
CVE:CVE-2026-7473,CPE:cpe:2.3:h:arista:7500r3-24p:-:*:*:*:*:*:*:*,AFFECTS
CVE:CVE-2026-7473,CPE:cpe:2.3:h:arista:7500r3-36cq:-:*:*:*:*:*:*:*,AFFECTS
CVE:CVE-2026-7473,CPE:cpe:2.3:h:arista:7500r3k-36cq:-:*:*:*:*:*:*:*,AFFECTS
CVE:CVE-2026-7473,CPE:cpe:2.3:h:arista:7500r3k-48y4d:-:*:*:*:*:*:*:*,AFFECTS
CVE:CVE-2026-7473,CPE:cpe:2.3:h:arista:7500rm-36cq-lc:-:*:*:*:*:*:*:*,AFFECTS
CVE:CVE-2026-7473,CPE:cpe:2.3:h:arista:7504r-fm:-:*:*:*:*:*:*:*,AFFECTS
CVE:CVE-2026-7473,CPE:cpe:2.3:h:arista:7504r3:-:*:*:*:*:*:*:*,AFFECTS
CVE:CVE-2026-7473,CPE:cpe:2.3:h:arista:7508r-fm:-:*:*:*:*:*:*:*,AFFECTS
CVE:CVE-2026-7473,CPE:cpe:2.3:h:arista:7508r3:-:*:*:*:*:*:*:*,AFFECTS
CVE:CVE-2026-7473,CPE:cpe:2.3:h:arista:7512r-fm:-:*:*:*:*:*:*:*,AFFECTS
CVE:CVE-2026-7473,CPE:cpe:2.3:h:arista:7512r3:-:*:*:*:*:*:*:*,AFFECTS
CVE:CVE-2026-7473,CPE:cpe:2.3:h:arista:7516-sup2:-:*:*:*:*:*:*:*,AFFECTS
CVE:CVE-2026-7473,CPE:cpe:2.3:h:arista:7516n-ch:-:*:*:*:*:*:*:*,AFFECTS
CVE:CVE-2026-7473,CPE:cpe:2.3:h:arista:7516r-fm:-:*:*:*:*:*:*:*,AFFECTS
CVE:CVE-2026-7473,CPE:cpe:2.3:h:arista:7800r3-36d:-:*:*:*:*:*:*:*,AFFECTS
CVE:CVE-2026-7473,CPE:cpe:2.3:h:arista:7800r3-48cq:-:*:*:*:*:*:*:*,AFFECTS
CVE:CVE-2026-7473,CPE:cpe:2.3:h:arista:7800r3a-36d:-:*:*:*:*:*:*:*,AFFECTS
CVE:CVE-2026-7473,CPE:cpe:2.3:h:arista:7800r3a-36dm:-:*:*:*:*:*:*:*,AFFECTS
CVE:CVE-2026-7473,CPE:cpe:2.3:h:arista:7800r3a-36p:-:*:*:*:*:*:*:*,AFFECTS
CVE:CVE-2026-7473,CPE:cpe:2.3:h:arista:7800r3a-36pm:-:*:*:*:*:*:*:*,AFFECTS
CVE:CVE-2026-7473,CPE:cpe:2.3:h:arista:7800r3ak-36dm:-:*:*:*:*:*:*:*,AFFECTS
CVE:CVE-2026-7473,CPE:cpe:2.3:h:arista:7800r3ak-36pm:-:*:*:*:*:*:*:*,AFFECTS
CVE:CVE-2026-7473,CPE:cpe:2.3:h:arista:7800r3k-48cq:-:*:*:*:*:*:*:*,AFFECTS
CVE:CVE-2026-7473,CPE:cpe:2.3:h:arista:7800r3k-48cqms:-:*:*:*:*:*:*:*,AFFECTS
CVE:CVE-2026-7473,CPE:cpe:2.3:h:arista:7800r3k-72y:-:*:*:*:*:*:*:*,AFFECTS
CVE:CVE-2026-7473,CPE:cpe:2.3:h:arista:7804r3:-:*:*:*:*:*:*:*,AFFECTS
CVE:CVE-2026-7473,CPE:cpe:2.3:h:arista:7808r3:-:*:*:*:*:*:*:*,AFFECTS
CVE:CVE-2026-7473,CPE:cpe:2.3:h:arista:7812r3:-:*:*:*:*:*:*:*,AFFECTS
CVE:CVE-2026-7473,CPE:cpe:2.3:h:arista:7816lr3:-:*:*:*:*:*:*:*,AFFECTS
CVE:CVE-2026-7473,CPE:cpe:2.3:h:arista:7816r3:-:*:*:*:*:*:*:*,AFFECTS
CVE:CVE-2026-7473,CPE:cpe:2.3:o:arista:eos:*:*:*:*:*:*:*:*,AFFECTS
CVE:CVE-2026-7473,REF:CVE-2026-7473:0,REFERENCES
CVE:CVE-2026-7473,REF:CVE-2026-7473:1,REFERENCES
CVE:CVE-2026-7473,REF:CVE-2026-7473:2,REFERENCES
CVE:CVE-2025-53521,RISK:CRITICAL,HAS_RISK
CVE:CVE-2025-53521,SIGNAL:CISA_KEV,KNOWN_EXPLOITED
CVE:CVE-2025-53521,CWE:CWE-121,HAS_CWE
CVE:CVE-2025-53521,CPE:cpe:2.3:a:f5:big-ip_access_policy_manager:*:*:*:*:*:*:*:*,AFFECTS
CVE:CVE-2025-53521,REF:CVE-2025-53521:0,REFERENCES
CVE:CVE-2025-53521,REF:CVE-2025-53521:1,REFERENCES
CVE:CVE-2026-25108,RISK:CRITICAL,HAS_RISK
CVE:CVE-2026-25108,SIGNAL:CISA_KEV,KNOWN_EXPLOITED
CVE:CVE-2026-25108,CWE:CWE-78,HAS_CWE
CVE:CVE-2026-25108,CPE:cpe:2.3:a:soliton:filezen:*:*:*:*:*:*:*:*,AFFECTS
CVE:CVE-2026-25108,REF:CVE-2026-25108:0,REFERENCES
CVE:CVE-2026-25108,REF:CVE-2026-25108:1,REFERENCES
CVE:CVE-2026-25108,REF:CVE-2026-25108:2,REFERENCES
CVE:CVE-2025-20337,RISK:CRITICAL,HAS_RISK
CVE:CVE-2025-20337,SIGNAL:CISA_KEV,KNOWN_EXPLOITED
CVE:CVE-2025-20337,CWE:CWE-74,HAS_CWE
CVE:CVE-2025-20337,CPE:cpe:2.3:a:cisco:identity_services_engine:3.3.0:-:*:*:*:*:*:*,AFFECTS
CVE:CVE-2025-20337,CPE:cpe:2.3:a:cisco:identity_services_engine:3.3.0:patch1:*:*:*:*:*:*,AFFECTS
CVE:CVE-2025-20337,CPE:cpe:2.3:a:cisco:identity_services_engine:3.3.0:patch2:*:*:*:*:*:*,AFFECTS
CVE:CVE-2025-20337,CPE:cpe:2.3:a:cisco:identity_services_engine:3.3.0:patch3:*:*:*:*:*:*,AFFECTS
CVE:CVE-2025-20337,CPE:cpe:2.3:a:cisco:identity_services_engine:3.3.0:patch4:*:*:*:*:*:*,AFFECTS
CVE:CVE-2025-20337,CPE:cpe:2.3:a:cisco:identity_services_engine:3.3.0:patch5:*:*:*:*:*:*,AFFECTS
CVE:CVE-2025-20337,CPE:cpe:2.3:a:cisco:identity_services_engine:3.3.0:patch6:*:*:*:*:*:*,AFFECTS
CVE:CVE-2025-20337,CPE:cpe:2.3:a:cisco:identity_services_engine:3.4.0:-:*:*:*:*:*:*,AFFECTS
CVE:CVE-2025-20337,CPE:cpe:2.3:a:cisco:identity_services_engine:3.4.0:patch1:*:*:*:*:*:*,AFFECTS
CVE:CVE-2025-20337,CPE:cpe:2.3:a:cisco:identity_services_engine_passive_identity_connector:3.3.0:-:*:*:*:*:*:*,AFFECTS
CVE:CVE-2025-20337,CPE:cpe:2.3:a:cisco:identity_services_engine_passive_identity_connector:3.3.0:patch1:*:*:*:*:*:*,AFFECTS
CVE:CVE-2025-20337,CPE:cpe:2.3:a:cisco:identity_services_engine_passive_identity_connector:3.3.0:patch2:*:*:*:*:*:*,AFFECTS
CVE:CVE-2025-20337,CPE:cpe:2.3:a:cisco:identity_services_engine_passive_identity_connector:3.3.0:patch3:*:*:*:*:*:*,AFFECTS
CVE:CVE-2025-20337,CPE:cpe:2.3:a:cisco:identity_services_engine_passive_identity_connector:3.3.0:patch4:*:*:*:*:*:*,AFFECTS
CVE:CVE-2025-20337,CPE:cpe:2.3:a:cisco:identity_services_engine_passive_identity_connector:3.3.0:patch5:*:*:*:*:*:*,AFFECTS
CVE:CVE-2025-20337,CPE:cpe:2.3:a:cisco:identity_services_engine_passive_identity_connector:3.3.0:patch6:*:*:*:*:*:*,AFFECTS
CVE:CVE-2025-20337,CPE:cpe:2.3:a:cisco:identity_services_engine_passive_identity_connector:3.4.0:-:*:*:*:*:*:*,AFFECTS
CVE:CVE-2025-20337,CPE:cpe:2.3:a:cisco:identity_services_engine_passive_identity_connector:3.4.0:patch1:*:*:*:*:*:*,AFFECTS
CVE:CVE-2025-20337,REF:CVE-2025-20337:0,REFERENCES
CVE:CVE-2025-20337,REF:CVE-2025-20337:1,REFERENCES
CVE:CVE-2024-9537,RISK:CRITICAL,HAS_RISK
CVE:CVE-2024-9537,SIGNAL:CISA_KEV,KNOWN_EXPLOITED
CVE:CVE-2024-9537,CPE:cpe:2.3:a:sciencelogic:sl1:*:*:*:*:*:*:*:*,AFFECTS
CVE:CVE-2024-9537,REF:CVE-2024-9537:0,REFERENCES
CVE:CVE-2024-9537,REF:CVE-2024-9537:1,REFERENCES
CVE:CVE-2024-9537,REF:CVE-2024-9537:2,REFERENCES
CVE:CVE-2024-9537,REF:CVE-2024-9537:3,REFERENCES
CVE:CVE-2024-9537,REF:CVE-2024-9537:4,REFERENCES
CVE:CVE-2024-9537,REF:CVE-2024-9537:5,REFERENCES
CVE:CVE-2024-9537,REF:CVE-2024-9537:6,REFERENCES
CVE:CVE-2024-9537,REF:CVE-2024-9537:7,REFERENCES
CVE:CVE-2024-9537,REF:CVE-2024-9537:8,REFERENCES
CVE:CVE-2024-9537,REF:CVE-2024-9537:9,REFERENCES
CVE:CVE-2024-11182,RISK:CRITICAL,HAS_RISK
CVE:CVE-2024-11182,SIGNAL:CISA_KEV,KNOWN_EXPLOITED
CVE:CVE-2024-11182,CWE:CWE-79,HAS_CWE
CVE:CVE-2024-11182,CPE:cpe:2.3:a:mdaemon:mdaemon:*:*:*:*:*:*:*:*,AFFECTS
CVE:CVE-2024-11182,REF:CVE-2024-11182:0,REFERENCES
CVE:CVE-2024-11182,REF:CVE-2024-11182:1,REFERENCES
CVE:CVE-2025-8110,RISK:CRITICAL,HAS_RISK
CVE:CVE-2025-8110,SIGNAL:CISA_KEV,KNOWN_EXPLOITED
CVE:CVE-2025-8110,CWE:CWE-22,HAS_CWE
CVE:CVE-2025-8110,CPE:cpe:2.3:a:gogs:gogs:*:*:*:*:*:*:*:*,AFFECTS
CVE:CVE-2025-8110,REF:CVE-2025-8110:0,REFERENCES
CVE:CVE-2025-8110,REF:CVE-2025-8110:1,REFERENCES
CVE:CVE-2025-8110,REF:CVE-2025-8110:2,REFERENCES
CVE:CVE-2025-8110,REF:CVE-2025-8110:3,REFERENCES
CVE:CVE-2025-8110,REF:CVE-2025-8110:4,REFERENCES
CVE:CVE-2025-8110,REF:CVE-2025-8110:5,REFERENCES
CVE:CVE-2025-8110,REF:CVE-2025-8110:6,REFERENCES
CVE:CVE-2025-8110,REF:CVE-2025-8110:7,REFERENCES
CVE:CVE-2025-8110,REF:CVE-2025-8110:8,REFERENCES
CVE:CVE-2026-45247,RISK:CRITICAL,HAS_RISK
CVE:CVE-2026-45247,SIGNAL:CISA_KEV,KNOWN_EXPLOITED
CVE:CVE-2026-45247,CWE:CWE-502,HAS_CWE
CVE:CVE-2026-45247,CPE:cpe:2.3:a:mirasvit:full_page_cache_warmer:*:*:*:*:*:magento:*:*,AFFECTS
CVE:CVE-2026-45247,REF:CVE-2026-45247:0,REFERENCES
CVE:CVE-2026-45247,REF:CVE-2026-45247:1,REFERENCES
CVE:CVE-2026-45247,REF:CVE-2026-45247:2,REFERENCES
CVE:CVE-2026-45247,REF:CVE-2026-45247:3,REFERENCES
CVE:CVE-2026-45247,REF:CVE-2026-45247:4,REFERENCES
CVE:CVE-2026-33017,RISK:CRITICAL,HAS_RISK
CVE:CVE-2026-33017,SIGNAL:CISA_KEV,KNOWN_EXPLOITED
CVE:CVE-2026-33017,CWE:CWE-306,HAS_CWE
CVE:CVE-2026-33017,CWE:CWE-94,HAS_CWE
CVE:CVE-2026-33017,CWE:CWE-95,HAS_CWE
CVE:CVE-2026-33017,CPE:cpe:2.3:a:langflow:langflow:*:*:*:*:*:*:*:*,AFFECTS
CVE:CVE-2026-33017,REF:CVE-2026-33017:0,REFERENCES
CVE:CVE-2026-33017,REF:CVE-2026-33017:1,REFERENCES
CVE:CVE-2026-33017,REF:CVE-2026-33017:2,REFERENCES
CVE:CVE-2026-33017,REF:CVE-2026-33017:3,REFERENCES
CVE:CVE-2026-33017,REF:CVE-2026-33017:4,REFERENCES
CVE:CVE-2026-33017,REF:CVE-2026-33017:5,REFERENCES
CVE:CVE-2026-33017,REF:CVE-2026-33017:6,REFERENCES
CVE:CVE-2025-0994,RISK:CRITICAL,HAS_RISK
CVE:CVE-2025-0994,SIGNAL:CISA_KEV,KNOWN_EXPLOITED
CVE:CVE-2025-0994,CWE:CWE-502,HAS_CWE
CVE:CVE-2025-0994,CPE:cpe:2.3:a:trimble:cityworks:*:*:*:*:*:*:*:*,AFFECTS
CVE:CVE-2025-0994,REF:CVE-2025-0994:0,REFERENCES
CVE:CVE-2025-0994,REF:CVE-2025-0994:1,REFERENCES
CVE:CVE-2025-0994,REF:CVE-2025-0994:2,REFERENCES
CVE:CVE-2025-64328,RISK:CRITICAL,HAS_RISK
CVE:CVE-2025-64328,SIGNAL:CISA_KEV,KNOWN_EXPLOITED
CVE:CVE-2025-64328,CWE:CWE-78,HAS_CWE
CVE:CVE-2025-64328,CPE:cpe:2.3:a:sangoma:filestore:*:*:*:*:*:freepbx:*:*,AFFECTS
CVE:CVE-2025-64328,REF:CVE-2025-64328:0,REFERENCES
CVE:CVE-2025-64328,REF:CVE-2025-64328:1,REFERENCES
CVE:CVE-2025-64328,REF:CVE-2025-64328:2,REFERENCES
CVE:CVE-2025-64328,REF:CVE-2025-64328:3,REFERENCES
CVE:CVE-2025-64328,REF:CVE-2025-64328:4,REFERENCES
CVE:CVE-2024-4978,RISK:CRITICAL,HAS_RISK
CVE:CVE-2024-4978,SIGNAL:CISA_KEV,KNOWN_EXPLOITED
CVE:CVE-2024-4978,CWE:CWE-506,HAS_CWE
CVE:CVE-2024-4978,CPE:cpe:2.3:a:javs:javs_viewer:8.3.7.250:*:*:*:*:*:*:*,AFFECTS
CVE:CVE-2024-4978,REF:CVE-2024-4978:0,REFERENCES
CVE:CVE-2024-4978,REF:CVE-2024-4978:1,REFERENCES
CVE:CVE-2024-4978,REF:CVE-2024-4978:2,REFERENCES
CVE:CVE-2024-4978,REF:CVE-2024-4978:3,REFERENCES
CVE:CVE-2025-2776,RISK:CRITICAL,HAS_RISK
CVE:CVE-2025-2776,SIGNAL:CISA_KEV,KNOWN_EXPLOITED
CVE:CVE-2025-2776,CWE:CWE-611,HAS_CWE
CVE:CVE-2025-2776,CPE:cpe:2.3:a:sysaid:sysaid:*:*:*:*:on-premises:*:*:*,AFFECTS
CVE:CVE-2025-2776,REF:CVE-2025-2776:0,REFERENCES
CVE:CVE-2025-2776,REF:CVE-2025-2776:1,REFERENCES
CVE:CVE-2025-2776,REF:CVE-2025-2776:2,REFERENCES
CVE:CVE-2026-81578,RISK:CRITICAL,HAS_RISK
CVE:CVE-2026-81578,SIGNAL:CISA_KEV,KNOWN_EXPLOITED
CVE:CVE-2026-81578,CWE:CWE-305,HAS_CWE
CVE:CVE-2026-81578,CPE:cpe:2.3:a:papercut:papercut_mf:*:*:*:*:*:*:*:*,AFFECTS
CVE:CVE-2026-81578,CPE:cpe:2.3:a:papercut:papercut_ng:*:*:*:*:*:*:*:*,AFFECTS
CVE:CVE-2026-81578,REF:CVE-2026-81578:0,REFERENCES
CVE:CVE-2026-81578,REF:CVE-2026-81578:1,REFERENCES
CVE:CVE-2026-81578,REF:CVE-2026-81578:2,REFERENCES
CVE:CVE-2025-20281,RISK:CRITICAL,HAS_RISK
CVE:CVE-2025-20281,SIGNAL:CISA_KEV,KNOWN_EXPLOITED
CVE:CVE-2025-20281,CWE:CWE-74,HAS_CWE
CVE:CVE-2025-20281,CPE:cpe:2.3:a:cisco:identity_services_engine:3.3.0:-:*:*:*:*:*:*,AFFECTS
CVE:CVE-2025-20281,CPE:cpe:2.3:a:cisco:identity_services_engine:3.3.0:patch1:*:*:*:*:*:*,AFFECTS
CVE:CVE-2025-20281,CPE:cpe:2.3:a:cisco:identity_services_engine:3.3.0:patch2:*:*:*:*:*:*,AFFECTS
CVE:CVE-2025-20281,CPE:cpe:2.3:a:cisco:identity_services_engine:3.3.0:patch3:*:*:*:*:*:*,AFFECTS
CVE:CVE-2025-20281,CPE:cpe:2.3:a:cisco:identity_services_engine:3.3.0:patch4:*:*:*:*:*:*,AFFECTS
CVE:CVE-2025-20281,CPE:cpe:2.3:a:cisco:identity_services_engine:3.3.0:patch5:*:*:*:*:*:*,AFFECTS
CVE:CVE-2025-20281,CPE:cpe:2.3:a:cisco:identity_services_engine:3.3.0:patch6:*:*:*:*:*:*,AFFECTS
CVE:CVE-2025-20281,CPE:cpe:2.3:a:cisco:identity_services_engine:3.4.0:-:*:*:*:*:*:*,AFFECTS
CVE:CVE-2025-20281,CPE:cpe:2.3:a:cisco:identity_services_engine:3.4.0:patch1:*:*:*:*:*:*,AFFECTS
CVE:CVE-2025-20281,CPE:cpe:2.3:a:cisco:identity_services_engine_passive_identity_connector:3.3.0:-:*:*:*:*:*:*,AFFECTS
CVE:CVE-2025-20281,CPE:cpe:2.3:a:cisco:identity_services_engine_passive_identity_connector:3.3.0:patch1:*:*:*:*:*:*,AFFECTS
CVE:CVE-2025-20281,CPE:cpe:2.3:a:cisco:identity_services_engine_passive_identity_connector:3.3.0:patch2:*:*:*:*:*:*,AFFECTS
CVE:CVE-2025-20281,CPE:cpe:2.3:a:cisco:identity_services_engine_passive_identity_connector:3.3.0:patch3:*:*:*:*:*:*,AFFECTS
CVE:CVE-2025-20281,CPE:cpe:2.3:a:cisco:identity_services_engine_passive_identity_connector:3.3.0:patch4:*:*:*:*:*:*,AFFECTS
CVE:CVE-2025-20281,CPE:cpe:2.3:a:cisco:identity_services_engine_passive_identity_connector:3.3.0:patch5:*:*:*:*:*:*,AFFECTS
CVE:CVE-2025-20281,CPE:cpe:2.3:a:cisco:identity_services_engine_passive_identity_connector:3.3.0:patch6:*:*:*:*:*:*,AFFECTS
CVE:CVE-2025-20281,CPE:cpe:2.3:a:cisco:identity_services_engine_passive_identity_connector:3.4.0:-:*:*:*:*:*:*,AFFECTS
CVE:CVE-2025-20281,CPE:cpe:2.3:a:cisco:identity_services_engine_passive_identity_connector:3.4.0:patch1:*:*:*:*:*:*,AFFECTS
CVE:CVE-2025-20281,REF:CVE-2025-20281:0,REFERENCES
CVE:CVE-2025-20281,REF:CVE-2025-20281:1,REFERENCES
CVE:CVE-2025-20281,REF:CVE-2025-20281:2,REFERENCES
CVE:CVE-2025-21479,RISK:CRITICAL,HAS_RISK
CVE:CVE-2025-21479,SIGNAL:CISA_KEV,KNOWN_EXPLOITED
CVE:CVE-2025-21479,CWE:CWE-863,HAS_CWE
CVE:CVE-2025-21479,CPE:cpe:2.3:h:qualcomm:aqt1000:-:*:*:*:*:*:*:*,AFFECTS
CVE:CVE-2025-21479,CPE:cpe:2.3:h:qualcomm:fastconnect_6200:-:*:*:*:*:*:*:*,AFFECTS
CVE:CVE-2025-21479,CPE:cpe:2.3:h:qualcomm:fastconnect_6700:-:*:*:*:*:*:*:*,AFFECTS
CVE:CVE-2025-21479,CPE:cpe:2.3:h:qualcomm:fastconnect_6800:-:*:*:*:*:*:*:*,AFFECTS
CVE:CVE-2025-21479,CPE:cpe:2.3:h:qualcomm:fastconnect_6900:-:*:*:*:*:*:*:*,AFFECTS
CVE:CVE-2025-21479,CPE:cpe:2.3:h:qualcomm:fastconnect_7800:-:*:*:*:*:*:*:*,AFFECTS
CVE:CVE-2025-21479,CPE:cpe:2.3:h:qualcomm:qca6391:-:*:*:*:*:*:*:*,AFFECTS
CVE:CVE-2025-21479,CPE:cpe:2.3:h:qualcomm:qcm4490:-:*:*:*:*:*:*:*,AFFECTS
CVE:CVE-2025-21479,CPE:cpe:2.3:h:qualcomm:qcs4490:-:*:*:*:*:*:*:*,AFFECTS
CVE:CVE-2025-21479,CPE:cpe:2.3:h:qualcomm:sd855:-:*:*:*:*:*:*:*,AFFECTS
CVE:CVE-2025-21479,CPE:cpe:2.3:h:qualcomm:sm4635:-:*:*:*:*:*:*:*,AFFECTS
CVE:CVE-2025-21479,CPE:cpe:2.3:h:qualcomm:sm6250:-:*:*:*:*:*:*:*,AFFECTS
CVE:CVE-2025-21479,CPE:cpe:2.3:h:qualcomm:sm6650:-:*:*:*:*:*:*:*,AFFECTS
CVE:CVE-2025-21479,CPE:cpe:2.3:h:qualcomm:sm6650p:-:*:*:*:*:*:*:*,AFFECTS
CVE:CVE-2025-21479,CPE:cpe:2.3:h:qualcomm:sm7325p:-:*:*:*:*:*:*:*,AFFECTS
CVE:CVE-2025-21479,CPE:cpe:2.3:h:qualcomm:sm7635:-:*:*:*:*:*:*:*,AFFECTS
CVE:CVE-2025-21479,CPE:cpe:2.3:h:qualcomm:sm7675:-:*:*:*:*:*:*:*,AFFECTS
CVE:CVE-2025-21479,CPE:cpe:2.3:h:qualcomm:sm7675p:-:*:*:*:*:*:*:*,AFFECTS
CVE:CVE-2025-21479,CPE:cpe:2.3:h:qualcomm:sm8550p:-:*:*:*:*:*:*:*,AFFECTS
CVE:CVE-2025-21479,CPE:cpe:2.3:h:qualcomm:sm8635:-:*:*:*:*:*:*:*,AFFECTS
CVE:CVE-2025-21479,CPE:cpe:2.3:h:qualcomm:sm8635p:-:*:*:*:*:*:*:*,AFFECTS
CVE:CVE-2025-21479,CPE:cpe:2.3:h:qualcomm:sm8650q:-:*:*:*:*:*:*:*,AFFECTS
CVE:CVE-2025-21479,CPE:cpe:2.3:h:qualcomm:snapdragon_460_mobile_platform:-:*:*:*:*:*:*:*,AFFECTS
CVE:CVE-2025-21479,CPE:cpe:2.3:h:qualcomm:snapdragon_480\+_5g_mobile_platform_\(sm4350-ac\):-:*:*:*:*:*:*:*,AFFECTS
CVE:CVE-2025-21479,CPE:cpe:2.3:h:qualcomm:snapdragon_480_5g_mobile_platform:-:*:*:*:*:*:*:*,AFFECTS
CVE:CVE-2025-21479,CPE:cpe:2.3:h:qualcomm:snapdragon_4_gen_1_mobile_platform:-:*:*:*:*:*:*:*,AFFECTS
CVE:CVE-2025-21479,CPE:cpe:2.3:h:qualcomm:snapdragon_662_mobile_platform:-:*:*:*:*:*:*:*,AFFECTS
CVE:CVE-2025-21479,CPE:cpe:2.3:h:qualcomm:snapdragon_680_4g_mobile_platform:-:*:*:*:*:*:*:*,AFFECTS
CVE:CVE-2025-21479,CPE:cpe:2.3:h:qualcomm:snapdragon_685_4g_mobile_platform_\(sm6225-ad\):-:*:*:*:*:*:*:*,AFFECTS
CVE:CVE-2025-21479,CPE:cpe:2.3:h:qualcomm:snapdragon_690_5g_mobile_platform:-:*:*:*:*:*:*:*,AFFECTS
CVE:CVE-2025-21479,CPE:cpe:2.3:h:qualcomm:snapdragon_695_5g_mobile_platform:-:*:*:*:*:*:*:*,AFFECTS
CVE:CVE-2025-21479,CPE:cpe:2.3:h:qualcomm:snapdragon_720g_mobile_platform:-:*:*:*:*:*:*:*,AFFECTS
CVE:CVE-2025-21479,CPE:cpe:2.3:h:qualcomm:snapdragon_778g\+_5g_mobile_platform_\(sm7325-ae\):-:*:*:*:*:*:*:*,AFFECTS
CVE:CVE-2025-21479,CPE:cpe:2.3:h:qualcomm:snapdragon_778g_5g_mobile_platform:-:*:*:*:*:*:*:*,AFFECTS
CVE:CVE-2025-21479,CPE:cpe:2.3:h:qualcomm:snapdragon_782g_mobile_platform_\(sm7325-af\):-:*:*:*:*:*:*:*,AFFECTS
CVE:CVE-2025-21479,CPE:cpe:2.3:h:qualcomm:snapdragon_7c\+_gen_3_compute:-:*:*:*:*:*:*:*,AFFECTS
CVE:CVE-2025-21479,CPE:cpe:2.3:h:qualcomm:snapdragon_855\+\/860_mobile_platform_\(sm8150-ac\):-:*:*:*:*:*:*:*,AFFECTS
CVE:CVE-2025-21479,CPE:cpe:2.3:h:qualcomm:snapdragon_855_mobile_platform:-:*:*:*:*:*:*:*,AFFECTS
CVE:CVE-2025-21479,CPE:cpe:2.3:h:qualcomm:snapdragon_865\+_5g_mobile_platform_\(sm8250-ab\):-:*:*:*:*:*:*:*,AFFECTS
CVE:CVE-2025-21479,CPE:cpe:2.3:h:qualcomm:snapdragon_865_5g_mobile_platform:-:*:*:*:*:*:*:*,AFFECTS
CVE:CVE-2025-21479,CPE:cpe:2.3:h:qualcomm:snapdragon_870_5g_mobile_platform_\(sm8250-ac\):-:*:*:*:*:*:*:*,AFFECTS
CVE:CVE-2025-21479,CPE:cpe:2.3:h:qualcomm:snapdragon_888\+_5g_mobile_platform_\(sm8350-ac\):-:*:*:*:*:*:*:*,AFFECTS
CVE:CVE-2025-21479,CPE:cpe:2.3:h:qualcomm:snapdragon_888_5g_mobile_platform:-:*:*:*:*:*:*:*,AFFECTS
CVE:CVE-2025-21479,CPE:cpe:2.3:h:qualcomm:snapdragon_8\+_gen_2_mobile_platform:-:*:*:*:*:*:*:*,AFFECTS
CVE:CVE-2025-21479,CPE:cpe:2.3:h:qualcomm:snapdragon_8_gen_2_mobile_platform:-:*:*:*:*:*:*:*,AFFECTS
CVE:CVE-2025-21479,CPE:cpe:2.3:h:qualcomm:snapdragon_8_gen_3_mobile_platform:-:*:*:*:*:*:*:*,AFFECTS
CVE:CVE-2025-21479,CPE:cpe:2.3:h:qualcomm:snapdragon_ar1_gen_1:-:*:*:*:*:*:*:*,AFFECTS
CVE:CVE-2025-21479,"CPE:cpe:2.3:h:qualcomm:snapdragon_ar1_gen_1_platform_\""luna1\"":-:*:*:*:*:*:*:*",AFFECTS
CVE:CVE-2025-21479,CPE:cpe:2.3:h:qualcomm:snapdragon_x55_5g_modem-rf_system:-:*:*:*:*:*:*:*,AFFECTS
CVE:CVE-2025-21479,CPE:cpe:2.3:h:qualcomm:sxr2230p:-:*:*:*:*:*:*:*,AFFECTS
CVE:CVE-2025-21479,CPE:cpe:2.3:h:qualcomm:sxr2250p:-:*:*:*:*:*:*:*,AFFECTS
CVE:CVE-2025-21479,CPE:cpe:2.3:h:qualcomm:sxr2330p:-:*:*:*:*:*:*:*,AFFECTS
CVE:CVE-2025-21479,CPE:cpe:2.3:h:qualcomm:wcd9341:-:*:*:*:*:*:*:*,AFFECTS
CVE:CVE-2025-21479,CPE:cpe:2.3:h:qualcomm:wcd9370:-:*:*:*:*:*:*:*,AFFECTS
CVE:CVE-2025-21479,CPE:cpe:2.3:h:qualcomm:wcd9375:-:*:*:*:*:*:*:*,AFFECTS
CVE:CVE-2025-21479,CPE:cpe:2.3:h:qualcomm:wcd9378:-:*:*:*:*:*:*:*,AFFECTS
CVE:CVE-2025-21479,CPE:cpe:2.3:h:qualcomm:wcd9380:-:*:*:*:*:*:*:*,AFFECTS
CVE:CVE-2025-21479,CPE:cpe:2.3:h:qualcomm:wcd9385:-:*:*:*:*:*:*:*,AFFECTS
CVE:CVE-2025-21479,CPE:cpe:2.3:h:qualcomm:wcd9390:-:*:*:*:*:*:*:*,AFFECTS
CVE:CVE-2025-21479,CPE:cpe:2.3:h:qualcomm:wcd9395:-:*:*:*:*:*:*:*,AFFECTS
CVE:CVE-2025-21479,CPE:cpe:2.3:h:qualcomm:wcn3950:-:*:*:*:*:*:*:*,AFFECTS
CVE:CVE-2025-21479,CPE:cpe:2.3:h:qualcomm:wcn3988:-:*:*:*:*:*:*:*,AFFECTS
CVE:CVE-2025-21479,CPE:cpe:2.3:h:qualcomm:wcn6450:-:*:*:*:*:*:*:*,AFFECTS
CVE:CVE-2025-21479,CPE:cpe:2.3:h:qualcomm:wcn6650:-:*:*:*:*:*:*:*,AFFECTS
CVE:CVE-2025-21479,CPE:cpe:2.3:h:qualcomm:wcn6755:-:*:*:*:*:*:*:*,AFFECTS
CVE:CVE-2025-21479,CPE:cpe:2.3:h:qualcomm:wcn7861:-:*:*:*:*:*:*:*,AFFECTS
CVE:CVE-2025-21479,CPE:cpe:2.3:h:qualcomm:wcn7881:-:*:*:*:*:*:*:*,AFFECTS
CVE:CVE-2025-21479,CPE:cpe:2.3:h:qualcomm:wsa8810:-:*:*:*:*:*:*:*,AFFECTS
CVE:CVE-2025-21479,CPE:cpe:2.3:h:qualcomm:wsa8815:-:*:*:*:*:*:*:*,AFFECTS
CVE:CVE-2025-21479,CPE:cpe:2.3:h:qualcomm:wsa8830:-:*:*:*:*:*:*:*,AFFECTS
CVE:CVE-2025-21479,CPE:cpe:2.3:h:qualcomm:wsa8832:-:*:*:*:*:*:*:*,AFFECTS
CVE:CVE-2025-21479,CPE:cpe:2.3:h:qualcomm:wsa8835:-:*:*:*:*:*:*:*,AFFECTS
CVE:CVE-2025-21479,CPE:cpe:2.3:h:qualcomm:wsa8840:-:*:*:*:*:*:*:*,AFFECTS
CVE:CVE-2025-21479,CPE:cpe:2.3:h:qualcomm:wsa8845:-:*:*:*:*:*:*:*,AFFECTS
CVE:CVE-2025-21479,CPE:cpe:2.3:h:qualcomm:wsa8845h:-:*:*:*:*:*:*:*,AFFECTS
CVE:CVE-2025-21479,CPE:cpe:2.3:o:qualcomm:aqt1000_firmware:-:*:*:*:*:*:*:*,AFFECTS
CVE:CVE-2025-21479,CPE:cpe:2.3:o:qualcomm:fastconnect_6200_firmware:-:*:*:*:*:*:*:*,AFFECTS
CVE:CVE-2025-21479,CPE:cpe:2.3:o:qualcomm:fastconnect_6700_firmware:-:*:*:*:*:*:*:*,AFFECTS
CVE:CVE-2025-21479,CPE:cpe:2.3:o:qualcomm:fastconnect_6800_firmware:-:*:*:*:*:*:*:*,AFFECTS
CVE:CVE-2025-21479,CPE:cpe:2.3:o:qualcomm:fastconnect_6900_firmware:-:*:*:*:*:*:*:*,AFFECTS
CVE:CVE-2025-21479,CPE:cpe:2.3:o:qualcomm:fastconnect_7800_firmware:-:*:*:*:*:*:*:*,AFFECTS
CVE:CVE-2025-21479,CPE:cpe:2.3:o:qualcomm:qca6391_firmware:-:*:*:*:*:*:*:*,AFFECTS
CVE:CVE-2025-21479,CPE:cpe:2.3:o:qualcomm:qcm4490_firmware:-:*:*:*:*:*:*:*,AFFECTS
CVE:CVE-2025-21479,CPE:cpe:2.3:o:qualcomm:qcs4490_firmware:-:*:*:*:*:*:*:*,AFFECTS
CVE:CVE-2025-21479,CPE:cpe:2.3:o:qualcomm:sd855_firmware:-:*:*:*:*:*:*:*,AFFECTS
CVE:CVE-2025-21479,CPE:cpe:2.3:o:qualcomm:sm4635_firmware:-:*:*:*:*:*:*:*,AFFECTS
CVE:CVE-2025-21479,CPE:cpe:2.3:o:qualcomm:sm6250_firmware:-:*:*:*:*:*:*:*,AFFECTS
CVE:CVE-2025-21479,CPE:cpe:2.3:o:qualcomm:sm6650_firmware:-:*:*:*:*:*:*:*,AFFECTS
CVE:CVE-2025-21479,CPE:cpe:2.3:o:qualcomm:sm6650p_firmware:-:*:*:*:*:*:*:*,AFFECTS
CVE:CVE-2025-21479,CPE:cpe:2.3:o:qualcomm:sm7325p_firmware:-:*:*:*:*:*:*:*,AFFECTS
CVE:CVE-2025-21479,CPE:cpe:2.3:o:qualcomm:sm7635_firmware:-:*:*:*:*:*:*:*,AFFECTS
CVE:CVE-2025-21479,CPE:cpe:2.3:o:qualcomm:sm7675_firmware:-:*:*:*:*:*:*:*,AFFECTS
CVE:CVE-2025-21479,CPE:cpe:2.3:o:qualcomm:sm7675p_firmware:-:*:*:*:*:*:*:*,AFFECTS
CVE:CVE-2025-21479,CPE:cpe:2.3:o:qualcomm:sm8550p_firmware:-:*:*:*:*:*:*:*,AFFECTS
CVE:CVE-2025-21479,CPE:cpe:2.3:o:qualcomm:sm8635_firmware:-:*:*:*:*:*:*:*,AFFECTS
CVE:CVE-2025-21479,CPE:cpe:2.3:o:qualcomm:sm8635p_firmware:-:*:*:*:*:*:*:*,AFFECTS
CVE:CVE-2025-21479,CPE:cpe:2.3:o:qualcomm:sm8650q_firmware:-:*:*:*:*:*:*:*,AFFECTS
CVE:CVE-2025-21479,CPE:cpe:2.3:o:qualcomm:snapdragon_460_mobile_platform_firmware:-:*:*:*:*:*:*:*,AFFECTS
CVE:CVE-2025-21479,CPE:cpe:2.3:o:qualcomm:snapdragon_480\+_5g_mobile_platform_\(sm4350-ac\)_firmware:-:*:*:*:*:*:*:*,AFFECTS
CVE:CVE-2025-21479,CPE:cpe:2.3:o:qualcomm:snapdragon_480_5g_mobile_platform_firmware:-:*:*:*:*:*:*:*,AFFECTS
CVE:CVE-2025-21479,CPE:cpe:2.3:o:qualcomm:snapdragon_4_gen_1_mobile_platform_firmware:-:*:*:*:*:*:*:*,AFFECTS
CVE:CVE-2025-21479,CPE:cpe:2.3:o:qualcomm:snapdragon_662_mobile_platform_firmware:-:*:*:*:*:*:*:*,AFFECTS
CVE:CVE-2025-21479,CPE:cpe:2.3:o:qualcomm:snapdragon_680_4g_mobile_platform_firmware:-:*:*:*:*:*:*:*,AFFECTS
CVE:CVE-2025-21479,CPE:cpe:2.3:o:qualcomm:snapdragon_685_4g_mobile_platform_\(sm6225-ad\)_firmware:-:*:*:*:*:*:*:*,AFFECTS
CVE:CVE-2025-21479,CPE:cpe:2.3:o:qualcomm:snapdragon_690_5g_mobile_platform_firmware:-:*:*:*:*:*:*:*,AFFECTS
CVE:CVE-2025-21479,CPE:cpe:2.3:o:qualcomm:snapdragon_695_5g_mobile_platform_firmware:-:*:*:*:*:*:*:*,AFFECTS
CVE:CVE-2025-21479,CPE:cpe:2.3:o:qualcomm:snapdragon_720g_mobile_platform_firmware:-:*:*:*:*:*:*:*,AFFECTS
CVE:CVE-2025-21479,CPE:cpe:2.3:o:qualcomm:snapdragon_778g\+_5g_mobile_platform_\(sm7325-ae\)_firmware:-:*:*:*:*:*:*:*,AFFECTS
CVE:CVE-2025-21479,CPE:cpe:2.3:o:qualcomm:snapdragon_778g_5g_mobile_platform_firmware:-:*:*:*:*:*:*:*,AFFECTS
CVE:CVE-2025-21479,CPE:cpe:2.3:o:qualcomm:snapdragon_782g_mobile_platform_\(sm7325-af\)_firmware:-:*:*:*:*:*:*:*,AFFECTS
CVE:CVE-2025-21479,CPE:cpe:2.3:o:qualcomm:snapdragon_7c\+_gen_3_compute_firmware:-:*:*:*:*:*:*:*,AFFECTS
CVE:CVE-2025-21479,CPE:cpe:2.3:o:qualcomm:snapdragon_855\+\/860_mobile_platform_\(sm8150-ac\)_firmware:-:*:*:*:*:*:*:*,AFFECTS
CVE:CVE-2025-21479,CPE:cpe:2.3:o:qualcomm:snapdragon_855_mobile_platform_firmware:-:*:*:*:*:*:*:*,AFFECTS
CVE:CVE-2025-21479,CPE:cpe:2.3:o:qualcomm:snapdragon_865\+_5g_mobile_platform_\(sm8250-ab\)_firmware:-:*:*:*:*:*:*:*,AFFECTS
CVE:CVE-2025-21479,CPE:cpe:2.3:o:qualcomm:snapdragon_865_5g_mobile_platform_firmware:-:*:*:*:*:*:*:*,AFFECTS
CVE:CVE-2025-21479,CPE:cpe:2.3:o:qualcomm:snapdragon_870_5g_mobile_platform_\(sm8250-ac\)_firmware:-:*:*:*:*:*:*:*,AFFECTS
CVE:CVE-2025-21479,CPE:cpe:2.3:o:qualcomm:snapdragon_888\+_5g_mobile_platform_\(sm8350-ac\)_firmware:-:*:*:*:*:*:*:*,AFFECTS
CVE:CVE-2025-21479,CPE:cpe:2.3:o:qualcomm:snapdragon_888_5g_mobile_platform_firmware:-:*:*:*:*:*:*:*,AFFECTS
CVE:CVE-2025-21479,CPE:cpe:2.3:o:qualcomm:snapdragon_8\+_gen_2_mobile_platform_firmware:-:*:*:*:*:*:*:*,AFFECTS
CVE:CVE-2025-21479,CPE:cpe:2.3:o:qualcomm:snapdragon_8_gen_2_mobile_platform_firmware:-:*:*:*:*:*:*:*,AFFECTS
CVE:CVE-2025-21479,CPE:cpe:2.3:o:qualcomm:snapdragon_8_gen_3_mobile_platform_firmware:-:*:*:*:*:*:*:*,AFFECTS
CVE:CVE-2025-21479,CPE:cpe:2.3:o:qualcomm:snapdragon_ar1_gen_1_firmware:-:*:*:*:*:*:*:*,AFFECTS
CVE:CVE-2025-21479,"CPE:cpe:2.3:o:qualcomm:snapdragon_ar1_gen_1_platform_\""luna1\""_firmware:-:*:*:*:*:*:*:*",AFFECTS
CVE:CVE-2025-21479,CPE:cpe:2.3:o:qualcomm:snapdragon_x55_5g_modem-rf_system_firmware:-:*:*:*:*:*:*:*,AFFECTS
CVE:CVE-2025-21479,CPE:cpe:2.3:o:qualcomm:sxr2230p_firmware:-:*:*:*:*:*:*:*,AFFECTS
CVE:CVE-2025-21479,CPE:cpe:2.3:o:qualcomm:sxr2250p_firmware:-:*:*:*:*:*:*:*,AFFECTS
CVE:CVE-2025-21479,CPE:cpe:2.3:o:qualcomm:sxr2330p_firmware:-:*:*:*:*:*:*:*,AFFECTS
CVE:CVE-2025-21479,CPE:cpe:2.3:o:qualcomm:wcd9341_firmware:-:*:*:*:*:*:*:*,AFFECTS
CVE:CVE-2025-21479,CPE:cpe:2.3:o:qualcomm:wcd9370_firmware:-:*:*:*:*:*:*:*,AFFECTS
CVE:CVE-2025-21479,CPE:cpe:2.3:o:qualcomm:wcd9375_firmware:-:*:*:*:*:*:*:*,AFFECTS
CVE:CVE-2025-21479,CPE:cpe:2.3:o:qualcomm:wcd9378_firmware:-:*:*:*:*:*:*:*,AFFECTS
CVE:CVE-2025-21479,CPE:cpe:2.3:o:qualcomm:wcd9380_firmware:-:*:*:*:*:*:*:*,AFFECTS
CVE:CVE-2025-21479,CPE:cpe:2.3:o:qualcomm:wcd9385_firmware:-:*:*:*:*:*:*:*,AFFECTS
CVE:CVE-2025-21479,CPE:cpe:2.3:o:qualcomm:wcd9390_firmware:-:*:*:*:*:*:*:*,AFFECTS
CVE:CVE-2025-21479,CPE:cpe:2.3:o:qualcomm:wcd9395_firmware:-:*:*:*:*:*:*:*,AFFECTS
CVE:CVE-2025-21479,CPE:cpe:2.3:o:qualcomm:wcn3950_firmware:-:*:*:*:*:*:*:*,AFFECTS
CVE:CVE-2025-21479,CPE:cpe:2.3:o:qualcomm:wcn3988_firmware:-:*:*:*:*:*:*:*,AFFECTS
CVE:CVE-2025-21479,CPE:cpe:2.3:o:qualcomm:wcn6450_firmware:-:*:*:*:*:*:*:*,AFFECTS
CVE:CVE-2025-21479,CPE:cpe:2.3:o:qualcomm:wcn6650_firmware:-:*:*:*:*:*:*:*,AFFECTS
CVE:CVE-2025-21479,CPE:cpe:2.3:o:qualcomm:wcn6755_firmware:-:*:*:*:*:*:*:*,AFFECTS
CVE:CVE-2025-21479,CPE:cpe:2.3:o:qualcomm:wcn7861_firmware:-:*:*:*:*:*:*:*,AFFECTS
CVE:CVE-2025-21479,CPE:cpe:2.3:o:qualcomm:wcn7881_firmware:-:*:*:*:*:*:*:*,AFFECTS
CVE:CVE-2025-21479,CPE:cpe:2.3:o:qualcomm:wsa8810_firmware:-:*:*:*:*:*:*:*,AFFECTS
CVE:CVE-2025-21479,CPE:cpe:2.3:o:qualcomm:wsa8815_firmware:-:*:*:*:*:*:*:*,AFFECTS
CVE:CVE-2025-21479,CPE:cpe:2.3:o:qualcomm:wsa8830_firmware:-:*:*:*:*:*:*:*,AFFECTS
CVE:CVE-2025-21479,CPE:cpe:2.3:o:qualcomm:wsa8832_firmware:-:*:*:*:*:*:*:*,AFFECTS
CVE:CVE-2025-21479,CPE:cpe:2.3:o:qualcomm:wsa8835_firmware:-:*:*:*:*:*:*:*,AFFECTS
CVE:CVE-2025-21479,CPE:cpe:2.3:o:qualcomm:wsa8840_firmware:-:*:*:*:*:*:*:*,AFFECTS
CVE:CVE-2025-21479,CPE:cpe:2.3:o:qualcomm:wsa8845_firmware:-:*:*:*:*:*:*:*,AFFECTS
CVE:CVE-2025-21479,CPE:cpe:2.3:o:qualcomm:wsa8845h_firmware:-:*:*:*:*:*:*:*,AFFECTS
CVE:CVE-2025-21479,REF:CVE-2025-21479:0,REFERENCES
CVE:CVE-2025-21479,REF:CVE-2025-21479:1,REFERENCES
CVE:CVE-2024-40711,RISK:HIGH,HAS_RISK
CVE:CVE-2024-40711,SIGNAL:CISA_KEV,KNOWN_EXPLOITED
CVE:CVE-2024-40711,CWE:CWE-502,HAS_CWE
CVE:CVE-2024-40711,CPE:cpe:2.3:a:veeam:veeam_backup_\&_replication:*:*:*:*:*:*:*:*,AFFECTS
CVE:CVE-2024-40711,REF:CVE-2024-40711:0,REFERENCES
CVE:CVE-2024-40711,REF:CVE-2024-40711:1,REFERENCES
CVE:CVE-2024-40711,REF:CVE-2024-40711:2,REFERENCES
CVE:CVE-2025-24993,RISK:HIGH,HAS_RISK
CVE:CVE-2025-24993,SIGNAL:CISA_KEV,KNOWN_EXPLOITED
CVE:CVE-2025-24993,CWE:CWE-122,HAS_CWE
CVE:CVE-2025-24993,CPE:cpe:2.3:o:microsoft:windows_10_1507:*:*:*:*:*:*:x64:*,AFFECTS
CVE:CVE-2025-24993,CPE:cpe:2.3:o:microsoft:windows_10_1507:*:*:*:*:*:*:x86:*,AFFECTS
CVE:CVE-2025-24993,CPE:cpe:2.3:o:microsoft:windows_10_1607:*:*:*:*:*:*:x64:*,AFFECTS
CVE:CVE-2025-24993,CPE:cpe:2.3:o:microsoft:windows_10_1607:*:*:*:*:*:*:x86:*,AFFECTS
CVE:CVE-2025-24993,CPE:cpe:2.3:o:microsoft:windows_10_1809:*:*:*:*:*:*:x64:*,AFFECTS
CVE:CVE-2025-24993,CPE:cpe:2.3:o:microsoft:windows_10_1809:*:*:*:*:*:*:x86:*,AFFECTS
CVE:CVE-2025-24993,CPE:cpe:2.3:o:microsoft:windows_10_21h2:*:*:*:*:*:*:arm64:*,AFFECTS
CVE:CVE-2025-24993,CPE:cpe:2.3:o:microsoft:windows_10_21h2:*:*:*:*:*:*:x64:*,AFFECTS
CVE:CVE-2025-24993,CPE:cpe:2.3:o:microsoft:windows_10_21h2:*:*:*:*:*:*:x86:*,AFFECTS
CVE:CVE-2025-24993,CPE:cpe:2.3:o:microsoft:windows_10_22h2:*:*:*:*:*:*:arm64:*,AFFECTS
CVE:CVE-2025-24993,CPE:cpe:2.3:o:microsoft:windows_10_22h2:*:*:*:*:*:*:x64:*,AFFECTS
CVE:CVE-2025-24993,CPE:cpe:2.3:o:microsoft:windows_10_22h2:*:*:*:*:*:*:x86:*,AFFECTS
CVE:CVE-2025-24993,CPE:cpe:2.3:o:microsoft:windows_11_22h2:*:*:*:*:*:*:arm64:*,AFFECTS
CVE:CVE-2025-24993,CPE:cpe:2.3:o:microsoft:windows_11_22h2:*:*:*:*:*:*:x64:*,AFFECTS
CVE:CVE-2025-24993,CPE:cpe:2.3:o:microsoft:windows_11_23h2:*:*:*:*:*:*:arm64:*,AFFECTS
CVE:CVE-2025-24993,CPE:cpe:2.3:o:microsoft:windows_11_23h2:*:*:*:*:*:*:x64:*,AFFECTS
CVE:CVE-2025-24993,CPE:cpe:2.3:o:microsoft:windows_11_24h2:*:*:*:*:*:*:arm64:*,AFFECTS
CVE:CVE-2025-24993,CPE:cpe:2.3:o:microsoft:windows_11_24h2:*:*:*:*:*:*:x64:*,AFFECTS
CVE:CVE-2025-24993,CPE:cpe:2.3:o:microsoft:windows_server_2008:-:sp2:*:*:*:*:x64:*,AFFECTS
CVE:CVE-2025-24993,CPE:cpe:2.3:o:microsoft:windows_server_2008:-:sp2:*:*:*:*:x86:*,AFFECTS
CVE:CVE-2025-24993,CPE:cpe:2.3:o:microsoft:windows_server_2008:r2:sp1:*:*:*:*:x64:*,AFFECTS
CVE:CVE-2025-24993,CPE:cpe:2.3:o:microsoft:windows_server_2012:-:*:*:*:*:*:*:*,AFFECTS
CVE:CVE-2025-24993,CPE:cpe:2.3:o:microsoft:windows_server_2012:r2:*:*:*:*:*:*:*,AFFECTS
CVE:CVE-2025-24993,CPE:cpe:2.3:o:microsoft:windows_server_2016:*:*:*:*:*:*:*:*,AFFECTS
CVE:CVE-2025-24993,CPE:cpe:2.3:o:microsoft:windows_server_2019:*:*:*:*:*:*:*:*,AFFECTS
CVE:CVE-2025-24993,CPE:cpe:2.3:o:microsoft:windows_server_2022:*:*:*:*:*:*:*:*,AFFECTS
CVE:CVE-2025-24993,CPE:cpe:2.3:o:microsoft:windows_server_2022_23h2:*:*:*:*:*:*:x64:*,AFFECTS
CVE:CVE-2025-24993,CPE:cpe:2.3:o:microsoft:windows_server_2025:*:*:*:*:*:*:x64:*,AFFECTS
CVE:CVE-2025-24993,REF:CVE-2025-24993:0,REFERENCES
CVE:CVE-2025-24993,REF:CVE-2025-24993:1,REFERENCES
CVE:CVE-2025-66376,RISK:HIGH,HAS_RISK
CVE:CVE-2025-66376,SIGNAL:CISA_KEV,KNOWN_EXPLOITED
CVE:CVE-2025-66376,CWE:CWE-79,HAS_CWE
CVE:CVE-2025-66376,CPE:cpe:2.3:a:synacor:zimbra_collaboration_suite:*:*:*:*:*:*:*:*,AFFECTS
CVE:CVE-2025-66376,REF:CVE-2025-66376:0,REFERENCES
CVE:CVE-2025-66376,REF:CVE-2025-66376:1,REFERENCES
CVE:CVE-2025-66376,REF:CVE-2025-66376:2,REFERENCES
CVE:CVE-2025-66376,REF:CVE-2025-66376:3,REFERENCES
CVE:CVE-2025-66376,REF:CVE-2025-66376:4,REFERENCES
CVE:CVE-2025-66376,REF:CVE-2025-66376:5,REFERENCES
CVE:CVE-2026-21533,RISK:HIGH,HAS_RISK
CVE:CVE-2026-21533,SIGNAL:CISA_KEV,KNOWN_EXPLOITED
CVE:CVE-2026-21533,CWE:CWE-269,HAS_CWE
CVE:CVE-2026-21533,CPE:cpe:2.3:o:microsoft:windows_10_1607:*:*:*:*:*:*:x64:*,AFFECTS
CVE:CVE-2026-21533,CPE:cpe:2.3:o:microsoft:windows_10_1607:*:*:*:*:*:*:x86:*,AFFECTS
CVE:CVE-2026-21533,CPE:cpe:2.3:o:microsoft:windows_10_1809:*:*:*:*:*:*:x64:*,AFFECTS
CVE:CVE-2026-21533,CPE:cpe:2.3:o:microsoft:windows_10_1809:*:*:*:*:*:*:x96:*,AFFECTS
CVE:CVE-2026-21533,CPE:cpe:2.3:o:microsoft:windows_10_21h2:*:*:*:*:*:*:arm64:*,AFFECTS
CVE:CVE-2026-21533,CPE:cpe:2.3:o:microsoft:windows_10_21h2:*:*:*:*:*:*:x64:*,AFFECTS
CVE:CVE-2026-21533,CPE:cpe:2.3:o:microsoft:windows_10_21h2:*:*:*:*:*:*:x86:*,AFFECTS
CVE:CVE-2026-21533,CPE:cpe:2.3:o:microsoft:windows_10_22h2:*:*:*:*:*:*:arm64:*,AFFECTS
CVE:CVE-2026-21533,CPE:cpe:2.3:o:microsoft:windows_10_22h2:*:*:*:*:*:*:x64:*,AFFECTS
CVE:CVE-2026-21533,CPE:cpe:2.3:o:microsoft:windows_10_22h2:*:*:*:*:*:*:x86:*,AFFECTS
CVE:CVE-2026-21533,CPE:cpe:2.3:o:microsoft:windows_11_23h2:*:*:*:*:*:*:arm64:*,AFFECTS
CVE:CVE-2026-21533,CPE:cpe:2.3:o:microsoft:windows_11_23h2:*:*:*:*:*:*:x64:*,AFFECTS
CVE:CVE-2026-21533,CPE:cpe:2.3:o:microsoft:windows_11_24h2:*:*:*:*:*:*:arm64:*,AFFECTS
CVE:CVE-2026-21533,CPE:cpe:2.3:o:microsoft:windows_11_24h2:*:*:*:*:*:*:x64:*,AFFECTS
CVE:CVE-2026-21533,CPE:cpe:2.3:o:microsoft:windows_11_25h2:*:*:*:*:*:*:arm64:*,AFFECTS
CVE:CVE-2026-21533,CPE:cpe:2.3:o:microsoft:windows_11_25h2:*:*:*:*:*:*:x64:*,AFFECTS
CVE:CVE-2026-21533,CPE:cpe:2.3:o:microsoft:windows_server_2012:-:*:*:*:*:*:*:*,AFFECTS
CVE:CVE-2026-21533,CPE:cpe:2.3:o:microsoft:windows_server_2012:r2:*:*:*:*:*:*:*,AFFECTS
CVE:CVE-2026-21533,CPE:cpe:2.3:o:microsoft:windows_server_2016:*:*:*:*:*:*:*:*,AFFECTS
CVE:CVE-2026-21533,CPE:cpe:2.3:o:microsoft:windows_server_2019:*:*:*:*:*:*:*:*,AFFECTS
CVE:CVE-2026-21533,CPE:cpe:2.3:o:microsoft:windows_server_2022:*:*:*:*:*:*:*:*,AFFECTS
CVE:CVE-2026-21533,CPE:cpe:2.3:o:microsoft:windows_server_2022_23h2:*:*:*:*:*:*:*:*,AFFECTS
CVE:CVE-2026-21533,CPE:cpe:2.3:o:microsoft:windows_server_2025:*:*:*:*:*:*:*:*,AFFECTS
CVE:CVE-2026-21533,REF:CVE-2026-21533:0,REFERENCES
CVE:CVE-2026-21533,REF:CVE-2026-21533:1,REFERENCES
CVE:CVE-2026-21533,REF:CVE-2026-21533:2,REFERENCES
CVE:CVE-2026-21533,REF:CVE-2026-21533:3,REFERENCES
CVE:CVE-2026-63030,RISK:HIGH,HAS_RISK
CVE:CVE-2026-63030,SIGNAL:CISA_KEV,KNOWN_EXPLOITED
CVE:CVE-2026-63030,CWE:CWE-436,HAS_CWE
CVE:CVE-2026-63030,CPE:cpe:2.3:a:wordpress:wordpress:*:*:*:*:*:*:*:*,AFFECTS
CVE:CVE-2026-63030,REF:CVE-2026-63030:0,REFERENCES
CVE:CVE-2026-63030,REF:CVE-2026-63030:1,REFERENCES
CVE:CVE-2026-63030,REF:CVE-2026-63030:2,REFERENCES
CVE:CVE-2026-59310,RISK:HIGH,HAS_RISK
CVE:CVE-2026-59310,SIGNAL:CISA_KEV,KNOWN_EXPLOITED
CVE:CVE-2026-59310,CWE:CWE-22,HAS_CWE
CVE:CVE-2026-59310,CPE:cpe:2.3:a:vmware:cloud_foundation:-:*:*:*:*:*:*:*,AFFECTS
CVE:CVE-2026-59310,CPE:cpe:2.3:a:vmware:telco_cloud_infrastructure:3.0:*:*:*:*:*:*:*,AFFECTS
CVE:CVE-2026-59310,CPE:cpe:2.3:a:vmware:telco_cloud_platform:*:*:*:*:*:*:*:*,AFFECTS
CVE:CVE-2026-59310,CPE:cpe:2.3:a:vmware:vcenter_server:*:*:*:*:*:*:*:*,AFFECTS
CVE:CVE-2026-59310,CPE:cpe:2.3:a:vmware:vcenter_server:8.0:-:*:*:*:*:*:*,AFFECTS
CVE:CVE-2026-59310,CPE:cpe:2.3:a:vmware:vcenter_server:8.0:a:*:*:*:*:*:*,AFFECTS
CVE:CVE-2026-59310,CPE:cpe:2.3:a:vmware:vcenter_server:8.0:b:*:*:*:*:*:*,AFFECTS
CVE:CVE-2026-59310,CPE:cpe:2.3:a:vmware:vcenter_server:8.0:c:*:*:*:*:*:*,AFFECTS
CVE:CVE-2026-59310,CPE:cpe:2.3:a:vmware:vcenter_server:8.0:update1:*:*:*:*:*:*,AFFECTS
CVE:CVE-2026-59310,CPE:cpe:2.3:a:vmware:vcenter_server:8.0:update1a:*:*:*:*:*:*,AFFECTS
CVE:CVE-2026-59310,CPE:cpe:2.3:a:vmware:vcenter_server:8.0:update1b:*:*:*:*:*:*,AFFECTS
CVE:CVE-2026-59310,CPE:cpe:2.3:a:vmware:vcenter_server:8.0:update1c:*:*:*:*:*:*,AFFECTS
CVE:CVE-2026-59310,CPE:cpe:2.3:a:vmware:vcenter_server:8.0:update1d:*:*:*:*:*:*,AFFECTS
CVE:CVE-2026-59310,CPE:cpe:2.3:a:vmware:vcenter_server:8.0:update1e:*:*:*:*:*:*,AFFECTS
CVE:CVE-2026-59310,CPE:cpe:2.3:a:vmware:vcenter_server:8.0:update2:*:*:*:*:*:*,AFFECTS
CVE:CVE-2026-59310,CPE:cpe:2.3:a:vmware:vcenter_server:8.0:update2a:*:*:*:*:*:*,AFFECTS
CVE:CVE-2026-59310,CPE:cpe:2.3:a:vmware:vcenter_server:8.0:update2b:*:*:*:*:*:*,AFFECTS
CVE:CVE-2026-59310,CPE:cpe:2.3:a:vmware:vcenter_server:8.0:update2c:*:*:*:*:*:*,AFFECTS
CVE:CVE-2026-59310,CPE:cpe:2.3:a:vmware:vcenter_server:8.0:update2d:*:*:*:*:*:*,AFFECTS
CVE:CVE-2026-59310,CPE:cpe:2.3:a:vmware:vcenter_server:8.0:update2e:*:*:*:*:*:*,AFFECTS
CVE:CVE-2026-59310,CPE:cpe:2.3:a:vmware:vcenter_server:8.0:update3:*:*:*:*:*:*,AFFECTS
CVE:CVE-2026-59310,CPE:cpe:2.3:a:vmware:vcenter_server:8.0:update3a:*:*:*:*:*:*,AFFECTS
CVE:CVE-2026-59310,CPE:cpe:2.3:a:vmware:vcenter_server:8.0:update3b:*:*:*:*:*:*,AFFECTS
CVE:CVE-2026-59310,CPE:cpe:2.3:a:vmware:vcenter_server:8.0:update3c:*:*:*:*:*:*,AFFECTS
CVE:CVE-2026-59310,CPE:cpe:2.3:a:vmware:vcenter_server:8.0:update3d:*:*:*:*:*:*,AFFECTS
CVE:CVE-2026-59310,CPE:cpe:2.3:a:vmware:vcenter_server:8.0:update3e:*:*:*:*:*:*,AFFECTS
CVE:CVE-2026-59310,CPE:cpe:2.3:a:vmware:vcenter_server:8.0:update3g:*:*:*:*:*:*,AFFECTS
CVE:CVE-2026-59310,CPE:cpe:2.3:a:vmware:vcenter_server:8.0:update3h:*:*:*:*:*:*,AFFECTS
CVE:CVE-2026-59310,CPE:cpe:2.3:a:vmware:vcenter_server:8.0:update3i:*:*:*:*:*:*,AFFECTS
CVE:CVE-2026-59310,CPE:cpe:2.3:a:vmware:vcenter_server:8.0:update3j:*:*:*:*:*:*,AFFECTS
CVE:CVE-2026-59310,CPE:cpe:2.3:a:vmware:vsphere_foundation:-:*:*:*:*:*:*:*,AFFECTS
CVE:CVE-2026-59310,REF:CVE-2026-59310:0,REFERENCES
CVE:CVE-2026-59310,REF:CVE-2026-59310:1,REFERENCES
CVE:CVE-2026-59310,REF:CVE-2026-59310:2,REFERENCES
CVE:CVE-2026-59310,REF:CVE-2026-59310:3,REFERENCES
CVE:CVE-2024-29988,RISK:HIGH,HAS_RISK
CVE:CVE-2024-29988,SIGNAL:CISA_KEV,KNOWN_EXPLOITED
CVE:CVE-2024-29988,CWE:CWE-693,HAS_CWE
CVE:CVE-2024-29988,CPE:cpe:2.3:o:microsoft:windows_10_1809:*:*:*:*:*:*:arm64:*,AFFECTS
CVE:CVE-2024-29988,CPE:cpe:2.3:o:microsoft:windows_10_1809:*:*:*:*:*:*:x64:*,AFFECTS
CVE:CVE-2024-29988,CPE:cpe:2.3:o:microsoft:windows_10_1809:*:*:*:*:*:*:x86:*,AFFECTS
CVE:CVE-2024-29988,CPE:cpe:2.3:o:microsoft:windows_10_21h2:*:*:*:*:*:*:*:*,AFFECTS
CVE:CVE-2024-29988,CPE:cpe:2.3:o:microsoft:windows_10_22h2:*:*:*:*:*:*:*:*,AFFECTS
CVE:CVE-2024-29988,CPE:cpe:2.3:o:microsoft:windows_11_21h2:*:*:*:*:*:*:*:*,AFFECTS
CVE:CVE-2024-29988,CPE:cpe:2.3:o:microsoft:windows_11_22h2:*:*:*:*:*:*:*:*,AFFECTS
CVE:CVE-2024-29988,CPE:cpe:2.3:o:microsoft:windows_11_23h2:*:*:*:*:*:*:*:*,AFFECTS
CVE:CVE-2024-29988,CPE:cpe:2.3:o:microsoft:windows_server_2019:*:*:*:*:*:*:*:*,AFFECTS
CVE:CVE-2024-29988,CPE:cpe:2.3:o:microsoft:windows_server_2022:*:*:*:*:*:*:*:*,AFFECTS
CVE:CVE-2024-29988,CPE:cpe:2.3:o:microsoft:windows_server_2022_23h2:*:*:*:*:*:*:*:*,AFFECTS
CVE:CVE-2024-29988,REF:CVE-2024-29988:0,REFERENCES
CVE:CVE-2024-29988,REF:CVE-2024-29988:1,REFERENCES
CVE:CVE-2024-4947,RISK:HIGH,HAS_RISK
CVE:CVE-2024-4947,SIGNAL:CISA_KEV,KNOWN_EXPLOITED
CVE:CVE-2024-4947,CWE:CWE-843,HAS_CWE
CVE:CVE-2024-4947,CPE:cpe:2.3:a:google:chrome:*:*:*:*:*:*:*:*,AFFECTS
CVE:CVE-2024-4947,CPE:cpe:2.3:o:fedoraproject:fedora:38:*:*:*:*:*:*:*,AFFECTS
CVE:CVE-2024-4947,CPE:cpe:2.3:o:fedoraproject:fedora:39:*:*:*:*:*:*:*,AFFECTS
CVE:CVE-2024-4947,CPE:cpe:2.3:o:fedoraproject:fedora:40:*:*:*:*:*:*:*,AFFECTS
CVE:CVE-2024-4947,REF:CVE-2024-4947:0,REFERENCES
CVE:CVE-2024-4947,REF:CVE-2024-4947:1,REFERENCES
CVE:CVE-2024-4947,REF:CVE-2024-4947:2,REFERENCES
CVE:CVE-2024-4947,REF:CVE-2024-4947:3,REFERENCES
CVE:CVE-2024-4947,REF:CVE-2024-4947:4,REFERENCES
CVE:CVE-2024-4947,REF:CVE-2024-4947:5,REFERENCES
CVE:CVE-2024-4610,RISK:HIGH,HAS_RISK
CVE:CVE-2024-4610,SIGNAL:CISA_KEV,KNOWN_EXPLOITED
CVE:CVE-2024-4610,CWE:CWE-416,HAS_CWE
CVE:CVE-2024-4610,CPE:cpe:2.3:a:arm:bifrost_gpu_kernel_driver:*:*:*:*:*:*:*:*,AFFECTS
CVE:CVE-2024-4610,CPE:cpe:2.3:a:arm:valhall_gpu_kernel_driver:*:*:*:*:*:*:*:*,AFFECTS
CVE:CVE-2024-4610,REF:CVE-2024-4610:0,REFERENCES
CVE:CVE-2024-4610,REF:CVE-2024-4610:1,REFERENCES
CVE:CVE-2024-35250,RISK:HIGH,HAS_RISK
CVE:CVE-2024-35250,SIGNAL:CISA_KEV,KNOWN_EXPLOITED
CVE:CVE-2024-35250,CWE:CWE-822,HAS_CWE
CVE:CVE-2024-35250,CPE:cpe:2.3:o:microsoft:windows_10_1507:*:*:*:*:*:*:*:*,AFFECTS
CVE:CVE-2024-35250,CPE:cpe:2.3:o:microsoft:windows_10_1607:*:*:*:*:*:*:*:*,AFFECTS
CVE:CVE-2024-35250,CPE:cpe:2.3:o:microsoft:windows_10_1809:*:*:*:*:*:*:*:*,AFFECTS
CVE:CVE-2024-35250,CPE:cpe:2.3:o:microsoft:windows_10_21h2:*:*:*:*:*:*:*:*,AFFECTS
CVE:CVE-2024-35250,CPE:cpe:2.3:o:microsoft:windows_10_22h2:*:*:*:*:*:*:*:*,AFFECTS
CVE:CVE-2024-35250,CPE:cpe:2.3:o:microsoft:windows_11_21h2:*:*:*:*:*:*:*:*,AFFECTS
CVE:CVE-2024-35250,CPE:cpe:2.3:o:microsoft:windows_11_22h2:*:*:*:*:*:*:*:*,AFFECTS
CVE:CVE-2024-35250,CPE:cpe:2.3:o:microsoft:windows_11_23h2:*:*:*:*:*:*:*:*,AFFECTS
CVE:CVE-2024-35250,CPE:cpe:2.3:o:microsoft:windows_server_2008:-:sp2:*:*:*:*:x64:*,AFFECTS
CVE:CVE-2024-35250,CPE:cpe:2.3:o:microsoft:windows_server_2008:-:sp2:*:*:*:*:x86:*,AFFECTS
CVE:CVE-2024-35250,CPE:cpe:2.3:o:microsoft:windows_server_2008:r2:sp1:*:*:*:*:*:*,AFFECTS
CVE:CVE-2024-35250,CPE:cpe:2.3:o:microsoft:windows_server_2012:-:*:*:*:*:*:*:*,AFFECTS
CVE:CVE-2024-35250,CPE:cpe:2.3:o:microsoft:windows_server_2012:r2:*:*:*:*:*:*:*,AFFECTS
CVE:CVE-2024-35250,CPE:cpe:2.3:o:microsoft:windows_server_2016:*:*:*:*:*:*:*:*,AFFECTS
CVE:CVE-2024-35250,CPE:cpe:2.3:o:microsoft:windows_server_2019:*:*:*:*:*:*:*:*,AFFECTS
CVE:CVE-2024-35250,CPE:cpe:2.3:o:microsoft:windows_server_2022:*:*:*:*:*:*:*:*,AFFECTS
CVE:CVE-2024-35250,CPE:cpe:2.3:o:microsoft:windows_server_2022_23h2:*:*:*:*:*:*:*:*,AFFECTS
CVE:CVE-2024-35250,REF:CVE-2024-35250:0,REFERENCES
CVE:CVE-2024-35250,REF:CVE-2024-35250:1,REFERENCES
CVE:CVE-2024-53104,RISK:HIGH,HAS_RISK
CVE:CVE-2024-53104,SIGNAL:CISA_KEV,KNOWN_EXPLOITED
CVE:CVE-2024-53104,CWE:CWE-787,HAS_CWE
CVE:CVE-2024-53104,CPE:cpe:2.3:o:debian:debian_linux:11.0:*:*:*:*:*:*:*,AFFECTS
CVE:CVE-2024-53104,CPE:cpe:2.3:o:linux:linux_kernel:*:*:*:*:*:*:*:*,AFFECTS
CVE:CVE-2024-53104,REF:CVE-2024-53104:0,REFERENCES
CVE:CVE-2024-53104,REF:CVE-2024-53104:1,REFERENCES
CVE:CVE-2024-53104,REF:CVE-2024-53104:2,REFERENCES
CVE:CVE-2024-53104,REF:CVE-2024-53104:3,REFERENCES
CVE:CVE-2024-53104,REF:CVE-2024-53104:4,REFERENCES
CVE:CVE-2024-53104,REF:CVE-2024-53104:5,REFERENCES
CVE:CVE-2024-53104,REF:CVE-2024-53104:6,REFERENCES
CVE:CVE-2024-53104,REF:CVE-2024-53104:7,REFERENCES
CVE:CVE-2024-53104,REF:CVE-2024-53104:8,REFERENCES
CVE:CVE-2024-53104,REF:CVE-2024-53104:9,REFERENCES
CVE:CVE-2024-53104,REF:CVE-2024-53104:10,REFERENCES
CVE:CVE-2024-53104,REF:CVE-2024-53104:11,REFERENCES
CVE:CVE-2026-20700,RISK:HIGH,HAS_RISK
CVE:CVE-2026-20700,SIGNAL:CISA_KEV,KNOWN_EXPLOITED
CVE:CVE-2026-20700,CWE:CWE-119,HAS_CWE
CVE:CVE-2026-20700,CPE:cpe:2.3:o:apple:ipados:*:*:*:*:*:*:*:*,AFFECTS
CVE:CVE-2026-20700,CPE:cpe:2.3:o:apple:iphone_os:*:*:*:*:*:*:*:*,AFFECTS
CVE:CVE-2026-20700,CPE:cpe:2.3:o:apple:macos:*:*:*:*:*:*:*:*,AFFECTS
CVE:CVE-2026-20700,CPE:cpe:2.3:o:apple:tvos:*:*:*:*:*:*:*:*,AFFECTS
CVE:CVE-2026-20700,CPE:cpe:2.3:o:apple:visionos:*:*:*:*:*:*:*:*,AFFECTS
CVE:CVE-2026-20700,CPE:cpe:2.3:o:apple:watchos:*:*:*:*:*:*:*:*,AFFECTS
CVE:CVE-2026-20700,REF:CVE-2026-20700:0,REFERENCES
CVE:CVE-2026-20700,REF:CVE-2026-20700:1,REFERENCES
CVE:CVE-2026-20700,REF:CVE-2026-20700:2,REFERENCES
CVE:CVE-2026-20700,REF:CVE-2026-20700:3,REFERENCES
CVE:CVE-2026-20700,REF:CVE-2026-20700:4,REFERENCES
CVE:CVE-2026-20700,REF:CVE-2026-20700:5,REFERENCES
CVE:CVE-2024-23113,RISK:HIGH,HAS_RISK
CVE:CVE-2024-23113,SIGNAL:CISA_KEV,KNOWN_EXPLOITED
CVE:CVE-2024-23113,CWE:CWE-134,HAS_CWE
CVE:CVE-2024-23113,CPE:cpe:2.3:a:fortinet:fortiproxy:*:*:*:*:*:*:*:*,AFFECTS
CVE:CVE-2024-23113,CPE:cpe:2.3:a:fortinet:fortiswitchmanager:*:*:*:*:*:*:*:*,AFFECTS
CVE:CVE-2024-23113,CPE:cpe:2.3:o:fortinet:fortios:*:*:*:*:*:*:*:*,AFFECTS
CVE:CVE-2024-23113,CPE:cpe:2.3:o:fortinet:fortipam:*:*:*:*:*:*:*:*,AFFECTS
CVE:CVE-2024-23113,CPE:cpe:2.3:o:fortinet:fortipam:1.2.0:*:*:*:*:*:*:*,AFFECTS
CVE:CVE-2024-23113,REF:CVE-2024-23113:0,REFERENCES
CVE:CVE-2024-23113,REF:CVE-2024-23113:1,REFERENCES
CVE:CVE-2024-37383,RISK:HIGH,HAS_RISK
CVE:CVE-2024-37383,SIGNAL:CISA_KEV,KNOWN_EXPLOITED
CVE:CVE-2024-37383,CWE:CWE-79,HAS_CWE
CVE:CVE-2024-37383,CPE:cpe:2.3:a:roundcube:webmail:*:*:*:*:*:*:*:*,AFFECTS
CVE:CVE-2024-37383,CPE:cpe:2.3:o:debian:debian_linux:10.0:*:*:*:*:*:*:*,AFFECTS
CVE:CVE-2024-37383,REF:CVE-2024-37383:0,REFERENCES
CVE:CVE-2024-37383,REF:CVE-2024-37383:1,REFERENCES
CVE:CVE-2024-37383,REF:CVE-2024-37383:2,REFERENCES
CVE:CVE-2024-37383,REF:CVE-2024-37383:3,REFERENCES
CVE:CVE-2024-37383,REF:CVE-2024-37383:4,REFERENCES
CVE:CVE-2024-7399,RISK:HIGH,HAS_RISK
CVE:CVE-2024-7399,SIGNAL:CISA_KEV,KNOWN_EXPLOITED
CVE:CVE-2024-7399,CWE:CWE-22,HAS_CWE
CVE:CVE-2024-7399,CWE:CWE-434,HAS_CWE
CVE:CVE-2024-7399,CPE:cpe:2.3:a:samsung:magicinfo_9_server:*:*:*:*:*:*:*:*,AFFECTS
CVE:CVE-2024-7399,REF:CVE-2024-7399:0,REFERENCES
CVE:CVE-2024-7399,REF:CVE-2024-7399:1,REFERENCES
CVE:CVE-2024-7399,REF:CVE-2024-7399:2,REFERENCES
CVE:CVE-2025-43300,RISK:HIGH,HAS_RISK
CVE:CVE-2025-43300,SIGNAL:CISA_KEV,KNOWN_EXPLOITED
CVE:CVE-2025-43300,CWE:CWE-787,HAS_CWE
CVE:CVE-2025-43300,CPE:cpe:2.3:o:apple:ipados:*:*:*:*:*:*:*:*,AFFECTS
CVE:CVE-2025-43300,CPE:cpe:2.3:o:apple:iphone_os:*:*:*:*:*:*:*:*,AFFECTS
CVE:CVE-2025-43300,CPE:cpe:2.3:o:apple:macos:*:*:*:*:*:*:*:*,AFFECTS
CVE:CVE-2025-43300,REF:CVE-2025-43300:0,REFERENCES
CVE:CVE-2025-43300,REF:CVE-2025-43300:1,REFERENCES
CVE:CVE-2025-43300,REF:CVE-2025-43300:2,REFERENCES
CVE:CVE-2025-43300,REF:CVE-2025-43300:3,REFERENCES
CVE:CVE-2025-43300,REF:CVE-2025-43300:4,REFERENCES
CVE:CVE-2025-43300,REF:CVE-2025-43300:5,REFERENCES
CVE:CVE-2025-43300,REF:CVE-2025-43300:6,REFERENCES
CVE:CVE-2025-43300,REF:CVE-2025-43300:7,REFERENCES
CVE:CVE-2025-43300,REF:CVE-2025-43300:8,REFERENCES
CVE:CVE-2025-43300,REF:CVE-2025-43300:9,REFERENCES
CVE:CVE-2025-43300,REF:CVE-2025-43300:10,REFERENCES
CVE:CVE-2025-43300,REF:CVE-2025-43300:11,REFERENCES
CVE:CVE-2025-43300,REF:CVE-2025-43300:12,REFERENCES
CVE:CVE-2025-58034,RISK:HIGH,HAS_RISK
CVE:CVE-2025-58034,SIGNAL:CISA_KEV,KNOWN_EXPLOITED
CVE:CVE-2025-58034,CWE:CWE-78,HAS_CWE
CVE:CVE-2025-58034,CPE:cpe:2.3:a:fortinet:fortiweb:*:*:*:*:*:*:*:*,AFFECTS
CVE:CVE-2025-58034,REF:CVE-2025-58034:0,REFERENCES
CVE:CVE-2025-58034,REF:CVE-2025-58034:1,REFERENCES
CVE:CVE-2026-46817,RISK:HIGH,HAS_RISK
CVE:CVE-2026-46817,SIGNAL:CISA_KEV,KNOWN_EXPLOITED
CVE:CVE-2026-46817,CWE:CWE-269,HAS_CWE
CVE:CVE-2026-46817,CWE:CWE-287,HAS_CWE
CVE:CVE-2026-46817,CWE:CWE-306,HAS_CWE
CVE:CVE-2026-46817,CPE:cpe:2.3:a:oracle:e-business_suite:*:*:*:*:*:*:*:*,AFFECTS
CVE:CVE-2026-46817,REF:CVE-2026-46817:0,REFERENCES
CVE:CVE-2026-46817,REF:CVE-2026-46817:1,REFERENCES
CVE:CVE-2025-40551,RISK:HIGH,HAS_RISK
CVE:CVE-2025-40551,SIGNAL:CISA_KEV,KNOWN_EXPLOITED
CVE:CVE-2025-40551,CWE:CWE-502,HAS_CWE
CVE:CVE-2025-40551,CPE:cpe:2.3:a:solarwinds:web_help_desk:*:*:*:*:*:*:*:*,AFFECTS
CVE:CVE-2025-40551,REF:CVE-2025-40551:0,REFERENCES
CVE:CVE-2025-40551,REF:CVE-2025-40551:1,REFERENCES
CVE:CVE-2025-40551,REF:CVE-2025-40551:2,REFERENCES
CVE:CVE-2025-40553,RISK:HIGH,HAS_RISK
CVE:CVE-2025-40553,CWE:CWE-502,HAS_CWE
CVE:CVE-2025-40553,CPE:cpe:2.3:a:solarwinds:web_help_desk:*:*:*:*:*:*:*:*,AFFECTS
CVE:CVE-2025-40553,REF:CVE-2025-40553:0,REFERENCES
CVE:CVE-2025-40553,REF:CVE-2025-40553:1,REFERENCES
CVE:CVE-2025-40553,REF:CVE-2025-40553:2,REFERENCES
CVE:CVE-2024-27198,RISK:HIGH,HAS_RISK
CVE:CVE-2024-27198,SIGNAL:CISA_KEV,KNOWN_EXPLOITED
CVE:CVE-2024-27198,CWE:CWE-288,HAS_CWE
CVE:CVE-2024-27198,CPE:cpe:2.3:a:jetbrains:teamcity:*:*:*:*:*:*:*:*,AFFECTS
CVE:CVE-2024-27198,REF:CVE-2024-27198:0,REFERENCES
CVE:CVE-2024-27198,REF:CVE-2024-27198:1,REFERENCES
CVE:CVE-2024-27198,REF:CVE-2024-27198:2,REFERENCES
CVE:CVE-2023-48788,RISK:HIGH,HAS_RISK
CVE:CVE-2023-48788,SIGNAL:CISA_KEV,KNOWN_EXPLOITED
CVE:CVE-2023-48788,CWE:CWE-89,HAS_CWE
CVE:CVE-2023-48788,CPE:cpe:2.3:a:fortinet:forticlient_enterprise_management_server:*:*:*:*:*:*:*:*,AFFECTS
CVE:CVE-2023-48788,REF:CVE-2023-48788:0,REFERENCES
CVE:CVE-2023-48788,REF:CVE-2023-48788:1,REFERENCES
CVE:CVE-2025-23209,RISK:HIGH,HAS_RISK
CVE:CVE-2025-23209,SIGNAL:CISA_KEV,KNOWN_EXPLOITED
CVE:CVE-2025-23209,CWE:CWE-94,HAS_CWE
CVE:CVE-2025-23209,CPE:cpe:2.3:a:craftcms:craft_cms:*:*:*:*:*:*:*:*,AFFECTS
CVE:CVE-2025-23209,CPE:cpe:2.3:a:craftcms:craft_cms:4.0.0:-:*:*:*:*:*:*,AFFECTS
CVE:CVE-2025-23209,CPE:cpe:2.3:a:craftcms:craft_cms:4.0.0:rc1:*:*:*:*:*:*,AFFECTS
CVE:CVE-2025-23209,CPE:cpe:2.3:a:craftcms:craft_cms:4.0.0:rc2:*:*:*:*:*:*,AFFECTS
CVE:CVE-2025-23209,CPE:cpe:2.3:a:craftcms:craft_cms:4.0.0:rc3:*:*:*:*:*:*,AFFECTS
CVE:CVE-2025-23209,CPE:cpe:2.3:a:craftcms:craft_cms:5.0.0:-:*:*:*:*:*:*,AFFECTS
CVE:CVE-2025-23209,CPE:cpe:2.3:a:craftcms:craft_cms:5.0.0:rc1:*:*:*:*:*:*,AFFECTS
CVE:CVE-2025-23209,REF:CVE-2025-23209:0,REFERENCES
CVE:CVE-2025-23209,REF:CVE-2025-23209:1,REFERENCES
CVE:CVE-2025-23209,REF:CVE-2025-23209:2,REFERENCES
CVE:CVE-2025-23209,REF:CVE-2025-23209:3,REFERENCES
CVE:CVE-2025-23006,RISK:HIGH,HAS_RISK
CVE:CVE-2025-23006,SIGNAL:CISA_KEV,KNOWN_EXPLOITED
CVE:CVE-2025-23006,CWE:CWE-502,HAS_CWE
CVE:CVE-2025-23006,CPE:cpe:2.3:a:sonicwall:sma8200v:*:*:*:*:*:*:*:*,AFFECTS
CVE:CVE-2025-23006,CPE:cpe:2.3:h:sonicwall:sma6200:-:*:*:*:*:*:*:*,AFFECTS
CVE:CVE-2025-23006,CPE:cpe:2.3:h:sonicwall:sma6210:-:*:*:*:*:*:*:*,AFFECTS
CVE:CVE-2025-23006,CPE:cpe:2.3:h:sonicwall:sma7200:-:*:*:*:*:*:*:*,AFFECTS
CVE:CVE-2025-23006,CPE:cpe:2.3:h:sonicwall:sma7210:-:*:*:*:*:*:*:*,AFFECTS
CVE:CVE-2025-23006,CPE:cpe:2.3:h:sonicwall:sra_ex6000:-:*:*:*:*:*:*:*,AFFECTS
CVE:CVE-2025-23006,CPE:cpe:2.3:h:sonicwall:sra_ex7000:-:*:*:*:*:*:*:*,AFFECTS
CVE:CVE-2025-23006,CPE:cpe:2.3:h:sonicwall:sra_ex9000:-:*:*:*:*:*:*:*,AFFECTS
CVE:CVE-2025-23006,CPE:cpe:2.3:o:sonicwall:sma6200_firmware:*:*:*:*:*:*:*:*,AFFECTS
CVE:CVE-2025-23006,CPE:cpe:2.3:o:sonicwall:sma6210_firmware:*:*:*:*:*:*:*:*,AFFECTS
CVE:CVE-2025-23006,CPE:cpe:2.3:o:sonicwall:sma7200_firmware:*:*:*:*:*:*:*:*,AFFECTS
CVE:CVE-2025-23006,CPE:cpe:2.3:o:sonicwall:sma7210_firmware:*:*:*:*:*:*:*:*,AFFECTS
CVE:CVE-2025-23006,CPE:cpe:2.3:o:sonicwall:sra_ex6000_firmware:*:*:*:*:*:*:*:*,AFFECTS
CVE:CVE-2025-23006,CPE:cpe:2.3:o:sonicwall:sra_ex7000_firmware:*:*:*:*:*:*:*:*,AFFECTS
CVE:CVE-2025-23006,CPE:cpe:2.3:o:sonicwall:sra_ex9000_firmware:*:*:*:*:*:*:*:*,AFFECTS
CVE:CVE-2025-23006,REF:CVE-2025-23006:0,REFERENCES
CVE:CVE-2025-23006,REF:CVE-2025-23006:1,REFERENCES
CVE:CVE-2024-40890,RISK:HIGH,HAS_RISK
CVE:CVE-2024-40890,SIGNAL:CISA_KEV,KNOWN_EXPLOITED
CVE:CVE-2024-40890,CWE:CWE-78,HAS_CWE
CVE:CVE-2024-40890,CPE:cpe:2.3:h:zyxel:sbg3300-n000:-:*:*:*:*:*:*:*,AFFECTS
CVE:CVE-2024-40890,CPE:cpe:2.3:h:zyxel:sbg3300-nb00:-:*:*:*:*:*:*:*,AFFECTS
CVE:CVE-2024-40890,CPE:cpe:2.3:h:zyxel:sbg3500-nb00:-:*:*:*:*:*:*:*,AFFECTS
CVE:CVE-2024-40890,CPE:cpe:2.3:h:zyxel:vmg1312-b10a:-:*:*:*:*:*:*:*,AFFECTS
CVE:CVE-2024-40890,CPE:cpe:2.3:h:zyxel:vmg1312-b10b:-:*:*:*:*:*:*:*,AFFECTS
CVE:CVE-2024-40890,CPE:cpe:2.3:h:zyxel:vmg1312-b10e:-:*:*:*:*:*:*:*,AFFECTS
CVE:CVE-2024-40890,CPE:cpe:2.3:h:zyxel:vmg3312-b10a:-:*:*:*:*:*:*:*,AFFECTS
CVE:CVE-2024-40890,CPE:cpe:2.3:h:zyxel:vmg3313-b10a:-:*:*:*:*:*:*:*,AFFECTS
CVE:CVE-2024-40890,CPE:cpe:2.3:h:zyxel:vmg3926-b10b:-:*:*:*:*:*:*:*,AFFECTS
CVE:CVE-2024-40890,CPE:cpe:2.3:h:zyxel:vmg4325-b10a:-:*:*:*:*:*:*:*,AFFECTS
CVE:CVE-2024-40890,CPE:cpe:2.3:h:zyxel:vmg4380-b10a:-:*:*:*:*:*:*:*,AFFECTS
CVE:CVE-2024-40890,CPE:cpe:2.3:h:zyxel:vmg8324-b10a:-:*:*:*:*:*:*:*,AFFECTS
CVE:CVE-2024-40890,CPE:cpe:2.3:h:zyxel:vmg8924-b10a:-:*:*:*:*:*:*:*,AFFECTS
CVE:CVE-2024-40890,CPE:cpe:2.3:o:zyxel:sbg3300-n000_firmware:-:*:*:*:*:*:*:*,AFFECTS
CVE:CVE-2024-40890,CPE:cpe:2.3:o:zyxel:sbg3300-nb00_firmware:-:*:*:*:*:*:*:*,AFFECTS
CVE:CVE-2024-40890,CPE:cpe:2.3:o:zyxel:sbg3500-n000_firmware:-:*:*:*:*:*:*:*,AFFECTS
CVE:CVE-2024-40890,CPE:cpe:2.3:o:zyxel:sbg3500-nb00_firmware:-:*:*:*:*:*:*:*,AFFECTS
CVE:CVE-2024-40890,CPE:cpe:2.3:o:zyxel:vmg1312-b10a_firmware:-:*:*:*:*:*:*:*,AFFECTS
CVE:CVE-2024-40890,CPE:cpe:2.3:o:zyxel:vmg1312-b10b_firmware:-:*:*:*:*:*:*:*,AFFECTS
CVE:CVE-2024-40890,CPE:cpe:2.3:o:zyxel:vmg1312-b10e_firmware:-:*:*:*:*:*:*:*,AFFECTS
CVE:CVE-2024-40890,CPE:cpe:2.3:o:zyxel:vmg3312-b10a_firmware:-:*:*:*:*:*:*:*,AFFECTS
CVE:CVE-2024-40890,CPE:cpe:2.3:o:zyxel:vmg3313-b10a_firmware:-:*:*:*:*:*:*:*,AFFECTS
CVE:CVE-2024-40890,CPE:cpe:2.3:o:zyxel:vmg3926-b10b_firmware:-:*:*:*:*:*:*:*,AFFECTS
CVE:CVE-2024-40890,CPE:cpe:2.3:o:zyxel:vmg4325-b10a_firmware:-:*:*:*:*:*:*:*,AFFECTS
CVE:CVE-2024-40890,CPE:cpe:2.3:o:zyxel:vmg4380-b10a_firmware:-:*:*:*:*:*:*:*,AFFECTS
CVE:CVE-2024-40890,CPE:cpe:2.3:o:zyxel:vmg8324-b10a_firmware:-:*:*:*:*:*:*:*,AFFECTS
CVE:CVE-2024-40890,CPE:cpe:2.3:o:zyxel:vmg8924-b10a_firmware:-:*:*:*:*:*:*:*,AFFECTS
CVE:CVE-2024-40890,REF:CVE-2024-40890:0,REFERENCES
CVE:CVE-2024-40890,REF:CVE-2024-40890:1,REFERENCES
CVE:CVE-2025-42999,RISK:HIGH,HAS_RISK
CVE:CVE-2025-42999,SIGNAL:CISA_KEV,KNOWN_EXPLOITED
CVE:CVE-2025-42999,CWE:CWE-502,HAS_CWE
CVE:CVE-2025-42999,CPE:cpe:2.3:a:sap:netweaver:7.5:*:*:*:*:*:*:*,AFFECTS
CVE:CVE-2025-42999,REF:CVE-2025-42999:0,REFERENCES
CVE:CVE-2025-42999,REF:CVE-2025-42999:1,REFERENCES
CVE:CVE-2025-42999,REF:CVE-2025-42999:2,REFERENCES
CVE:CVE-2025-42999,REF:CVE-2025-42999:3,REFERENCES
CVE:CVE-2025-64446,RISK:HIGH,HAS_RISK
CVE:CVE-2025-64446,SIGNAL:CISA_KEV,KNOWN_EXPLOITED
CVE:CVE-2025-64446,CWE:CWE-23,HAS_CWE
CVE:CVE-2025-64446,CPE:cpe:2.3:a:fortinet:fortiweb:*:*:*:*:*:*:*:*,AFFECTS
CVE:CVE-2025-64446,REF:CVE-2025-64446:0,REFERENCES
CVE:CVE-2025-64446,REF:CVE-2025-64446:1,REFERENCES
CVE:CVE-2025-64446,REF:CVE-2025-64446:2,REFERENCES
CVE:CVE-2026-55040,RISK:HIGH,HAS_RISK
CVE:CVE-2026-55040,SIGNAL:CISA_KEV,KNOWN_EXPLOITED
CVE:CVE-2026-55040,CWE:CWE-1390,HAS_CWE
CVE:CVE-2026-55040,CPE:cpe:2.3:a:microsoft:sharepoint_server:*:*:*:*:subscription:*:*:*,AFFECTS
CVE:CVE-2026-55040,CPE:cpe:2.3:a:microsoft:sharepoint_server:2016:*:*:*:enterprise:*:*:*,AFFECTS
CVE:CVE-2026-55040,CPE:cpe:2.3:a:microsoft:sharepoint_server:2019:*:*:*:*:*:*:*,AFFECTS
CVE:CVE-2026-55040,REF:CVE-2026-55040:0,REFERENCES
CVE:CVE-2026-55040,REF:CVE-2026-55040:1,REFERENCES
CVE:CVE-2026-55040,REF:CVE-2026-55040:2,REFERENCES
CVE:CVE-2026-55040,REF:CVE-2026-55040:3,REFERENCES
CVE:CVE-2022-2586,RISK:HIGH,HAS_RISK
CVE:CVE-2022-2586,SIGNAL:CISA_KEV,KNOWN_EXPLOITED
CVE:CVE-2022-2586,CWE:CWE-416,HAS_CWE
CVE:CVE-2022-2586,CPE:cpe:2.3:o:canonical:ubuntu_linux:14.04:*:*:*:esm:*:*:*,AFFECTS
CVE:CVE-2022-2586,CPE:cpe:2.3:o:canonical:ubuntu_linux:16.04:*:*:*:esm:*:*:*,AFFECTS
CVE:CVE-2022-2586,CPE:cpe:2.3:o:canonical:ubuntu_linux:18.04:*:*:*:esm:*:*:*,AFFECTS
CVE:CVE-2022-2586,CPE:cpe:2.3:o:canonical:ubuntu_linux:20.04:*:*:*:lts:*:*:*,AFFECTS
CVE:CVE-2022-2586,CPE:cpe:2.3:o:canonical:ubuntu_linux:22.04:*:*:*:lts:*:*:*,AFFECTS
CVE:CVE-2022-2586,CPE:cpe:2.3:o:linux:linux_kernel:*:*:*:*:*:*:*:*,AFFECTS
CVE:CVE-2022-2586,REF:CVE-2022-2586:0,REFERENCES
CVE:CVE-2022-2586,REF:CVE-2022-2586:1,REFERENCES
CVE:CVE-2022-2586,REF:CVE-2022-2586:2,REFERENCES
CVE:CVE-2022-2586,REF:CVE-2022-2586:3,REFERENCES
CVE:CVE-2022-2586,REF:CVE-2022-2586:4,REFERENCES
CVE:CVE-2022-2586,REF:CVE-2022-2586:5,REFERENCES
CVE:CVE-2022-2586,REF:CVE-2022-2586:6,REFERENCES
CVE:CVE-2022-2586,REF:CVE-2022-2586:7,REFERENCES
CVE:CVE-2022-2586,REF:CVE-2022-2586:8,REFERENCES
CVE:CVE-2022-2586,REF:CVE-2022-2586:9,REFERENCES
CVE:CVE-2022-2586,REF:CVE-2022-2586:10,REFERENCES
CVE:CVE-2022-2586,REF:CVE-2022-2586:11,REFERENCES
CVE:CVE-2022-2586,REF:CVE-2022-2586:12,REFERENCES
CVE:CVE-2022-2586,REF:CVE-2022-2586:13,REFERENCES
CVE:CVE-2022-2586,REF:CVE-2022-2586:14,REFERENCES
CVE:CVE-2024-38107,RISK:HIGH,HAS_RISK
CVE:CVE-2024-38107,SIGNAL:CISA_KEV,KNOWN_EXPLOITED
CVE:CVE-2024-38107,CWE:CWE-416,HAS_CWE
CVE:CVE-2024-38107,CPE:cpe:2.3:o:microsoft:windows_10_1507:*:*:*:*:*:*:*:*,AFFECTS
CVE:CVE-2024-38107,CPE:cpe:2.3:o:microsoft:windows_10_1607:*:*:*:*:*:*:*:*,AFFECTS
CVE:CVE-2024-38107,CPE:cpe:2.3:o:microsoft:windows_10_1809:*:*:*:*:*:*:*:*,AFFECTS
CVE:CVE-2024-38107,CPE:cpe:2.3:o:microsoft:windows_10_21h2:*:*:*:*:*:*:*:*,AFFECTS
CVE:CVE-2024-38107,CPE:cpe:2.3:o:microsoft:windows_10_22h2:*:*:*:*:*:*:*:*,AFFECTS
CVE:CVE-2024-38107,CPE:cpe:2.3:o:microsoft:windows_11_21h2:*:*:*:*:*:*:*:*,AFFECTS
CVE:CVE-2024-38107,CPE:cpe:2.3:o:microsoft:windows_11_22h2:*:*:*:*:*:*:*:*,AFFECTS
CVE:CVE-2024-38107,CPE:cpe:2.3:o:microsoft:windows_11_23h2:*:*:*:*:*:*:*:*,AFFECTS
CVE:CVE-2024-38107,CPE:cpe:2.3:o:microsoft:windows_11_24h2:*:*:*:*:*:*:*:*,AFFECTS
CVE:CVE-2024-38107,CPE:cpe:2.3:o:microsoft:windows_server_2012:*:*:*:*:*:*:*:*,AFFECTS
CVE:CVE-2024-38107,CPE:cpe:2.3:o:microsoft:windows_server_2012:r2:*:*:*:*:*:*:*,AFFECTS
CVE:CVE-2024-38107,CPE:cpe:2.3:o:microsoft:windows_server_2016:*:*:*:*:*:*:*:*,AFFECTS
CVE:CVE-2024-38107,CPE:cpe:2.3:o:microsoft:windows_server_2019:*:*:*:*:*:*:*:*,AFFECTS
CVE:CVE-2024-38107,CPE:cpe:2.3:o:microsoft:windows_server_2022:*:*:*:*:*:*:*:*,AFFECTS
CVE:CVE-2024-38107,CPE:cpe:2.3:o:microsoft:windows_server_2022_23h2:*:*:*:*:*:*:*:*,AFFECTS
CVE:CVE-2024-38107,REF:CVE-2024-38107:0,REFERENCES
CVE:CVE-2024-38107,REF:CVE-2024-38107:1,REFERENCES
CVE:CVE-2024-7965,RISK:HIGH,HAS_RISK
CVE:CVE-2024-7965,SIGNAL:CISA_KEV,KNOWN_EXPLOITED
CVE:CVE-2024-7965,CWE:CWE-358,HAS_CWE
CVE:CVE-2024-7965,CWE:CWE-787,HAS_CWE
CVE:CVE-2024-7965,CPE:cpe:2.3:a:google:chrome:*:*:*:*:*:*:*:*,AFFECTS
CVE:CVE-2024-7965,CPE:cpe:2.3:a:microsoft:edge_chromium:*:*:*:*:*:*:*:*,AFFECTS
CVE:CVE-2024-7965,REF:CVE-2024-7965:0,REFERENCES
CVE:CVE-2024-7965,REF:CVE-2024-7965:1,REFERENCES
CVE:CVE-2024-7965,REF:CVE-2024-7965:2,REFERENCES
CVE:CVE-2024-9379,RISK:HIGH,HAS_RISK
CVE:CVE-2024-9379,SIGNAL:CISA_KEV,KNOWN_EXPLOITED
CVE:CVE-2024-9379,CWE:CWE-89,HAS_CWE
CVE:CVE-2024-9379,CPE:cpe:2.3:a:ivanti:endpoint_manager_cloud_services_appliance:*:*:*:*:*:*:*:*,AFFECTS
CVE:CVE-2024-9379,REF:CVE-2024-9379:0,REFERENCES
CVE:CVE-2024-9379,REF:CVE-2024-9379:1,REFERENCES
CVE:CVE-2024-43468,RISK:HIGH,HAS_RISK
CVE:CVE-2024-43468,SIGNAL:CISA_KEV,KNOWN_EXPLOITED
CVE:CVE-2024-43468,CWE:CWE-89,HAS_CWE
CVE:CVE-2024-43468,CPE:cpe:2.3:a:microsoft:configuration_manager_2403:-:*:*:*:*:*:*:*,AFFECTS
CVE:CVE-2024-43468,CPE:cpe:2.3:a:microsoft:configuration_manager_2409:-:*:*:*:*:*:*:*,AFFECTS
CVE:CVE-2024-43468,CPE:cpe:2.3:a:microsoft:configuration_manager_2503:-:*:*:*:*:*:*:*,AFFECTS
CVE:CVE-2024-43468,REF:CVE-2024-43468:0,REFERENCES
CVE:CVE-2024-43468,REF:CVE-2024-43468:1,REFERENCES
CVE:CVE-2025-30066,RISK:HIGH,HAS_RISK
CVE:CVE-2025-30066,SIGNAL:CISA_KEV,KNOWN_EXPLOITED
CVE:CVE-2025-30066,CWE:CWE-506,HAS_CWE
CVE:CVE-2025-30066,CPE:cpe:2.3:a:tj-actions:changed-files:*:*:*:*:*:*:*:*,AFFECTS
CVE:CVE-2025-30066,REF:CVE-2025-30066:0,REFERENCES
CVE:CVE-2025-30066,REF:CVE-2025-30066:1,REFERENCES
CVE:CVE-2025-30066,REF:CVE-2025-30066:2,REFERENCES
CVE:CVE-2025-30066,REF:CVE-2025-30066:3,REFERENCES
CVE:CVE-2025-30066,REF:CVE-2025-30066:4,REFERENCES
CVE:CVE-2025-30066,REF:CVE-2025-30066:5,REFERENCES
CVE:CVE-2025-30066,REF:CVE-2025-30066:6,REFERENCES
CVE:CVE-2025-30066,REF:CVE-2025-30066:7,REFERENCES
CVE:CVE-2025-30066,REF:CVE-2025-30066:8,REFERENCES
CVE:CVE-2025-30066,REF:CVE-2025-30066:9,REFERENCES
CVE:CVE-2025-30066,REF:CVE-2025-30066:10,REFERENCES
CVE:CVE-2025-30066,REF:CVE-2025-30066:11,REFERENCES
CVE:CVE-2025-30066,REF:CVE-2025-30066:12,REFERENCES
CVE:CVE-2025-30066,REF:CVE-2025-30066:13,REFERENCES
CVE:CVE-2025-30066,REF:CVE-2025-30066:14,REFERENCES
CVE:CVE-2025-30066,REF:CVE-2025-30066:15,REFERENCES
CVE:CVE-2025-30066,REF:CVE-2025-30066:16,REFERENCES
CVE:CVE-2025-30066,REF:CVE-2025-30066:17,REFERENCES
CVE:CVE-2025-30066,REF:CVE-2025-30066:18,REFERENCES
CVE:CVE-2025-30066,REF:CVE-2025-30066:19,REFERENCES
CVE:CVE-2025-30066,REF:CVE-2025-30066:20,REFERENCES
CVE:CVE-2025-31161,RISK:HIGH,HAS_RISK
CVE:CVE-2025-31161,SIGNAL:CISA_KEV,KNOWN_EXPLOITED
CVE:CVE-2025-31161,CWE:CWE-305,HAS_CWE
CVE:CVE-2025-31161,CPE:cpe:2.3:a:crushftp:crushftp:*:*:*:*:*:*:*:*,AFFECTS
CVE:CVE-2025-31161,REF:CVE-2025-31161:0,REFERENCES
CVE:CVE-2025-31161,REF:CVE-2025-31161:1,REFERENCES
CVE:CVE-2025-31161,REF:CVE-2025-31161:2,REFERENCES
CVE:CVE-2025-31161,REF:CVE-2025-31161:3,REFERENCES
CVE:CVE-2025-31161,REF:CVE-2025-31161:4,REFERENCES
CVE:CVE-2025-31161,REF:CVE-2025-31161:5,REFERENCES
CVE:CVE-2025-31161,REF:CVE-2025-31161:6,REFERENCES
CVE:CVE-2025-31161,REF:CVE-2025-31161:7,REFERENCES
CVE:CVE-2025-31161,REF:CVE-2025-31161:8,REFERENCES
CVE:CVE-2025-31161,REF:CVE-2025-31161:9,REFERENCES
CVE:CVE-2024-58136,RISK:HIGH,HAS_RISK
CVE:CVE-2024-58136,SIGNAL:CISA_KEV,KNOWN_EXPLOITED
CVE:CVE-2024-58136,CWE:CWE-424,HAS_CWE
CVE:CVE-2024-58136,CPE:cpe:2.3:a:yiiframework:yii:*:*:*:*:*:*:*:*,AFFECTS
CVE:CVE-2024-58136,REF:CVE-2024-58136:0,REFERENCES
CVE:CVE-2024-58136,REF:CVE-2024-58136:1,REFERENCES
CVE:CVE-2024-58136,REF:CVE-2024-58136:2,REFERENCES
CVE:CVE-2024-58136,REF:CVE-2024-58136:3,REFERENCES
CVE:CVE-2024-58136,REF:CVE-2024-58136:4,REFERENCES
CVE:CVE-2024-58136,REF:CVE-2024-58136:5,REFERENCES
CVE:CVE-2024-58136,REF:CVE-2024-58136:6,REFERENCES
CVE:CVE-2025-61884,RISK:HIGH,HAS_RISK
CVE:CVE-2025-61884,SIGNAL:CISA_KEV,KNOWN_EXPLOITED
CVE:CVE-2025-61884,CWE:CWE-22,HAS_CWE
CVE:CVE-2025-61884,CWE:CWE-287,HAS_CWE
CVE:CVE-2025-61884,CWE:CWE-444,HAS_CWE
CVE:CVE-2025-61884,CWE:CWE-501,HAS_CWE
CVE:CVE-2025-61884,CWE:CWE-918,HAS_CWE
CVE:CVE-2025-61884,CWE:CWE-93,HAS_CWE
CVE:CVE-2025-61884,CPE:cpe:2.3:a:oracle:configurator:*:*:*:*:*:*:*:*,AFFECTS
CVE:CVE-2025-61884,REF:CVE-2025-61884:0,REFERENCES
CVE:CVE-2025-61884,REF:CVE-2025-61884:1,REFERENCES
CVE:CVE-2025-61884,REF:CVE-2025-61884:2,REFERENCES
CVE:CVE-2025-61884,REF:CVE-2025-61884:3,REFERENCES
CVE:CVE-2026-21962,RISK:HIGH,HAS_RISK
CVE:CVE-2026-21962,SIGNAL:CISA_KEV,KNOWN_EXPLOITED
CVE:CVE-2026-21962,CWE:CWE-284,HAS_CWE
CVE:CVE-2026-21962,CPE:cpe:2.3:a:oracle:http_server:12.2.1.4.0:*:*:*:*:*:*:*,AFFECTS
CVE:CVE-2026-21962,CPE:cpe:2.3:a:oracle:http_server:14.1.1.0.0:*:*:*:*:*:*:*,AFFECTS
CVE:CVE-2026-21962,CPE:cpe:2.3:a:oracle:http_server:14.1.2.0.0:*:*:*:*:*:*:*,AFFECTS
CVE:CVE-2026-21962,CPE:cpe:2.3:a:oracle:weblogic_server_proxy_plug-in:12.2.1.4.0:*:*:*:*:*:*:*,AFFECTS
CVE:CVE-2026-21962,CPE:cpe:2.3:a:oracle:weblogic_server_proxy_plug-in:14.1.1.0.0:*:*:*:*:*:*:*,AFFECTS
CVE:CVE-2026-21962,CPE:cpe:2.3:a:oracle:weblogic_server_proxy_plug-in:14.1.2.0.0:*:*:*:*:*:*:*,AFFECTS
CVE:CVE-2026-21962,REF:CVE-2026-21962:0,REFERENCES
CVE:CVE-2026-21962,REF:CVE-2026-21962:1,REFERENCES
CVE:CVE-2026-21962,REF:CVE-2026-21962:2,REFERENCES
CVE:CVE-2026-21962,REF:CVE-2026-21962:3,REFERENCES
CVE:CVE-2026-21962,REF:CVE-2026-21962:4,REFERENCES
CVE:CVE-2026-20230,RISK:HIGH,HAS_RISK
CVE:CVE-2026-20230,SIGNAL:CISA_KEV,KNOWN_EXPLOITED
CVE:CVE-2026-20230,CWE:CWE-918,HAS_CWE
CVE:CVE-2026-20230,CPE:cpe:2.3:a:cisco:unified_communications_manager:*:*:*:*:-:*:*:*,AFFECTS
CVE:CVE-2026-20230,CPE:cpe:2.3:a:cisco:unified_communications_manager:*:*:*:*:session_management:*:*:*,AFFECTS
CVE:CVE-2026-20230,REF:CVE-2026-20230:0,REFERENCES
CVE:CVE-2026-20230,REF:CVE-2026-20230:1,REFERENCES
CVE:CVE-2026-20230,REF:CVE-2026-20230:2,REFERENCES
CVE:CVE-2026-10520,RISK:HIGH,HAS_RISK
CVE:CVE-2026-10520,SIGNAL:CISA_KEV,KNOWN_EXPLOITED
CVE:CVE-2026-10520,CWE:CWE-78,HAS_CWE
CVE:CVE-2026-10520,CPE:cpe:2.3:a:ivanti:standalone_sentry:*:*:*:*:*:*:*:*,AFFECTS
CVE:CVE-2026-10520,CPE:cpe:2.3:a:ivanti:standalone_sentry:10.7.0:*:*:*:*:*:*:*,AFFECTS
CVE:CVE-2026-10520,REF:CVE-2026-10520:0,REFERENCES
CVE:CVE-2026-10520,REF:CVE-2026-10520:1,REFERENCES
CVE:CVE-2026-10520,REF:CVE-2026-10520:2,REFERENCES
CVE:CVE-2021-27137,RISK:HIGH,HAS_RISK
CVE:CVE-2021-27137,SIGNAL:CISA_KEV,KNOWN_EXPLOITED
CVE:CVE-2021-27137,CWE:CWE-121,HAS_CWE
CVE:CVE-2021-27137,CPE:cpe:2.3:o:dd-wrt:dd-wrt:*:*:*:*:*:*:*:*,AFFECTS
CVE:CVE-2021-27137,REF:CVE-2021-27137:0,REFERENCES
CVE:CVE-2021-27137,REF:CVE-2021-27137:1,REFERENCES
CVE:CVE-2021-27137,REF:CVE-2021-27137:2,REFERENCES
CVE:CVE-2021-27137,REF:CVE-2021-27137:3,REFERENCES
CVE:CVE-2021-27137,REF:CVE-2021-27137:4,REFERENCES
CVE:CVE-2021-27137,REF:CVE-2021-27137:5,REFERENCES
CVE:CVE-2024-49138,RISK:HIGH,HAS_RISK
CVE:CVE-2024-49138,SIGNAL:CISA_KEV,KNOWN_EXPLOITED
CVE:CVE-2024-49138,CWE:CWE-122,HAS_CWE
CVE:CVE-2024-49138,CPE:cpe:2.3:o:microsoft:windows_10_1507:*:*:*:*:*:*:x64:*,AFFECTS
CVE:CVE-2024-49138,CPE:cpe:2.3:o:microsoft:windows_10_1507:*:*:*:*:*:*:x86:*,AFFECTS
CVE:CVE-2024-49138,CPE:cpe:2.3:o:microsoft:windows_10_1607:*:*:*:*:*:*:x64:*,AFFECTS
CVE:CVE-2024-49138,CPE:cpe:2.3:o:microsoft:windows_10_1607:*:*:*:*:*:*:x86:*,AFFECTS
CVE:CVE-2024-49138,CPE:cpe:2.3:o:microsoft:windows_10_1809:*:*:*:*:*:*:x64:*,AFFECTS
CVE:CVE-2024-49138,CPE:cpe:2.3:o:microsoft:windows_10_1809:*:*:*:*:*:*:x86:*,AFFECTS
CVE:CVE-2024-49138,CPE:cpe:2.3:o:microsoft:windows_10_21h2:*:*:*:*:*:*:arm64:*,AFFECTS
CVE:CVE-2024-49138,CPE:cpe:2.3:o:microsoft:windows_10_21h2:*:*:*:*:*:*:x64:*,AFFECTS
CVE:CVE-2024-49138,CPE:cpe:2.3:o:microsoft:windows_10_21h2:*:*:*:*:*:*:x86:*,AFFECTS
CVE:CVE-2024-49138,CPE:cpe:2.3:o:microsoft:windows_10_22h2:*:*:*:*:*:*:arm64:*,AFFECTS
CVE:CVE-2024-49138,CPE:cpe:2.3:o:microsoft:windows_10_22h2:*:*:*:*:*:*:x64:*,AFFECTS
CVE:CVE-2024-49138,CPE:cpe:2.3:o:microsoft:windows_10_22h2:*:*:*:*:*:*:x86:*,AFFECTS
CVE:CVE-2024-49138,CPE:cpe:2.3:o:microsoft:windows_11_22h2:*:*:*:*:*:*:arm64:*,AFFECTS
CVE:CVE-2024-49138,CPE:cpe:2.3:o:microsoft:windows_11_22h2:*:*:*:*:*:*:x64:*,AFFECTS
CVE:CVE-2024-49138,CPE:cpe:2.3:o:microsoft:windows_11_23h2:*:*:*:*:*:*:arm64:*,AFFECTS
CVE:CVE-2024-49138,CPE:cpe:2.3:o:microsoft:windows_11_23h2:*:*:*:*:*:*:x64:*,AFFECTS
CVE:CVE-2024-49138,CPE:cpe:2.3:o:microsoft:windows_11_24h2:*:*:*:*:*:*:arm64:*,AFFECTS
CVE:CVE-2024-49138,CPE:cpe:2.3:o:microsoft:windows_11_24h2:*:*:*:*:*:*:x64:*,AFFECTS
CVE:CVE-2024-49138,CPE:cpe:2.3:o:microsoft:windows_server_2008:-:sp2:*:*:*:*:x86:*,AFFECTS
CVE:CVE-2024-49138,CPE:cpe:2.3:o:microsoft:windows_server_2008:r2:sp1:*:*:*:*:x64:*,AFFECTS
CVE:CVE-2024-49138,CPE:cpe:2.3:o:microsoft:windows_server_2008:sp2:*:*:*:*:*:x64:*,AFFECTS
CVE:CVE-2024-49138,CPE:cpe:2.3:o:microsoft:windows_server_2012:-:*:*:*:*:*:*:*,AFFECTS
CVE:CVE-2024-49138,CPE:cpe:2.3:o:microsoft:windows_server_2012:r2:*:*:*:*:*:*:*,AFFECTS
CVE:CVE-2024-49138,CPE:cpe:2.3:o:microsoft:windows_server_2016:*:*:*:*:*:*:*:*,AFFECTS
CVE:CVE-2024-49138,CPE:cpe:2.3:o:microsoft:windows_server_2019:*:*:*:*:*:*:*:*,AFFECTS
CVE:CVE-2024-49138,CPE:cpe:2.3:o:microsoft:windows_server_2022:*:*:*:*:*:*:*:*,AFFECTS
CVE:CVE-2024-49138,CPE:cpe:2.3:o:microsoft:windows_server_2022_23h2:*:*:*:*:*:*:*:*,AFFECTS
CVE:CVE-2024-49138,CPE:cpe:2.3:o:microsoft:windows_server_2025:*:*:*:*:*:*:*:*,AFFECTS
CVE:CVE-2024-49138,REF:CVE-2024-49138:0,REFERENCES
CVE:CVE-2024-49138,REF:CVE-2024-49138:1,REFERENCES
CVE:CVE-2024-49138,REF:CVE-2024-49138:2,REFERENCES
CVE:CVE-2024-49138,REF:CVE-2024-49138:3,REFERENCES
CVE:CVE-2025-3248,RISK:HIGH,HAS_RISK
CVE:CVE-2025-3248,SIGNAL:CISA_KEV,KNOWN_EXPLOITED
CVE:CVE-2025-3248,CWE:CWE-306,HAS_CWE
CVE:CVE-2025-3248,CWE:CWE-94,HAS_CWE
CVE:CVE-2025-3248,CPE:cpe:2.3:a:langflow:langflow:*:*:*:*:*:*:*:*,AFFECTS
CVE:CVE-2025-3248,REF:CVE-2025-3248:0,REFERENCES
CVE:CVE-2025-3248,REF:CVE-2025-3248:1,REFERENCES
CVE:CVE-2025-3248,REF:CVE-2025-3248:2,REFERENCES
CVE:CVE-2025-3248,REF:CVE-2025-3248:3,REFERENCES
CVE:CVE-2025-3248,REF:CVE-2025-3248:4,REFERENCES
CVE:CVE-2025-4632,RISK:HIGH,HAS_RISK
CVE:CVE-2025-4632,SIGNAL:CISA_KEV,KNOWN_EXPLOITED
CVE:CVE-2025-4632,CWE:CWE-22,HAS_CWE
CVE:CVE-2025-4632,CPE:cpe:2.3:a:samsung:magicinfo_9_server:*:*:*:*:*:*:*:*,AFFECTS
CVE:CVE-2025-4632,REF:CVE-2025-4632:0,REFERENCES
CVE:CVE-2025-4632,REF:CVE-2025-4632:1,REFERENCES
CVE:CVE-2025-30400,RISK:HIGH,HAS_RISK
CVE:CVE-2025-30400,SIGNAL:CISA_KEV,KNOWN_EXPLOITED
CVE:CVE-2025-30400,CWE:CWE-416,HAS_CWE
CVE:CVE-2025-30400,CPE:cpe:2.3:o:microsoft:windows_10_1809:*:*:*:*:*:*:x64:*,AFFECTS
CVE:CVE-2025-30400,CPE:cpe:2.3:o:microsoft:windows_10_1809:*:*:*:*:*:*:x86:*,AFFECTS
CVE:CVE-2025-30400,CPE:cpe:2.3:o:microsoft:windows_10_21h2:*:*:*:*:*:*:*:*,AFFECTS
CVE:CVE-2025-30400,CPE:cpe:2.3:o:microsoft:windows_10_22h2:*:*:*:*:*:*:*:*,AFFECTS
CVE:CVE-2025-30400,CPE:cpe:2.3:o:microsoft:windows_11_22h2:*:*:*:*:*:*:*:*,AFFECTS
CVE:CVE-2025-30400,CPE:cpe:2.3:o:microsoft:windows_11_23h2:*:*:*:*:*:*:*:*,AFFECTS
CVE:CVE-2025-30400,CPE:cpe:2.3:o:microsoft:windows_11_24h2:*:*:*:*:*:*:*:*,AFFECTS
CVE:CVE-2025-30400,CPE:cpe:2.3:o:microsoft:windows_server_2019:*:*:*:*:*:*:*:*,AFFECTS
CVE:CVE-2025-30400,CPE:cpe:2.3:o:microsoft:windows_server_2022:*:*:*:*:*:*:*:*,AFFECTS
CVE:CVE-2025-30400,CPE:cpe:2.3:o:microsoft:windows_server_2022_23h2:*:*:*:*:*:*:*:*,AFFECTS
CVE:CVE-2025-30400,CPE:cpe:2.3:o:microsoft:windows_server_2025:*:*:*:*:*:*:*:*,AFFECTS
CVE:CVE-2025-30400,REF:CVE-2025-30400:0,REFERENCES
CVE:CVE-2025-30400,REF:CVE-2025-30400:1,REFERENCES
CVE:CVE-2025-38352,RISK:HIGH,HAS_RISK
CVE:CVE-2025-38352,SIGNAL:CISA_KEV,KNOWN_EXPLOITED
CVE:CVE-2025-38352,CWE:CWE-367,HAS_CWE
CVE:CVE-2025-38352,CPE:cpe:2.3:o:debian:debian_linux:11.0:*:*:*:*:*:*:*,AFFECTS
CVE:CVE-2025-38352,CPE:cpe:2.3:o:linux:linux_kernel:*:*:*:*:*:*:*:*,AFFECTS
CVE:CVE-2025-38352,CPE:cpe:2.3:o:linux:linux_kernel:6.16:rc1:*:*:*:*:*:*,AFFECTS
CVE:CVE-2025-38352,REF:CVE-2025-38352:0,REFERENCES
CVE:CVE-2025-38352,REF:CVE-2025-38352:1,REFERENCES
CVE:CVE-2025-38352,REF:CVE-2025-38352:2,REFERENCES
CVE:CVE-2025-38352,REF:CVE-2025-38352:3,REFERENCES
CVE:CVE-2025-38352,REF:CVE-2025-38352:4,REFERENCES
CVE:CVE-2025-38352,REF:CVE-2025-38352:5,REFERENCES
CVE:CVE-2025-38352,REF:CVE-2025-38352:6,REFERENCES
CVE:CVE-2025-38352,REF:CVE-2025-38352:7,REFERENCES
CVE:CVE-2025-38352,REF:CVE-2025-38352:8,REFERENCES
CVE:CVE-2025-38352,REF:CVE-2025-38352:9,REFERENCES
CVE:CVE-2025-38352,REF:CVE-2025-38352:10,REFERENCES
CVE:CVE-2025-38352,REF:CVE-2025-38352:11,REFERENCES
CVE:CVE-2026-33825,RISK:HIGH,HAS_RISK
CVE:CVE-2026-33825,SIGNAL:CISA_KEV,KNOWN_EXPLOITED
CVE:CVE-2026-33825,CWE:CWE-1220,HAS_CWE
CVE:CVE-2026-33825,CPE:cpe:2.3:a:microsoft:defender_antimalware_platform:*:*:*:*:*:*:*:*,AFFECTS
CVE:CVE-2026-33825,REF:CVE-2026-33825:0,REFERENCES
CVE:CVE-2026-33825,REF:CVE-2026-33825:1,REFERENCES
CVE:CVE-2026-33825,REF:CVE-2026-33825:2,REFERENCES
CVE:CVE-2026-15409,RISK:HIGH,HAS_RISK
CVE:CVE-2026-15409,SIGNAL:CISA_KEV,KNOWN_EXPLOITED
CVE:CVE-2026-15409,CWE:CWE-918,HAS_CWE
CVE:CVE-2026-15409,CPE:cpe:2.3:a:sonicwall:sma8200v:-:*:*:*:*:*:*:*,AFFECTS
CVE:CVE-2026-15409,CPE:cpe:2.3:a:sonicwall:sma8200v:12.4.3-03245:*:*:*:*:*:*:*,AFFECTS
CVE:CVE-2026-15409,CPE:cpe:2.3:a:sonicwall:sma8200v:12.4.3-03387:*:*:*:*:*:*:*,AFFECTS
CVE:CVE-2026-15409,CPE:cpe:2.3:a:sonicwall:sma8200v:12.4.3-03434:*:*:*:*:*:*:*,AFFECTS
CVE:CVE-2026-15409,CPE:cpe:2.3:a:sonicwall:sma8200v:12.5.0-02283:*:*:*:*:*:*:*,AFFECTS
CVE:CVE-2026-15409,CPE:cpe:2.3:a:sonicwall:sma8200v:12.5.0-02624:*:*:*:*:*:*:*,AFFECTS
CVE:CVE-2026-15409,CPE:cpe:2.3:a:sonicwall:sma8200v:12.5.0-02800:*:*:*:*:*:*:*,AFFECTS
CVE:CVE-2026-15409,CPE:cpe:2.3:h:sonicwall:sma6210:-:*:*:*:*:*:*:*,AFFECTS
CVE:CVE-2026-15409,CPE:cpe:2.3:h:sonicwall:sma7210:-:*:*:*:*:*:*:*,AFFECTS
CVE:CVE-2026-15409,CPE:cpe:2.3:o:sonicwall:sma6210_firmware:12.4.3-03245:*:*:*:*:*:*:*,AFFECTS
CVE:CVE-2026-15409,CPE:cpe:2.3:o:sonicwall:sma6210_firmware:12.4.3-03387:*:*:*:*:*:*:*,AFFECTS
CVE:CVE-2026-15409,CPE:cpe:2.3:o:sonicwall:sma6210_firmware:12.4.3-03434:*:*:*:*:*:*:*,AFFECTS
CVE:CVE-2026-15409,CPE:cpe:2.3:o:sonicwall:sma6210_firmware:12.5.0-02283:*:*:*:*:*:*:*,AFFECTS
CVE:CVE-2026-15409,CPE:cpe:2.3:o:sonicwall:sma6210_firmware:12.5.0-02624:*:*:*:*:*:*:*,AFFECTS
CVE:CVE-2026-15409,CPE:cpe:2.3:o:sonicwall:sma6210_firmware:12.5.0-02800:*:*:*:*:*:*:*,AFFECTS
CVE:CVE-2026-15409,CPE:cpe:2.3:o:sonicwall:sma7210_firmware:12.4.3-03245:*:*:*:*:*:*:*,AFFECTS
CVE:CVE-2026-15409,CPE:cpe:2.3:o:sonicwall:sma7210_firmware:12.4.3-03387:*:*:*:*:*:*:*,AFFECTS
CVE:CVE-2026-15409,CPE:cpe:2.3:o:sonicwall:sma7210_firmware:12.4.3-03434:*:*:*:*:*:*:*,AFFECTS
CVE:CVE-2026-15409,CPE:cpe:2.3:o:sonicwall:sma7210_firmware:12.5.0-02283:*:*:*:*:*:*:*,AFFECTS
CVE:CVE-2026-15409,CPE:cpe:2.3:o:sonicwall:sma7210_firmware:12.5.0-02624:*:*:*:*:*:*:*,AFFECTS
CVE:CVE-2026-15409,CPE:cpe:2.3:o:sonicwall:sma7210_firmware:12.5.0-02800:*:*:*:*:*:*:*,AFFECTS
CVE:CVE-2026-15409,REF:CVE-2026-15409:0,REFERENCES
CVE:CVE-2026-15409,REF:CVE-2026-15409:1,REFERENCES
CVE:CVE-2026-81963,RISK:HIGH,HAS_RISK
CVE:CVE-2026-81963,SIGNAL:CISA_KEV,KNOWN_EXPLOITED
CVE:CVE-2026-81963,CWE:CWE-284,HAS_CWE
CVE:CVE-2026-81963,CWE:CWE-59,HAS_CWE
CVE:CVE-2026-81963,CPE:cpe:2.3:o:microsoft:windows_11_23h2:*:*:*:*:*:*:arm64:*,AFFECTS
CVE:CVE-2026-81963,CPE:cpe:2.3:o:microsoft:windows_11_23h2:*:*:*:*:*:*:x64:*,AFFECTS
CVE:CVE-2026-81963,CPE:cpe:2.3:o:microsoft:windows_11_24h2:*:*:*:*:*:*:arm64:*,AFFECTS
CVE:CVE-2026-81963,CPE:cpe:2.3:o:microsoft:windows_11_24h2:*:*:*:*:*:*:x64:*,AFFECTS
CVE:CVE-2026-81963,CPE:cpe:2.3:o:microsoft:windows_11_25h2:*:*:*:*:*:*:arm64:*,AFFECTS
CVE:CVE-2026-81963,CPE:cpe:2.3:o:microsoft:windows_11_25h2:*:*:*:*:*:*:x64:*,AFFECTS
CVE:CVE-2026-81963,CPE:cpe:2.3:o:microsoft:windows_11_26h1:*:*:*:*:*:*:arm64:*,AFFECTS
CVE:CVE-2026-81963,CPE:cpe:2.3:o:microsoft:windows_11_26h1:*:*:*:*:*:*:x64:*,AFFECTS
CVE:CVE-2026-81963,CPE:cpe:2.3:o:microsoft:windows_server_2025:*:*:*:*:*:*:*:*,AFFECTS
CVE:CVE-2026-81963,REF:CVE-2026-81963:0,REFERENCES
CVE:CVE-2026-81963,REF:CVE-2026-81963:1,REFERENCES
CVE:CVE-2024-21410,RISK:HIGH,HAS_RISK
CVE:CVE-2024-21410,SIGNAL:CISA_KEV,KNOWN_EXPLOITED
CVE:CVE-2024-21410,CWE:CWE-287,HAS_CWE
CVE:CVE-2024-21410,CPE:cpe:2.3:a:microsoft:exchange_server:2016:cumulative_update_23:*:*:*:*:*:*,AFFECTS
CVE:CVE-2024-21410,CPE:cpe:2.3:a:microsoft:exchange_server:2019:cumulative_update_13:*:*:*:*:*:*,AFFECTS
CVE:CVE-2024-21410,CPE:cpe:2.3:a:microsoft:exchange_server:2019:cumulative_update_14:*:*:*:*:*:*,AFFECTS
CVE:CVE-2024-21410,REF:CVE-2024-21410:0,REFERENCES
CVE:CVE-2024-21410,REF:CVE-2024-21410:1,REFERENCES
CVE:CVE-2024-26169,RISK:HIGH,HAS_RISK
CVE:CVE-2024-26169,SIGNAL:CISA_KEV,KNOWN_EXPLOITED
CVE:CVE-2024-26169,CWE:CWE-269,HAS_CWE
CVE:CVE-2024-26169,CPE:cpe:2.3:o:microsoft:windows_10_1507:*:*:*:*:*:*:*:*,AFFECTS
CVE:CVE-2024-26169,CPE:cpe:2.3:o:microsoft:windows_10_1607:*:*:*:*:*:*:x64:*,AFFECTS
CVE:CVE-2024-26169,CPE:cpe:2.3:o:microsoft:windows_10_1607:*:*:*:*:*:*:x86:*,AFFECTS
CVE:CVE-2024-26169,CPE:cpe:2.3:o:microsoft:windows_10_1809:*:*:*:*:*:*:arm64:*,AFFECTS
CVE:CVE-2024-26169,CPE:cpe:2.3:o:microsoft:windows_10_1809:*:*:*:*:*:*:x64:*,AFFECTS
CVE:CVE-2024-26169,CPE:cpe:2.3:o:microsoft:windows_10_1809:*:*:*:*:*:*:x86:*,AFFECTS
CVE:CVE-2024-26169,CPE:cpe:2.3:o:microsoft:windows_10_21h2:*:*:*:*:*:*:*:*,AFFECTS
CVE:CVE-2024-26169,CPE:cpe:2.3:o:microsoft:windows_10_22h2:*:*:*:*:*:*:*:*,AFFECTS
CVE:CVE-2024-26169,CPE:cpe:2.3:o:microsoft:windows_11_21h2:*:*:*:*:*:*:*:*,AFFECTS
CVE:CVE-2024-26169,CPE:cpe:2.3:o:microsoft:windows_11_22h2:*:*:*:*:*:*:*:*,AFFECTS
CVE:CVE-2024-26169,CPE:cpe:2.3:o:microsoft:windows_11_23h2:*:*:*:*:*:*:*:*,AFFECTS
CVE:CVE-2024-26169,CPE:cpe:2.3:o:microsoft:windows_server_2008:-:sp2:*:*:*:*:x64:*,AFFECTS
CVE:CVE-2024-26169,CPE:cpe:2.3:o:microsoft:windows_server_2008:-:sp2:*:*:*:*:x86:*,AFFECTS
CVE:CVE-2024-26169,CPE:cpe:2.3:o:microsoft:windows_server_2008:r2:sp1:*:*:*:*:x64:*,AFFECTS
CVE:CVE-2024-26169,CPE:cpe:2.3:o:microsoft:windows_server_2012:r2:*:*:*:*:*:*:*,AFFECTS
CVE:CVE-2024-26169,CPE:cpe:2.3:o:microsoft:windows_server_2016:-:*:*:*:*:*:*:*,AFFECTS
CVE:CVE-2024-26169,CPE:cpe:2.3:o:microsoft:windows_server_2019:*:*:*:*:*:*:*:*,AFFECTS
CVE:CVE-2024-26169,CPE:cpe:2.3:o:microsoft:windows_server_2022:*:*:*:*:*:*:*:*,AFFECTS
CVE:CVE-2024-26169,CPE:cpe:2.3:o:microsoft:windows_server_2022_23h2:*:*:*:*:*:*:*:*,AFFECTS
CVE:CVE-2024-26169,REF:CVE-2024-26169:0,REFERENCES
CVE:CVE-2024-26169,REF:CVE-2024-26169:1,REFERENCES
CVE:CVE-2024-4040,RISK:HIGH,HAS_RISK
CVE:CVE-2024-4040,SIGNAL:CISA_KEV,KNOWN_EXPLOITED
CVE:CVE-2024-4040,CWE:CWE-1336,HAS_CWE
CVE:CVE-2024-4040,CWE:CWE-94,HAS_CWE
CVE:CVE-2024-4040,CPE:cpe:2.3:a:crushftp:crushftp:*:*:*:*:*:*:*:*,AFFECTS
CVE:CVE-2024-4040,REF:CVE-2024-4040:0,REFERENCES
CVE:CVE-2024-4040,REF:CVE-2024-4040:1,REFERENCES
CVE:CVE-2024-4040,REF:CVE-2024-4040:2,REFERENCES
CVE:CVE-2024-4040,REF:CVE-2024-4040:3,REFERENCES
CVE:CVE-2024-4040,REF:CVE-2024-4040:4,REFERENCES
CVE:CVE-2024-4040,REF:CVE-2024-4040:5,REFERENCES
CVE:CVE-2024-4040,REF:CVE-2024-4040:6,REFERENCES
CVE:CVE-2024-4040,REF:CVE-2024-4040:7,REFERENCES
CVE:CVE-2024-38193,RISK:HIGH,HAS_RISK
CVE:CVE-2024-38193,SIGNAL:CISA_KEV,KNOWN_EXPLOITED
CVE:CVE-2024-38193,CWE:CWE-416,HAS_CWE
CVE:CVE-2024-38193,CPE:cpe:2.3:o:microsoft:windows_10_1507:*:*:*:*:*:*:*:*,AFFECTS
CVE:CVE-2024-38193,CPE:cpe:2.3:o:microsoft:windows_10_1607:*:*:*:*:*:*:*:*,AFFECTS
CVE:CVE-2024-38193,CPE:cpe:2.3:o:microsoft:windows_10_1809:*:*:*:*:*:*:*:*,AFFECTS
CVE:CVE-2024-38193,CPE:cpe:2.3:o:microsoft:windows_10_21h2:*:*:*:*:*:*:*:*,AFFECTS
CVE:CVE-2024-38193,CPE:cpe:2.3:o:microsoft:windows_10_22h2:*:*:*:*:*:*:*:*,AFFECTS
CVE:CVE-2024-38193,CPE:cpe:2.3:o:microsoft:windows_11_21h2:*:*:*:*:*:*:*:*,AFFECTS
CVE:CVE-2024-38193,CPE:cpe:2.3:o:microsoft:windows_11_22h2:*:*:*:*:*:*:*:*,AFFECTS
CVE:CVE-2024-38193,CPE:cpe:2.3:o:microsoft:windows_11_23h2:*:*:*:*:*:*:*:*,AFFECTS
CVE:CVE-2024-38193,CPE:cpe:2.3:o:microsoft:windows_11_24h2:*:*:*:*:*:*:*:*,AFFECTS
CVE:CVE-2024-38193,CPE:cpe:2.3:o:microsoft:windows_server_2008:-:sp2:*:*:*:*:*:*,AFFECTS
CVE:CVE-2024-38193,CPE:cpe:2.3:o:microsoft:windows_server_2008:r2:sp1:*:*:*:*:x64:*,AFFECTS
CVE:CVE-2024-38193,CPE:cpe:2.3:o:microsoft:windows_server_2012:*:*:*:*:*:*:*:*,AFFECTS
CVE:CVE-2024-38193,CPE:cpe:2.3:o:microsoft:windows_server_2012:r2:*:*:*:*:*:*:*,AFFECTS
CVE:CVE-2024-38193,CPE:cpe:2.3:o:microsoft:windows_server_2016:*:*:*:*:*:*:*:*,AFFECTS
CVE:CVE-2024-38193,CPE:cpe:2.3:o:microsoft:windows_server_2019:*:*:*:*:*:*:*:*,AFFECTS
CVE:CVE-2024-38193,CPE:cpe:2.3:o:microsoft:windows_server_2022:*:*:*:*:*:*:*:*,AFFECTS
CVE:CVE-2024-38193,CPE:cpe:2.3:o:microsoft:windows_server_2022_23h2:*:*:*:*:*:*:*:*,AFFECTS
CVE:CVE-2024-38193,REF:CVE-2024-38193:0,REFERENCES
CVE:CVE-2024-38193,REF:CVE-2024-38193:1,REFERENCES
CVE:CVE-2024-38193,REF:CVE-2024-38193:2,REFERENCES
CVE:CVE-2025-48927,RISK:HIGH,HAS_RISK
CVE:CVE-2025-48927,SIGNAL:CISA_KEV,KNOWN_EXPLOITED
CVE:CVE-2025-48927,CWE:CWE-1188,HAS_CWE
CVE:CVE-2025-48927,CPE:cpe:2.3:a:smarsh:telemessage:-:*:*:*:*:*:*:*,AFFECTS
CVE:CVE-2025-48927,REF:CVE-2025-48927:0,REFERENCES
CVE:CVE-2025-48927,REF:CVE-2025-48927:1,REFERENCES
CVE:CVE-2025-49113,RISK:HIGH,HAS_RISK
CVE:CVE-2025-49113,SIGNAL:CISA_KEV,KNOWN_EXPLOITED
CVE:CVE-2025-49113,CWE:CWE-502,HAS_CWE
CVE:CVE-2025-49113,CPE:cpe:2.3:a:roundcube:webmail:*:*:*:*:*:*:*:*,AFFECTS
CVE:CVE-2025-49113,CPE:cpe:2.3:o:debian:debian_linux:11.0:*:*:*:*:*:*:*,AFFECTS
CVE:CVE-2025-49113,REF:CVE-2025-49113:0,REFERENCES
CVE:CVE-2025-49113,REF:CVE-2025-49113:1,REFERENCES
CVE:CVE-2025-49113,REF:CVE-2025-49113:2,REFERENCES
CVE:CVE-2025-49113,REF:CVE-2025-49113:3,REFERENCES
CVE:CVE-2025-49113,REF:CVE-2025-49113:4,REFERENCES
CVE:CVE-2025-49113,REF:CVE-2025-49113:5,REFERENCES
CVE:CVE-2025-49113,REF:CVE-2025-49113:6,REFERENCES
CVE:CVE-2025-49113,REF:CVE-2025-49113:7,REFERENCES
CVE:CVE-2025-49113,REF:CVE-2025-49113:8,REFERENCES
CVE:CVE-2025-49113,REF:CVE-2025-49113:9,REFERENCES
CVE:CVE-2025-49113,REF:CVE-2025-49113:10,REFERENCES
CVE:CVE-2025-49113,REF:CVE-2025-49113:11,REFERENCES
CVE:CVE-2025-49113,REF:CVE-2025-49113:12,REFERENCES
CVE:CVE-2026-1603,RISK:HIGH,HAS_RISK
CVE:CVE-2026-1603,SIGNAL:CISA_KEV,KNOWN_EXPLOITED
CVE:CVE-2026-1603,CWE:CWE-288,HAS_CWE
CVE:CVE-2026-1603,CWE:CWE-306,HAS_CWE
CVE:CVE-2026-1603,CPE:cpe:2.3:a:ivanti:endpoint_manager:*:*:*:*:*:*:*:*,AFFECTS
CVE:CVE-2026-1603,CPE:cpe:2.3:a:ivanti:endpoint_manager:2024:-:*:*:*:*:*:*,AFFECTS
CVE:CVE-2026-1603,CPE:cpe:2.3:a:ivanti:endpoint_manager:2024:su1:*:*:*:*:*:*,AFFECTS
CVE:CVE-2026-1603,CPE:cpe:2.3:a:ivanti:endpoint_manager:2024:su2:*:*:*:*:*:*,AFFECTS
CVE:CVE-2026-1603,CPE:cpe:2.3:a:ivanti:endpoint_manager:2024:su3:*:*:*:*:*:*,AFFECTS
CVE:CVE-2026-1603,CPE:cpe:2.3:a:ivanti:endpoint_manager:2024:su3_security_release_1:*:*:*:*:*:*,AFFECTS
CVE:CVE-2026-1603,CPE:cpe:2.3:a:ivanti:endpoint_manager:2024:su4:*:*:*:*:*:*,AFFECTS
CVE:CVE-2026-1603,CPE:cpe:2.3:a:ivanti:endpoint_manager:2024:su4_security_release_1:*:*:*:*:*:*,AFFECTS
CVE:CVE-2026-1603,REF:CVE-2026-1603:0,REFERENCES
CVE:CVE-2026-1603,REF:CVE-2026-1603:1,REFERENCES
CVE:CVE-2024-1709,RISK:HIGH,HAS_RISK
CVE:CVE-2024-1709,SIGNAL:CISA_KEV,KNOWN_EXPLOITED
CVE:CVE-2024-1709,CWE:CWE-288,HAS_CWE
CVE:CVE-2024-1709,CPE:cpe:2.3:a:connectwise:screenconnect:*:*:*:*:*:*:*:*,AFFECTS
CVE:CVE-2024-1709,REF:CVE-2024-1709:0,REFERENCES
CVE:CVE-2024-1709,REF:CVE-2024-1709:1,REFERENCES
CVE:CVE-2024-1709,REF:CVE-2024-1709:2,REFERENCES
CVE:CVE-2024-1709,REF:CVE-2024-1709:3,REFERENCES
CVE:CVE-2024-1709,REF:CVE-2024-1709:4,REFERENCES
CVE:CVE-2024-1709,REF:CVE-2024-1709:5,REFERENCES
CVE:CVE-2024-1709,REF:CVE-2024-1709:6,REFERENCES
CVE:CVE-2024-1709,REF:CVE-2024-1709:7,REFERENCES
CVE:CVE-2024-1709,REF:CVE-2024-1709:8,REFERENCES
CVE:CVE-2024-1709,REF:CVE-2024-1709:9,REFERENCES
CVE:CVE-2024-1709,REF:CVE-2024-1709:10,REFERENCES
CVE:CVE-2024-4761,RISK:HIGH,HAS_RISK
CVE:CVE-2024-4761,SIGNAL:CISA_KEV,KNOWN_EXPLOITED
CVE:CVE-2024-4761,CWE:CWE-787,HAS_CWE
CVE:CVE-2024-4761,CPE:cpe:2.3:a:google:chrome:*:*:*:*:*:*:*:*,AFFECTS
CVE:CVE-2024-4761,CPE:cpe:2.3:o:fedoraproject:fedora:38:*:*:*:*:*:*:*,AFFECTS
CVE:CVE-2024-4761,CPE:cpe:2.3:o:fedoraproject:fedora:39:*:*:*:*:*:*:*,AFFECTS
CVE:CVE-2024-4761,CPE:cpe:2.3:o:fedoraproject:fedora:40:*:*:*:*:*:*:*,AFFECTS
CVE:CVE-2024-4761,REF:CVE-2024-4761:0,REFERENCES
CVE:CVE-2024-4761,REF:CVE-2024-4761:1,REFERENCES
CVE:CVE-2024-4761,REF:CVE-2024-4761:2,REFERENCES
CVE:CVE-2024-4761,REF:CVE-2024-4761:3,REFERENCES
CVE:CVE-2024-4761,REF:CVE-2024-4761:4,REFERENCES
CVE:CVE-2024-4761,REF:CVE-2024-4761:5,REFERENCES
CVE:CVE-2024-53197,RISK:HIGH,HAS_RISK
CVE:CVE-2024-53197,SIGNAL:CISA_KEV,KNOWN_EXPLOITED
CVE:CVE-2024-53197,CWE:CWE-787,HAS_CWE
CVE:CVE-2024-53197,CPE:cpe:2.3:o:debian:debian_linux:11.0:*:*:*:*:*:*:*,AFFECTS
CVE:CVE-2024-53197,CPE:cpe:2.3:o:linux:linux_kernel:*:*:*:*:*:*:*:*,AFFECTS
CVE:CVE-2024-53197,REF:CVE-2024-53197:0,REFERENCES
CVE:CVE-2024-53197,REF:CVE-2024-53197:1,REFERENCES
CVE:CVE-2024-53197,REF:CVE-2024-53197:2,REFERENCES
CVE:CVE-2024-53197,REF:CVE-2024-53197:3,REFERENCES
CVE:CVE-2024-53197,REF:CVE-2024-53197:4,REFERENCES
CVE:CVE-2024-53197,REF:CVE-2024-53197:5,REFERENCES
CVE:CVE-2024-53197,REF:CVE-2024-53197:6,REFERENCES
CVE:CVE-2024-53197,REF:CVE-2024-53197:7,REFERENCES
CVE:CVE-2024-53197,REF:CVE-2024-53197:8,REFERENCES
CVE:CVE-2024-53197,REF:CVE-2024-53197:9,REFERENCES
CVE:CVE-2024-53197,REF:CVE-2024-53197:10,REFERENCES
CVE:CVE-2024-53197,REF:CVE-2024-53197:11,REFERENCES
CVE:CVE-2025-26399,RISK:HIGH,HAS_RISK
CVE:CVE-2025-26399,SIGNAL:CISA_KEV,KNOWN_EXPLOITED
CVE:CVE-2025-26399,CWE:CWE-502,HAS_CWE
CVE:CVE-2025-26399,CPE:cpe:2.3:a:solarwinds:web_help_desk:*:*:*:*:*:*:*:*,AFFECTS
CVE:CVE-2025-26399,CPE:cpe:2.3:a:solarwinds:web_help_desk:12.8.7:-:*:*:*:*:*:*,AFFECTS
CVE:CVE-2025-26399,REF:CVE-2025-26399:0,REFERENCES
CVE:CVE-2025-26399,REF:CVE-2025-26399:1,REFERENCES
CVE:CVE-2025-26399,REF:CVE-2025-26399:2,REFERENCES
CVE:CVE-2025-26399,REF:CVE-2025-26399:3,REFERENCES
CVE:CVE-2025-31200,RISK:HIGH,HAS_RISK
CVE:CVE-2025-31200,SIGNAL:CISA_KEV,KNOWN_EXPLOITED
CVE:CVE-2025-31200,CWE:CWE-119,HAS_CWE
CVE:CVE-2025-31200,CPE:cpe:2.3:o:apple:ipados:*:*:*:*:*:*:*:*,AFFECTS
CVE:CVE-2025-31200,CPE:cpe:2.3:o:apple:iphone_os:*:*:*:*:*:*:*:*,AFFECTS
CVE:CVE-2025-31200,CPE:cpe:2.3:o:apple:macos:*:*:*:*:*:*:*:*,AFFECTS
CVE:CVE-2025-31200,CPE:cpe:2.3:o:apple:tvos:*:*:*:*:*:*:*:*,AFFECTS
CVE:CVE-2025-31200,CPE:cpe:2.3:o:apple:visionos:*:*:*:*:*:*:*:*,AFFECTS
CVE:CVE-2025-31200,CPE:cpe:2.3:o:apple:watchos:*:*:*:*:*:*:*:*,AFFECTS
CVE:CVE-2025-31200,REF:CVE-2025-31200:0,REFERENCES
CVE:CVE-2025-31200,REF:CVE-2025-31200:1,REFERENCES
CVE:CVE-2025-31200,REF:CVE-2025-31200:2,REFERENCES
CVE:CVE-2025-31200,REF:CVE-2025-31200:3,REFERENCES
CVE:CVE-2025-31200,REF:CVE-2025-31200:4,REFERENCES
CVE:CVE-2025-31200,REF:CVE-2025-31200:5,REFERENCES
CVE:CVE-2025-31200,REF:CVE-2025-31200:6,REFERENCES
CVE:CVE-2025-31200,REF:CVE-2025-31200:7,REFERENCES
CVE:CVE-2025-31200,REF:CVE-2025-31200:8,REFERENCES
CVE:CVE-2025-31200,REF:CVE-2025-31200:9,REFERENCES
CVE:CVE-2025-31200,REF:CVE-2025-31200:10,REFERENCES
CVE:CVE-2025-31200,REF:CVE-2025-31200:11,REFERENCES
CVE:CVE-2025-31200,REF:CVE-2025-31200:12,REFERENCES
CVE:CVE-2025-31200,REF:CVE-2025-31200:13,REFERENCES
CVE:CVE-2025-31200,REF:CVE-2025-31200:14,REFERENCES
CVE:CVE-2025-4427,RISK:HIGH,HAS_RISK
CVE:CVE-2025-4427,SIGNAL:CISA_KEV,KNOWN_EXPLOITED
CVE:CVE-2025-4427,CWE:CWE-288,HAS_CWE
CVE:CVE-2025-4427,CPE:cpe:2.3:a:ivanti:endpoint_manager_mobile:*:*:*:*:*:*:*:*,AFFECTS
CVE:CVE-2025-4427,CPE:cpe:2.3:a:ivanti:endpoint_manager_mobile:12.5.0.0:*:*:*:*:*:*:*,AFFECTS
CVE:CVE-2025-4427,REF:CVE-2025-4427:0,REFERENCES
CVE:CVE-2025-4427,REF:CVE-2025-4427:1,REFERENCES
CVE:CVE-2025-68645,RISK:HIGH,HAS_RISK
CVE:CVE-2025-68645,SIGNAL:CISA_KEV,KNOWN_EXPLOITED
CVE:CVE-2025-68645,CWE:CWE-98,HAS_CWE
CVE:CVE-2025-68645,CPE:cpe:2.3:a:synacor:zimbra_collaboration_suite:*:*:*:*:*:*:*:*,AFFECTS
CVE:CVE-2025-68645,REF:CVE-2025-68645:0,REFERENCES
CVE:CVE-2025-68645,REF:CVE-2025-68645:1,REFERENCES
CVE:CVE-2025-68645,REF:CVE-2025-68645:2,REFERENCES
CVE:CVE-2026-22769,RISK:HIGH,HAS_RISK
CVE:CVE-2026-22769,SIGNAL:CISA_KEV,KNOWN_EXPLOITED
CVE:CVE-2026-22769,CWE:CWE-798,HAS_CWE
CVE:CVE-2026-22769,CPE:cpe:2.3:a:dell:recoverpoint_for_virtual_machines:*:*:*:*:*:*:*:*,AFFECTS
CVE:CVE-2026-22769,CPE:cpe:2.3:a:dell:recoverpoint_for_virtual_machines:6.0:-:*:*:*:*:*:*,AFFECTS
CVE:CVE-2026-22769,CPE:cpe:2.3:a:dell:recoverpoint_for_virtual_machines:6.0:sp1:*:*:*:*:*:*,AFFECTS
CVE:CVE-2026-22769,CPE:cpe:2.3:a:dell:recoverpoint_for_virtual_machines:6.0:sp1_p1:*:*:*:*:*:*,AFFECTS
CVE:CVE-2026-22769,CPE:cpe:2.3:a:dell:recoverpoint_for_virtual_machines:6.0:sp1_p2:*:*:*:*:*:*,AFFECTS
CVE:CVE-2026-22769,CPE:cpe:2.3:a:dell:recoverpoint_for_virtual_machines:6.0:sp2:*:*:*:*:*:*,AFFECTS
CVE:CVE-2026-22769,CPE:cpe:2.3:a:dell:recoverpoint_for_virtual_machines:6.0:sp2_p1:*:*:*:*:*:*,AFFECTS
CVE:CVE-2026-22769,CPE:cpe:2.3:a:dell:recoverpoint_for_virtual_machines:6.0:sp3:*:*:*:*:*:*,AFFECTS
CVE:CVE-2026-22769,CPE:cpe:2.3:a:dell:recoverpoint_for_virtual_machines:6.0:sp3_p1:*:*:*:*:*:*,AFFECTS
CVE:CVE-2026-22769,REF:CVE-2026-22769:0,REFERENCES
CVE:CVE-2026-22769,REF:CVE-2026-22769:1,REFERENCES
CVE:CVE-2026-22769,REF:CVE-2026-22769:2,REFERENCES
CVE:CVE-2024-37079,RISK:HIGH,HAS_RISK
CVE:CVE-2024-37079,SIGNAL:CISA_KEV,KNOWN_EXPLOITED
CVE:CVE-2024-37079,CWE:CWE-787,HAS_CWE
CVE:CVE-2024-37079,CPE:cpe:2.3:a:vmware:cloud_foundation:*:*:*:*:*:*:*:*,AFFECTS
CVE:CVE-2024-37079,CPE:cpe:2.3:a:vmware:vcenter_server:7.0:-:*:*:*:*:*:*,AFFECTS
CVE:CVE-2024-37079,CPE:cpe:2.3:a:vmware:vcenter_server:7.0:a:*:*:*:*:*:*,AFFECTS
CVE:CVE-2024-37079,CPE:cpe:2.3:a:vmware:vcenter_server:7.0:b:*:*:*:*:*:*,AFFECTS
CVE:CVE-2024-37079,CPE:cpe:2.3:a:vmware:vcenter_server:7.0:c:*:*:*:*:*:*,AFFECTS
CVE:CVE-2024-37079,CPE:cpe:2.3:a:vmware:vcenter_server:7.0:d:*:*:*:*:*:*,AFFECTS
CVE:CVE-2024-37079,CPE:cpe:2.3:a:vmware:vcenter_server:7.0:update1:*:*:*:*:*:*,AFFECTS
CVE:CVE-2024-37079,CPE:cpe:2.3:a:vmware:vcenter_server:7.0:update1a:*:*:*:*:*:*,AFFECTS
CVE:CVE-2024-37079,CPE:cpe:2.3:a:vmware:vcenter_server:7.0:update1c:*:*:*:*:*:*,AFFECTS
CVE:CVE-2024-37079,CPE:cpe:2.3:a:vmware:vcenter_server:7.0:update1d:*:*:*:*:*:*,AFFECTS
CVE:CVE-2024-37079,CPE:cpe:2.3:a:vmware:vcenter_server:7.0:update2:*:*:*:*:*:*,AFFECTS
CVE:CVE-2024-37079,CPE:cpe:2.3:a:vmware:vcenter_server:7.0:update2a:*:*:*:*:*:*,AFFECTS
CVE:CVE-2024-37079,CPE:cpe:2.3:a:vmware:vcenter_server:7.0:update2b:*:*:*:*:*:*,AFFECTS
CVE:CVE-2024-37079,CPE:cpe:2.3:a:vmware:vcenter_server:7.0:update2c:*:*:*:*:*:*,AFFECTS
CVE:CVE-2024-37079,CPE:cpe:2.3:a:vmware:vcenter_server:7.0:update2d:*:*:*:*:*:*,AFFECTS
CVE:CVE-2024-37079,CPE:cpe:2.3:a:vmware:vcenter_server:7.0:update3:*:*:*:*:*:*,AFFECTS
CVE:CVE-2024-37079,CPE:cpe:2.3:a:vmware:vcenter_server:7.0:update3a:*:*:*:*:*:*,AFFECTS
CVE:CVE-2024-37079,CPE:cpe:2.3:a:vmware:vcenter_server:7.0:update3c:*:*:*:*:*:*,AFFECTS
CVE:CVE-2024-37079,CPE:cpe:2.3:a:vmware:vcenter_server:7.0:update3d:*:*:*:*:*:*,AFFECTS
CVE:CVE-2024-37079,CPE:cpe:2.3:a:vmware:vcenter_server:7.0:update3e:*:*:*:*:*:*,AFFECTS
CVE:CVE-2024-37079,CPE:cpe:2.3:a:vmware:vcenter_server:7.0:update3f:*:*:*:*:*:*,AFFECTS
CVE:CVE-2024-37079,CPE:cpe:2.3:a:vmware:vcenter_server:7.0:update3g:*:*:*:*:*:*,AFFECTS
CVE:CVE-2024-37079,CPE:cpe:2.3:a:vmware:vcenter_server:7.0:update3h:*:*:*:*:*:*,AFFECTS
CVE:CVE-2024-37079,CPE:cpe:2.3:a:vmware:vcenter_server:7.0:update3i:*:*:*:*:*:*,AFFECTS
CVE:CVE-2024-37079,CPE:cpe:2.3:a:vmware:vcenter_server:7.0:update3j:*:*:*:*:*:*,AFFECTS
CVE:CVE-2024-37079,CPE:cpe:2.3:a:vmware:vcenter_server:7.0:update3k:*:*:*:*:*:*,AFFECTS
CVE:CVE-2024-37079,CPE:cpe:2.3:a:vmware:vcenter_server:7.0:update3l:*:*:*:*:*:*,AFFECTS
CVE:CVE-2024-37079,CPE:cpe:2.3:a:vmware:vcenter_server:7.0:update3m:*:*:*:*:*:*,AFFECTS
CVE:CVE-2024-37079,CPE:cpe:2.3:a:vmware:vcenter_server:7.0:update3n:*:*:*:*:*:*,AFFECTS
CVE:CVE-2024-37079,CPE:cpe:2.3:a:vmware:vcenter_server:7.0:update3o:*:*:*:*:*:*,AFFECTS
CVE:CVE-2024-37079,CPE:cpe:2.3:a:vmware:vcenter_server:7.0:update3p:*:*:*:*:*:*,AFFECTS
CVE:CVE-2024-37079,CPE:cpe:2.3:a:vmware:vcenter_server:8.0:-:*:*:*:*:*:*,AFFECTS
CVE:CVE-2024-37079,CPE:cpe:2.3:a:vmware:vcenter_server:8.0:a:*:*:*:*:*:*,AFFECTS
CVE:CVE-2024-37079,CPE:cpe:2.3:a:vmware:vcenter_server:8.0:b:*:*:*:*:*:*,AFFECTS
CVE:CVE-2024-37079,CPE:cpe:2.3:a:vmware:vcenter_server:8.0:c:*:*:*:*:*:*,AFFECTS
CVE:CVE-2024-37079,CPE:cpe:2.3:a:vmware:vcenter_server:8.0:update1:*:*:*:*:*:*,AFFECTS
CVE:CVE-2024-37079,CPE:cpe:2.3:a:vmware:vcenter_server:8.0:update1a:*:*:*:*:*:*,AFFECTS
CVE:CVE-2024-37079,CPE:cpe:2.3:a:vmware:vcenter_server:8.0:update1b:*:*:*:*:*:*,AFFECTS
CVE:CVE-2024-37079,CPE:cpe:2.3:a:vmware:vcenter_server:8.0:update1c:*:*:*:*:*:*,AFFECTS
CVE:CVE-2024-37079,CPE:cpe:2.3:a:vmware:vcenter_server:8.0:update1d:*:*:*:*:*:*,AFFECTS
CVE:CVE-2024-37079,CPE:cpe:2.3:a:vmware:vcenter_server:8.0:update2:*:*:*:*:*:*,AFFECTS
CVE:CVE-2024-37079,CPE:cpe:2.3:a:vmware:vcenter_server:8.0:update2a:*:*:*:*:*:*,AFFECTS
CVE:CVE-2024-37079,CPE:cpe:2.3:a:vmware:vcenter_server:8.0:update2b:*:*:*:*:*:*,AFFECTS
CVE:CVE-2024-37079,CPE:cpe:2.3:a:vmware:vcenter_server:8.0:update2c:*:*:*:*:*:*,AFFECTS
CVE:CVE-2024-37079,REF:CVE-2024-37079:0,REFERENCES
CVE:CVE-2024-37079,REF:CVE-2024-37079:1,REFERENCES
CVE:CVE-2024-45195,RISK:HIGH,HAS_RISK
CVE:CVE-2024-45195,SIGNAL:CISA_KEV,KNOWN_EXPLOITED
CVE:CVE-2024-45195,CWE:CWE-425,HAS_CWE
CVE:CVE-2024-45195,CPE:cpe:2.3:a:apache:ofbiz:*:*:*:*:*:*:*:*,AFFECTS
CVE:CVE-2024-45195,REF:CVE-2024-45195:0,REFERENCES
CVE:CVE-2024-45195,REF:CVE-2024-45195:1,REFERENCES
CVE:CVE-2024-45195,REF:CVE-2024-45195:2,REFERENCES
CVE:CVE-2024-45195,REF:CVE-2024-45195:3,REFERENCES
CVE:CVE-2024-45195,REF:CVE-2024-45195:4,REFERENCES
CVE:CVE-2024-45195,REF:CVE-2024-45195:5,REFERENCES
CVE:CVE-2024-9380,RISK:HIGH,HAS_RISK
CVE:CVE-2024-9380,SIGNAL:CISA_KEV,KNOWN_EXPLOITED
CVE:CVE-2024-9380,CWE:CWE-77,HAS_CWE
CVE:CVE-2024-9380,CWE:CWE-78,HAS_CWE
CVE:CVE-2024-9380,CPE:cpe:2.3:a:ivanti:endpoint_manager_cloud_services_appliance:*:*:*:*:*:*:*:*,AFFECTS
CVE:CVE-2024-9380,REF:CVE-2024-9380:0,REFERENCES
CVE:CVE-2024-9380,REF:CVE-2024-9380:1,REFERENCES
CVE:CVE-2024-57726,RISK:HIGH,HAS_RISK
CVE:CVE-2024-57726,SIGNAL:CISA_KEV,KNOWN_EXPLOITED
CVE:CVE-2024-57726,CWE:CWE-862,HAS_CWE
CVE:CVE-2024-57726,CPE:cpe:2.3:a:simple-help:simplehelp:*:*:*:*:*:*:*:*,AFFECTS
CVE:CVE-2024-57726,REF:CVE-2024-57726:0,REFERENCES
CVE:CVE-2024-57726,REF:CVE-2024-57726:1,REFERENCES
CVE:CVE-2024-57726,REF:CVE-2024-57726:2,REFERENCES
CVE:CVE-2024-57726,REF:CVE-2024-57726:3,REFERENCES
CVE:CVE-2024-57726,REF:CVE-2024-57726:4,REFERENCES
CVE:CVE-2024-57968,RISK:HIGH,HAS_RISK
CVE:CVE-2024-57968,SIGNAL:CISA_KEV,KNOWN_EXPLOITED
CVE:CVE-2024-57968,CWE:CWE-434,HAS_CWE
CVE:CVE-2024-57968,CPE:cpe:2.3:a:advantive:veracore:*:*:*:*:*:*:*:*,AFFECTS
CVE:CVE-2024-57968,REF:CVE-2024-57968:0,REFERENCES
CVE:CVE-2024-57968,REF:CVE-2024-57968:1,REFERENCES
CVE:CVE-2024-57968,REF:CVE-2024-57968:2,REFERENCES
CVE:CVE-2024-57968,REF:CVE-2024-57968:3,REFERENCES
CVE:CVE-2025-24472,RISK:HIGH,HAS_RISK
CVE:CVE-2025-24472,SIGNAL:CISA_KEV,KNOWN_EXPLOITED
CVE:CVE-2025-24472,CWE:CWE-288,HAS_CWE
CVE:CVE-2025-24472,CPE:cpe:2.3:a:fortinet:fortiproxy:*:*:*:*:*:*:*:*,AFFECTS
CVE:CVE-2025-24472,CPE:cpe:2.3:o:fortinet:fortios:*:*:*:*:*:*:*:*,AFFECTS
CVE:CVE-2025-24472,REF:CVE-2025-24472:0,REFERENCES
CVE:CVE-2025-24472,REF:CVE-2025-24472:1,REFERENCES
CVE:CVE-2025-24989,RISK:HIGH,HAS_RISK
CVE:CVE-2025-24989,SIGNAL:CISA_KEV,KNOWN_EXPLOITED
CVE:CVE-2025-24989,CWE:CWE-284,HAS_CWE
CVE:CVE-2025-24989,CPE:cpe:2.3:a:microsoft:power_pages:-:*:*:*:*:*:*:*,AFFECTS
CVE:CVE-2025-24989,REF:CVE-2025-24989:0,REFERENCES
CVE:CVE-2025-24989,REF:CVE-2025-24989:1,REFERENCES
CVE:CVE-2025-31201,RISK:HIGH,HAS_RISK
CVE:CVE-2025-31201,SIGNAL:CISA_KEV,KNOWN_EXPLOITED
CVE:CVE-2025-31201,CWE:CWE-1220,HAS_CWE
CVE:CVE-2025-31201,CPE:cpe:2.3:o:apple:ipados:*:*:*:*:*:*:*:*,AFFECTS
CVE:CVE-2025-31201,CPE:cpe:2.3:o:apple:iphone_os:*:*:*:*:*:*:*:*,AFFECTS
CVE:CVE-2025-31201,CPE:cpe:2.3:o:apple:macos:*:*:*:*:*:*:*:*,AFFECTS
CVE:CVE-2025-31201,CPE:cpe:2.3:o:apple:tvos:*:*:*:*:*:*:*:*,AFFECTS
CVE:CVE-2025-31201,CPE:cpe:2.3:o:apple:visionos:*:*:*:*:*:*:*:*,AFFECTS
CVE:CVE-2025-31201,REF:CVE-2025-31201:0,REFERENCES
CVE:CVE-2025-31201,REF:CVE-2025-31201:1,REFERENCES
CVE:CVE-2025-31201,REF:CVE-2025-31201:2,REFERENCES
CVE:CVE-2025-31201,REF:CVE-2025-31201:3,REFERENCES
CVE:CVE-2025-31201,REF:CVE-2025-31201:4,REFERENCES
CVE:CVE-2025-31201,REF:CVE-2025-31201:5,REFERENCES
CVE:CVE-2025-31201,REF:CVE-2025-31201:6,REFERENCES
CVE:CVE-2025-31201,REF:CVE-2025-31201:7,REFERENCES
CVE:CVE-2025-31201,REF:CVE-2025-31201:8,REFERENCES
CVE:CVE-2025-31201,REF:CVE-2025-31201:9,REFERENCES
CVE:CVE-2025-31201,REF:CVE-2025-31201:10,REFERENCES
CVE:CVE-2025-31201,REF:CVE-2025-31201:11,REFERENCES
CVE:CVE-2026-2441,RISK:HIGH,HAS_RISK
CVE:CVE-2026-2441,SIGNAL:CISA_KEV,KNOWN_EXPLOITED
CVE:CVE-2026-2441,CWE:CWE-416,HAS_CWE
CVE:CVE-2026-2441,CPE:cpe:2.3:a:google:chrome:*:*:*:*:*:*:*:*,AFFECTS
CVE:CVE-2026-2441,CPE:cpe:2.3:o:apple:macos:-:*:*:*:*:*:*:*,AFFECTS
CVE:CVE-2026-2441,CPE:cpe:2.3:o:linux:linux_kernel:-:*:*:*:*:*:*:*,AFFECTS
CVE:CVE-2026-2441,CPE:cpe:2.3:o:microsoft:windows:-:*:*:*:*:*:*:*,AFFECTS
CVE:CVE-2026-2441,REF:CVE-2026-2441:0,REFERENCES
CVE:CVE-2026-2441,REF:CVE-2026-2441:1,REFERENCES
CVE:CVE-2026-2441,REF:CVE-2026-2441:2,REFERENCES
CVE:CVE-2026-2441,REF:CVE-2026-2441:3,REFERENCES
CVE:CVE-2026-34621,RISK:HIGH,HAS_RISK
CVE:CVE-2026-34621,SIGNAL:CISA_KEV,KNOWN_EXPLOITED
CVE:CVE-2026-34621,CWE:CWE-1321,HAS_CWE
CVE:CVE-2026-34621,CPE:cpe:2.3:a:adobe:acrobat:*:*:*:*:classic:*:*:*,AFFECTS
CVE:CVE-2026-34621,CPE:cpe:2.3:a:adobe:acrobat_dc:*:*:*:*:continuous:*:*:*,AFFECTS
CVE:CVE-2026-34621,CPE:cpe:2.3:a:adobe:acrobat_reader_dc:*:*:*:*:continuous:*:*:*,AFFECTS
CVE:CVE-2026-34621,CPE:cpe:2.3:o:apple:macos:-:*:*:*:*:*:*:*,AFFECTS
CVE:CVE-2026-34621,CPE:cpe:2.3:o:microsoft:windows:-:*:*:*:*:*:*:*,AFFECTS
CVE:CVE-2026-34621,REF:CVE-2026-34621:0,REFERENCES
CVE:CVE-2026-34621,REF:CVE-2026-34621:1,REFERENCES
CVE:CVE-2024-21338,RISK:HIGH,HAS_RISK
CVE:CVE-2024-21338,SIGNAL:CISA_KEV,KNOWN_EXPLOITED
CVE:CVE-2024-21338,CWE:CWE-822,HAS_CWE
CVE:CVE-2024-21338,CPE:cpe:2.3:o:microsoft:windows_10_1809:*:*:*:*:*:*:*:*,AFFECTS
CVE:CVE-2024-21338,CPE:cpe:2.3:o:microsoft:windows_10_21h2:*:*:*:*:*:*:*:*,AFFECTS
CVE:CVE-2024-21338,CPE:cpe:2.3:o:microsoft:windows_10_22h2:*:*:*:*:*:*:*:*,AFFECTS
CVE:CVE-2024-21338,CPE:cpe:2.3:o:microsoft:windows_11_21h2:*:*:*:*:*:*:*:*,AFFECTS
CVE:CVE-2024-21338,CPE:cpe:2.3:o:microsoft:windows_11_22h2:*:*:*:*:*:*:*:*,AFFECTS
CVE:CVE-2024-21338,CPE:cpe:2.3:o:microsoft:windows_11_23h2:*:*:*:*:*:*:*:*,AFFECTS
CVE:CVE-2024-21338,CPE:cpe:2.3:o:microsoft:windows_server_2019:*:*:*:*:*:*:*:*,AFFECTS
CVE:CVE-2024-21338,CPE:cpe:2.3:o:microsoft:windows_server_2022:*:*:*:*:*:*:*:*,AFFECTS
CVE:CVE-2024-21338,CPE:cpe:2.3:o:microsoft:windows_server_2022_23h2:*:*:*:*:*:*:*:*,AFFECTS
CVE:CVE-2024-21338,REF:CVE-2024-21338:0,REFERENCES
CVE:CVE-2024-21338,REF:CVE-2024-21338:1,REFERENCES
CVE:CVE-2024-21338,REF:CVE-2024-21338:2,REFERENCES
CVE:CVE-2024-21338,REF:CVE-2024-21338:3,REFERENCES
CVE:CVE-2024-21338,REF:CVE-2024-21338:4,REFERENCES
CVE:CVE-2024-29745,RISK:HIGH,HAS_RISK
CVE:CVE-2024-29745,SIGNAL:CISA_KEV,KNOWN_EXPLOITED
CVE:CVE-2024-29745,CWE:CWE-908,HAS_CWE
CVE:CVE-2024-29745,CPE:cpe:2.3:o:google:android:-:*:*:*:*:*:*:*,AFFECTS
CVE:CVE-2024-29745,REF:CVE-2024-29745:0,REFERENCES
CVE:CVE-2024-29745,REF:CVE-2024-29745:1,REFERENCES
CVE:CVE-2024-29745,REF:CVE-2024-29745:2,REFERENCES
CVE:CVE-2024-38226,RISK:HIGH,HAS_RISK
CVE:CVE-2024-38226,SIGNAL:CISA_KEV,KNOWN_EXPLOITED
CVE:CVE-2024-38226,CWE:CWE-693,HAS_CWE
CVE:CVE-2024-38226,CPE:cpe:2.3:a:microsoft:office_2019:-:*:*:*:*:*:x64:*,AFFECTS
CVE:CVE-2024-38226,CPE:cpe:2.3:a:microsoft:office_2019:-:*:*:*:*:*:x86:*,AFFECTS
CVE:CVE-2024-38226,CPE:cpe:2.3:a:microsoft:office_long_term_servicing_channel:2021:*:*:*:*:*:x64:*,AFFECTS
CVE:CVE-2024-38226,CPE:cpe:2.3:a:microsoft:office_long_term_servicing_channel:2021:*:*:*:*:*:x86:*,AFFECTS
CVE:CVE-2024-38226,CPE:cpe:2.3:a:microsoft:publisher:2016:*:*:*:*:*:x64:*,AFFECTS
CVE:CVE-2024-38226,CPE:cpe:2.3:a:microsoft:publisher:2016:*:*:*:*:*:x86:*,AFFECTS
CVE:CVE-2024-38226,REF:CVE-2024-38226:0,REFERENCES
CVE:CVE-2024-38226,REF:CVE-2024-38226:1,REFERENCES
CVE:CVE-2024-43573,RISK:HIGH,HAS_RISK
CVE:CVE-2024-43573,SIGNAL:CISA_KEV,KNOWN_EXPLOITED
CVE:CVE-2024-43573,CWE:CWE-79,HAS_CWE
CVE:CVE-2024-43573,CPE:cpe:2.3:o:microsoft:windows_10_1507:*:*:*:*:*:*:x64:*,AFFECTS
CVE:CVE-2024-43573,CPE:cpe:2.3:o:microsoft:windows_10_1507:*:*:*:*:*:*:x86:*,AFFECTS
CVE:CVE-2024-43573,CPE:cpe:2.3:o:microsoft:windows_10_1607:*:*:*:*:*:*:x64:*,AFFECTS
CVE:CVE-2024-43573,CPE:cpe:2.3:o:microsoft:windows_10_1607:*:*:*:*:*:*:x86:*,AFFECTS
CVE:CVE-2024-43573,CPE:cpe:2.3:o:microsoft:windows_10_1809:*:*:*:*:*:*:*:*,AFFECTS
CVE:CVE-2024-43573,CPE:cpe:2.3:o:microsoft:windows_10_21h2:*:*:*:*:*:*:arm64:*,AFFECTS
CVE:CVE-2024-43573,CPE:cpe:2.3:o:microsoft:windows_10_21h2:*:*:*:*:*:*:x64:*,AFFECTS
CVE:CVE-2024-43573,CPE:cpe:2.3:o:microsoft:windows_10_21h2:*:*:*:*:*:*:x86:*,AFFECTS
CVE:CVE-2024-43573,CPE:cpe:2.3:o:microsoft:windows_10_22h2:*:*:*:*:*:*:arm64:*,AFFECTS
CVE:CVE-2024-43573,CPE:cpe:2.3:o:microsoft:windows_10_22h2:*:*:*:*:*:*:x64:*,AFFECTS
CVE:CVE-2024-43573,CPE:cpe:2.3:o:microsoft:windows_10_22h2:*:*:*:*:*:*:x86:*,AFFECTS
CVE:CVE-2024-43573,CPE:cpe:2.3:o:microsoft:windows_11_21h2:*:*:*:*:*:*:*:*,AFFECTS
CVE:CVE-2024-43573,CPE:cpe:2.3:o:microsoft:windows_11_22h2:*:*:*:*:*:*:*:*,AFFECTS
CVE:CVE-2024-43573,CPE:cpe:2.3:o:microsoft:windows_11_23h2:*:*:*:*:*:*:arm64:*,AFFECTS
CVE:CVE-2024-43573,CPE:cpe:2.3:o:microsoft:windows_11_23h2:*:*:*:*:*:*:x64:*,AFFECTS
CVE:CVE-2024-43573,CPE:cpe:2.3:o:microsoft:windows_11_24h2:*:*:*:*:*:*:*:*,AFFECTS
CVE:CVE-2024-43573,CPE:cpe:2.3:o:microsoft:windows_server_2012:r2:*:*:*:*:*:x64:*,AFFECTS
CVE:CVE-2024-43573,CPE:cpe:2.3:o:microsoft:windows_server_2016:*:*:*:*:*:*:*:*,AFFECTS
CVE:CVE-2024-43573,CPE:cpe:2.3:o:microsoft:windows_server_2019:*:*:*:*:*:*:*:*,AFFECTS
CVE:CVE-2024-43573,CPE:cpe:2.3:o:microsoft:windows_server_2022:*:*:*:*:*:*:*:*,AFFECTS
CVE:CVE-2024-43573,CPE:cpe:2.3:o:microsoft:windows_server_2022_23h2:*:*:*:*:*:*:*:*,AFFECTS
CVE:CVE-2024-43573,REF:CVE-2024-43573:0,REFERENCES
CVE:CVE-2024-43573,REF:CVE-2024-43573:1,REFERENCES
CVE:CVE-2024-11120,RISK:HIGH,HAS_RISK
CVE:CVE-2024-11120,SIGNAL:CISA_KEV,KNOWN_EXPLOITED
CVE:CVE-2024-11120,CWE:CWE-78,HAS_CWE
CVE:CVE-2024-11120,CPE:cpe:2.3:h:geovision:gv-dsp_lpr:3.0:*:*:*:*:*:*:*,AFFECTS
CVE:CVE-2024-11120,CPE:cpe:2.3:h:geovision:gv-vs11:-:*:*:*:*:*:*:*,AFFECTS
CVE:CVE-2024-11120,CPE:cpe:2.3:h:geovision:gv-vs12:-:*:*:*:*:*:*:*,AFFECTS
CVE:CVE-2024-11120,CPE:cpe:2.3:h:geovision:gvlx_4:2.0:*:*:*:*:*:*:*,AFFECTS
CVE:CVE-2024-11120,CPE:cpe:2.3:h:geovision:gvlx_4:3.0:*:*:*:*:*:*:*,AFFECTS
CVE:CVE-2024-11120,CPE:cpe:2.3:o:geovision:gv-dsp_lpr_firmware:-:*:*:*:*:*:*:*,AFFECTS
CVE:CVE-2024-11120,CPE:cpe:2.3:o:geovision:gv-vs11_firmware:-:*:*:*:*:*:*:*,AFFECTS
CVE:CVE-2024-11120,CPE:cpe:2.3:o:geovision:gv-vs12_firmware:-:*:*:*:*:*:*:*,AFFECTS
CVE:CVE-2024-11120,CPE:cpe:2.3:o:geovision:gvlx_4_firmware:-:*:*:*:*:*:*:*,AFFECTS
CVE:CVE-2024-11120,REF:CVE-2024-11120:0,REFERENCES
CVE:CVE-2024-11120,REF:CVE-2024-11120:1,REFERENCES
CVE:CVE-2024-11120,REF:CVE-2024-11120:2,REFERENCES
CVE:CVE-2024-11120,REF:CVE-2024-11120:3,REFERENCES
CVE:CVE-2025-47729,RISK:HIGH,HAS_RISK
CVE:CVE-2025-47729,SIGNAL:CISA_KEV,KNOWN_EXPLOITED
CVE:CVE-2025-47729,CWE:CWE-912,HAS_CWE
CVE:CVE-2025-47729,CPE:cpe:2.3:a:telemessage:text_message_archiver:*:*:*:*:*:*:*:*,AFFECTS
CVE:CVE-2025-47729,REF:CVE-2025-47729:0,REFERENCES
CVE:CVE-2025-47729,REF:CVE-2025-47729:1,REFERENCES
CVE:CVE-2025-47729,REF:CVE-2025-47729:2,REFERENCES
CVE:CVE-2025-47729,REF:CVE-2025-47729:3,REFERENCES
CVE:CVE-2025-48384,RISK:HIGH,HAS_RISK
CVE:CVE-2025-48384,SIGNAL:CISA_KEV,KNOWN_EXPLOITED
CVE:CVE-2025-48384,CWE:CWE-436,HAS_CWE
CVE:CVE-2025-48384,CWE:CWE-59,HAS_CWE
CVE:CVE-2025-48384,CPE:cpe:2.3:a:apple:xcode:*:*:*:*:*:*:*:*,AFFECTS
CVE:CVE-2025-48384,CPE:cpe:2.3:a:git-scm:git:*:*:*:*:*:*:*:*,AFFECTS
CVE:CVE-2025-48384,CPE:cpe:2.3:o:debian:debian_linux:11.0:*:*:*:*:*:*:*,AFFECTS
CVE:CVE-2025-48384,REF:CVE-2025-48384:0,REFERENCES
CVE:CVE-2025-48384,REF:CVE-2025-48384:1,REFERENCES
CVE:CVE-2025-48384,REF:CVE-2025-48384:2,REFERENCES
CVE:CVE-2025-48384,REF:CVE-2025-48384:3,REFERENCES
CVE:CVE-2025-48384,REF:CVE-2025-48384:4,REFERENCES
CVE:CVE-2025-55182,RISK:HIGH,HAS_RISK
CVE:CVE-2025-55182,SIGNAL:CISA_KEV,KNOWN_EXPLOITED
CVE:CVE-2025-55182,CWE:CWE-502,HAS_CWE
CVE:CVE-2025-55182,CPE:cpe:2.3:a:facebook:react:19.0.0:*:*:*:*:*:*:*,AFFECTS
CVE:CVE-2025-55182,CPE:cpe:2.3:a:facebook:react:19.1.0:*:*:*:*:*:*:*,AFFECTS
CVE:CVE-2025-55182,CPE:cpe:2.3:a:facebook:react:19.1.1:*:*:*:*:*:*:*,AFFECTS
CVE:CVE-2025-55182,CPE:cpe:2.3:a:facebook:react:19.2.0:*:*:*:*:*:*:*,AFFECTS
CVE:CVE-2025-55182,CPE:cpe:2.3:a:vercel:next.js:*:*:*:*:*:node.js:*:*,AFFECTS
CVE:CVE-2025-55182,CPE:cpe:2.3:a:vercel:next.js:14.3.0:canary77:*:*:*:node.js:*:*,AFFECTS
CVE:CVE-2025-55182,CPE:cpe:2.3:a:vercel:next.js:14.3.0:canary78:*:*:*:node.js:*:*,AFFECTS
CVE:CVE-2025-55182,CPE:cpe:2.3:a:vercel:next.js:14.3.0:canary79:*:*:*:node.js:*:*,AFFECTS
CVE:CVE-2025-55182,CPE:cpe:2.3:a:vercel:next.js:14.3.0:canary80:*:*:*:node.js:*:*,AFFECTS
CVE:CVE-2025-55182,CPE:cpe:2.3:a:vercel:next.js:14.3.0:canary81:*:*:*:node.js:*:*,AFFECTS
CVE:CVE-2025-55182,CPE:cpe:2.3:a:vercel:next.js:14.3.0:canary82:*:*:*:node.js:*:*,AFFECTS
CVE:CVE-2025-55182,CPE:cpe:2.3:a:vercel:next.js:14.3.0:canary83:*:*:*:node.js:*:*,AFFECTS
CVE:CVE-2025-55182,CPE:cpe:2.3:a:vercel:next.js:14.3.0:canary84:*:*:*:node.js:*:*,AFFECTS
CVE:CVE-2025-55182,CPE:cpe:2.3:a:vercel:next.js:14.3.0:canary85:*:*:*:node.js:*:*,AFFECTS
CVE:CVE-2025-55182,CPE:cpe:2.3:a:vercel:next.js:14.3.0:canary86:*:*:*:node.js:*:*,AFFECTS
CVE:CVE-2025-55182,CPE:cpe:2.3:a:vercel:next.js:14.3.0:canary87:*:*:*:node.js:*:*,AFFECTS
CVE:CVE-2025-55182,CPE:cpe:2.3:a:vercel:next.js:15.6.0:-:*:*:*:node.js:*:*,AFFECTS
CVE:CVE-2025-55182,CPE:cpe:2.3:a:vercel:next.js:15.6.0:canary0:*:*:*:node.js:*:*,AFFECTS
CVE:CVE-2025-55182,CPE:cpe:2.3:a:vercel:next.js:15.6.0:canary10:*:*:*:node.js:*:*,AFFECTS
CVE:CVE-2025-55182,CPE:cpe:2.3:a:vercel:next.js:15.6.0:canary11:*:*:*:node.js:*:*,AFFECTS
CVE:CVE-2025-55182,CPE:cpe:2.3:a:vercel:next.js:15.6.0:canary12:*:*:*:node.js:*:*,AFFECTS
CVE:CVE-2025-55182,CPE:cpe:2.3:a:vercel:next.js:15.6.0:canary13:*:*:*:node.js:*:*,AFFECTS
CVE:CVE-2025-55182,CPE:cpe:2.3:a:vercel:next.js:15.6.0:canary14:*:*:*:node.js:*:*,AFFECTS
CVE:CVE-2025-55182,CPE:cpe:2.3:a:vercel:next.js:15.6.0:canary15:*:*:*:node.js:*:*,AFFECTS
CVE:CVE-2025-55182,CPE:cpe:2.3:a:vercel:next.js:15.6.0:canary16:*:*:*:node.js:*:*,AFFECTS
CVE:CVE-2025-55182,CPE:cpe:2.3:a:vercel:next.js:15.6.0:canary17:*:*:*:node.js:*:*,AFFECTS
CVE:CVE-2025-55182,CPE:cpe:2.3:a:vercel:next.js:15.6.0:canary18:*:*:*:node.js:*:*,AFFECTS
CVE:CVE-2025-55182,CPE:cpe:2.3:a:vercel:next.js:15.6.0:canary19:*:*:*:node.js:*:*,AFFECTS
CVE:CVE-2025-55182,CPE:cpe:2.3:a:vercel:next.js:15.6.0:canary1:*:*:*:node.js:*:*,AFFECTS
CVE:CVE-2025-55182,CPE:cpe:2.3:a:vercel:next.js:15.6.0:canary20:*:*:*:node.js:*:*,AFFECTS
CVE:CVE-2025-55182,CPE:cpe:2.3:a:vercel:next.js:15.6.0:canary21:*:*:*:node.js:*:*,AFFECTS
CVE:CVE-2025-55182,CPE:cpe:2.3:a:vercel:next.js:15.6.0:canary22:*:*:*:node.js:*:*,AFFECTS
CVE:CVE-2025-55182,CPE:cpe:2.3:a:vercel:next.js:15.6.0:canary23:*:*:*:node.js:*:*,AFFECTS
CVE:CVE-2025-55182,CPE:cpe:2.3:a:vercel:next.js:15.6.0:canary24:*:*:*:node.js:*:*,AFFECTS
CVE:CVE-2025-55182,CPE:cpe:2.3:a:vercel:next.js:15.6.0:canary25:*:*:*:node.js:*:*,AFFECTS
CVE:CVE-2025-55182,CPE:cpe:2.3:a:vercel:next.js:15.6.0:canary26:*:*:*:node.js:*:*,AFFECTS
CVE:CVE-2025-55182,CPE:cpe:2.3:a:vercel:next.js:15.6.0:canary27:*:*:*:node.js:*:*,AFFECTS
CVE:CVE-2025-55182,CPE:cpe:2.3:a:vercel:next.js:15.6.0:canary28:*:*:*:node.js:*:*,AFFECTS
CVE:CVE-2025-55182,CPE:cpe:2.3:a:vercel:next.js:15.6.0:canary29:*:*:*:node.js:*:*,AFFECTS
CVE:CVE-2025-55182,CPE:cpe:2.3:a:vercel:next.js:15.6.0:canary2:*:*:*:node.js:*:*,AFFECTS
CVE:CVE-2025-55182,CPE:cpe:2.3:a:vercel:next.js:15.6.0:canary30:*:*:*:node.js:*:*,AFFECTS
CVE:CVE-2025-55182,CPE:cpe:2.3:a:vercel:next.js:15.6.0:canary31:*:*:*:node.js:*:*,AFFECTS
CVE:CVE-2025-55182,CPE:cpe:2.3:a:vercel:next.js:15.6.0:canary32:*:*:*:node.js:*:*,AFFECTS
CVE:CVE-2025-55182,CPE:cpe:2.3:a:vercel:next.js:15.6.0:canary33:*:*:*:node.js:*:*,AFFECTS
CVE:CVE-2025-55182,CPE:cpe:2.3:a:vercel:next.js:15.6.0:canary34:*:*:*:node.js:*:*,AFFECTS
CVE:CVE-2025-55182,CPE:cpe:2.3:a:vercel:next.js:15.6.0:canary35:*:*:*:node.js:*:*,AFFECTS
CVE:CVE-2025-55182,CPE:cpe:2.3:a:vercel:next.js:15.6.0:canary36:*:*:*:node.js:*:*,AFFECTS
CVE:CVE-2025-55182,CPE:cpe:2.3:a:vercel:next.js:15.6.0:canary37:*:*:*:node.js:*:*,AFFECTS
CVE:CVE-2025-55182,CPE:cpe:2.3:a:vercel:next.js:15.6.0:canary38:*:*:*:node.js:*:*,AFFECTS
CVE:CVE-2025-55182,CPE:cpe:2.3:a:vercel:next.js:15.6.0:canary39:*:*:*:node.js:*:*,AFFECTS
CVE:CVE-2025-55182,CPE:cpe:2.3:a:vercel:next.js:15.6.0:canary3:*:*:*:node.js:*:*,AFFECTS
CVE:CVE-2025-55182,CPE:cpe:2.3:a:vercel:next.js:15.6.0:canary40:*:*:*:node.js:*:*,AFFECTS
CVE:CVE-2025-55182,CPE:cpe:2.3:a:vercel:next.js:15.6.0:canary41:*:*:*:node.js:*:*,AFFECTS
CVE:CVE-2025-55182,CPE:cpe:2.3:a:vercel:next.js:15.6.0:canary42:*:*:*:node.js:*:*,AFFECTS
CVE:CVE-2025-55182,CPE:cpe:2.3:a:vercel:next.js:15.6.0:canary43:*:*:*:node.js:*:*,AFFECTS
CVE:CVE-2025-55182,CPE:cpe:2.3:a:vercel:next.js:15.6.0:canary44:*:*:*:node.js:*:*,AFFECTS
CVE:CVE-2025-55182,CPE:cpe:2.3:a:vercel:next.js:15.6.0:canary45:*:*:*:node.js:*:*,AFFECTS
CVE:CVE-2025-55182,CPE:cpe:2.3:a:vercel:next.js:15.6.0:canary46:*:*:*:node.js:*:*,AFFECTS
CVE:CVE-2025-55182,CPE:cpe:2.3:a:vercel:next.js:15.6.0:canary47:*:*:*:node.js:*:*,AFFECTS
CVE:CVE-2025-55182,CPE:cpe:2.3:a:vercel:next.js:15.6.0:canary48:*:*:*:node.js:*:*,AFFECTS
CVE:CVE-2025-55182,CPE:cpe:2.3:a:vercel:next.js:15.6.0:canary49:*:*:*:node.js:*:*,AFFECTS
CVE:CVE-2025-55182,CPE:cpe:2.3:a:vercel:next.js:15.6.0:canary4:*:*:*:node.js:*:*,AFFECTS
CVE:CVE-2025-55182,CPE:cpe:2.3:a:vercel:next.js:15.6.0:canary50:*:*:*:node.js:*:*,AFFECTS
CVE:CVE-2025-55182,CPE:cpe:2.3:a:vercel:next.js:15.6.0:canary51:*:*:*:node.js:*:*,AFFECTS
CVE:CVE-2025-55182,CPE:cpe:2.3:a:vercel:next.js:15.6.0:canary52:*:*:*:node.js:*:*,AFFECTS
CVE:CVE-2025-55182,CPE:cpe:2.3:a:vercel:next.js:15.6.0:canary53:*:*:*:node.js:*:*,AFFECTS
CVE:CVE-2025-55182,CPE:cpe:2.3:a:vercel:next.js:15.6.0:canary54:*:*:*:node.js:*:*,AFFECTS
CVE:CVE-2025-55182,CPE:cpe:2.3:a:vercel:next.js:15.6.0:canary55:*:*:*:node.js:*:*,AFFECTS
CVE:CVE-2025-55182,CPE:cpe:2.3:a:vercel:next.js:15.6.0:canary56:*:*:*:node.js:*:*,AFFECTS
CVE:CVE-2025-55182,CPE:cpe:2.3:a:vercel:next.js:15.6.0:canary57:*:*:*:node.js:*:*,AFFECTS
CVE:CVE-2025-55182,CPE:cpe:2.3:a:vercel:next.js:15.6.0:canary5:*:*:*:node.js:*:*,AFFECTS
CVE:CVE-2025-55182,CPE:cpe:2.3:a:vercel:next.js:15.6.0:canary6:*:*:*:node.js:*:*,AFFECTS
CVE:CVE-2025-55182,CPE:cpe:2.3:a:vercel:next.js:15.6.0:canary7:*:*:*:node.js:*:*,AFFECTS
CVE:CVE-2025-55182,CPE:cpe:2.3:a:vercel:next.js:15.6.0:canary8:*:*:*:node.js:*:*,AFFECTS
CVE:CVE-2025-55182,CPE:cpe:2.3:a:vercel:next.js:15.6.0:canary9:*:*:*:node.js:*:*,AFFECTS
CVE:CVE-2025-55182,CPE:cpe:2.3:a:vercel:next.js:16.0.0:-:*:*:*:node.js:*:*,AFFECTS
CVE:CVE-2025-55182,REF:CVE-2025-55182:0,REFERENCES
CVE:CVE-2025-55182,REF:CVE-2025-55182:1,REFERENCES
CVE:CVE-2025-55182,REF:CVE-2025-55182:2,REFERENCES
CVE:CVE-2025-55182,REF:CVE-2025-55182:3,REFERENCES
CVE:CVE-2025-55182,REF:CVE-2025-55182:4,REFERENCES
CVE:CVE-2025-55182,REF:CVE-2025-55182:5,REFERENCES
CVE:CVE-2026-3910,RISK:HIGH,HAS_RISK
CVE:CVE-2026-3910,SIGNAL:CISA_KEV,KNOWN_EXPLOITED
CVE:CVE-2026-3910,CWE:CWE-119,HAS_CWE
CVE:CVE-2026-3910,CWE:CWE-94,HAS_CWE
CVE:CVE-2026-3910,CPE:cpe:2.3:a:google:chrome:*:*:*:*:*:*:*:*,AFFECTS
CVE:CVE-2026-3910,CPE:cpe:2.3:o:apple:macos:-:*:*:*:*:*:*:*,AFFECTS
CVE:CVE-2026-3910,CPE:cpe:2.3:o:linux:linux_kernel:-:*:*:*:*:*:*:*,AFFECTS
CVE:CVE-2026-3910,CPE:cpe:2.3:o:microsoft:windows:-:*:*:*:*:*:*:*,AFFECTS
CVE:CVE-2026-3910,REF:CVE-2026-3910:0,REFERENCES
CVE:CVE-2026-3910,REF:CVE-2026-3910:1,REFERENCES
CVE:CVE-2026-3910,REF:CVE-2026-3910:2,REFERENCES
CVE:CVE-2026-9082,RISK:HIGH,HAS_RISK
CVE:CVE-2026-9082,SIGNAL:CISA_KEV,KNOWN_EXPLOITED
CVE:CVE-2026-9082,CWE:CWE-89,HAS_CWE
CVE:CVE-2026-9082,CPE:cpe:2.3:a:drupal:drupal:*:*:*:*:*:*:*:*,AFFECTS
CVE:CVE-2026-9082,REF:CVE-2026-9082:0,REFERENCES
CVE:CVE-2026-9082,REF:CVE-2026-9082:1,REFERENCES
CVE:CVE-2024-4358,RISK:HIGH,HAS_RISK
CVE:CVE-2024-4358,SIGNAL:CISA_KEV,KNOWN_EXPLOITED
CVE:CVE-2024-4358,CWE:CWE-290,HAS_CWE
CVE:CVE-2024-4358,CPE:cpe:2.3:a:telerik:report_server_2024:*:*:*:*:*:*:*:*,AFFECTS
CVE:CVE-2024-4358,REF:CVE-2024-4358:0,REFERENCES
CVE:CVE-2024-4358,REF:CVE-2024-4358:1,REFERENCES
CVE:CVE-2024-23692,RISK:HIGH,HAS_RISK
CVE:CVE-2024-23692,SIGNAL:CISA_KEV,KNOWN_EXPLOITED
CVE:CVE-2024-23692,CWE:CWE-1336,HAS_CWE
CVE:CVE-2024-23692,CWE:CWE-94,HAS_CWE
CVE:CVE-2024-23692,CPE:cpe:2.3:a:rejetto:http_file_server:*:*:*:*:*:*:*:*,AFFECTS
CVE:CVE-2024-23692,REF:CVE-2024-23692:0,REFERENCES
CVE:CVE-2024-23692,REF:CVE-2024-23692:1,REFERENCES
CVE:CVE-2024-23692,REF:CVE-2024-23692:2,REFERENCES
CVE:CVE-2024-23692,REF:CVE-2024-23692:3,REFERENCES
CVE:CVE-2024-23692,REF:CVE-2024-23692:4,REFERENCES
CVE:CVE-2024-23692,REF:CVE-2024-23692:5,REFERENCES
CVE:CVE-2024-23692,REF:CVE-2024-23692:6,REFERENCES
CVE:CVE-2024-36401,RISK:HIGH,HAS_RISK
CVE:CVE-2024-36401,SIGNAL:CISA_KEV,KNOWN_EXPLOITED
CVE:CVE-2024-36401,CWE:CWE-94,HAS_CWE
CVE:CVE-2024-36401,CWE:CWE-95,HAS_CWE
CVE:CVE-2024-36401,CPE:cpe:2.3:a:geoserver:geoserver:*:*:*:*:*:*:*:*,AFFECTS
CVE:CVE-2024-36401,CPE:cpe:2.3:a:geotools:geotools:*:*:*:*:*:*:*:*,AFFECTS
CVE:CVE-2024-36401,CPE:cpe:2.3:a:geotools:geotools:30.0:-:*:*:*:*:*:*,AFFECTS
CVE:CVE-2024-36401,CPE:cpe:2.3:a:geotools:geotools:30.0:rc:*:*:*:*:*:*,AFFECTS
CVE:CVE-2024-36401,CPE:cpe:2.3:a:geotools:geotools:31.0:-:*:*:*:*:*:*,AFFECTS
CVE:CVE-2024-36401,CPE:cpe:2.3:a:geotools:geotools:31.0:rc:*:*:*:*:*:*,AFFECTS
CVE:CVE-2024-36401,REF:CVE-2024-36401:0,REFERENCES
CVE:CVE-2024-36401,REF:CVE-2024-36401:1,REFERENCES
CVE:CVE-2024-36401,REF:CVE-2024-36401:2,REFERENCES
CVE:CVE-2024-36401,REF:CVE-2024-36401:3,REFERENCES
CVE:CVE-2024-36401,REF:CVE-2024-36401:4,REFERENCES
CVE:CVE-2024-36401,REF:CVE-2024-36401:5,REFERENCES
CVE:CVE-2024-36401,REF:CVE-2024-36401:6,REFERENCES
CVE:CVE-2024-49039,RISK:HIGH,HAS_RISK
CVE:CVE-2024-49039,SIGNAL:CISA_KEV,KNOWN_EXPLOITED
CVE:CVE-2024-49039,CWE:CWE-287,HAS_CWE
CVE:CVE-2024-49039,CPE:cpe:2.3:o:microsoft:windows_10_1507:*:*:*:*:*:*:x64:*,AFFECTS
CVE:CVE-2024-49039,CPE:cpe:2.3:o:microsoft:windows_10_1507:*:*:*:*:*:*:x86:*,AFFECTS
CVE:CVE-2024-49039,CPE:cpe:2.3:o:microsoft:windows_10_1607:*:*:*:*:*:*:x64:*,AFFECTS
CVE:CVE-2024-49039,CPE:cpe:2.3:o:microsoft:windows_10_1607:*:*:*:*:*:*:x86:*,AFFECTS
CVE:CVE-2024-49039,CPE:cpe:2.3:o:microsoft:windows_10_1809:*:*:*:*:*:*:x64:*,AFFECTS
CVE:CVE-2024-49039,CPE:cpe:2.3:o:microsoft:windows_10_1809:*:*:*:*:*:*:x86:*,AFFECTS
CVE:CVE-2024-49039,CPE:cpe:2.3:o:microsoft:windows_10_21h2:*:*:*:*:*:*:arm64:*,AFFECTS
CVE:CVE-2024-49039,CPE:cpe:2.3:o:microsoft:windows_10_21h2:*:*:*:*:*:*:x64:*,AFFECTS
CVE:CVE-2024-49039,CPE:cpe:2.3:o:microsoft:windows_10_21h2:*:*:*:*:*:*:x86:*,AFFECTS
CVE:CVE-2024-49039,CPE:cpe:2.3:o:microsoft:windows_10_22h2:*:*:*:*:*:*:arm64:*,AFFECTS
CVE:CVE-2024-49039,CPE:cpe:2.3:o:microsoft:windows_10_22h2:*:*:*:*:*:*:x64:*,AFFECTS
CVE:CVE-2024-49039,CPE:cpe:2.3:o:microsoft:windows_10_22h2:*:*:*:*:*:*:x86:*,AFFECTS
CVE:CVE-2024-49039,CPE:cpe:2.3:o:microsoft:windows_11_22h2:*:*:*:*:*:*:arm64:*,AFFECTS
CVE:CVE-2024-49039,CPE:cpe:2.3:o:microsoft:windows_11_22h2:*:*:*:*:*:*:x64:*,AFFECTS
CVE:CVE-2024-49039,CPE:cpe:2.3:o:microsoft:windows_11_23h2:*:*:*:*:*:*:arm64:*,AFFECTS
CVE:CVE-2024-49039,CPE:cpe:2.3:o:microsoft:windows_11_23h2:*:*:*:*:*:*:x64:*,AFFECTS
CVE:CVE-2024-49039,CPE:cpe:2.3:o:microsoft:windows_11_24h2:*:*:*:*:*:*:arm64:*,AFFECTS
CVE:CVE-2024-49039,CPE:cpe:2.3:o:microsoft:windows_11_24h2:*:*:*:*:*:*:x64:*,AFFECTS
CVE:CVE-2024-49039,CPE:cpe:2.3:o:microsoft:windows_server_2016:*:*:*:*:*:*:*:*,AFFECTS
CVE:CVE-2024-49039,CPE:cpe:2.3:o:microsoft:windows_server_2019:*:*:*:*:*:*:*:*,AFFECTS
CVE:CVE-2024-49039,CPE:cpe:2.3:o:microsoft:windows_server_2022:*:*:*:*:*:*:*:*,AFFECTS
CVE:CVE-2024-49039,CPE:cpe:2.3:o:microsoft:windows_server_2022_23h2:*:*:*:*:*:*:*:*,AFFECTS
CVE:CVE-2024-49039,CPE:cpe:2.3:o:microsoft:windows_server_2025:*:*:*:*:*:*:*:*,AFFECTS
CVE:CVE-2024-49039,REF:CVE-2024-49039:0,REFERENCES
CVE:CVE-2024-49039,REF:CVE-2024-49039:1,REFERENCES
CVE:CVE-2025-54253,RISK:HIGH,HAS_RISK
CVE:CVE-2025-54253,SIGNAL:CISA_KEV,KNOWN_EXPLOITED
CVE:CVE-2025-54253,CWE:CWE-863,HAS_CWE
CVE:CVE-2025-54253,CPE:cpe:2.3:a:adobe:experience_manager_forms:*:*:*:*:*:*:*:*,AFFECTS
CVE:CVE-2025-54253,REF:CVE-2025-54253:0,REFERENCES
CVE:CVE-2025-54253,REF:CVE-2025-54253:1,REFERENCES
CVE:CVE-2025-54253,REF:CVE-2025-54253:2,REFERENCES
CVE:CVE-2026-24061,RISK:HIGH,HAS_RISK
CVE:CVE-2026-24061,SIGNAL:CISA_KEV,KNOWN_EXPLOITED
CVE:CVE-2026-24061,CWE:CWE-88,HAS_CWE
CVE:CVE-2026-24061,CPE:cpe:2.3:a:gnu:inetutils:*:*:*:*:*:*:*:*,AFFECTS
CVE:CVE-2026-24061,CPE:cpe:2.3:o:debian:debian_linux:11.0:*:*:*:*:*:*:*,AFFECTS
CVE:CVE-2026-24061,REF:CVE-2026-24061:0,REFERENCES
CVE:CVE-2026-24061,REF:CVE-2026-24061:1,REFERENCES
CVE:CVE-2026-24061,REF:CVE-2026-24061:2,REFERENCES
CVE:CVE-2026-24061,REF:CVE-2026-24061:3,REFERENCES
CVE:CVE-2026-24061,REF:CVE-2026-24061:4,REFERENCES
CVE:CVE-2026-24061,REF:CVE-2026-24061:5,REFERENCES
CVE:CVE-2026-24061,REF:CVE-2026-24061:6,REFERENCES
CVE:CVE-2026-24061,REF:CVE-2026-24061:7,REFERENCES
CVE:CVE-2026-24061,REF:CVE-2026-24061:8,REFERENCES
CVE:CVE-2026-24061,REF:CVE-2026-24061:9,REFERENCES
CVE:CVE-2026-24061,REF:CVE-2026-24061:10,REFERENCES
CVE:CVE-2026-24061,REF:CVE-2026-24061:11,REFERENCES
CVE:CVE-2026-24061,REF:CVE-2026-24061:12,REFERENCES
CVE:CVE-2026-45498,RISK:HIGH,HAS_RISK
CVE:CVE-2026-45498,SIGNAL:CISA_KEV,KNOWN_EXPLOITED
CVE:CVE-2026-45498,CWE:CWE-400,HAS_CWE
CVE:CVE-2026-45498,CPE:cpe:2.3:a:microsoft:defender_antimalware_platform:*:*:*:*:*:*:*:*,AFFECTS
CVE:CVE-2026-45498,REF:CVE-2026-45498:0,REFERENCES
CVE:CVE-2026-45498,REF:CVE-2026-45498:1,REFERENCES
CVE:CVE-2026-82329,RISK:HIGH,HAS_RISK
CVE:CVE-2026-82329,SIGNAL:CISA_KEV,KNOWN_EXPLOITED
CVE:CVE-2026-82329,CWE:CWE-287,HAS_CWE
CVE:CVE-2026-82329,CPE:cpe:2.3:a:jfrog:artifactory:*:*:*:*:*:-:*:*,AFFECTS
CVE:CVE-2026-82329,REF:CVE-2026-82329:0,REFERENCES
CVE:CVE-2026-82329,REF:CVE-2026-82329:1,REFERENCES
CVE:CVE-2026-82329,REF:CVE-2026-82329:2,REFERENCES
CVE:CVE-2024-38080,RISK:HIGH,HAS_RISK
CVE:CVE-2024-38080,SIGNAL:CISA_KEV,KNOWN_EXPLOITED
CVE:CVE-2024-38080,CWE:CWE-190,HAS_CWE
CVE:CVE-2024-38080,CPE:cpe:2.3:o:microsoft:windows_11_21h2:*:*:*:*:*:*:*:*,AFFECTS
CVE:CVE-2024-38080,CPE:cpe:2.3:o:microsoft:windows_11_22h2:*:*:*:*:*:*:*:*,AFFECTS
CVE:CVE-2024-38080,CPE:cpe:2.3:o:microsoft:windows_11_23h2:*:*:*:*:*:*:*:*,AFFECTS
CVE:CVE-2024-38080,CPE:cpe:2.3:o:microsoft:windows_server_2022:*:*:*:*:*:*:*:*,AFFECTS
CVE:CVE-2024-38080,CPE:cpe:2.3:o:microsoft:windows_server_2022_23h2:*:*:*:*:*:*:*:*,AFFECTS
CVE:CVE-2024-38080,REF:CVE-2024-38080:0,REFERENCES
CVE:CVE-2024-38080,REF:CVE-2024-38080:1,REFERENCES
CVE:CVE-2024-38014,RISK:HIGH,HAS_RISK
CVE:CVE-2024-38014,SIGNAL:CISA_KEV,KNOWN_EXPLOITED
CVE:CVE-2024-38014,CWE:CWE-269,HAS_CWE
CVE:CVE-2024-38014,CPE:cpe:2.3:o:microsoft:windows_10_1507:*:*:*:*:*:*:x64:*,AFFECTS
CVE:CVE-2024-38014,CPE:cpe:2.3:o:microsoft:windows_10_1507:*:*:*:*:*:*:x86:*,AFFECTS
CVE:CVE-2024-38014,CPE:cpe:2.3:o:microsoft:windows_10_1607:*:*:*:*:*:*:x64:*,AFFECTS
CVE:CVE-2024-38014,CPE:cpe:2.3:o:microsoft:windows_10_1607:*:*:*:*:*:*:x86:*,AFFECTS
CVE:CVE-2024-38014,CPE:cpe:2.3:o:microsoft:windows_10_1809:*:*:*:*:*:*:*:*,AFFECTS
CVE:CVE-2024-38014,CPE:cpe:2.3:o:microsoft:windows_10_21h2:*:*:*:*:*:*:*:*,AFFECTS
CVE:CVE-2024-38014,CPE:cpe:2.3:o:microsoft:windows_10_22h2:*:*:*:*:*:*:*:*,AFFECTS
CVE:CVE-2024-38014,CPE:cpe:2.3:o:microsoft:windows_11_21h2:*:*:*:*:*:*:*:*,AFFECTS
CVE:CVE-2024-38014,CPE:cpe:2.3:o:microsoft:windows_11_22h2:*:*:*:*:*:*:*:*,AFFECTS
CVE:CVE-2024-38014,CPE:cpe:2.3:o:microsoft:windows_11_23h2:*:*:*:*:*:*:*:*,AFFECTS
CVE:CVE-2024-38014,CPE:cpe:2.3:o:microsoft:windows_11_24h2:*:*:*:*:*:*:*:*,AFFECTS
CVE:CVE-2024-38014,CPE:cpe:2.3:o:microsoft:windows_server_2008:-:sp2:*:*:*:*:x64:*,AFFECTS
CVE:CVE-2024-38014,CPE:cpe:2.3:o:microsoft:windows_server_2008:-:sp2:*:*:*:*:x86:*,AFFECTS
CVE:CVE-2024-38014,CPE:cpe:2.3:o:microsoft:windows_server_2008:r2:*:*:*:*:*:x64:*,AFFECTS
CVE:CVE-2024-38014,CPE:cpe:2.3:o:microsoft:windows_server_2012:-:*:*:*:*:*:x64:*,AFFECTS
CVE:CVE-2024-38014,CPE:cpe:2.3:o:microsoft:windows_server_2012:r2:*:*:*:*:*:x64:*,AFFECTS
CVE:CVE-2024-38014,CPE:cpe:2.3:o:microsoft:windows_server_2016:*:*:*:*:*:*:*:*,AFFECTS
CVE:CVE-2024-38014,CPE:cpe:2.3:o:microsoft:windows_server_2019:*:*:*:*:*:*:*:*,AFFECTS
CVE:CVE-2024-38014,CPE:cpe:2.3:o:microsoft:windows_server_2022:*:*:*:*:*:*:*:*,AFFECTS
CVE:CVE-2024-38014,CPE:cpe:2.3:o:microsoft:windows_server_2022_23h2:*:*:*:*:*:*:*:*,AFFECTS
CVE:CVE-2024-38014,REF:CVE-2024-38014:0,REFERENCES
CVE:CVE-2024-38014,REF:CVE-2024-38014:1,REFERENCES
CVE:CVE-2024-38014,REF:CVE-2024-38014:2,REFERENCES
CVE:CVE-2024-43047,RISK:HIGH,HAS_RISK
CVE:CVE-2024-43047,SIGNAL:CISA_KEV,KNOWN_EXPLOITED
CVE:CVE-2024-43047,CWE:CWE-416,HAS_CWE
CVE:CVE-2024-43047,CPE:cpe:2.3:h:qualcomm:fastconnect_6700:-:*:*:*:*:*:*:*,AFFECTS
CVE:CVE-2024-43047,CPE:cpe:2.3:h:qualcomm:fastconnect_6800:-:*:*:*:*:*:*:*,AFFECTS
CVE:CVE-2024-43047,CPE:cpe:2.3:h:qualcomm:fastconnect_6900:-:*:*:*:*:*:*:*,AFFECTS
CVE:CVE-2024-43047,CPE:cpe:2.3:h:qualcomm:fastconnect_7800:-:*:*:*:*:*:*:*,AFFECTS
CVE:CVE-2024-43047,CPE:cpe:2.3:h:qualcomm:qam8295p:-:*:*:*:*:*:*:*,AFFECTS
CVE:CVE-2024-43047,CPE:cpe:2.3:h:qualcomm:qca6174a:-:*:*:*:*:*:*:*,AFFECTS
CVE:CVE-2024-43047,CPE:cpe:2.3:h:qualcomm:qca6391:-:*:*:*:*:*:*:*,AFFECTS
CVE:CVE-2024-43047,CPE:cpe:2.3:h:qualcomm:qca6426:-:*:*:*:*:*:*:*,AFFECTS
CVE:CVE-2024-43047,CPE:cpe:2.3:h:qualcomm:qca6436:-:*:*:*:*:*:*:*,AFFECTS
CVE:CVE-2024-43047,CPE:cpe:2.3:h:qualcomm:qca6574au:-:*:*:*:*:*:*:*,AFFECTS
CVE:CVE-2024-43047,CPE:cpe:2.3:h:qualcomm:qca6584au:-:*:*:*:*:*:*:*,AFFECTS
CVE:CVE-2024-43047,CPE:cpe:2.3:h:qualcomm:qca6595:-:*:*:*:*:*:*:*,AFFECTS
CVE:CVE-2024-43047,CPE:cpe:2.3:h:qualcomm:qca6595au:-:*:*:*:*:*:*:*,AFFECTS
CVE:CVE-2024-43047,CPE:cpe:2.3:h:qualcomm:qca6688aq:-:*:*:*:*:*:*:*,AFFECTS
CVE:CVE-2024-43047,CPE:cpe:2.3:h:qualcomm:qca6696:-:*:*:*:*:*:*:*,AFFECTS
CVE:CVE-2024-43047,CPE:cpe:2.3:h:qualcomm:qca6698aq:-:*:*:*:*:*:*:*,AFFECTS
CVE:CVE-2024-43047,CPE:cpe:2.3:h:qualcomm:qcs410:-:*:*:*:*:*:*:*,AFFECTS
CVE:CVE-2024-43047,CPE:cpe:2.3:h:qualcomm:qcs610:-:*:*:*:*:*:*:*,AFFECTS
CVE:CVE-2024-43047,CPE:cpe:2.3:h:qualcomm:qcs6490:-:*:*:*:*:*:*:*,AFFECTS
CVE:CVE-2024-43047,CPE:cpe:2.3:h:qualcomm:sa4150p:-:*:*:*:*:*:*:*,AFFECTS
CVE:CVE-2024-43047,CPE:cpe:2.3:h:qualcomm:sa4155p:-:*:*:*:*:*:*:*,AFFECTS
CVE:CVE-2024-43047,CPE:cpe:2.3:h:qualcomm:sa6145p:-:*:*:*:*:*:*:*,AFFECTS
CVE:CVE-2024-43047,CPE:cpe:2.3:h:qualcomm:sa6150p:-:*:*:*:*:*:*:*,AFFECTS
CVE:CVE-2024-43047,CPE:cpe:2.3:h:qualcomm:sa6155p:-:*:*:*:*:*:*:*,AFFECTS
CVE:CVE-2024-43047,CPE:cpe:2.3:h:qualcomm:sa8145p:-:*:*:*:*:*:*:*,AFFECTS
CVE:CVE-2024-43047,CPE:cpe:2.3:h:qualcomm:sa8150p:-:*:*:*:*:*:*:*,AFFECTS
CVE:CVE-2024-43047,CPE:cpe:2.3:h:qualcomm:sa8155p:-:*:*:*:*:*:*:*,AFFECTS
CVE:CVE-2024-43047,CPE:cpe:2.3:h:qualcomm:sa8195p:-:*:*:*:*:*:*:*,AFFECTS
CVE:CVE-2024-43047,CPE:cpe:2.3:h:qualcomm:sa8295p:-:*:*:*:*:*:*:*,AFFECTS
CVE:CVE-2024-43047,CPE:cpe:2.3:h:qualcomm:sd660:-:*:*:*:*:*:*:*,AFFECTS
CVE:CVE-2024-43047,CPE:cpe:2.3:h:qualcomm:sd865_5g:-:*:*:*:*:*:*:*,AFFECTS
CVE:CVE-2024-43047,CPE:cpe:2.3:h:qualcomm:sg4150p:-:*:*:*:*:*:*:*,AFFECTS
CVE:CVE-2024-43047,CPE:cpe:2.3:h:qualcomm:snapdragon_660_mobile:-:*:*:*:*:*:*:*,AFFECTS
CVE:CVE-2024-43047,CPE:cpe:2.3:h:qualcomm:snapdragon_680_4g_mobile:-:*:*:*:*:*:*:*,AFFECTS
CVE:CVE-2024-43047,CPE:cpe:2.3:h:qualcomm:snapdragon_685_4g_mobile:-:*:*:*:*:*:*:*,AFFECTS
CVE:CVE-2024-43047,CPE:cpe:2.3:h:qualcomm:snapdragon_865\+_5g_mobile:-:*:*:*:*:*:*:*,AFFECTS
CVE:CVE-2024-43047,CPE:cpe:2.3:h:qualcomm:snapdragon_865_5g_mobile:-:*:*:*:*:*:*:*,AFFECTS
CVE:CVE-2024-43047,CPE:cpe:2.3:h:qualcomm:snapdragon_870_5g_mobile:-:*:*:*:*:*:*:*,AFFECTS
CVE:CVE-2024-43047,CPE:cpe:2.3:h:qualcomm:snapdragon_888\+_5g_mobile:-:*:*:*:*:*:*:*,AFFECTS
CVE:CVE-2024-43047,CPE:cpe:2.3:h:qualcomm:snapdragon_888_5g_mobile:-:*:*:*:*:*:*:*,AFFECTS
CVE:CVE-2024-43047,CPE:cpe:2.3:h:qualcomm:snapdragon_8_gen_1_mobile:-:*:*:*:*:*:*:*,AFFECTS
CVE:CVE-2024-43047,CPE:cpe:2.3:h:qualcomm:snapdragon_auto_5g_modem-rf:-:*:*:*:*:*:*:*,AFFECTS
CVE:CVE-2024-43047,CPE:cpe:2.3:h:qualcomm:snapdragon_auto_5g_modem-rf_gen_2:-:*:*:*:*:*:*:*,AFFECTS
CVE:CVE-2024-43047,CPE:cpe:2.3:h:qualcomm:snapdragon_x55_5g_modem-rf:-:*:*:*:*:*:*:*,AFFECTS
CVE:CVE-2024-43047,CPE:cpe:2.3:h:qualcomm:snapdragon_xr2_5g:-:*:*:*:*:*:*:*,AFFECTS
CVE:CVE-2024-43047,CPE:cpe:2.3:h:qualcomm:sw5100:-:*:*:*:*:*:*:*,AFFECTS
CVE:CVE-2024-43047,CPE:cpe:2.3:h:qualcomm:sw5100p:-:*:*:*:*:*:*:*,AFFECTS
CVE:CVE-2024-43047,CPE:cpe:2.3:h:qualcomm:sxr2130:-:*:*:*:*:*:*:*,AFFECTS
CVE:CVE-2024-43047,CPE:cpe:2.3:h:qualcomm:video_collaboration_vc1_platform:-:*:*:*:*:*:*:*,AFFECTS
CVE:CVE-2024-43047,CPE:cpe:2.3:h:qualcomm:video_collaboration_vc3_platform:-:*:*:*:*:*:*:*,AFFECTS
CVE:CVE-2024-43047,CPE:cpe:2.3:h:qualcomm:wcd9335:-:*:*:*:*:*:*:*,AFFECTS
CVE:CVE-2024-43047,CPE:cpe:2.3:h:qualcomm:wcd9341:-:*:*:*:*:*:*:*,AFFECTS
CVE:CVE-2024-43047,CPE:cpe:2.3:h:qualcomm:wcd9370:-:*:*:*:*:*:*:*,AFFECTS
CVE:CVE-2024-43047,CPE:cpe:2.3:h:qualcomm:wcd9375:-:*:*:*:*:*:*:*,AFFECTS
CVE:CVE-2024-43047,CPE:cpe:2.3:h:qualcomm:wcd9380:-:*:*:*:*:*:*:*,AFFECTS
CVE:CVE-2024-43047,CPE:cpe:2.3:h:qualcomm:wcd9385:-:*:*:*:*:*:*:*,AFFECTS
CVE:CVE-2024-43047,CPE:cpe:2.3:h:qualcomm:wcn3950:-:*:*:*:*:*:*:*,AFFECTS
CVE:CVE-2024-43047,CPE:cpe:2.3:h:qualcomm:wcn3980:-:*:*:*:*:*:*:*,AFFECTS
CVE:CVE-2024-43047,CPE:cpe:2.3:h:qualcomm:wcn3988:-:*:*:*:*:*:*:*,AFFECTS
CVE:CVE-2024-43047,CPE:cpe:2.3:h:qualcomm:wcn3990:-:*:*:*:*:*:*:*,AFFECTS
CVE:CVE-2024-43047,CPE:cpe:2.3:h:qualcomm:wsa8810:-:*:*:*:*:*:*:*,AFFECTS
CVE:CVE-2024-43047,CPE:cpe:2.3:h:qualcomm:wsa8815:-:*:*:*:*:*:*:*,AFFECTS
CVE:CVE-2024-43047,CPE:cpe:2.3:h:qualcomm:wsa8830:-:*:*:*:*:*:*:*,AFFECTS
CVE:CVE-2024-43047,CPE:cpe:2.3:h:qualcomm:wsa8835:-:*:*:*:*:*:*:*,AFFECTS
CVE:CVE-2024-43047,CPE:cpe:2.3:o:qualcomm:fastconnect_6700_firmware:-:*:*:*:*:*:*:*,AFFECTS
CVE:CVE-2024-43047,CPE:cpe:2.3:o:qualcomm:fastconnect_6800_firmware:-:*:*:*:*:*:*:*,AFFECTS
CVE:CVE-2024-43047,CPE:cpe:2.3:o:qualcomm:fastconnect_6900_firmware:-:*:*:*:*:*:*:*,AFFECTS
CVE:CVE-2024-43047,CPE:cpe:2.3:o:qualcomm:fastconnect_7800_firmware:-:*:*:*:*:*:*:*,AFFECTS
CVE:CVE-2024-43047,CPE:cpe:2.3:o:qualcomm:qam8295p_firmware:-:*:*:*:*:*:*:*,AFFECTS
CVE:CVE-2024-43047,CPE:cpe:2.3:o:qualcomm:qca6174a_firmware:-:*:*:*:*:*:*:*,AFFECTS
CVE:CVE-2024-43047,CPE:cpe:2.3:o:qualcomm:qca6391_firmware:-:*:*:*:*:*:*:*,AFFECTS
CVE:CVE-2024-43047,CPE:cpe:2.3:o:qualcomm:qca6426_firmware:-:*:*:*:*:*:*:*,AFFECTS
CVE:CVE-2024-43047,CPE:cpe:2.3:o:qualcomm:qca6436_firmware:-:*:*:*:*:*:*:*,AFFECTS
CVE:CVE-2024-43047,CPE:cpe:2.3:o:qualcomm:qca6574au_firmware:-:*:*:*:*:*:*:*,AFFECTS
CVE:CVE-2024-43047,CPE:cpe:2.3:o:qualcomm:qca6584au_firmware:-:*:*:*:*:*:*:*,AFFECTS
CVE:CVE-2024-43047,CPE:cpe:2.3:o:qualcomm:qca6595_firmware:-:*:*:*:*:*:*:*,AFFECTS
CVE:CVE-2024-43047,CPE:cpe:2.3:o:qualcomm:qca6595au_firmware:-:*:*:*:*:*:*:*,AFFECTS
CVE:CVE-2024-43047,CPE:cpe:2.3:o:qualcomm:qca6688aq_firmware:-:*:*:*:*:*:*:*,AFFECTS
CVE:CVE-2024-43047,CPE:cpe:2.3:o:qualcomm:qca6696_firmware:-:*:*:*:*:*:*:*,AFFECTS
CVE:CVE-2024-43047,CPE:cpe:2.3:o:qualcomm:qca6698aq_firmware:-:*:*:*:*:*:*:*,AFFECTS
CVE:CVE-2024-43047,CPE:cpe:2.3:o:qualcomm:qcs410_firmware:-:*:*:*:*:*:*:*,AFFECTS
CVE:CVE-2024-43047,CPE:cpe:2.3:o:qualcomm:qcs610_firmware:-:*:*:*:*:*:*:*,AFFECTS
CVE:CVE-2024-43047,CPE:cpe:2.3:o:qualcomm:qcs6490_firmware:-:*:*:*:*:*:*:*,AFFECTS
CVE:CVE-2024-43047,CPE:cpe:2.3:o:qualcomm:sa4150p_firmware:-:*:*:*:*:*:*:*,AFFECTS
CVE:CVE-2024-43047,CPE:cpe:2.3:o:qualcomm:sa4155p_firmware:-:*:*:*:*:*:*:*,AFFECTS
CVE:CVE-2024-43047,CPE:cpe:2.3:o:qualcomm:sa6145p_firmware:-:*:*:*:*:*:*:*,AFFECTS
CVE:CVE-2024-43047,CPE:cpe:2.3:o:qualcomm:sa6150p_firmware:-:*:*:*:*:*:*:*,AFFECTS
CVE:CVE-2024-43047,CPE:cpe:2.3:o:qualcomm:sa6155p_firmware:-:*:*:*:*:*:*:*,AFFECTS
CVE:CVE-2024-43047,CPE:cpe:2.3:o:qualcomm:sa8145p_firmware:-:*:*:*:*:*:*:*,AFFECTS
CVE:CVE-2024-43047,CPE:cpe:2.3:o:qualcomm:sa8150p_firmware:-:*:*:*:*:*:*:*,AFFECTS
CVE:CVE-2024-43047,CPE:cpe:2.3:o:qualcomm:sa8155p_firmware:-:*:*:*:*:*:*:*,AFFECTS
CVE:CVE-2024-43047,CPE:cpe:2.3:o:qualcomm:sa8195p_firmware:-:*:*:*:*:*:*:*,AFFECTS
CVE:CVE-2024-43047,CPE:cpe:2.3:o:qualcomm:sa8295p_firmware:-:*:*:*:*:*:*:*,AFFECTS
CVE:CVE-2024-43047,CPE:cpe:2.3:o:qualcomm:sd660_firmware:-:*:*:*:*:*:*:*,AFFECTS
CVE:CVE-2024-43047,CPE:cpe:2.3:o:qualcomm:sd865_5g_firmware:-:*:*:*:*:*:*:*,AFFECTS
CVE:CVE-2024-43047,CPE:cpe:2.3:o:qualcomm:sg4150p_firmware:-:*:*:*:*:*:*:*,AFFECTS
CVE:CVE-2024-43047,CPE:cpe:2.3:o:qualcomm:snapdragon_660_mobile_firmware:-:*:*:*:*:*:*:*,AFFECTS
CVE:CVE-2024-43047,CPE:cpe:2.3:o:qualcomm:snapdragon_680_4g_mobile_firmware:-:*:*:*:*:*:*:*,AFFECTS
CVE:CVE-2024-43047,CPE:cpe:2.3:o:qualcomm:snapdragon_685_4g_mobile_firmware:-:*:*:*:*:*:*:*,AFFECTS
CVE:CVE-2024-43047,CPE:cpe:2.3:o:qualcomm:snapdragon_865\+_5g_mobile_firmware:-:*:*:*:*:*:*:*,AFFECTS
CVE:CVE-2024-43047,CPE:cpe:2.3:o:qualcomm:snapdragon_865_5g_mobile_firmware:-:*:*:*:*:*:*:*,AFFECTS
CVE:CVE-2024-43047,CPE:cpe:2.3:o:qualcomm:snapdragon_870_5g_mobile_firmware:-:*:*:*:*:*:*:*,AFFECTS
CVE:CVE-2024-43047,CPE:cpe:2.3:o:qualcomm:snapdragon_888\+_5g_mobile_firmware:-:*:*:*:*:*:*:*,AFFECTS
CVE:CVE-2024-43047,CPE:cpe:2.3:o:qualcomm:snapdragon_888_5g_mobile_firmware:-:*:*:*:*:*:*:*,AFFECTS
CVE:CVE-2024-43047,CPE:cpe:2.3:o:qualcomm:snapdragon_8_gen_1_mobile_firmware:-:*:*:*:*:*:*:*,AFFECTS
CVE:CVE-2024-43047,CPE:cpe:2.3:o:qualcomm:snapdragon_auto_5g_modem-rf_firmware:-:*:*:*:*:*:*:*,AFFECTS
CVE:CVE-2024-43047,CPE:cpe:2.3:o:qualcomm:snapdragon_auto_5g_modem-rf_gen_2_firmware:-:*:*:*:*:*:*:*,AFFECTS
CVE:CVE-2024-43047,CPE:cpe:2.3:o:qualcomm:snapdragon_x55_5g_modem-rf_firmware:-:*:*:*:*:*:*:*,AFFECTS
CVE:CVE-2024-43047,CPE:cpe:2.3:o:qualcomm:snapdragon_xr2_5g_firmware:-:*:*:*:*:*:*:*,AFFECTS
CVE:CVE-2024-43047,CPE:cpe:2.3:o:qualcomm:sw5100_firmware:-:*:*:*:*:*:*:*,AFFECTS
CVE:CVE-2024-43047,CPE:cpe:2.3:o:qualcomm:sw5100p_firmware:-:*:*:*:*:*:*:*,AFFECTS
CVE:CVE-2024-43047,CPE:cpe:2.3:o:qualcomm:sxr2130_firmware:-:*:*:*:*:*:*:*,AFFECTS
CVE:CVE-2024-43047,CPE:cpe:2.3:o:qualcomm:video_collaboration_vc1_platform_firmware:-:*:*:*:*:*:*:*,AFFECTS
CVE:CVE-2024-43047,CPE:cpe:2.3:o:qualcomm:video_collaboration_vc3_platform_firmware:-:*:*:*:*:*:*:*,AFFECTS
CVE:CVE-2024-43047,CPE:cpe:2.3:o:qualcomm:wcd9335_firmware:-:*:*:*:*:*:*:*,AFFECTS
CVE:CVE-2024-43047,CPE:cpe:2.3:o:qualcomm:wcd9341_firmware:-:*:*:*:*:*:*:*,AFFECTS
CVE:CVE-2024-43047,CPE:cpe:2.3:o:qualcomm:wcd9370_firmware:-:*:*:*:*:*:*:*,AFFECTS
CVE:CVE-2024-43047,CPE:cpe:2.3:o:qualcomm:wcd9375_firmware:-:*:*:*:*:*:*:*,AFFECTS
CVE:CVE-2024-43047,CPE:cpe:2.3:o:qualcomm:wcd9380_firmware:-:*:*:*:*:*:*:*,AFFECTS
CVE:CVE-2024-43047,CPE:cpe:2.3:o:qualcomm:wcd9385_firmware:-:*:*:*:*:*:*:*,AFFECTS
CVE:CVE-2024-43047,CPE:cpe:2.3:o:qualcomm:wcn3950_firmware:-:*:*:*:*:*:*:*,AFFECTS
CVE:CVE-2024-43047,CPE:cpe:2.3:o:qualcomm:wcn3980_firmware:-:*:*:*:*:*:*:*,AFFECTS
CVE:CVE-2024-43047,CPE:cpe:2.3:o:qualcomm:wcn3988_firmware:-:*:*:*:*:*:*:*,AFFECTS
CVE:CVE-2024-43047,CPE:cpe:2.3:o:qualcomm:wcn3990_firmware:-:*:*:*:*:*:*:*,AFFECTS
CVE:CVE-2024-43047,CPE:cpe:2.3:o:qualcomm:wsa8810_firmware:-:*:*:*:*:*:*:*,AFFECTS
CVE:CVE-2024-43047,CPE:cpe:2.3:o:qualcomm:wsa8815_firmware:-:*:*:*:*:*:*:*,AFFECTS
CVE:CVE-2024-43047,CPE:cpe:2.3:o:qualcomm:wsa8830_firmware:-:*:*:*:*:*:*:*,AFFECTS
CVE:CVE-2024-43047,CPE:cpe:2.3:o:qualcomm:wsa8835_firmware:-:*:*:*:*:*:*:*,AFFECTS
CVE:CVE-2024-43047,REF:CVE-2024-43047:0,REFERENCES
CVE:CVE-2024-43047,REF:CVE-2024-43047:1,REFERENCES
CVE:CVE-2024-55591,RISK:HIGH,HAS_RISK
CVE:CVE-2024-55591,SIGNAL:CISA_KEV,KNOWN_EXPLOITED
CVE:CVE-2024-55591,CWE:CWE-288,HAS_CWE
CVE:CVE-2024-55591,CPE:cpe:2.3:a:fortinet:fortiproxy:*:*:*:*:*:*:*:*,AFFECTS
CVE:CVE-2024-55591,CPE:cpe:2.3:o:fortinet:fortios:*:*:*:*:*:*:*:*,AFFECTS
CVE:CVE-2024-55591,REF:CVE-2024-55591:0,REFERENCES
CVE:CVE-2024-55591,REF:CVE-2024-55591:1,REFERENCES
CVE:CVE-2025-6558,RISK:HIGH,HAS_RISK
CVE:CVE-2025-6558,SIGNAL:CISA_KEV,KNOWN_EXPLOITED
CVE:CVE-2025-6558,CWE:CWE-20,HAS_CWE
CVE:CVE-2025-6558,CPE:cpe:2.3:a:apple:safari:*:*:*:*:*:*:*:*,AFFECTS
CVE:CVE-2025-6558,CPE:cpe:2.3:a:google:chrome:*:*:*:*:*:*:*:*,AFFECTS
CVE:CVE-2025-6558,CPE:cpe:2.3:a:webkitgtk:webkitgtk:*:*:*:*:*:*:*:*,AFFECTS
CVE:CVE-2025-6558,CPE:cpe:2.3:a:wpewebkit:wpe_webkit:*:*:*:*:*:*:*:*,AFFECTS
CVE:CVE-2025-6558,CPE:cpe:2.3:o:apple:ipados:*:*:*:*:*:*:*:*,AFFECTS
CVE:CVE-2025-6558,CPE:cpe:2.3:o:apple:iphone_os:*:*:*:*:*:*:*:*,AFFECTS
CVE:CVE-2025-6558,CPE:cpe:2.3:o:apple:macos:*:*:*:*:*:*:*:*,AFFECTS
CVE:CVE-2025-6558,CPE:cpe:2.3:o:apple:visionos:*:*:*:*:*:*:*:*,AFFECTS
CVE:CVE-2025-6558,CPE:cpe:2.3:o:apple:watchos:*:*:*:*:*:*:*:*,AFFECTS
CVE:CVE-2025-6558,CPE:cpe:2.3:o:debian:debian_linux:11.0:*:*:*:*:*:*:*,AFFECTS
CVE:CVE-2025-6558,REF:CVE-2025-6558:0,REFERENCES
CVE:CVE-2025-6558,REF:CVE-2025-6558:1,REFERENCES
CVE:CVE-2025-6558,REF:CVE-2025-6558:2,REFERENCES
CVE:CVE-2025-6558,REF:CVE-2025-6558:3,REFERENCES
CVE:CVE-2025-6558,REF:CVE-2025-6558:4,REFERENCES
CVE:CVE-2025-6558,REF:CVE-2025-6558:5,REFERENCES
CVE:CVE-2025-6558,REF:CVE-2025-6558:6,REFERENCES
CVE:CVE-2025-6558,REF:CVE-2025-6558:7,REFERENCES
CVE:CVE-2025-6558,REF:CVE-2025-6558:8,REFERENCES
CVE:CVE-2025-6558,REF:CVE-2025-6558:9,REFERENCES
CVE:CVE-2025-61882,RISK:HIGH,HAS_RISK
CVE:CVE-2025-61882,SIGNAL:CISA_KEV,KNOWN_EXPLOITED
CVE:CVE-2025-61882,CWE:CWE-287,HAS_CWE
CVE:CVE-2025-61882,CPE:cpe:2.3:a:oracle:concurrent_processing:*:*:*:*:*:*:*:*,AFFECTS
CVE:CVE-2025-61882,REF:CVE-2025-61882:0,REFERENCES
CVE:CVE-2025-61882,REF:CVE-2025-61882:1,REFERENCES
CVE:CVE-2025-61882,REF:CVE-2025-61882:2,REFERENCES
CVE:CVE-2025-61882,REF:CVE-2025-61882:3,REFERENCES
CVE:CVE-2025-59287,RISK:HIGH,HAS_RISK
CVE:CVE-2025-59287,SIGNAL:CISA_KEV,KNOWN_EXPLOITED
CVE:CVE-2025-59287,CWE:CWE-502,HAS_CWE
CVE:CVE-2025-59287,CPE:cpe:2.3:o:microsoft:windows_server_2012:-:*:*:*:*:*:*:*,AFFECTS
CVE:CVE-2025-59287,CPE:cpe:2.3:o:microsoft:windows_server_2012:r2:*:*:*:*:*:*:*,AFFECTS
CVE:CVE-2025-59287,CPE:cpe:2.3:o:microsoft:windows_server_2016:*:*:*:*:*:*:*:*,AFFECTS
CVE:CVE-2025-59287,CPE:cpe:2.3:o:microsoft:windows_server_2019:*:*:*:*:*:*:*:*,AFFECTS
CVE:CVE-2025-59287,CPE:cpe:2.3:o:microsoft:windows_server_2022:*:*:*:*:*:*:*:*,AFFECTS
CVE:CVE-2025-59287,CPE:cpe:2.3:o:microsoft:windows_server_2022_23h2:*:*:*:*:*:*:*:*,AFFECTS
CVE:CVE-2025-59287,CPE:cpe:2.3:o:microsoft:windows_server_2025:*:*:*:*:*:*:*:*,AFFECTS
CVE:CVE-2025-59287,REF:CVE-2025-59287:0,REFERENCES
CVE:CVE-2025-59287,REF:CVE-2025-59287:1,REFERENCES
CVE:CVE-2025-59287,REF:CVE-2025-59287:2,REFERENCES
CVE:CVE-2025-59287,REF:CVE-2025-59287:3,REFERENCES
CVE:CVE-2025-59287,REF:CVE-2025-59287:4,REFERENCES
CVE:CVE-2025-59287,REF:CVE-2025-59287:5,REFERENCES
CVE:CVE-2025-59287,REF:CVE-2025-59287:6,REFERENCES
CVE:CVE-2025-68461,RISK:HIGH,HAS_RISK
CVE:CVE-2025-68461,SIGNAL:CISA_KEV,KNOWN_EXPLOITED
CVE:CVE-2025-68461,CWE:CWE-79,HAS_CWE
CVE:CVE-2025-68461,CPE:cpe:2.3:a:roundcube:webmail:*:*:*:*:*:*:*:*,AFFECTS
CVE:CVE-2025-68461,REF:CVE-2025-68461:0,REFERENCES
CVE:CVE-2025-68461,REF:CVE-2025-68461:1,REFERENCES
CVE:CVE-2025-68461,REF:CVE-2025-68461:2,REFERENCES
CVE:CVE-2024-38191,RISK:MEDIUM,HAS_RISK
CVE:CVE-2024-38191,CWE:CWE-362,HAS_CWE
CVE:CVE-2024-38191,CPE:cpe:2.3:o:microsoft:windows_10_1607:*:*:*:*:*:*:*:*,AFFECTS
CVE:CVE-2024-38191,CPE:cpe:2.3:o:microsoft:windows_10_1809:*:*:*:*:*:*:*:*,AFFECTS
CVE:CVE-2024-38191,CPE:cpe:2.3:o:microsoft:windows_10_21h2:*:*:*:*:*:*:*:*,AFFECTS
CVE:CVE-2024-38191,CPE:cpe:2.3:o:microsoft:windows_10_22h2:*:*:*:*:*:*:*:*,AFFECTS
CVE:CVE-2024-38191,CPE:cpe:2.3:o:microsoft:windows_11_21h2:*:*:*:*:*:*:*:*,AFFECTS
CVE:CVE-2024-38191,CPE:cpe:2.3:o:microsoft:windows_11_22h2:*:*:*:*:*:*:*:*,AFFECTS
CVE:CVE-2024-38191,CPE:cpe:2.3:o:microsoft:windows_11_23h2:*:*:*:*:*:*:*:*,AFFECTS
CVE:CVE-2024-38191,CPE:cpe:2.3:o:microsoft:windows_server_2008:-:sp2:*:*:*:*:*:*,AFFECTS
CVE:CVE-2024-38191,CPE:cpe:2.3:o:microsoft:windows_server_2008:r2:sp1:*:*:*:*:x64:*,AFFECTS
CVE:CVE-2024-38191,CPE:cpe:2.3:o:microsoft:windows_server_2012:*:*:*:*:*:*:*:*,AFFECTS
CVE:CVE-2024-38191,CPE:cpe:2.3:o:microsoft:windows_server_2012:r2:*:*:*:*:*:*:*,AFFECTS
CVE:CVE-2024-38191,CPE:cpe:2.3:o:microsoft:windows_server_2016:*:*:*:*:*:*:*:*,AFFECTS
CVE:CVE-2024-38191,CPE:cpe:2.3:o:microsoft:windows_server_2019:*:*:*:*:*:*:*:*,AFFECTS
CVE:CVE-2024-38191,CPE:cpe:2.3:o:microsoft:windows_server_2022:*:*:*:*:*:*:*:*,AFFECTS
CVE:CVE-2024-38191,CPE:cpe:2.3:o:microsoft:windows_server_2022_23h2:*:*:*:*:*:*:*:*,AFFECTS
CVE:CVE-2024-38191,REF:CVE-2024-38191:0,REFERENCES
CVE:CVE-2024-38196,RISK:MEDIUM,HAS_RISK
CVE:CVE-2024-38196,CWE:CWE-20,HAS_CWE
CVE:CVE-2024-38196,CPE:cpe:2.3:o:microsoft:windows_10_1507:*:*:*:*:*:*:*:*,AFFECTS
CVE:CVE-2024-38196,CPE:cpe:2.3:o:microsoft:windows_10_1607:*:*:*:*:*:*:*:*,AFFECTS
CVE:CVE-2024-38196,CPE:cpe:2.3:o:microsoft:windows_10_1809:*:*:*:*:*:*:*:*,AFFECTS
CVE:CVE-2024-38196,CPE:cpe:2.3:o:microsoft:windows_10_21h2:*:*:*:*:*:*:*:*,AFFECTS
CVE:CVE-2024-38196,CPE:cpe:2.3:o:microsoft:windows_10_22h2:*:*:*:*:*:*:*:*,AFFECTS
CVE:CVE-2024-38196,CPE:cpe:2.3:o:microsoft:windows_11_21h2:*:*:*:*:*:*:*:*,AFFECTS
CVE:CVE-2024-38196,CPE:cpe:2.3:o:microsoft:windows_11_22h2:*:*:*:*:*:*:*:*,AFFECTS
CVE:CVE-2024-38196,CPE:cpe:2.3:o:microsoft:windows_11_23h2:*:*:*:*:*:*:*:*,AFFECTS
CVE:CVE-2024-38196,CPE:cpe:2.3:o:microsoft:windows_11_24h2:*:*:*:*:*:*:*:*,AFFECTS
CVE:CVE-2024-38196,CPE:cpe:2.3:o:microsoft:windows_server_2008:-:sp2:*:*:*:*:*:*,AFFECTS
CVE:CVE-2024-38196,CPE:cpe:2.3:o:microsoft:windows_server_2008:r2:sp1:*:*:*:*:x64:*,AFFECTS
CVE:CVE-2024-38196,CPE:cpe:2.3:o:microsoft:windows_server_2012:*:*:*:*:*:*:*:*,AFFECTS
CVE:CVE-2024-38196,CPE:cpe:2.3:o:microsoft:windows_server_2012:r2:*:*:*:*:*:*:*,AFFECTS
CVE:CVE-2024-38196,CPE:cpe:2.3:o:microsoft:windows_server_2016:*:*:*:*:*:*:*:*,AFFECTS
CVE:CVE-2024-38196,CPE:cpe:2.3:o:microsoft:windows_server_2019:*:*:*:*:*:*:*:*,AFFECTS
CVE:CVE-2024-38196,CPE:cpe:2.3:o:microsoft:windows_server_2022:*:*:*:*:*:*:*:*,AFFECTS
CVE:CVE-2024-38196,CPE:cpe:2.3:o:microsoft:windows_server_2022_23h2:*:*:*:*:*:*:*:*,AFFECTS
CVE:CVE-2024-38196,REF:CVE-2024-38196:0,REFERENCES
CVE:CVE-2024-10811,RISK:MEDIUM,HAS_RISK
CVE:CVE-2024-10811,CWE:CWE-22,HAS_CWE
CVE:CVE-2024-10811,CWE:CWE-36,HAS_CWE
CVE:CVE-2024-10811,CPE:cpe:2.3:a:ivanti:endpoint_manager:*:-:*:*:*:*:*:*,AFFECTS
CVE:CVE-2024-10811,CPE:cpe:2.3:a:ivanti:endpoint_manager:2022:-:*:*:*:*:*:*,AFFECTS
CVE:CVE-2024-10811,CPE:cpe:2.3:a:ivanti:endpoint_manager:2022:su1:*:*:*:*:*:*,AFFECTS
CVE:CVE-2024-10811,CPE:cpe:2.3:a:ivanti:endpoint_manager:2022:su2:*:*:*:*:*:*,AFFECTS
CVE:CVE-2024-10811,CPE:cpe:2.3:a:ivanti:endpoint_manager:2022:su3:*:*:*:*:*:*,AFFECTS
CVE:CVE-2024-10811,CPE:cpe:2.3:a:ivanti:endpoint_manager:2022:su4:*:*:*:*:*:*,AFFECTS
CVE:CVE-2024-10811,CPE:cpe:2.3:a:ivanti:endpoint_manager:2022:su5:*:*:*:*:*:*,AFFECTS
CVE:CVE-2024-10811,CPE:cpe:2.3:a:ivanti:endpoint_manager:2024:-:*:*:*:*:*:*,AFFECTS
CVE:CVE-2024-10811,REF:CVE-2024-10811:0,REFERENCES
CVE:CVE-2024-10811,REF:CVE-2024-10811:1,REFERENCES
CVE:CVE-2024-38141,RISK:MEDIUM,HAS_RISK
CVE:CVE-2024-38141,CWE:CWE-416,HAS_CWE
CVE:CVE-2024-38141,CPE:cpe:2.3:o:microsoft:windows_10_1507:*:*:*:*:*:*:*:*,AFFECTS
CVE:CVE-2024-38141,CPE:cpe:2.3:o:microsoft:windows_10_1607:*:*:*:*:*:*:*:*,AFFECTS
CVE:CVE-2024-38141,CPE:cpe:2.3:o:microsoft:windows_10_1809:*:*:*:*:*:*:*:*,AFFECTS
CVE:CVE-2024-38141,CPE:cpe:2.3:o:microsoft:windows_10_21h2:*:*:*:*:*:*:*:*,AFFECTS
CVE:CVE-2024-38141,CPE:cpe:2.3:o:microsoft:windows_10_22h2:*:*:*:*:*:*:*:*,AFFECTS
CVE:CVE-2024-38141,CPE:cpe:2.3:o:microsoft:windows_11_21h2:*:*:*:*:*:*:*:*,AFFECTS
CVE:CVE-2024-38141,CPE:cpe:2.3:o:microsoft:windows_11_22h2:*:*:*:*:*:*:*:*,AFFECTS
CVE:CVE-2024-38141,CPE:cpe:2.3:o:microsoft:windows_11_23h2:*:*:*:*:*:*:*:*,AFFECTS
CVE:CVE-2024-38141,CPE:cpe:2.3:o:microsoft:windows_11_24h2:*:*:*:*:*:*:*:*,AFFECTS
CVE:CVE-2024-38141,CPE:cpe:2.3:o:microsoft:windows_server_2012:*:*:*:*:*:*:*:*,AFFECTS
CVE:CVE-2024-38141,CPE:cpe:2.3:o:microsoft:windows_server_2012:r2:*:*:*:*:*:*:*,AFFECTS
CVE:CVE-2024-38141,CPE:cpe:2.3:o:microsoft:windows_server_2016:*:*:*:*:*:*:*:*,AFFECTS
CVE:CVE-2024-38141,CPE:cpe:2.3:o:microsoft:windows_server_2019:*:*:*:*:*:*:*:*,AFFECTS
CVE:CVE-2024-38141,CPE:cpe:2.3:o:microsoft:windows_server_2022:*:*:*:*:*:*:*:*,AFFECTS
CVE:CVE-2024-38141,CPE:cpe:2.3:o:microsoft:windows_server_2022_23h2:*:*:*:*:*:*:*:*,AFFECTS
CVE:CVE-2024-38141,REF:CVE-2024-38141:0,REFERENCES
CVE:CVE-2025-2777,RISK:MEDIUM,HAS_RISK
CVE:CVE-2025-2777,CWE:CWE-611,HAS_CWE
CVE:CVE-2025-2777,CPE:cpe:2.3:a:sysaid:sysaid:*:*:*:*:on-premises:*:*:*,AFFECTS
CVE:CVE-2025-2777,REF:CVE-2025-2777:0,REFERENCES
CVE:CVE-2025-2777,REF:CVE-2025-2777:1,REFERENCES
CVE:CVE-2024-37080,RISK:MEDIUM,HAS_RISK
CVE:CVE-2024-37080,CWE:CWE-122,HAS_CWE
CVE:CVE-2024-37080,CWE:CWE-787,HAS_CWE
CVE:CVE-2024-37080,CPE:cpe:2.3:a:vmware:cloud_foundation:*:*:*:*:*:*:*:*,AFFECTS
CVE:CVE-2024-37080,CPE:cpe:2.3:a:vmware:vcenter_server:7.0:-:*:*:*:*:*:*,AFFECTS
CVE:CVE-2024-37080,CPE:cpe:2.3:a:vmware:vcenter_server:7.0:a:*:*:*:*:*:*,AFFECTS
CVE:CVE-2024-37080,CPE:cpe:2.3:a:vmware:vcenter_server:7.0:b:*:*:*:*:*:*,AFFECTS
CVE:CVE-2024-37080,CPE:cpe:2.3:a:vmware:vcenter_server:7.0:c:*:*:*:*:*:*,AFFECTS
CVE:CVE-2024-37080,CPE:cpe:2.3:a:vmware:vcenter_server:7.0:d:*:*:*:*:*:*,AFFECTS
CVE:CVE-2024-37080,CPE:cpe:2.3:a:vmware:vcenter_server:7.0:update1:*:*:*:*:*:*,AFFECTS
CVE:CVE-2024-37080,CPE:cpe:2.3:a:vmware:vcenter_server:7.0:update1a:*:*:*:*:*:*,AFFECTS
CVE:CVE-2024-37080,CPE:cpe:2.3:a:vmware:vcenter_server:7.0:update1c:*:*:*:*:*:*,AFFECTS
CVE:CVE-2024-37080,CPE:cpe:2.3:a:vmware:vcenter_server:7.0:update1d:*:*:*:*:*:*,AFFECTS
CVE:CVE-2024-37080,CPE:cpe:2.3:a:vmware:vcenter_server:7.0:update2:*:*:*:*:*:*,AFFECTS
CVE:CVE-2024-37080,CPE:cpe:2.3:a:vmware:vcenter_server:7.0:update2a:*:*:*:*:*:*,AFFECTS
CVE:CVE-2024-37080,CPE:cpe:2.3:a:vmware:vcenter_server:7.0:update2b:*:*:*:*:*:*,AFFECTS
CVE:CVE-2024-37080,CPE:cpe:2.3:a:vmware:vcenter_server:7.0:update2c:*:*:*:*:*:*,AFFECTS
CVE:CVE-2024-37080,CPE:cpe:2.3:a:vmware:vcenter_server:7.0:update2d:*:*:*:*:*:*,AFFECTS
CVE:CVE-2024-37080,CPE:cpe:2.3:a:vmware:vcenter_server:7.0:update3:*:*:*:*:*:*,AFFECTS
CVE:CVE-2024-37080,CPE:cpe:2.3:a:vmware:vcenter_server:7.0:update3a:*:*:*:*:*:*,AFFECTS
CVE:CVE-2024-37080,CPE:cpe:2.3:a:vmware:vcenter_server:7.0:update3c:*:*:*:*:*:*,AFFECTS
CVE:CVE-2024-37080,CPE:cpe:2.3:a:vmware:vcenter_server:7.0:update3d:*:*:*:*:*:*,AFFECTS
CVE:CVE-2024-37080,CPE:cpe:2.3:a:vmware:vcenter_server:7.0:update3e:*:*:*:*:*:*,AFFECTS
CVE:CVE-2024-37080,CPE:cpe:2.3:a:vmware:vcenter_server:7.0:update3f:*:*:*:*:*:*,AFFECTS
CVE:CVE-2024-37080,CPE:cpe:2.3:a:vmware:vcenter_server:7.0:update3g:*:*:*:*:*:*,AFFECTS
CVE:CVE-2024-37080,CPE:cpe:2.3:a:vmware:vcenter_server:7.0:update3h:*:*:*:*:*:*,AFFECTS
CVE:CVE-2024-37080,CPE:cpe:2.3:a:vmware:vcenter_server:7.0:update3i:*:*:*:*:*:*,AFFECTS
CVE:CVE-2024-37080,CPE:cpe:2.3:a:vmware:vcenter_server:7.0:update3j:*:*:*:*:*:*,AFFECTS
CVE:CVE-2024-37080,CPE:cpe:2.3:a:vmware:vcenter_server:7.0:update3k:*:*:*:*:*:*,AFFECTS
CVE:CVE-2024-37080,CPE:cpe:2.3:a:vmware:vcenter_server:7.0:update3l:*:*:*:*:*:*,AFFECTS
CVE:CVE-2024-37080,CPE:cpe:2.3:a:vmware:vcenter_server:7.0:update3m:*:*:*:*:*:*,AFFECTS
CVE:CVE-2024-37080,CPE:cpe:2.3:a:vmware:vcenter_server:7.0:update3n:*:*:*:*:*:*,AFFECTS
CVE:CVE-2024-37080,CPE:cpe:2.3:a:vmware:vcenter_server:7.0:update3o:*:*:*:*:*:*,AFFECTS
CVE:CVE-2024-37080,CPE:cpe:2.3:a:vmware:vcenter_server:7.0:update3p:*:*:*:*:*:*,AFFECTS
CVE:CVE-2024-37080,CPE:cpe:2.3:a:vmware:vcenter_server:8.0:-:*:*:*:*:*:*,AFFECTS
CVE:CVE-2024-37080,CPE:cpe:2.3:a:vmware:vcenter_server:8.0:a:*:*:*:*:*:*,AFFECTS
CVE:CVE-2024-37080,CPE:cpe:2.3:a:vmware:vcenter_server:8.0:b:*:*:*:*:*:*,AFFECTS
CVE:CVE-2024-37080,CPE:cpe:2.3:a:vmware:vcenter_server:8.0:c:*:*:*:*:*:*,AFFECTS
CVE:CVE-2024-37080,CPE:cpe:2.3:a:vmware:vcenter_server:8.0:update1:*:*:*:*:*:*,AFFECTS
CVE:CVE-2024-37080,CPE:cpe:2.3:a:vmware:vcenter_server:8.0:update1a:*:*:*:*:*:*,AFFECTS
CVE:CVE-2024-37080,CPE:cpe:2.3:a:vmware:vcenter_server:8.0:update1b:*:*:*:*:*:*,AFFECTS
CVE:CVE-2024-37080,CPE:cpe:2.3:a:vmware:vcenter_server:8.0:update1c:*:*:*:*:*:*,AFFECTS
CVE:CVE-2024-37080,CPE:cpe:2.3:a:vmware:vcenter_server:8.0:update1d:*:*:*:*:*:*,AFFECTS
CVE:CVE-2024-37080,CPE:cpe:2.3:a:vmware:vcenter_server:8.0:update2:*:*:*:*:*:*,AFFECTS
CVE:CVE-2024-37080,CPE:cpe:2.3:a:vmware:vcenter_server:8.0:update2a:*:*:*:*:*:*,AFFECTS
CVE:CVE-2024-37080,CPE:cpe:2.3:a:vmware:vcenter_server:8.0:update2b:*:*:*:*:*:*,AFFECTS
CVE:CVE-2024-37080,CPE:cpe:2.3:a:vmware:vcenter_server:8.0:update2c:*:*:*:*:*:*,AFFECTS
CVE:CVE-2024-37080,REF:CVE-2024-37080:0,REFERENCES
CVE:CVE-2024-12986,RISK:MEDIUM,HAS_RISK
CVE:CVE-2024-12986,CWE:CWE-77,HAS_CWE
CVE:CVE-2024-12986,CWE:CWE-78,HAS_CWE
CVE:CVE-2024-12986,CPE:cpe:2.3:h:draytek:vigor2960:-:*:*:*:*:*:*:*,AFFECTS
CVE:CVE-2024-12986,CPE:cpe:2.3:h:draytek:vigor300b:-:*:*:*:*:*:*:*,AFFECTS
CVE:CVE-2024-12986,CPE:cpe:2.3:o:draytek:vigor2960_firmware:*:*:*:*:*:*:*:*,AFFECTS
CVE:CVE-2024-12986,CPE:cpe:2.3:o:draytek:vigor300b_firmware:*:*:*:*:*:*:*:*,AFFECTS
CVE:CVE-2024-12986,REF:CVE-2024-12986:0,REFERENCES
CVE:CVE-2024-12986,REF:CVE-2024-12986:1,REFERENCES
CVE:CVE-2024-12986,REF:CVE-2024-12986:2,REFERENCES
CVE:CVE-2024-12986,REF:CVE-2024-12986:3,REFERENCES
CVE:CVE-2024-30099,RISK:MEDIUM,HAS_RISK
CVE:CVE-2024-30099,CWE:CWE-367,HAS_CWE
CVE:CVE-2024-30099,CPE:cpe:2.3:o:microsoft:windows_10_1507:*:*:*:*:*:*:*:*,AFFECTS
CVE:CVE-2024-30099,CPE:cpe:2.3:o:microsoft:windows_10_1607:*:*:*:*:*:*:*:*,AFFECTS
CVE:CVE-2024-30099,CPE:cpe:2.3:o:microsoft:windows_10_1809:*:*:*:*:*:*:*:*,AFFECTS
CVE:CVE-2024-30099,CPE:cpe:2.3:o:microsoft:windows_10_21h2:*:*:*:*:*:*:*:*,AFFECTS
CVE:CVE-2024-30099,CPE:cpe:2.3:o:microsoft:windows_10_22h2:*:*:*:*:*:*:*:*,AFFECTS
CVE:CVE-2024-30099,CPE:cpe:2.3:o:microsoft:windows_11_21h2:*:*:*:*:*:*:*:*,AFFECTS
CVE:CVE-2024-30099,CPE:cpe:2.3:o:microsoft:windows_11_22h2:*:*:*:*:*:*:*:*,AFFECTS
CVE:CVE-2024-30099,CPE:cpe:2.3:o:microsoft:windows_11_23h2:*:*:*:*:*:*:*:*,AFFECTS
CVE:CVE-2024-30099,CPE:cpe:2.3:o:microsoft:windows_server_2016:*:*:*:*:*:*:*:*,AFFECTS
CVE:CVE-2024-30099,CPE:cpe:2.3:o:microsoft:windows_server_2019:*:*:*:*:*:*:*:*,AFFECTS
CVE:CVE-2024-30099,CPE:cpe:2.3:o:microsoft:windows_server_2022:*:*:*:*:*:*:*:*,AFFECTS
CVE:CVE-2024-30099,CPE:cpe:2.3:o:microsoft:windows_server_2022_23h2:*:*:*:*:*:*:*:*,AFFECTS
CVE:CVE-2024-30099,REF:CVE-2024-30099:0,REFERENCES
CVE:CVE-2026-21531,RISK:MEDIUM,HAS_RISK
CVE:CVE-2026-21531,CWE:CWE-502,HAS_CWE
CVE:CVE-2026-21531,CPE:cpe:2.3:a:microsoft:azure_conversation_authoring_client_library:1.0.0:beta1:*:*:*:python:*:*,AFFECTS
CVE:CVE-2026-21531,CPE:cpe:2.3:a:microsoft:azure_conversation_authoring_client_library:1.0.0:beta2:*:*:*:python:*:*,AFFECTS
CVE:CVE-2026-21531,CPE:cpe:2.3:a:microsoft:azure_conversation_authoring_client_library:1.0.0:beta3:*:*:*:python:*:*,AFFECTS
CVE:CVE-2026-21531,REF:CVE-2026-21531:0,REFERENCES
CVE:CVE-2026-46376,RISK:MEDIUM,HAS_RISK
CVE:CVE-2026-46376,CWE:CWE-798,HAS_CWE
CVE:CVE-2026-46376,CPE:cpe:2.3:a:sangoma:freepbx:*:*:*:*:*:*:*:*,AFFECTS
CVE:CVE-2026-46376,REF:CVE-2026-46376:0,REFERENCES
CVE:CVE-2024-8923,RISK:MEDIUM,HAS_RISK
CVE:CVE-2024-8923,CWE:CWE-94,HAS_CWE
CVE:CVE-2024-8923,CPE:cpe:2.3:a:servicenow:servicenow:vancouver:-:*:*:*:*:*:*,AFFECTS
CVE:CVE-2024-8923,CPE:cpe:2.3:a:servicenow:servicenow:vancouver:early_availability:*:*:*:*:*:*,AFFECTS
CVE:CVE-2024-8923,CPE:cpe:2.3:a:servicenow:servicenow:vancouver:early_availability_hotfix_1:*:*:*:*:*:*,AFFECTS
CVE:CVE-2024-8923,CPE:cpe:2.3:a:servicenow:servicenow:vancouver:early_availability_hotfix_2:*:*:*:*:*:*,AFFECTS
CVE:CVE-2024-8923,CPE:cpe:2.3:a:servicenow:servicenow:vancouver:patch_1:*:*:*:*:*:*,AFFECTS
CVE:CVE-2024-8923,CPE:cpe:2.3:a:servicenow:servicenow:vancouver:patch_1_hotfix_1:*:*:*:*:*:*,AFFECTS
CVE:CVE-2024-8923,CPE:cpe:2.3:a:servicenow:servicenow:vancouver:patch_2:*:*:*:*:*:*,AFFECTS
CVE:CVE-2024-8923,CPE:cpe:2.3:a:servicenow:servicenow:vancouver:patch_2_hotfix1a:*:*:*:*:*:*,AFFECTS
CVE:CVE-2024-8923,CPE:cpe:2.3:a:servicenow:servicenow:vancouver:patch_2_hotfix_1:*:*:*:*:*:*,AFFECTS
CVE:CVE-2024-8923,CPE:cpe:2.3:a:servicenow:servicenow:vancouver:patch_2_hotfix_1a:*:*:*:*:*:*,AFFECTS
CVE:CVE-2024-8923,CPE:cpe:2.3:a:servicenow:servicenow:vancouver:patch_2_hotfix_2:*:*:*:*:*:*,AFFECTS
CVE:CVE-2024-8923,CPE:cpe:2.3:a:servicenow:servicenow:vancouver:patch_2_hotfix_3:*:*:*:*:*:*,AFFECTS
CVE:CVE-2024-8923,CPE:cpe:2.3:a:servicenow:servicenow:vancouver:patch_3:*:*:*:*:*:*,AFFECTS
CVE:CVE-2024-8923,CPE:cpe:2.3:a:servicenow:servicenow:vancouver:patch_3_hotfix_1:*:*:*:*:*:*,AFFECTS
CVE:CVE-2024-8923,CPE:cpe:2.3:a:servicenow:servicenow:vancouver:patch_3_hotfix_2:*:*:*:*:*:*,AFFECTS
CVE:CVE-2024-8923,CPE:cpe:2.3:a:servicenow:servicenow:vancouver:patch_3_hotfix_3:*:*:*:*:*:*,AFFECTS
CVE:CVE-2024-8923,CPE:cpe:2.3:a:servicenow:servicenow:vancouver:patch_3_hotfix_4:*:*:*:*:*:*,AFFECTS
CVE:CVE-2024-8923,CPE:cpe:2.3:a:servicenow:servicenow:vancouver:patch_4:*:*:*:*:*:*,AFFECTS
CVE:CVE-2024-8923,CPE:cpe:2.3:a:servicenow:servicenow:vancouver:patch_4_hotfix_1:*:*:*:*:*:*,AFFECTS
CVE:CVE-2024-8923,CPE:cpe:2.3:a:servicenow:servicenow:vancouver:patch_4_hotfix_1a:*:*:*:*:*:*,AFFECTS
CVE:CVE-2024-8923,CPE:cpe:2.3:a:servicenow:servicenow:vancouver:patch_4_hotfix_1b:*:*:*:*:*:*,AFFECTS
CVE:CVE-2024-8923,CPE:cpe:2.3:a:servicenow:servicenow:vancouver:patch_4_hotfix_2b:*:*:*:*:*:*,AFFECTS
CVE:CVE-2024-8923,CPE:cpe:2.3:a:servicenow:servicenow:vancouver:patch_5:*:*:*:*:*:*,AFFECTS
CVE:CVE-2024-8923,CPE:cpe:2.3:a:servicenow:servicenow:vancouver:patch_5_hotfix_1:*:*:*:*:*:*,AFFECTS
CVE:CVE-2024-8923,CPE:cpe:2.3:a:servicenow:servicenow:vancouver:patch_6:*:*:*:*:*:*,AFFECTS
CVE:CVE-2024-8923,CPE:cpe:2.3:a:servicenow:servicenow:vancouver:patch_6_hotfix_1:*:*:*:*:*:*,AFFECTS
CVE:CVE-2024-8923,CPE:cpe:2.3:a:servicenow:servicenow:vancouver:patch_6_hotfix_2:*:*:*:*:*:*,AFFECTS
CVE:CVE-2024-8923,CPE:cpe:2.3:a:servicenow:servicenow:vancouver:patch_7:*:*:*:*:*:*,AFFECTS
CVE:CVE-2024-8923,CPE:cpe:2.3:a:servicenow:servicenow:vancouver:patch_7_hotfix_1:*:*:*:*:*:*,AFFECTS
CVE:CVE-2024-8923,CPE:cpe:2.3:a:servicenow:servicenow:vancouver:patch_7_hotfix_1a:*:*:*:*:*:*,AFFECTS
CVE:CVE-2024-8923,CPE:cpe:2.3:a:servicenow:servicenow:vancouver:patch_7_hotfix_2:*:*:*:*:*:*,AFFECTS
CVE:CVE-2024-8923,CPE:cpe:2.3:a:servicenow:servicenow:vancouver:patch_7_hotfix_2a:*:*:*:*:*:*,AFFECTS
CVE:CVE-2024-8923,CPE:cpe:2.3:a:servicenow:servicenow:vancouver:patch_7_hotfix_2b:*:*:*:*:*:*,AFFECTS
CVE:CVE-2024-8923,CPE:cpe:2.3:a:servicenow:servicenow:vancouver:patch_7_hotfix_3a:*:*:*:*:*:*,AFFECTS
CVE:CVE-2024-8923,CPE:cpe:2.3:a:servicenow:servicenow:vancouver:patch_7_hotfix_3b:*:*:*:*:*:*,AFFECTS
CVE:CVE-2024-8923,CPE:cpe:2.3:a:servicenow:servicenow:vancouver:patch_7_hotfix_4:*:*:*:*:*:*,AFFECTS
CVE:CVE-2024-8923,CPE:cpe:2.3:a:servicenow:servicenow:vancouver:patch_7_hotifix_1a:*:*:*:*:*:*,AFFECTS
CVE:CVE-2024-8923,CPE:cpe:2.3:a:servicenow:servicenow:vancouver:patch_7_hotifix_1b:*:*:*:*:*:*,AFFECTS
CVE:CVE-2024-8923,CPE:cpe:2.3:a:servicenow:servicenow:vancouver:patch_7_hotifix_2a:*:*:*:*:*:*,AFFECTS
CVE:CVE-2024-8923,CPE:cpe:2.3:a:servicenow:servicenow:vancouver:patch_7_hotifix_2b:*:*:*:*:*:*,AFFECTS
CVE:CVE-2024-8923,CPE:cpe:2.3:a:servicenow:servicenow:vancouver:patch_8:*:*:*:*:*:*,AFFECTS
CVE:CVE-2024-8923,CPE:cpe:2.3:a:servicenow:servicenow:vancouver:patch_8_hotfix_1:*:*:*:*:*:*,AFFECTS
CVE:CVE-2024-8923,CPE:cpe:2.3:a:servicenow:servicenow:vancouver:patch_8_hotfix_2:*:*:*:*:*:*,AFFECTS
CVE:CVE-2024-8923,CPE:cpe:2.3:a:servicenow:servicenow:vancouver:patch_8_hotfix_3:*:*:*:*:*:*,AFFECTS
CVE:CVE-2024-8923,CPE:cpe:2.3:a:servicenow:servicenow:vancouver:patch_8_hotfix_4:*:*:*:*:*:*,AFFECTS
CVE:CVE-2024-8923,CPE:cpe:2.3:a:servicenow:servicenow:vancouver:patch_8_hotfix_5:*:*:*:*:*:*,AFFECTS
CVE:CVE-2024-8923,CPE:cpe:2.3:a:servicenow:servicenow:vancouver:patch_9:*:*:*:*:*:*,AFFECTS
CVE:CVE-2024-8923,CPE:cpe:2.3:a:servicenow:servicenow:vancouver:patch_9_hotfix_1:*:*:*:*:*:*,AFFECTS
CVE:CVE-2024-8923,CPE:cpe:2.3:a:servicenow:servicenow:vancouver:patch_9_hotfix_2:*:*:*:*:*:*,AFFECTS
CVE:CVE-2024-8923,CPE:cpe:2.3:a:servicenow:servicenow:washington_dc:-:*:*:*:*:*:*,AFFECTS
CVE:CVE-2024-8923,CPE:cpe:2.3:a:servicenow:servicenow:washington_dc:early_availability:*:*:*:*:*:*,AFFECTS
CVE:CVE-2024-8923,CPE:cpe:2.3:a:servicenow:servicenow:washington_dc:early_availability_hotfix_1:*:*:*:*:*:*,AFFECTS
CVE:CVE-2024-8923,CPE:cpe:2.3:a:servicenow:servicenow:washington_dc:patch_1:*:*:*:*:*:*,AFFECTS
CVE:CVE-2024-8923,CPE:cpe:2.3:a:servicenow:servicenow:washington_dc:patch_1_hotfix_1:*:*:*:*:*:*,AFFECTS
CVE:CVE-2024-8923,CPE:cpe:2.3:a:servicenow:servicenow:washington_dc:patch_1_hotfix_2:*:*:*:*:*:*,AFFECTS
CVE:CVE-2024-8923,CPE:cpe:2.3:a:servicenow:servicenow:washington_dc:patch_1_hotfix_2a:*:*:*:*:*:*,AFFECTS
CVE:CVE-2024-8923,CPE:cpe:2.3:a:servicenow:servicenow:washington_dc:patch_1_hotfix_2b:*:*:*:*:*:*,AFFECTS
CVE:CVE-2024-8923,CPE:cpe:2.3:a:servicenow:servicenow:washington_dc:patch_1_hotfix_3b:*:*:*:*:*:*,AFFECTS
CVE:CVE-2024-8923,CPE:cpe:2.3:a:servicenow:servicenow:washington_dc:patch_2:*:*:*:*:*:*,AFFECTS
CVE:CVE-2024-8923,CPE:cpe:2.3:a:servicenow:servicenow:washington_dc:patch_2_hotfix_1:*:*:*:*:*:*,AFFECTS
CVE:CVE-2024-8923,CPE:cpe:2.3:a:servicenow:servicenow:washington_dc:patch_2_hotfix_2:*:*:*:*:*:*,AFFECTS
CVE:CVE-2024-8923,CPE:cpe:2.3:a:servicenow:servicenow:washington_dc:patch_3:*:*:*:*:*:*,AFFECTS
CVE:CVE-2024-8923,CPE:cpe:2.3:a:servicenow:servicenow:washington_dc:patch_3_hotfix_1:*:*:*:*:*:*,AFFECTS
CVE:CVE-2024-8923,CPE:cpe:2.3:a:servicenow:servicenow:washington_dc:patch_3_hotfix_2:*:*:*:*:*:*,AFFECTS
CVE:CVE-2024-8923,CPE:cpe:2.3:a:servicenow:servicenow:washington_dc:patch_3_hotfix_3:*:*:*:*:*:*,AFFECTS
CVE:CVE-2024-8923,CPE:cpe:2.3:a:servicenow:servicenow:washington_dc:patch_4:*:*:*:*:*:*,AFFECTS
CVE:CVE-2024-8923,CPE:cpe:2.3:a:servicenow:servicenow:washington_dc:patch_4_hotfix_1:*:*:*:*:*:*,AFFECTS
CVE:CVE-2024-8923,CPE:cpe:2.3:a:servicenow:servicenow:xanadu:early_availability:*:*:*:*:*:*,AFFECTS
CVE:CVE-2024-8923,CPE:cpe:2.3:a:servicenow:servicenow:xanadu:early_availability_hotfix_1:*:*:*:*:*:*,AFFECTS
CVE:CVE-2024-8923,REF:CVE-2024-8923:0,REFERENCES
CVE:CVE-2025-7776,RISK:MEDIUM,HAS_RISK
CVE:CVE-2025-7776,CWE:CWE-119,HAS_CWE
CVE:CVE-2025-7776,CPE:cpe:2.3:a:citrix:netscaler_application_delivery_controller:*:*:*:*:-:*:*:*,AFFECTS
CVE:CVE-2025-7776,CPE:cpe:2.3:a:citrix:netscaler_application_delivery_controller:*:*:*:*:fips:*:*:*,AFFECTS
CVE:CVE-2025-7776,CPE:cpe:2.3:a:citrix:netscaler_application_delivery_controller:*:*:*:*:ndcpp:*:*:*,AFFECTS
CVE:CVE-2025-7776,CPE:cpe:2.3:a:citrix:netscaler_gateway:*:*:*:*:*:*:*:*,AFFECTS
CVE:CVE-2025-7776,REF:CVE-2025-7776:0,REFERENCES
CVE:CVE-2025-59511,RISK:MEDIUM,HAS_RISK
CVE:CVE-2025-59511,CWE:CWE-73,HAS_CWE
CVE:CVE-2025-59511,CPE:cpe:2.3:o:microsoft:windows_10_1809:*:*:*:*:*:*:x64:*,AFFECTS
CVE:CVE-2025-59511,CPE:cpe:2.3:o:microsoft:windows_10_1809:*:*:*:*:*:*:x86:*,AFFECTS
CVE:CVE-2025-59511,CPE:cpe:2.3:o:microsoft:windows_10_21h2:*:*:*:*:*:*:*:*,AFFECTS
CVE:CVE-2025-59511,CPE:cpe:2.3:o:microsoft:windows_10_22h2:*:*:*:*:*:*:*:*,AFFECTS
CVE:CVE-2025-59511,CPE:cpe:2.3:o:microsoft:windows_11_23h2:*:*:*:*:*:*:*:*,AFFECTS
CVE:CVE-2025-59511,CPE:cpe:2.3:o:microsoft:windows_11_24h2:*:*:*:*:*:*:*:*,AFFECTS
CVE:CVE-2025-59511,CPE:cpe:2.3:o:microsoft:windows_11_25h2:*:*:*:*:*:*:*:*,AFFECTS
CVE:CVE-2025-59511,CPE:cpe:2.3:o:microsoft:windows_server_2019:*:*:*:*:*:*:*:*,AFFECTS
CVE:CVE-2025-59511,CPE:cpe:2.3:o:microsoft:windows_server_2022:*:*:*:*:*:*:*:*,AFFECTS
CVE:CVE-2025-59511,CPE:cpe:2.3:o:microsoft:windows_server_2022_23h2:*:*:*:*:*:*:*:*,AFFECTS
CVE:CVE-2025-59511,CPE:cpe:2.3:o:microsoft:windows_server_2025:*:*:*:*:*:*:*:*,AFFECTS
CVE:CVE-2025-59511,REF:CVE-2025-59511:0,REFERENCES
CVE:CVE-2025-32429,RISK:MEDIUM,HAS_RISK
CVE:CVE-2025-32429,CWE:CWE-89,HAS_CWE
CVE:CVE-2025-32429,CPE:cpe:2.3:a:xwiki:xwiki:*:*:*:*:*:*:*:*,AFFECTS
CVE:CVE-2025-32429,REF:CVE-2025-32429:0,REFERENCES
CVE:CVE-2025-32429,REF:CVE-2025-32429:1,REFERENCES
CVE:CVE-2025-32429,REF:CVE-2025-32429:2,REFERENCES
CVE:CVE-2025-32429,REF:CVE-2025-32429:3,REFERENCES
CVE:CVE-2025-48566,RISK:MEDIUM,HAS_RISK
CVE:CVE-2025-48566,CWE:CWE-20,HAS_CWE
CVE:CVE-2025-48566,CPE:cpe:2.3:o:google:android:13.0:*:*:*:*:*:*:*,AFFECTS
CVE:CVE-2025-48566,CPE:cpe:2.3:o:google:android:14.0:*:*:*:*:*:*:*,AFFECTS
CVE:CVE-2025-48566,CPE:cpe:2.3:o:google:android:15.0:*:*:*:*:*:*:*,AFFECTS
CVE:CVE-2025-48566,CPE:cpe:2.3:o:google:android:16.0:-:*:*:*:*:*:*,AFFECTS
CVE:CVE-2025-48566,REF:CVE-2025-48566:0,REFERENCES
CVE:CVE-2025-20188,RISK:MEDIUM,HAS_RISK
CVE:CVE-2025-20188,CWE:CWE-798,HAS_CWE
CVE:CVE-2025-20188,CPE:cpe:2.3:o:cisco:ios_xe:17.11.1:*:*:*:*:*:*:*,AFFECTS
CVE:CVE-2025-20188,CPE:cpe:2.3:o:cisco:ios_xe:17.11.99sw:*:*:*:*:*:*:*,AFFECTS
CVE:CVE-2025-20188,CPE:cpe:2.3:o:cisco:ios_xe:17.12.1:*:*:*:*:*:*:*,AFFECTS
CVE:CVE-2025-20188,CPE:cpe:2.3:o:cisco:ios_xe:17.12.2:*:*:*:*:*:*:*,AFFECTS
CVE:CVE-2025-20188,CPE:cpe:2.3:o:cisco:ios_xe:17.12.3:*:*:*:*:*:*:*,AFFECTS
CVE:CVE-2025-20188,CPE:cpe:2.3:o:cisco:ios_xe:17.13.1:*:*:*:*:*:*:*,AFFECTS
CVE:CVE-2025-20188,CPE:cpe:2.3:o:cisco:ios_xe:17.14.1:*:*:*:*:*:*:*,AFFECTS
CVE:CVE-2025-20188,REF:CVE-2025-20188:0,REFERENCES
CVE:CVE-2025-20188,REF:CVE-2025-20188:1,REFERENCES
CVE:CVE-2024-42008,RISK:MEDIUM,HAS_RISK
CVE:CVE-2024-42008,CWE:CWE-79,HAS_CWE
CVE:CVE-2024-42008,CPE:cpe:2.3:a:roundcube:webmail:*:*:*:*:*:*:*:*,AFFECTS
CVE:CVE-2024-42008,REF:CVE-2024-42008:0,REFERENCES
CVE:CVE-2024-42008,REF:CVE-2024-42008:1,REFERENCES
CVE:CVE-2024-42008,REF:CVE-2024-42008:2,REFERENCES
CVE:CVE-2024-42008,REF:CVE-2024-42008:3,REFERENCES
CVE:CVE-2024-42008,REF:CVE-2024-42008:4,REFERENCES
CVE:CVE-2023-42789,RISK:MEDIUM,HAS_RISK
CVE:CVE-2023-42789,CWE:CWE-787,HAS_CWE
CVE:CVE-2023-42789,CPE:cpe:2.3:a:fortinet:fortiproxy:*:*:*:*:*:*:*:*,AFFECTS
CVE:CVE-2023-42789,CPE:cpe:2.3:a:fortinet:fortiproxy:7.4.0:*:*:*:*:*:*:*,AFFECTS
CVE:CVE-2023-42789,CPE:cpe:2.3:o:fortinet:fortios:*:*:*:*:*:*:*:*,AFFECTS
CVE:CVE-2023-42789,CPE:cpe:2.3:o:fortinet:fortios:7.4.0:*:*:*:*:*:*:*,AFFECTS
CVE:CVE-2023-42789,CPE:cpe:2.3:o:fortinet:fortios:7.4.1:*:*:*:*:*:*:*,AFFECTS
CVE:CVE-2023-42789,REF:CVE-2023-42789:0,REFERENCES
CVE:CVE-2024-9464,RISK:MEDIUM,HAS_RISK
CVE:CVE-2024-9464,CWE:CWE-78,HAS_CWE
CVE:CVE-2024-9464,CPE:cpe:2.3:a:paloaltonetworks:expedition:*:*:*:*:*:*:*:*,AFFECTS
CVE:CVE-2024-9464,REF:CVE-2024-9464:0,REFERENCES
CVE:CVE-2024-9464,REF:CVE-2024-9464:1,REFERENCES
CVE:CVE-2025-35451,RISK:MEDIUM,HAS_RISK
CVE:CVE-2025-35451,CWE:CWE-798,HAS_CWE
CVE:CVE-2025-35451,CPE:cpe:2.3:h:multicam-systems:mcamii_ptz:*:*:*:*:*:*:*:*,AFFECTS
CVE:CVE-2025-35451,CPE:cpe:2.3:h:ptzoptics:ndi_fixed_camera:-:*:*:*:*:*:*:*,AFFECTS
CVE:CVE-2025-35451,CPE:cpe:2.3:h:ptzoptics:pt12x-ndi-xx:-:*:*:*:*:*:*:*,AFFECTS
CVE:CVE-2025-35451,CPE:cpe:2.3:h:ptzoptics:pt12x-sdi-xx-g2:-:*:*:*:*:*:*:*,AFFECTS
CVE:CVE-2025-35451,CPE:cpe:2.3:h:ptzoptics:pt12x-usb-xx-g2:-:*:*:*:*:*:*:*,AFFECTS
CVE:CVE-2025-35451,CPE:cpe:2.3:h:ptzoptics:pt12x-zcam:-:*:*:*:*:*:*:*,AFFECTS
CVE:CVE-2025-35451,CPE:cpe:2.3:h:ptzoptics:pt20x-ndi-xx:-:*:*:*:*:*:*:*,AFFECTS
CVE:CVE-2025-35451,CPE:cpe:2.3:h:ptzoptics:pt20x-sdi-xx-g2:-:*:*:*:*:*:*:*,AFFECTS
CVE:CVE-2025-35451,CPE:cpe:2.3:h:ptzoptics:pt20x-usb-xx-g2:-:*:*:*:*:*:*:*,AFFECTS
CVE:CVE-2025-35451,CPE:cpe:2.3:h:ptzoptics:pt20x-zcam:-:*:*:*:*:*:*:*,AFFECTS
CVE:CVE-2025-35451,CPE:cpe:2.3:h:ptzoptics:pt30x-ndi-xx:-:*:*:*:*:*:*:*,AFFECTS
CVE:CVE-2025-35451,CPE:cpe:2.3:h:ptzoptics:pt30x-sdi-xx-g2:-:*:*:*:*:*:*:*,AFFECTS
CVE:CVE-2025-35451,CPE:cpe:2.3:h:ptzoptics:pteptz-ndi-zcam-g2:-:*:*:*:*:*:*:*,AFFECTS
CVE:CVE-2025-35451,CPE:cpe:2.3:h:ptzoptics:pteptz-zcam-g2:-:*:*:*:*:*:*:*,AFFECTS
CVE:CVE-2025-35451,CPE:cpe:2.3:h:ptzoptics:ptvl-zcam:-:*:*:*:*:*:*:*,AFFECTS
CVE:CVE-2025-35451,CPE:cpe:2.3:h:ptzoptics:vl_fixed_camera:-:*:*:*:*:*:*:*,AFFECTS
CVE:CVE-2025-35451,CPE:cpe:2.3:h:smtav:ba12-n:*:*:*:*:*:*:*:*,AFFECTS
CVE:CVE-2025-35451,CPE:cpe:2.3:h:smtav:ba12s:*:*:*:*:*:*:*:*,AFFECTS
CVE:CVE-2025-35451,CPE:cpe:2.3:h:smtav:ba20-n:*:*:*:*:*:*:*:*,AFFECTS
CVE:CVE-2025-35451,CPE:cpe:2.3:h:smtav:ba20s:*:*:*:*:*:*:*:*,AFFECTS
CVE:CVE-2025-35451,CPE:cpe:2.3:h:smtav:ba30-n:*:*:*:*:*:*:*:*,AFFECTS
CVE:CVE-2025-35451,CPE:cpe:2.3:h:smtav:ba30s:*:*:*:*:*:*:*:*,AFFECTS
CVE:CVE-2025-35451,CPE:cpe:2.3:h:smtav:bv20s:*:*:*:*:*:*:*:*,AFFECTS
CVE:CVE-2025-35451,CPE:cpe:2.3:h:smtav:bv30s:*:*:*:*:*:*:*:*,AFFECTS
CVE:CVE-2025-35451,CPE:cpe:2.3:h:smtav:bx20n:*:*:*:*:*:*:*:*,AFFECTS
CVE:CVE-2025-35451,CPE:cpe:2.3:h:smtav:bx20s-sh:*:*:*:*:*:*:*:*,AFFECTS
CVE:CVE-2025-35451,CPE:cpe:2.3:h:smtav:bx20uhd-n:*:*:*:*:*:*:*:*,AFFECTS
CVE:CVE-2025-35451,CPE:cpe:2.3:h:smtav:bx20uhd:*:*:*:*:*:*:*:*,AFFECTS
CVE:CVE-2025-35451,CPE:cpe:2.3:h:smtav:bx30s:*:*:*:*:*:*:*:*,AFFECTS
CVE:CVE-2025-35451,CPE:cpe:2.3:h:smtav:hd17h-n:*:*:*:*:*:*:*:*,AFFECTS
CVE:CVE-2025-35451,CPE:cpe:2.3:h:smtav:hd17h:*:*:*:*:*:*:*:*,AFFECTS
CVE:CVE-2025-35451,CPE:cpe:2.3:h:valuehd:v60xl:*:*:*:*:*:*:*:*,AFFECTS
CVE:CVE-2025-35451,CPE:cpe:2.3:h:valuehd:v61w:*:*:*:*:*:*:*:*,AFFECTS
CVE:CVE-2025-35451,CPE:cpe:2.3:h:valuehd:v63xl:*:*:*:*:*:*:*:*,AFFECTS
CVE:CVE-2025-35451,CPE:cpe:2.3:h:valuehd:v71uvs:*:*:*:*:*:*:*:*,AFFECTS
CVE:CVE-2025-35451,CPE:cpe:2.3:h:valuehd:vx60al:*:*:*:*:*:*:*:*,AFFECTS
CVE:CVE-2025-35451,CPE:cpe:2.3:h:valuehd:vx60asl:*:*:*:*:*:*:*:*,AFFECTS
CVE:CVE-2025-35451,CPE:cpe:2.3:h:valuehd:vx61al:*:*:*:*:*:*:*:*,AFFECTS
CVE:CVE-2025-35451,CPE:cpe:2.3:h:valuehd:vx61asl:*:*:*:*:*:*:*:*,AFFECTS
CVE:CVE-2025-35451,CPE:cpe:2.3:h:valuehd:vx61basl:*:*:*:*:*:*:*:*,AFFECTS
CVE:CVE-2025-35451,CPE:cpe:2.3:h:valuehd:vx630al:*:*:*:*:*:*:*:*,AFFECTS
CVE:CVE-2025-35451,CPE:cpe:2.3:h:valuehd:vx701ra:*:*:*:*:*:*:*:*,AFFECTS
CVE:CVE-2025-35451,CPE:cpe:2.3:h:valuehd:vx701ta:*:*:*:*:*:*:*:*,AFFECTS
CVE:CVE-2025-35451,CPE:cpe:2.3:h:valuehd:vx70uvs:*:*:*:*:*:*:*:*,AFFECTS
CVE:CVE-2025-35451,CPE:cpe:2.3:h:valuehd:vx71uvs:*:*:*:*:*:*:*:*,AFFECTS
CVE:CVE-2025-35451,CPE:cpe:2.3:h:valuehd:vx720l:*:*:*:*:*:*:*:*,AFFECTS
CVE:CVE-2025-35451,CPE:cpe:2.3:h:valuehd:vx751ba:*:*:*:*:*:*:*:*,AFFECTS
CVE:CVE-2025-35451,CPE:cpe:2.3:h:valuehd:vx752a:*:*:*:*:*:*:*:*,AFFECTS
CVE:CVE-2025-35451,CPE:cpe:2.3:h:valuehd:vx752ag:*:*:*:*:*:*:*:*,AFFECTS
CVE:CVE-2025-35451,CPE:cpe:2.3:h:valuehd:vx800i2:*:*:*:*:*:*:*:*,AFFECTS
CVE:CVE-2025-35451,CPE:cpe:2.3:h:valuehd:vx90:*:*:*:*:*:*:*:*,AFFECTS
CVE:CVE-2025-35451,CPE:cpe:2.3:o:multicam-systems:mcamii_ptz_firmware:*:*:*:*:*:*:*:*,AFFECTS
CVE:CVE-2025-35451,CPE:cpe:2.3:o:ptzoptics:ndi_fixed_camera_firmware:*:*:*:*:*:*:*:*,AFFECTS
CVE:CVE-2025-35451,CPE:cpe:2.3:o:ptzoptics:pt12x-ndi-xx_firmware:*:*:*:*:*:*:*:*,AFFECTS
CVE:CVE-2025-35451,CPE:cpe:2.3:o:ptzoptics:pt12x-sdi-xx-g2_firmware:*:*:*:*:*:*:*:*,AFFECTS
CVE:CVE-2025-35451,CPE:cpe:2.3:o:ptzoptics:pt12x-usb-xx-g2_firmware:*:*:*:*:*:*:*:*,AFFECTS
CVE:CVE-2025-35451,CPE:cpe:2.3:o:ptzoptics:pt12x-zcam_firmware:*:*:*:*:*:*:*:*,AFFECTS
CVE:CVE-2025-35451,CPE:cpe:2.3:o:ptzoptics:pt20x-ndi-xx_firmware:*:*:*:*:*:*:*:*,AFFECTS
CVE:CVE-2025-35451,CPE:cpe:2.3:o:ptzoptics:pt20x-sdi-xx-g2_firmware:*:*:*:*:*:*:*:*,AFFECTS
CVE:CVE-2025-35451,CPE:cpe:2.3:o:ptzoptics:pt20x-usb-xx-g2_firmware:*:*:*:*:*:*:*:*,AFFECTS
CVE:CVE-2025-35451,CPE:cpe:2.3:o:ptzoptics:pt20x-zcam_firmware:*:*:*:*:*:*:*:*,AFFECTS
CVE:CVE-2025-35451,CPE:cpe:2.3:o:ptzoptics:pt30x-ndi-xx_firmware:*:*:*:*:*:*:*:*,AFFECTS
CVE:CVE-2025-35451,CPE:cpe:2.3:o:ptzoptics:pt30x-sdi-xx-g2_firmware:*:*:*:*:*:*:*:*,AFFECTS
CVE:CVE-2025-35451,CPE:cpe:2.3:o:ptzoptics:pteptz-ndi-zcam-g2_firmware:*:*:*:*:*:*:*:*,AFFECTS
CVE:CVE-2025-35451,CPE:cpe:2.3:o:ptzoptics:pteptz-zcam-g2_firmware:*:*:*:*:*:*:*:*,AFFECTS
CVE:CVE-2025-35451,CPE:cpe:2.3:o:ptzoptics:ptvl-zcam_firmware:*:*:*:*:*:*:*:*,AFFECTS
CVE:CVE-2025-35451,CPE:cpe:2.3:o:ptzoptics:vl_fixed_camera_firmware:*:*:*:*:*:*:*:*,AFFECTS
CVE:CVE-2025-35451,CPE:cpe:2.3:o:smtav:ba12-n_firmware:*:*:*:*:*:*:*:*,AFFECTS
CVE:CVE-2025-35451,CPE:cpe:2.3:o:smtav:ba12s_firmware:*:*:*:*:*:*:*:*,AFFECTS
CVE:CVE-2025-35451,CPE:cpe:2.3:o:smtav:ba20-n_firmware:*:*:*:*:*:*:*:*,AFFECTS
CVE:CVE-2025-35451,CPE:cpe:2.3:o:smtav:ba20s_firmware:*:*:*:*:*:*:*:*,AFFECTS
CVE:CVE-2025-35451,CPE:cpe:2.3:o:smtav:ba30-n_firmware:*:*:*:*:*:*:*:*,AFFECTS
CVE:CVE-2025-35451,CPE:cpe:2.3:o:smtav:ba30s_firmware:*:*:*:*:*:*:*:*,AFFECTS
CVE:CVE-2025-35451,CPE:cpe:2.3:o:smtav:bv20s_firmware:*:*:*:*:*:*:*:*,AFFECTS
CVE:CVE-2025-35451,CPE:cpe:2.3:o:smtav:bv30s_firmware:*:*:*:*:*:*:*:*,AFFECTS
CVE:CVE-2025-35451,CPE:cpe:2.3:o:smtav:bx20n_firmware:*:*:*:*:*:*:*:*,AFFECTS
CVE:CVE-2025-35451,CPE:cpe:2.3:o:smtav:bx20s-sh_firmware:*:*:*:*:*:*:*:*,AFFECTS
CVE:CVE-2025-35451,CPE:cpe:2.3:o:smtav:bx20uhd-n_firmware:*:*:*:*:*:*:*:*,AFFECTS
CVE:CVE-2025-35451,CPE:cpe:2.3:o:smtav:bx20uhd_firmware:*:*:*:*:*:*:*:*,AFFECTS
CVE:CVE-2025-35451,CPE:cpe:2.3:o:smtav:bx30s_firmware:*:*:*:*:*:*:*:*,AFFECTS
CVE:CVE-2025-35451,CPE:cpe:2.3:o:smtav:hd17h-n_firmware:*:*:*:*:*:*:*:*,AFFECTS
CVE:CVE-2025-35451,CPE:cpe:2.3:o:smtav:hd17h_firmware:*:*:*:*:*:*:*:*,AFFECTS
CVE:CVE-2025-35451,CPE:cpe:2.3:o:valuehd:v60xl_firmware:*:*:*:*:*:*:*:*,AFFECTS
CVE:CVE-2025-35451,CPE:cpe:2.3:o:valuehd:v61w_firmware:*:*:*:*:*:*:*:*,AFFECTS
CVE:CVE-2025-35451,CPE:cpe:2.3:o:valuehd:v63xl_firmware:*:*:*:*:*:*:*:*,AFFECTS
CVE:CVE-2025-35451,CPE:cpe:2.3:o:valuehd:v71uvs_firmware:*:*:*:*:*:*:*:*,AFFECTS
CVE:CVE-2025-35451,CPE:cpe:2.3:o:valuehd:vx60al_firmware:*:*:*:*:*:*:*:*,AFFECTS
CVE:CVE-2025-35451,CPE:cpe:2.3:o:valuehd:vx60asl_firmware:*:*:*:*:*:*:*:*,AFFECTS
CVE:CVE-2025-35451,CPE:cpe:2.3:o:valuehd:vx61al_firmware:*:*:*:*:*:*:*:*,AFFECTS
CVE:CVE-2025-35451,CPE:cpe:2.3:o:valuehd:vx61asl_firmware:*:*:*:*:*:*:*:*,AFFECTS
CVE:CVE-2025-35451,CPE:cpe:2.3:o:valuehd:vx61basl_firmware:*:*:*:*:*:*:*:*,AFFECTS
CVE:CVE-2025-35451,CPE:cpe:2.3:o:valuehd:vx630al_firmware:*:*:*:*:*:*:*:*,AFFECTS
CVE:CVE-2025-35451,CPE:cpe:2.3:o:valuehd:vx701ra_firmware:*:*:*:*:*:*:*:*,AFFECTS
CVE:CVE-2025-35451,CPE:cpe:2.3:o:valuehd:vx701ta_firmware:*:*:*:*:*:*:*:*,AFFECTS
CVE:CVE-2025-35451,CPE:cpe:2.3:o:valuehd:vx70uvs_firmware:*:*:*:*:*:*:*:*,AFFECTS
CVE:CVE-2025-35451,CPE:cpe:2.3:o:valuehd:vx71uvs_firmware:*:*:*:*:*:*:*:*,AFFECTS
CVE:CVE-2025-35451,CPE:cpe:2.3:o:valuehd:vx720l_firmware:*:*:*:*:*:*:*:*,AFFECTS
CVE:CVE-2025-35451,CPE:cpe:2.3:o:valuehd:vx751ba_firmware:*:*:*:*:*:*:*:*,AFFECTS
CVE:CVE-2025-35451,CPE:cpe:2.3:o:valuehd:vx752a_firmware:*:*:*:*:*:*:*:*,AFFECTS
CVE:CVE-2025-35451,CPE:cpe:2.3:o:valuehd:vx752ag_firmware:*:*:*:*:*:*:*:*,AFFECTS
CVE:CVE-2025-35451,CPE:cpe:2.3:o:valuehd:vx800i2_firmware:*:*:*:*:*:*:*:*,AFFECTS
CVE:CVE-2025-35451,CPE:cpe:2.3:o:valuehd:vx90_firmware:*:*:*:*:*:*:*:*,AFFECTS
CVE:CVE-2025-35451,REF:CVE-2025-35451:0,REFERENCES
CVE:CVE-2025-35451,REF:CVE-2025-35451:1,REFERENCES
CVE:CVE-2025-35451,REF:CVE-2025-35451:2,REFERENCES
CVE:CVE-2025-35451,REF:CVE-2025-35451:3,REFERENCES
CVE:CVE-2025-35451,REF:CVE-2025-35451:4,REFERENCES
CVE:CVE-2024-21315,RISK:MEDIUM,HAS_RISK
CVE:CVE-2024-21315,CWE:CWE-20,HAS_CWE
CVE:CVE-2024-21315,CPE:cpe:2.3:a:microsoft:defender_for_endpoint:*:*:*:*:*:windows:*:*,AFFECTS
CVE:CVE-2024-21315,CPE:cpe:2.3:o:microsoft:windows_10_1507:-:*:*:*:*:*:x64:*,AFFECTS
CVE:CVE-2024-21315,CPE:cpe:2.3:o:microsoft:windows_10_1507:-:*:*:*:*:*:x86:*,AFFECTS
CVE:CVE-2024-21315,CPE:cpe:2.3:o:microsoft:windows_10_1607:-:*:*:*:*:*:x64:*,AFFECTS
CVE:CVE-2024-21315,CPE:cpe:2.3:o:microsoft:windows_10_1607:-:*:*:*:*:*:x86:*,AFFECTS
CVE:CVE-2024-21315,CPE:cpe:2.3:o:microsoft:windows_10_1809:-:*:*:*:*:*:arm64:*,AFFECTS
CVE:CVE-2024-21315,CPE:cpe:2.3:o:microsoft:windows_10_1809:-:*:*:*:*:*:x64:*,AFFECTS
CVE:CVE-2024-21315,CPE:cpe:2.3:o:microsoft:windows_10_1809:-:*:*:*:*:*:x86:*,AFFECTS
CVE:CVE-2024-21315,CPE:cpe:2.3:o:microsoft:windows_10_21h2:-:*:*:*:*:*:arm64:*,AFFECTS
CVE:CVE-2024-21315,CPE:cpe:2.3:o:microsoft:windows_10_21h2:-:*:*:*:*:*:x64:*,AFFECTS
CVE:CVE-2024-21315,CPE:cpe:2.3:o:microsoft:windows_10_21h2:-:*:*:*:*:*:x86:*,AFFECTS
CVE:CVE-2024-21315,CPE:cpe:2.3:o:microsoft:windows_10_22h2:-:*:*:*:*:*:arm64:*,AFFECTS
CVE:CVE-2024-21315,CPE:cpe:2.3:o:microsoft:windows_10_22h2:-:*:*:*:*:*:x64:*,AFFECTS
CVE:CVE-2024-21315,CPE:cpe:2.3:o:microsoft:windows_10_22h2:-:*:*:*:*:*:x86:*,AFFECTS
CVE:CVE-2024-21315,CPE:cpe:2.3:o:microsoft:windows_11_21h2:-:*:*:*:*:*:arm64:*,AFFECTS
CVE:CVE-2024-21315,CPE:cpe:2.3:o:microsoft:windows_11_21h2:-:*:*:*:*:*:x64:*,AFFECTS
CVE:CVE-2024-21315,CPE:cpe:2.3:o:microsoft:windows_11_22h2:-:*:*:*:*:*:arm64:*,AFFECTS
CVE:CVE-2024-21315,CPE:cpe:2.3:o:microsoft:windows_11_22h2:-:*:*:*:*:*:x64:*,AFFECTS
CVE:CVE-2024-21315,CPE:cpe:2.3:o:microsoft:windows_11_23h2:-:*:*:*:*:*:arm64:*,AFFECTS
CVE:CVE-2024-21315,CPE:cpe:2.3:o:microsoft:windows_11_23h2:-:*:*:*:*:*:x64:*,AFFECTS
CVE:CVE-2024-21315,CPE:cpe:2.3:o:microsoft:windows_server_2012:-:*:*:*:*:*:*:*,AFFECTS
CVE:CVE-2024-21315,CPE:cpe:2.3:o:microsoft:windows_server_2012:r2:*:*:*:*:*:*:*,AFFECTS
CVE:CVE-2024-21315,CPE:cpe:2.3:o:microsoft:windows_server_2016:-:*:*:*:*:*:*:*,AFFECTS
CVE:CVE-2024-21315,CPE:cpe:2.3:o:microsoft:windows_server_2019:-:*:*:*:*:*:*:*,AFFECTS
CVE:CVE-2024-21315,CPE:cpe:2.3:o:microsoft:windows_server_2022:-:*:*:*:*:*:*:*,AFFECTS
CVE:CVE-2024-21315,CPE:cpe:2.3:o:microsoft:windows_server_2022_23h2:-:*:*:*:*:*:*:*,AFFECTS
CVE:CVE-2024-21315,REF:CVE-2024-21315:0,REFERENCES
CVE:CVE-2024-30032,RISK:MEDIUM,HAS_RISK
CVE:CVE-2024-30032,CWE:CWE-416,HAS_CWE
CVE:CVE-2024-30032,CPE:cpe:2.3:o:microsoft:windows_10_1507:*:*:*:*:*:*:x64:*,AFFECTS
CVE:CVE-2024-30032,CPE:cpe:2.3:o:microsoft:windows_10_1507:*:*:*:*:*:*:x86:*,AFFECTS
CVE:CVE-2024-30032,CPE:cpe:2.3:o:microsoft:windows_10_1607:*:*:*:*:*:*:x64:*,AFFECTS
CVE:CVE-2024-30032,CPE:cpe:2.3:o:microsoft:windows_10_1607:*:*:*:*:*:*:x86:*,AFFECTS
CVE:CVE-2024-30032,CPE:cpe:2.3:o:microsoft:windows_10_1809:*:*:*:*:*:*:*:*,AFFECTS
CVE:CVE-2024-30032,CPE:cpe:2.3:o:microsoft:windows_10_21h2:*:*:*:*:*:*:*:*,AFFECTS
CVE:CVE-2024-30032,CPE:cpe:2.3:o:microsoft:windows_10_22h2:*:*:*:*:*:*:*:*,AFFECTS
CVE:CVE-2024-30032,CPE:cpe:2.3:o:microsoft:windows_11_21h2:*:*:*:*:*:*:*:*,AFFECTS
CVE:CVE-2024-30032,CPE:cpe:2.3:o:microsoft:windows_11_22h2:*:*:*:*:*:*:*:*,AFFECTS
CVE:CVE-2024-30032,CPE:cpe:2.3:o:microsoft:windows_11_23h2:*:*:*:*:*:*:*:*,AFFECTS
CVE:CVE-2024-30032,CPE:cpe:2.3:o:microsoft:windows_server_2016:*:*:*:*:*:*:*:*,AFFECTS
CVE:CVE-2024-30032,CPE:cpe:2.3:o:microsoft:windows_server_2019:*:*:*:*:*:*:*:*,AFFECTS
CVE:CVE-2024-30032,CPE:cpe:2.3:o:microsoft:windows_server_2022:*:*:*:*:*:*:*:*,AFFECTS
CVE:CVE-2024-30032,CPE:cpe:2.3:o:microsoft:windows_server_2022_23h2:*:*:*:*:*:*:*:*,AFFECTS
CVE:CVE-2024-30032,REF:CVE-2024-30032:0,REFERENCES
CVE:CVE-2024-21437,RISK:MEDIUM,HAS_RISK
CVE:CVE-2024-21437,CWE:CWE-416,HAS_CWE
CVE:CVE-2024-21437,CPE:cpe:2.3:o:microsoft:windows_10_1507:*:*:*:*:*:*:*:*,AFFECTS
CVE:CVE-2024-21437,CPE:cpe:2.3:o:microsoft:windows_10_1607:*:*:*:*:*:*:x64:*,AFFECTS
CVE:CVE-2024-21437,CPE:cpe:2.3:o:microsoft:windows_10_1607:*:*:*:*:*:*:x86:*,AFFECTS
CVE:CVE-2024-21437,CPE:cpe:2.3:o:microsoft:windows_10_1809:*:*:*:*:*:*:arm64:*,AFFECTS
CVE:CVE-2024-21437,CPE:cpe:2.3:o:microsoft:windows_10_1809:*:*:*:*:*:*:x64:*,AFFECTS
CVE:CVE-2024-21437,CPE:cpe:2.3:o:microsoft:windows_10_1809:*:*:*:*:*:*:x86:*,AFFECTS
CVE:CVE-2024-21437,CPE:cpe:2.3:o:microsoft:windows_10_21h2:*:*:*:*:*:*:*:*,AFFECTS
CVE:CVE-2024-21437,CPE:cpe:2.3:o:microsoft:windows_10_22h2:*:*:*:*:*:*:*:*,AFFECTS
CVE:CVE-2024-21437,CPE:cpe:2.3:o:microsoft:windows_11_21h2:*:*:*:*:*:*:*:*,AFFECTS
CVE:CVE-2024-21437,CPE:cpe:2.3:o:microsoft:windows_11_22h2:*:*:*:*:*:*:*:*,AFFECTS
CVE:CVE-2024-21437,CPE:cpe:2.3:o:microsoft:windows_11_23h2:*:*:*:*:*:*:*:*,AFFECTS
CVE:CVE-2024-21437,CPE:cpe:2.3:o:microsoft:windows_server_2008:-:sp2:*:*:*:*:*:*,AFFECTS
CVE:CVE-2024-21437,CPE:cpe:2.3:o:microsoft:windows_server_2008:r2:sp1:*:*:*:*:x64:*,AFFECTS
CVE:CVE-2024-21437,CPE:cpe:2.3:o:microsoft:windows_server_2012:-:*:*:*:*:*:*:*,AFFECTS
CVE:CVE-2024-21437,CPE:cpe:2.3:o:microsoft:windows_server_2012:r2:*:*:*:*:*:*:*,AFFECTS
CVE:CVE-2024-21437,CPE:cpe:2.3:o:microsoft:windows_server_2016:*:*:*:*:*:*:*:*,AFFECTS
CVE:CVE-2024-21437,CPE:cpe:2.3:o:microsoft:windows_server_2019:*:*:*:*:*:*:*:*,AFFECTS
CVE:CVE-2024-21437,CPE:cpe:2.3:o:microsoft:windows_server_2022:*:*:*:*:*:*:*:*,AFFECTS
CVE:CVE-2024-21437,CPE:cpe:2.3:o:microsoft:windows_server_2022_23h2:*:*:*:*:*:*:*:*,AFFECTS
CVE:CVE-2024-21437,REF:CVE-2024-21437:0,REFERENCES
CVE:CVE-2024-3157,RISK:MEDIUM,HAS_RISK
CVE:CVE-2024-3157,CWE:CWE-787,HAS_CWE
CVE:CVE-2024-3157,CPE:cpe:2.3:a:google:chrome:*:*:*:*:*:*:*:*,AFFECTS
CVE:CVE-2024-3157,CPE:cpe:2.3:o:fedoraproject:fedora:38:*:*:*:*:*:*:*,AFFECTS
CVE:CVE-2024-3157,CPE:cpe:2.3:o:fedoraproject:fedora:39:*:*:*:*:*:*:*,AFFECTS
CVE:CVE-2024-3157,CPE:cpe:2.3:o:fedoraproject:fedora:40:*:*:*:*:*:*:*,AFFECTS
CVE:CVE-2024-3157,REF:CVE-2024-3157:0,REFERENCES
CVE:CVE-2024-3157,REF:CVE-2024-3157:1,REFERENCES
CVE:CVE-2024-3157,REF:CVE-2024-3157:2,REFERENCES
CVE:CVE-2024-3157,REF:CVE-2024-3157:3,REFERENCES
CVE:CVE-2024-3157,REF:CVE-2024-3157:4,REFERENCES
CVE:CVE-2026-59309,RISK:MEDIUM,HAS_RISK
CVE:CVE-2026-59309,CWE:CWE-303,HAS_CWE
CVE:CVE-2026-59309,CPE:cpe:2.3:a:vmware:cloud_foundation:-:*:*:*:*:*:*:*,AFFECTS
CVE:CVE-2026-59309,CPE:cpe:2.3:a:vmware:telco_cloud_infrastructure:3.0:*:*:*:*:*:*:*,AFFECTS
CVE:CVE-2026-59309,CPE:cpe:2.3:a:vmware:telco_cloud_platform:*:*:*:*:*:*:*:*,AFFECTS
CVE:CVE-2026-59309,CPE:cpe:2.3:a:vmware:vcenter_server:*:*:*:*:*:*:*:*,AFFECTS
CVE:CVE-2026-59309,CPE:cpe:2.3:a:vmware:vcenter_server:8.0:-:*:*:*:*:*:*,AFFECTS
CVE:CVE-2026-59309,CPE:cpe:2.3:a:vmware:vcenter_server:8.0:a:*:*:*:*:*:*,AFFECTS
CVE:CVE-2026-59309,CPE:cpe:2.3:a:vmware:vcenter_server:8.0:b:*:*:*:*:*:*,AFFECTS
CVE:CVE-2026-59309,CPE:cpe:2.3:a:vmware:vcenter_server:8.0:c:*:*:*:*:*:*,AFFECTS
CVE:CVE-2026-59309,CPE:cpe:2.3:a:vmware:vcenter_server:8.0:update1:*:*:*:*:*:*,AFFECTS
CVE:CVE-2026-59309,CPE:cpe:2.3:a:vmware:vcenter_server:8.0:update1a:*:*:*:*:*:*,AFFECTS
CVE:CVE-2026-59309,CPE:cpe:2.3:a:vmware:vcenter_server:8.0:update1b:*:*:*:*:*:*,AFFECTS
CVE:CVE-2026-59309,CPE:cpe:2.3:a:vmware:vcenter_server:8.0:update1c:*:*:*:*:*:*,AFFECTS
CVE:CVE-2026-59309,CPE:cpe:2.3:a:vmware:vcenter_server:8.0:update1d:*:*:*:*:*:*,AFFECTS
CVE:CVE-2026-59309,CPE:cpe:2.3:a:vmware:vcenter_server:8.0:update1e:*:*:*:*:*:*,AFFECTS
CVE:CVE-2026-59309,CPE:cpe:2.3:a:vmware:vcenter_server:8.0:update2:*:*:*:*:*:*,AFFECTS
CVE:CVE-2026-59309,CPE:cpe:2.3:a:vmware:vcenter_server:8.0:update2a:*:*:*:*:*:*,AFFECTS
CVE:CVE-2026-59309,CPE:cpe:2.3:a:vmware:vcenter_server:8.0:update2b:*:*:*:*:*:*,AFFECTS
CVE:CVE-2026-59309,CPE:cpe:2.3:a:vmware:vcenter_server:8.0:update2c:*:*:*:*:*:*,AFFECTS
CVE:CVE-2026-59309,CPE:cpe:2.3:a:vmware:vcenter_server:8.0:update2d:*:*:*:*:*:*,AFFECTS
CVE:CVE-2026-59309,CPE:cpe:2.3:a:vmware:vcenter_server:8.0:update2e:*:*:*:*:*:*,AFFECTS
CVE:CVE-2026-59309,CPE:cpe:2.3:a:vmware:vcenter_server:8.0:update3:*:*:*:*:*:*,AFFECTS
CVE:CVE-2026-59309,CPE:cpe:2.3:a:vmware:vcenter_server:8.0:update3a:*:*:*:*:*:*,AFFECTS
CVE:CVE-2026-59309,CPE:cpe:2.3:a:vmware:vcenter_server:8.0:update3b:*:*:*:*:*:*,AFFECTS
CVE:CVE-2026-59309,CPE:cpe:2.3:a:vmware:vcenter_server:8.0:update3c:*:*:*:*:*:*,AFFECTS
CVE:CVE-2026-59309,CPE:cpe:2.3:a:vmware:vcenter_server:8.0:update3d:*:*:*:*:*:*,AFFECTS
CVE:CVE-2026-59309,CPE:cpe:2.3:a:vmware:vcenter_server:8.0:update3e:*:*:*:*:*:*,AFFECTS
CVE:CVE-2026-59309,CPE:cpe:2.3:a:vmware:vcenter_server:8.0:update3g:*:*:*:*:*:*,AFFECTS
CVE:CVE-2026-59309,CPE:cpe:2.3:a:vmware:vcenter_server:8.0:update3h:*:*:*:*:*:*,AFFECTS
CVE:CVE-2026-59309,CPE:cpe:2.3:a:vmware:vcenter_server:8.0:update3i:*:*:*:*:*:*,AFFECTS
CVE:CVE-2026-59309,CPE:cpe:2.3:a:vmware:vcenter_server:8.0:update3j:*:*:*:*:*:*,AFFECTS
CVE:CVE-2026-59309,CPE:cpe:2.3:a:vmware:vsphere_foundation:-:*:*:*:*:*:*:*,AFFECTS
CVE:CVE-2026-59309,REF:CVE-2026-59309:0,REFERENCES
CVE:CVE-2025-62474,RISK:MEDIUM,HAS_RISK
CVE:CVE-2025-62474,CWE:CWE-284,HAS_CWE
CVE:CVE-2025-62474,CPE:cpe:2.3:o:microsoft:windows_10_1607:*:*:*:*:*:*:x64:*,AFFECTS
CVE:CVE-2025-62474,CPE:cpe:2.3:o:microsoft:windows_10_1607:*:*:*:*:*:*:x86:*,AFFECTS
CVE:CVE-2025-62474,CPE:cpe:2.3:o:microsoft:windows_10_1809:*:*:*:*:*:*:x64:*,AFFECTS
CVE:CVE-2025-62474,CPE:cpe:2.3:o:microsoft:windows_10_1809:*:*:*:*:*:*:x86:*,AFFECTS
CVE:CVE-2025-62474,CPE:cpe:2.3:o:microsoft:windows_10_21h2:*:*:*:*:*:*:*:*,AFFECTS
CVE:CVE-2025-62474,CPE:cpe:2.3:o:microsoft:windows_10_22h2:*:*:*:*:*:*:*:*,AFFECTS
CVE:CVE-2025-62474,CPE:cpe:2.3:o:microsoft:windows_11_23h2:*:*:*:*:*:*:*:*,AFFECTS
CVE:CVE-2025-62474,CPE:cpe:2.3:o:microsoft:windows_11_24h2:*:*:*:*:*:*:*:*,AFFECTS
CVE:CVE-2025-62474,CPE:cpe:2.3:o:microsoft:windows_11_25h2:*:*:*:*:*:*:*:*,AFFECTS
CVE:CVE-2025-62474,CPE:cpe:2.3:o:microsoft:windows_server_2008:r2:sp1:*:*:*:*:x64:*,AFFECTS
CVE:CVE-2025-62474,CPE:cpe:2.3:o:microsoft:windows_server_2012:-:*:*:*:*:*:*:*,AFFECTS
CVE:CVE-2025-62474,CPE:cpe:2.3:o:microsoft:windows_server_2012:r2:*:*:*:*:*:*:*,AFFECTS
CVE:CVE-2025-62474,CPE:cpe:2.3:o:microsoft:windows_server_2016:*:*:*:*:*:*:*:*,AFFECTS
CVE:CVE-2025-62474,CPE:cpe:2.3:o:microsoft:windows_server_2019:*:*:*:*:*:*:*:*,AFFECTS
CVE:CVE-2025-62474,CPE:cpe:2.3:o:microsoft:windows_server_2022:*:*:*:*:*:*:*:*,AFFECTS
CVE:CVE-2025-62474,CPE:cpe:2.3:o:microsoft:windows_server_2022_23h2:*:*:*:*:*:*:*:*,AFFECTS
CVE:CVE-2025-62474,CPE:cpe:2.3:o:microsoft:windows_server_2025:*:*:*:*:*:*:*:*,AFFECTS
CVE:CVE-2025-62474,REF:CVE-2025-62474:0,REFERENCES
CVE:CVE-2024-30031,RISK:MEDIUM,HAS_RISK
CVE:CVE-2024-30031,CWE:CWE-362,HAS_CWE
CVE:CVE-2024-30031,CWE:CWE-416,HAS_CWE
CVE:CVE-2024-30031,CPE:cpe:2.3:o:microsoft:windows_10_1507:*:*:*:*:*:*:x64:*,AFFECTS
CVE:CVE-2024-30031,CPE:cpe:2.3:o:microsoft:windows_10_1507:*:*:*:*:*:*:x86:*,AFFECTS
CVE:CVE-2024-30031,CPE:cpe:2.3:o:microsoft:windows_10_1607:*:*:*:*:*:*:x64:*,AFFECTS
CVE:CVE-2024-30031,CPE:cpe:2.3:o:microsoft:windows_10_1607:*:*:*:*:*:*:x86:*,AFFECTS
CVE:CVE-2024-30031,CPE:cpe:2.3:o:microsoft:windows_10_1809:*:*:*:*:*:*:*:*,AFFECTS
CVE:CVE-2024-30031,CPE:cpe:2.3:o:microsoft:windows_10_21h2:*:*:*:*:*:*:*:*,AFFECTS
CVE:CVE-2024-30031,CPE:cpe:2.3:o:microsoft:windows_10_22h2:*:*:*:*:*:*:*:*,AFFECTS
CVE:CVE-2024-30031,CPE:cpe:2.3:o:microsoft:windows_11_21h2:*:*:*:*:*:*:*:*,AFFECTS
CVE:CVE-2024-30031,CPE:cpe:2.3:o:microsoft:windows_11_22h2:*:*:*:*:*:*:*:*,AFFECTS
CVE:CVE-2024-30031,CPE:cpe:2.3:o:microsoft:windows_11_23h2:*:*:*:*:*:*:*:*,AFFECTS
CVE:CVE-2024-30031,CPE:cpe:2.3:o:microsoft:windows_server_2008:-:sp2:*:*:*:*:*:*,AFFECTS
CVE:CVE-2024-30031,CPE:cpe:2.3:o:microsoft:windows_server_2008:r2:sp1:*:*:*:*:x64:*,AFFECTS
CVE:CVE-2024-30031,CPE:cpe:2.3:o:microsoft:windows_server_2012:-:*:*:*:*:*:*:*,AFFECTS
CVE:CVE-2024-30031,CPE:cpe:2.3:o:microsoft:windows_server_2012:r2:*:*:*:*:*:*:*,AFFECTS
CVE:CVE-2024-30031,CPE:cpe:2.3:o:microsoft:windows_server_2016:*:*:*:*:*:*:*:*,AFFECTS
CVE:CVE-2024-30031,CPE:cpe:2.3:o:microsoft:windows_server_2019:*:*:*:*:*:*:*:*,AFFECTS
CVE:CVE-2024-30031,CPE:cpe:2.3:o:microsoft:windows_server_2022:*:*:*:*:*:*:*:*,AFFECTS
CVE:CVE-2024-30031,CPE:cpe:2.3:o:microsoft:windows_server_2022_23h2:*:*:*:*:*:*:*:*,AFFECTS
CVE:CVE-2024-30031,REF:CVE-2024-30031:0,REFERENCES
CVE:CVE-2025-20309,RISK:MEDIUM,HAS_RISK
CVE:CVE-2025-20309,CWE:CWE-798,HAS_CWE
CVE:CVE-2025-20309,CPE:cpe:2.3:a:cisco:unified_communications_manager:15.0.1.13010-1:*:*:*:-:*:*:*,AFFECTS
CVE:CVE-2025-20309,CPE:cpe:2.3:a:cisco:unified_communications_manager:15.0.1.13010-1:*:*:*:session_management:*:*:*,AFFECTS
CVE:CVE-2025-20309,CPE:cpe:2.3:a:cisco:unified_communications_manager:15.0.1.13011-1:*:*:*:-:*:*:*,AFFECTS
CVE:CVE-2025-20309,CPE:cpe:2.3:a:cisco:unified_communications_manager:15.0.1.13011-1:*:*:*:session_management:*:*:*,AFFECTS
CVE:CVE-2025-20309,CPE:cpe:2.3:a:cisco:unified_communications_manager:15.0.1.13012-1:*:*:*:-:*:*:*,AFFECTS
CVE:CVE-2025-20309,CPE:cpe:2.3:a:cisco:unified_communications_manager:15.0.1.13012-1:*:*:*:session_management:*:*:*,AFFECTS
CVE:CVE-2025-20309,CPE:cpe:2.3:a:cisco:unified_communications_manager:15.0.1.13013-1:*:*:*:-:*:*:*,AFFECTS
CVE:CVE-2025-20309,CPE:cpe:2.3:a:cisco:unified_communications_manager:15.0.1.13013-1:*:*:*:session_management:*:*:*,AFFECTS
CVE:CVE-2025-20309,CPE:cpe:2.3:a:cisco:unified_communications_manager:15.0.1.13014-1:*:*:*:-:*:*:*,AFFECTS
CVE:CVE-2025-20309,CPE:cpe:2.3:a:cisco:unified_communications_manager:15.0.1.13014-1:*:*:*:session_management:*:*:*,AFFECTS
CVE:CVE-2025-20309,CPE:cpe:2.3:a:cisco:unified_communications_manager:15.0.1.13015-1:*:*:*:-:*:*:*,AFFECTS
CVE:CVE-2025-20309,CPE:cpe:2.3:a:cisco:unified_communications_manager:15.0.1.13015-1:*:*:*:session_management:*:*:*,AFFECTS
CVE:CVE-2025-20309,CPE:cpe:2.3:a:cisco:unified_communications_manager:15.0.1.13016-1:*:*:*:-:*:*:*,AFFECTS
CVE:CVE-2025-20309,CPE:cpe:2.3:a:cisco:unified_communications_manager:15.0.1.13016-1:*:*:*:session_management:*:*:*,AFFECTS
CVE:CVE-2025-20309,CPE:cpe:2.3:a:cisco:unified_communications_manager:15.0.1.13017-1:*:*:*:-:*:*:*,AFFECTS
CVE:CVE-2025-20309,CPE:cpe:2.3:a:cisco:unified_communications_manager:15.0.1.13017-1:*:*:*:session_management:*:*:*,AFFECTS
CVE:CVE-2025-20309,REF:CVE-2025-20309:0,REFERENCES
CVE:CVE-2026-8655,RISK:MEDIUM,HAS_RISK
CVE:CVE-2026-8655,CWE:CWE-119,HAS_CWE
CVE:CVE-2026-8655,CPE:cpe:2.3:a:citrix:netscaler_application_delivery_controller:*:*:*:*:-:*:*:*,AFFECTS
CVE:CVE-2026-8655,CPE:cpe:2.3:a:citrix:netscaler_application_delivery_controller:*:*:*:*:fips:*:*:*,AFFECTS
CVE:CVE-2026-8655,CPE:cpe:2.3:a:citrix:netscaler_application_delivery_controller:*:*:*:*:ndcpp:*:*:*,AFFECTS
CVE:CVE-2026-8655,CPE:cpe:2.3:a:citrix:netscaler_application_delivery_controller:14.1-66.68:*:*:*:fips:*:*:*,AFFECTS
CVE:CVE-2026-8655,CPE:cpe:2.3:a:citrix:netscaler_gateway:*:*:*:*:*:*:*:*,AFFECTS
CVE:CVE-2026-8655,REF:CVE-2026-8655:0,REFERENCES
CVE:CVE-2024-43487,RISK:MEDIUM,HAS_RISK
CVE:CVE-2024-43487,CWE:CWE-693,HAS_CWE
CVE:CVE-2024-43487,CPE:cpe:2.3:o:microsoft:windows_10_1507:*:*:*:*:*:*:x64:*,AFFECTS
CVE:CVE-2024-43487,CPE:cpe:2.3:o:microsoft:windows_10_1507:*:*:*:*:*:*:x86:*,AFFECTS
CVE:CVE-2024-43487,CPE:cpe:2.3:o:microsoft:windows_10_1607:*:*:*:*:*:*:x64:*,AFFECTS
CVE:CVE-2024-43487,CPE:cpe:2.3:o:microsoft:windows_10_1607:*:*:*:*:*:*:x86:*,AFFECTS
CVE:CVE-2024-43487,CPE:cpe:2.3:o:microsoft:windows_10_1809:*:*:*:*:*:*:*:*,AFFECTS
CVE:CVE-2024-43487,CPE:cpe:2.3:o:microsoft:windows_10_21h2:*:*:*:*:*:*:*:*,AFFECTS
CVE:CVE-2024-43487,CPE:cpe:2.3:o:microsoft:windows_10_22h2:*:*:*:*:*:*:arm64:*,AFFECTS
CVE:CVE-2024-43487,CPE:cpe:2.3:o:microsoft:windows_10_22h2:*:*:*:*:*:*:x64:*,AFFECTS
CVE:CVE-2024-43487,CPE:cpe:2.3:o:microsoft:windows_10_22h2:*:*:*:*:*:*:x86:*,AFFECTS
CVE:CVE-2024-43487,CPE:cpe:2.3:o:microsoft:windows_server_2012:-:*:*:*:*:*:x64:*,AFFECTS
CVE:CVE-2024-43487,CPE:cpe:2.3:o:microsoft:windows_server_2012:r2:*:*:*:*:*:x64:*,AFFECTS
CVE:CVE-2024-43487,CPE:cpe:2.3:o:microsoft:windows_server_2016:*:*:*:*:*:*:*:*,AFFECTS
CVE:CVE-2024-43487,CPE:cpe:2.3:o:microsoft:windows_server_2019:*:*:*:*:*:*:*:*,AFFECTS
CVE:CVE-2024-43487,REF:CVE-2024-43487:0,REFERENCES
CVE:CVE-2025-53771,RISK:MEDIUM,HAS_RISK
CVE:CVE-2025-53771,CWE:CWE-287,HAS_CWE
CVE:CVE-2025-53771,CPE:cpe:2.3:a:microsoft:sharepoint_server:*:*:*:*:subscription:*:*:*,AFFECTS
CVE:CVE-2025-53771,CPE:cpe:2.3:a:microsoft:sharepoint_server:2016:*:*:*:enterprise:*:*:*,AFFECTS
CVE:CVE-2025-53771,CPE:cpe:2.3:a:microsoft:sharepoint_server:2019:*:*:*:*:*:*:*,AFFECTS
CVE:CVE-2025-53771,REF:CVE-2025-53771:0,REFERENCES
CVE:CVE-2025-53771,REF:CVE-2025-53771:1,REFERENCES
CVE:CVE-2025-22420,RISK:MEDIUM,HAS_RISK
CVE:CVE-2025-22420,CWE:CWE-441,HAS_CWE
CVE:CVE-2025-22420,CPE:cpe:2.3:o:google:android:13.0:*:*:*:*:*:*:*,AFFECTS
CVE:CVE-2025-22420,CPE:cpe:2.3:o:google:android:14.0:*:*:*:*:*:*:*,AFFECTS
CVE:CVE-2025-22420,CPE:cpe:2.3:o:google:android:15.0:*:*:*:*:*:*:*,AFFECTS
CVE:CVE-2025-22420,CPE:cpe:2.3:o:google:android:16.0:-:*:*:*:*:*:*,AFFECTS
CVE:CVE-2025-22420,REF:CVE-2025-22420:0,REFERENCES
CVE:CVE-2025-22420,REF:CVE-2025-22420:1,REFERENCES
CVE:CVE-2026-30966,RISK:MEDIUM,HAS_RISK
CVE:CVE-2026-30966,CWE:CWE-284,HAS_CWE
CVE:CVE-2026-30966,CPE:cpe:2.3:a:parseplatform:parse-server:*:*:*:*:*:node.js:*:*,AFFECTS
CVE:CVE-2026-30966,CPE:cpe:2.3:a:parseplatform:parse-server:9.5.2:alpha1:*:*:*:node.js:*:*,AFFECTS
CVE:CVE-2026-30966,CPE:cpe:2.3:a:parseplatform:parse-server:9.5.2:alpha2:*:*:*:node.js:*:*,AFFECTS
CVE:CVE-2026-30966,CPE:cpe:2.3:a:parseplatform:parse-server:9.5.2:alpha3:*:*:*:node.js:*:*,AFFECTS
CVE:CVE-2026-30966,CPE:cpe:2.3:a:parseplatform:parse-server:9.5.2:alpha4:*:*:*:node.js:*:*,AFFECTS
CVE:CVE-2026-30966,CPE:cpe:2.3:a:parseplatform:parse-server:9.5.2:alpha5:*:*:*:node.js:*:*,AFFECTS
CVE:CVE-2026-30966,CPE:cpe:2.3:a:parseplatform:parse-server:9.5.2:alpha6:*:*:*:node.js:*:*,AFFECTS
CVE:CVE-2026-30966,REF:CVE-2026-30966:0,REFERENCES
CVE:CVE-2026-30966,REF:CVE-2026-30966:1,REFERENCES
CVE:CVE-2026-30966,REF:CVE-2026-30966:2,REFERENCES
CVE:CVE-2024-38064,RISK:MEDIUM,HAS_RISK
CVE:CVE-2024-38064,CWE:CWE-908,HAS_CWE
CVE:CVE-2024-38064,CPE:cpe:2.3:o:microsoft:windows_10_1507:*:*:*:*:*:*:*:*,AFFECTS
CVE:CVE-2024-38064,CPE:cpe:2.3:o:microsoft:windows_10_1607:*:*:*:*:*:*:*:*,AFFECTS
CVE:CVE-2024-38064,CPE:cpe:2.3:o:microsoft:windows_10_1809:*:*:*:*:*:*:*:*,AFFECTS
CVE:CVE-2024-38064,CPE:cpe:2.3:o:microsoft:windows_10_21h2:*:*:*:*:*:*:*:*,AFFECTS
CVE:CVE-2024-38064,CPE:cpe:2.3:o:microsoft:windows_10_22h2:*:*:*:*:*:*:*:*,AFFECTS
CVE:CVE-2024-38064,CPE:cpe:2.3:o:microsoft:windows_11_21h2:*:*:*:*:*:*:*:*,AFFECTS
CVE:CVE-2024-38064,CPE:cpe:2.3:o:microsoft:windows_11_22h2:*:*:*:*:*:*:*:*,AFFECTS
CVE:CVE-2024-38064,CPE:cpe:2.3:o:microsoft:windows_11_23h2:*:*:*:*:*:*:*:*,AFFECTS
CVE:CVE-2024-38064,CPE:cpe:2.3:o:microsoft:windows_server_2008:-:sp2:*:*:*:*:*:*,AFFECTS
CVE:CVE-2024-38064,CPE:cpe:2.3:o:microsoft:windows_server_2008:r2:sp1:*:*:*:*:x64:*,AFFECTS
CVE:CVE-2024-38064,CPE:cpe:2.3:o:microsoft:windows_server_2012:-:*:*:*:*:*:*:*,AFFECTS
CVE:CVE-2024-38064,CPE:cpe:2.3:o:microsoft:windows_server_2012:r2:*:*:*:*:*:*:*,AFFECTS
CVE:CVE-2024-38064,CPE:cpe:2.3:o:microsoft:windows_server_2016:*:*:*:*:*:*:*:*,AFFECTS
CVE:CVE-2024-38064,CPE:cpe:2.3:o:microsoft:windows_server_2019:*:*:*:*:*:*:*:*,AFFECTS
CVE:CVE-2024-38064,CPE:cpe:2.3:o:microsoft:windows_server_2022:*:*:*:*:*:*:*:*,AFFECTS
CVE:CVE-2024-38064,CPE:cpe:2.3:o:microsoft:windows_server_2022_23h2:*:*:*:*:*:*:*:*,AFFECTS
CVE:CVE-2024-38064,REF:CVE-2024-38064:0,REFERENCES
CVE:CVE-2026-19586,RISK:MEDIUM,HAS_RISK
CVE:CVE-2026-19586,CWE:CWE-78,HAS_CWE
CVE:CVE-2026-19586,CPE:cpe:2.3:h:tp-link:dr3150:-:*:*:*:*:*:*:*,AFFECTS
CVE:CVE-2026-19586,CPE:cpe:2.3:h:tp-link:dr3220v-4g:-:*:*:*:*:*:*:*,AFFECTS
CVE:CVE-2026-19586,CPE:cpe:2.3:h:tp-link:dr3650v-4g:-:*:*:*:*:*:*:*,AFFECTS
CVE:CVE-2026-19586,CPE:cpe:2.3:h:tp-link:dr3650v:-:*:*:*:*:*:*:*,AFFECTS
CVE:CVE-2026-19586,CPE:cpe:2.3:h:tp-link:er603wp-4g-outdoor:-:*:*:*:*:*:*:*,AFFECTS
CVE:CVE-2026-19586,CPE:cpe:2.3:h:tp-link:er605:2.0:*:*:*:*:*:*:*,AFFECTS
CVE:CVE-2026-19586,CPE:cpe:2.3:h:tp-link:er605w:2.0:*:*:*:*:*:*:*,AFFECTS
CVE:CVE-2026-19586,CPE:cpe:2.3:h:tp-link:er701-5g-outdoor:-:*:*:*:*:*:*:*,AFFECTS
CVE:CVE-2026-19586,CPE:cpe:2.3:h:tp-link:er703wp-4g-outdoor:-:*:*:*:*:*:*:*,AFFECTS
CVE:CVE-2026-19586,CPE:cpe:2.3:h:tp-link:er706w-4g:-:*:*:*:*:*:*:*,AFFECTS
CVE:CVE-2026-19586,CPE:cpe:2.3:h:tp-link:er706w-4g:2.0:*:*:*:*:*:*:*,AFFECTS
CVE:CVE-2026-19586,CPE:cpe:2.3:h:tp-link:er706w:-:*:*:*:*:*:*:*,AFFECTS
CVE:CVE-2026-19586,CPE:cpe:2.3:h:tp-link:er706wp-4g:-:*:*:*:*:*:*:*,AFFECTS
CVE:CVE-2026-19586,CPE:cpe:2.3:h:tp-link:er707-m2:-:*:*:*:*:*:*:*,AFFECTS
CVE:CVE-2026-19586,CPE:cpe:2.3:h:tp-link:er7206:2.0:*:*:*:*:*:*:*,AFFECTS
CVE:CVE-2026-19586,CPE:cpe:2.3:h:tp-link:er7212pc:2.0:*:*:*:*:*:*:*,AFFECTS
CVE:CVE-2026-19586,CPE:cpe:2.3:h:tp-link:er7406:-:*:*:*:*:*:*:*,AFFECTS
CVE:CVE-2026-19586,CPE:cpe:2.3:h:tp-link:er7412-m2:-:*:*:*:*:*:*:*,AFFECTS
CVE:CVE-2026-19586,CPE:cpe:2.3:h:tp-link:er8411:-:*:*:*:*:*:*:*,AFFECTS
CVE:CVE-2026-19586,CPE:cpe:2.3:o:tp-link:dr3150_firmware:*:*:*:*:*:*:*:*,AFFECTS
CVE:CVE-2026-19586,CPE:cpe:2.3:o:tp-link:dr3220v-4g_firmware:*:*:*:*:*:*:*:*,AFFECTS
CVE:CVE-2026-19586,CPE:cpe:2.3:o:tp-link:dr3650v-4g_firmware:*:*:*:*:*:*:*:*,AFFECTS
CVE:CVE-2026-19586,CPE:cpe:2.3:o:tp-link:dr3650v_firmware:*:*:*:*:*:*:*:*,AFFECTS
CVE:CVE-2026-19586,CPE:cpe:2.3:o:tp-link:er603wp-4g-outdoor_firmware:*:*:*:*:*:*:*:*,AFFECTS
CVE:CVE-2026-19586,CPE:cpe:2.3:o:tp-link:er605_firmware:*:*:*:*:*:*:*:*,AFFECTS
CVE:CVE-2026-19586,CPE:cpe:2.3:o:tp-link:er605w_firmware:*:*:*:*:*:*:*:*,AFFECTS
CVE:CVE-2026-19586,CPE:cpe:2.3:o:tp-link:er701-5g-outdoor_firmware:*:*:*:*:*:*:*:*,AFFECTS
CVE:CVE-2026-19586,CPE:cpe:2.3:o:tp-link:er703wp-4g-outdoor_firmware:*:*:*:*:*:*:*:*,AFFECTS
CVE:CVE-2026-19586,CPE:cpe:2.3:o:tp-link:er706w-4g_firmware:*:*:*:*:*:*:*:*,AFFECTS
CVE:CVE-2026-19586,CPE:cpe:2.3:o:tp-link:er706w_firmware:*:*:*:*:*:*:*:*,AFFECTS
CVE:CVE-2026-19586,CPE:cpe:2.3:o:tp-link:er706wp-4g_firmware:*:*:*:*:*:*:*:*,AFFECTS
CVE:CVE-2026-19586,CPE:cpe:2.3:o:tp-link:er707-m2_firmware:*:*:*:*:*:*:*:*,AFFECTS
CVE:CVE-2026-19586,CPE:cpe:2.3:o:tp-link:er7206_firmware:*:*:*:*:*:*:*:*,AFFECTS
CVE:CVE-2026-19586,CPE:cpe:2.3:o:tp-link:er7212pc_firmware:*:*:*:*:*:*:*:*,AFFECTS
CVE:CVE-2026-19586,CPE:cpe:2.3:o:tp-link:er7406_firmware:*:*:*:*:*:*:*:*,AFFECTS
CVE:CVE-2026-19586,CPE:cpe:2.3:o:tp-link:er7412-m2_firmware:*:*:*:*:*:*:*:*,AFFECTS
CVE:CVE-2026-19586,CPE:cpe:2.3:o:tp-link:er8411_firmware:*:*:*:*:*:*:*:*,AFFECTS
CVE:CVE-2026-19586,REF:CVE-2026-19586:0,REFERENCES
CVE:CVE-2026-19586,REF:CVE-2026-19586:1,REFERENCES
CVE:CVE-2026-19586,REF:CVE-2026-19586:2,REFERENCES
CVE:CVE-2026-19586,REF:CVE-2026-19586:3,REFERENCES
CVE:CVE-2024-21371,RISK:MEDIUM,HAS_RISK
CVE:CVE-2024-21371,CWE:CWE-367,HAS_CWE
CVE:CVE-2024-21371,CPE:cpe:2.3:o:microsoft:windows_10_1507:*:*:*:*:*:*:*:*,AFFECTS
CVE:CVE-2024-21371,CPE:cpe:2.3:o:microsoft:windows_10_1607:*:*:*:*:*:*:*:*,AFFECTS
CVE:CVE-2024-21371,CPE:cpe:2.3:o:microsoft:windows_10_1809:*:*:*:*:*:*:*:*,AFFECTS
CVE:CVE-2024-21371,CPE:cpe:2.3:o:microsoft:windows_10_21h2:*:*:*:*:*:*:*:*,AFFECTS
CVE:CVE-2024-21371,CPE:cpe:2.3:o:microsoft:windows_10_22h2:*:*:*:*:*:*:*:*,AFFECTS
CVE:CVE-2024-21371,CPE:cpe:2.3:o:microsoft:windows_11_21h2:*:*:*:*:*:*:*:*,AFFECTS
CVE:CVE-2024-21371,CPE:cpe:2.3:o:microsoft:windows_11_22h2:*:*:*:*:*:*:*:*,AFFECTS
CVE:CVE-2024-21371,CPE:cpe:2.3:o:microsoft:windows_11_23h2:*:*:*:*:*:*:*:*,AFFECTS
CVE:CVE-2024-21371,CPE:cpe:2.3:o:microsoft:windows_server_2012:-:*:*:*:*:*:*:*,AFFECTS
CVE:CVE-2024-21371,CPE:cpe:2.3:o:microsoft:windows_server_2012:r2:*:*:*:*:*:*:*,AFFECTS
CVE:CVE-2024-21371,CPE:cpe:2.3:o:microsoft:windows_server_2016:*:*:*:*:*:*:*:*,AFFECTS
CVE:CVE-2024-21371,CPE:cpe:2.3:o:microsoft:windows_server_2019:*:*:*:*:*:*:*:*,AFFECTS
CVE:CVE-2024-21371,CPE:cpe:2.3:o:microsoft:windows_server_2022:*:*:*:*:*:*:*:*,AFFECTS
CVE:CVE-2024-21371,CPE:cpe:2.3:o:microsoft:windows_server_2022_23h2:*:*:*:*:*:*:*:*,AFFECTS
CVE:CVE-2024-21371,REF:CVE-2024-21371:0,REFERENCES
CVE:CVE-2024-21434,RISK:MEDIUM,HAS_RISK
CVE:CVE-2024-21434,CWE:CWE-197,HAS_CWE
CVE:CVE-2024-21434,CPE:cpe:2.3:o:microsoft:windows_10_1507:*:*:*:*:*:*:*:*,AFFECTS
CVE:CVE-2024-21434,CPE:cpe:2.3:o:microsoft:windows_10_1607:*:*:*:*:*:*:*:*,AFFECTS
CVE:CVE-2024-21434,CPE:cpe:2.3:o:microsoft:windows_10_1809:*:*:*:*:*:*:*:*,AFFECTS
CVE:CVE-2024-21434,CPE:cpe:2.3:o:microsoft:windows_10_21h2:*:*:*:*:*:*:*:*,AFFECTS
CVE:CVE-2024-21434,CPE:cpe:2.3:o:microsoft:windows_10_22h2:*:*:*:*:*:*:*:*,AFFECTS
CVE:CVE-2024-21434,CPE:cpe:2.3:o:microsoft:windows_11_21h2:*:*:*:*:*:*:*:*,AFFECTS
CVE:CVE-2024-21434,CPE:cpe:2.3:o:microsoft:windows_11_22h2:*:*:*:*:*:*:*:*,AFFECTS
CVE:CVE-2024-21434,CPE:cpe:2.3:o:microsoft:windows_11_23h2:*:*:*:*:*:*:*:*,AFFECTS
CVE:CVE-2024-21434,CPE:cpe:2.3:o:microsoft:windows_server_2016:*:*:*:*:*:*:*:*,AFFECTS
CVE:CVE-2024-21434,CPE:cpe:2.3:o:microsoft:windows_server_2019:*:*:*:*:*:*:*:*,AFFECTS
CVE:CVE-2024-21434,CPE:cpe:2.3:o:microsoft:windows_server_2022:*:*:*:*:*:*:*:*,AFFECTS
CVE:CVE-2024-21434,CPE:cpe:2.3:o:microsoft:windows_server_2022_23h2:*:*:*:*:*:*:*:*,AFFECTS
CVE:CVE-2024-21434,REF:CVE-2024-21434:0,REFERENCES
CVE:CVE-2024-7720,RISK:MEDIUM,HAS_RISK
CVE:CVE-2024-7720,CWE:CWE-94,HAS_CWE
CVE:CVE-2024-7720,CPE:cpe:2.3:a:hp:security_manager:3.11:*:*:*:*:*:*:*,AFFECTS
CVE:CVE-2024-7720,REF:CVE-2024-7720:0,REFERENCES
CVE:CVE-2024-38257,RISK:MEDIUM,HAS_RISK
CVE:CVE-2024-38257,CWE:CWE-908,HAS_CWE
CVE:CVE-2024-38257,CPE:cpe:2.3:o:microsoft:windows_10_1607:*:*:*:*:*:*:x64:*,AFFECTS
CVE:CVE-2024-38257,CPE:cpe:2.3:o:microsoft:windows_10_1607:*:*:*:*:*:*:x86:*,AFFECTS
CVE:CVE-2024-38257,CPE:cpe:2.3:o:microsoft:windows_10_1809:*:*:*:*:*:*:*:*,AFFECTS
CVE:CVE-2024-38257,CPE:cpe:2.3:o:microsoft:windows_10_21h1:*:*:*:*:*:*:*:*,AFFECTS
CVE:CVE-2024-38257,CPE:cpe:2.3:o:microsoft:windows_10_22h2:*:*:*:*:*:*:arm64:*,AFFECTS
CVE:CVE-2024-38257,CPE:cpe:2.3:o:microsoft:windows_10_22h2:*:*:*:*:*:*:x64:*,AFFECTS
CVE:CVE-2024-38257,CPE:cpe:2.3:o:microsoft:windows_10_22h2:*:*:*:*:*:*:x86:*,AFFECTS
CVE:CVE-2024-38257,CPE:cpe:2.3:o:microsoft:windows_11_21h2:*:*:*:*:*:*:*:*,AFFECTS
CVE:CVE-2024-38257,CPE:cpe:2.3:o:microsoft:windows_11_22h2:*:*:*:*:*:*:*:*,AFFECTS
CVE:CVE-2024-38257,CPE:cpe:2.3:o:microsoft:windows_11_23h2:*:*:*:*:*:*:*:*,AFFECTS
CVE:CVE-2024-38257,CPE:cpe:2.3:o:microsoft:windows_server_2016:*:*:*:*:*:*:*:*,AFFECTS
CVE:CVE-2024-38257,CPE:cpe:2.3:o:microsoft:windows_server_2019:*:*:*:*:*:*:*:*,AFFECTS
CVE:CVE-2024-38257,CPE:cpe:2.3:o:microsoft:windows_server_2022:*:*:*:*:*:*:*:*,AFFECTS
CVE:CVE-2024-38257,CPE:cpe:2.3:o:microsoft:windows_server_2022_23h2:*:*:*:*:*:*:*:*,AFFECTS
CVE:CVE-2024-38257,REF:CVE-2024-38257:0,REFERENCES
CVE:CVE-2024-38257,REF:CVE-2024-38257:1,REFERENCES
CVE:CVE-2024-43547,RISK:MEDIUM,HAS_RISK
CVE:CVE-2024-43547,CWE:CWE-325,HAS_CWE
CVE:CVE-2024-43547,CPE:cpe:2.3:o:microsoft:windows_10_1507:*:*:*:*:*:*:x64:*,AFFECTS
CVE:CVE-2024-43547,CPE:cpe:2.3:o:microsoft:windows_10_1507:*:*:*:*:*:*:x86:*,AFFECTS
CVE:CVE-2024-43547,CPE:cpe:2.3:o:microsoft:windows_10_1607:*:*:*:*:*:*:x64:*,AFFECTS
CVE:CVE-2024-43547,CPE:cpe:2.3:o:microsoft:windows_10_1607:*:*:*:*:*:*:x86:*,AFFECTS
CVE:CVE-2024-43547,CPE:cpe:2.3:o:microsoft:windows_10_1809:*:*:*:*:*:*:x64:*,AFFECTS
CVE:CVE-2024-43547,CPE:cpe:2.3:o:microsoft:windows_10_1809:*:*:*:*:*:*:x86:*,AFFECTS
CVE:CVE-2024-43547,CPE:cpe:2.3:o:microsoft:windows_10_21h2:*:*:*:*:*:*:*:*,AFFECTS
CVE:CVE-2024-43547,CPE:cpe:2.3:o:microsoft:windows_10_22h2:*:*:*:*:*:*:*:*,AFFECTS
CVE:CVE-2024-43547,CPE:cpe:2.3:o:microsoft:windows_11_21h2:*:*:*:*:*:*:*:*,AFFECTS
CVE:CVE-2024-43547,CPE:cpe:2.3:o:microsoft:windows_11_22h2:*:*:*:*:*:*:*:*,AFFECTS
CVE:CVE-2024-43547,CPE:cpe:2.3:o:microsoft:windows_11_23h2:*:*:*:*:*:*:*:*,AFFECTS
CVE:CVE-2024-43547,CPE:cpe:2.3:o:microsoft:windows_11_24h2:*:*:*:*:*:*:*:*,AFFECTS
CVE:CVE-2024-43547,CPE:cpe:2.3:o:microsoft:windows_server_2008:-:sp2:*:*:*:*:x64:*,AFFECTS
CVE:CVE-2024-43547,CPE:cpe:2.3:o:microsoft:windows_server_2008:-:sp2:*:*:*:*:x86:*,AFFECTS
CVE:CVE-2024-43547,CPE:cpe:2.3:o:microsoft:windows_server_2008:r2:sp1:*:*:*:*:x64:*,AFFECTS
CVE:CVE-2024-43547,CPE:cpe:2.3:o:microsoft:windows_server_2012:-:*:*:*:*:*:*:*,AFFECTS
CVE:CVE-2024-43547,CPE:cpe:2.3:o:microsoft:windows_server_2012:r2:*:*:*:*:*:*:*,AFFECTS
CVE:CVE-2024-43547,CPE:cpe:2.3:o:microsoft:windows_server_2016:*:*:*:*:*:*:*:*,AFFECTS
CVE:CVE-2024-43547,CPE:cpe:2.3:o:microsoft:windows_server_2019:*:*:*:*:*:*:*:*,AFFECTS
CVE:CVE-2024-43547,CPE:cpe:2.3:o:microsoft:windows_server_2022:*:*:*:*:*:*:*:*,AFFECTS
CVE:CVE-2024-43547,CPE:cpe:2.3:o:microsoft:windows_server_2022_23h2:*:*:*:*:*:*:*:*,AFFECTS
CVE:CVE-2024-43547,REF:CVE-2024-43547:0,REFERENCES
CVE:CVE-2024-43563,RISK:MEDIUM,HAS_RISK
CVE:CVE-2024-43563,CWE:CWE-591,HAS_CWE
CVE:CVE-2024-43563,CPE:cpe:2.3:o:microsoft:windows_10_1507:*:*:*:*:*:*:x64:*,AFFECTS
CVE:CVE-2024-43563,CPE:cpe:2.3:o:microsoft:windows_10_1507:*:*:*:*:*:*:x86:*,AFFECTS
CVE:CVE-2024-43563,CPE:cpe:2.3:o:microsoft:windows_10_1607:*:*:*:*:*:*:x64:*,AFFECTS
CVE:CVE-2024-43563,CPE:cpe:2.3:o:microsoft:windows_10_1607:*:*:*:*:*:*:x86:*,AFFECTS
CVE:CVE-2024-43563,CPE:cpe:2.3:o:microsoft:windows_10_1809:*:*:*:*:*:*:x64:*,AFFECTS
CVE:CVE-2024-43563,CPE:cpe:2.3:o:microsoft:windows_10_1809:*:*:*:*:*:*:x86:*,AFFECTS
CVE:CVE-2024-43563,CPE:cpe:2.3:o:microsoft:windows_10_21h2:*:*:*:*:*:*:*:*,AFFECTS
CVE:CVE-2024-43563,CPE:cpe:2.3:o:microsoft:windows_10_22h2:*:*:*:*:*:*:*:*,AFFECTS
CVE:CVE-2024-43563,CPE:cpe:2.3:o:microsoft:windows_11_21h2:*:*:*:*:*:*:*:*,AFFECTS
CVE:CVE-2024-43563,CPE:cpe:2.3:o:microsoft:windows_11_22h2:*:*:*:*:*:*:*:*,AFFECTS
CVE:CVE-2024-43563,CPE:cpe:2.3:o:microsoft:windows_11_23h2:*:*:*:*:*:*:*:*,AFFECTS
CVE:CVE-2024-43563,CPE:cpe:2.3:o:microsoft:windows_11_24h2:*:*:*:*:*:*:*:*,AFFECTS
CVE:CVE-2024-43563,CPE:cpe:2.3:o:microsoft:windows_server_2012:-:*:*:*:*:*:*:*,AFFECTS
CVE:CVE-2024-43563,CPE:cpe:2.3:o:microsoft:windows_server_2012:r2:*:*:*:*:*:*:*,AFFECTS
CVE:CVE-2024-43563,CPE:cpe:2.3:o:microsoft:windows_server_2016:*:*:*:*:*:*:*:*,AFFECTS
CVE:CVE-2024-43563,CPE:cpe:2.3:o:microsoft:windows_server_2019:*:*:*:*:*:*:*:*,AFFECTS
CVE:CVE-2024-43563,CPE:cpe:2.3:o:microsoft:windows_server_2022:*:*:*:*:*:*:*:*,AFFECTS
CVE:CVE-2024-43563,CPE:cpe:2.3:o:microsoft:windows_server_2022_23h2:*:*:*:*:*:*:*:*,AFFECTS
CVE:CVE-2024-43563,REF:CVE-2024-43563:0,REFERENCES
CVE:CVE-2024-43629,RISK:MEDIUM,HAS_RISK
CVE:CVE-2024-43629,CWE:CWE-822,HAS_CWE
CVE:CVE-2024-43629,CPE:cpe:2.3:o:microsoft:windows_10_1809:*:*:*:*:*:*:x64:*,AFFECTS
CVE:CVE-2024-43629,CPE:cpe:2.3:o:microsoft:windows_10_1809:*:*:*:*:*:*:x86:*,AFFECTS
CVE:CVE-2024-43629,CPE:cpe:2.3:o:microsoft:windows_10_21h2:*:*:*:*:*:*:arm64:*,AFFECTS
CVE:CVE-2024-43629,CPE:cpe:2.3:o:microsoft:windows_10_21h2:*:*:*:*:*:*:x64:*,AFFECTS
CVE:CVE-2024-43629,CPE:cpe:2.3:o:microsoft:windows_10_21h2:*:*:*:*:*:*:x86:*,AFFECTS
CVE:CVE-2024-43629,CPE:cpe:2.3:o:microsoft:windows_10_22h2:*:*:*:*:*:*:arm64:*,AFFECTS
CVE:CVE-2024-43629,CPE:cpe:2.3:o:microsoft:windows_10_22h2:*:*:*:*:*:*:x64:*,AFFECTS
CVE:CVE-2024-43629,CPE:cpe:2.3:o:microsoft:windows_10_22h2:*:*:*:*:*:*:x86:*,AFFECTS
CVE:CVE-2024-43629,CPE:cpe:2.3:o:microsoft:windows_11_22h2:*:*:*:*:*:*:arm64:*,AFFECTS
CVE:CVE-2024-43629,CPE:cpe:2.3:o:microsoft:windows_11_22h2:*:*:*:*:*:*:x64:*,AFFECTS
CVE:CVE-2024-43629,CPE:cpe:2.3:o:microsoft:windows_11_23h2:*:*:*:*:*:*:arm64:*,AFFECTS
CVE:CVE-2024-43629,CPE:cpe:2.3:o:microsoft:windows_11_23h2:*:*:*:*:*:*:x64:*,AFFECTS
CVE:CVE-2024-43629,CPE:cpe:2.3:o:microsoft:windows_11_24h2:*:*:*:*:*:*:arm64:*,AFFECTS
CVE:CVE-2024-43629,CPE:cpe:2.3:o:microsoft:windows_11_24h2:*:*:*:*:*:*:x64:*,AFFECTS
CVE:CVE-2024-43629,CPE:cpe:2.3:o:microsoft:windows_server_2019:*:*:*:*:*:*:*:*,AFFECTS
CVE:CVE-2024-43629,CPE:cpe:2.3:o:microsoft:windows_server_2022:*:*:*:*:*:*:*:*,AFFECTS
CVE:CVE-2024-43629,CPE:cpe:2.3:o:microsoft:windows_server_2022_23h2:*:*:*:*:*:*:*:*,AFFECTS
CVE:CVE-2024-43629,CPE:cpe:2.3:o:microsoft:windows_server_2025:*:*:*:*:*:*:*:*,AFFECTS
CVE:CVE-2024-43629,REF:CVE-2024-43629:0,REFERENCES
CVE:CVE-2026-57827,RISK:MEDIUM,HAS_RISK
CVE:CVE-2026-57827,CWE:CWE-434,HAS_CWE
CVE:CVE-2026-57827,CPE:cpe:2.3:a:rsjoomla:rsfiles\!:*:*:*:*:*:joomla\!:*:*,AFFECTS
CVE:CVE-2026-57827,REF:CVE-2026-57827:0,REFERENCES
CVE:CVE-2026-57827,REF:CVE-2026-57827:1,REFERENCES
CVE:CVE-2026-65770,RISK:MEDIUM,HAS_RISK
CVE:CVE-2026-65770,CWE:CWE-88,HAS_CWE
CVE:CVE-2026-65770,CPE:cpe:2.3:a:microsoft:azure_managed_instance_for_apache_cassandra:-:*:*:*:*:*:*:*,AFFECTS
CVE:CVE-2026-65770,REF:CVE-2026-65770:0,REFERENCES
CVE:CVE-2024-20329,RISK:MEDIUM,HAS_RISK
CVE:CVE-2024-20329,CWE:CWE-146,HAS_CWE
CVE:CVE-2024-20329,CPE:cpe:2.3:o:cisco:adaptive_security_appliance_software:9.17.1.10:*:*:*:*:*:*:*,AFFECTS
CVE:CVE-2024-20329,CPE:cpe:2.3:o:cisco:adaptive_security_appliance_software:9.17.1.11:*:*:*:*:*:*:*,AFFECTS
CVE:CVE-2024-20329,CPE:cpe:2.3:o:cisco:adaptive_security_appliance_software:9.17.1.13:*:*:*:*:*:*:*,AFFECTS
CVE:CVE-2024-20329,CPE:cpe:2.3:o:cisco:adaptive_security_appliance_software:9.17.1.15:*:*:*:*:*:*:*,AFFECTS
CVE:CVE-2024-20329,CPE:cpe:2.3:o:cisco:adaptive_security_appliance_software:9.17.1.20:*:*:*:*:*:*:*,AFFECTS
CVE:CVE-2024-20329,CPE:cpe:2.3:o:cisco:adaptive_security_appliance_software:9.17.1.30:*:*:*:*:*:*:*,AFFECTS
CVE:CVE-2024-20329,CPE:cpe:2.3:o:cisco:adaptive_security_appliance_software:9.17.1.33:*:*:*:*:*:*:*,AFFECTS
CVE:CVE-2024-20329,CPE:cpe:2.3:o:cisco:adaptive_security_appliance_software:9.17.1.7:*:*:*:*:*:*:*,AFFECTS
CVE:CVE-2024-20329,CPE:cpe:2.3:o:cisco:adaptive_security_appliance_software:9.17.1.9:*:*:*:*:*:*:*,AFFECTS
CVE:CVE-2024-20329,CPE:cpe:2.3:o:cisco:adaptive_security_appliance_software:9.17.1:*:*:*:*:*:*:*,AFFECTS
CVE:CVE-2024-20329,CPE:cpe:2.3:o:cisco:adaptive_security_appliance_software:9.18.1.3:*:*:*:*:*:*:*,AFFECTS
CVE:CVE-2024-20329,CPE:cpe:2.3:o:cisco:adaptive_security_appliance_software:9.18.1:*:*:*:*:*:*:*,AFFECTS
CVE:CVE-2024-20329,CPE:cpe:2.3:o:cisco:adaptive_security_appliance_software:9.18.2.5:*:*:*:*:*:*:*,AFFECTS
CVE:CVE-2024-20329,CPE:cpe:2.3:o:cisco:adaptive_security_appliance_software:9.18.2.7:*:*:*:*:*:*:*,AFFECTS
CVE:CVE-2024-20329,CPE:cpe:2.3:o:cisco:adaptive_security_appliance_software:9.18.2.8:*:*:*:*:*:*:*,AFFECTS
CVE:CVE-2024-20329,CPE:cpe:2.3:o:cisco:adaptive_security_appliance_software:9.18.2:*:*:*:*:*:*:*,AFFECTS
CVE:CVE-2024-20329,CPE:cpe:2.3:o:cisco:adaptive_security_appliance_software:9.18.3.39:*:*:*:*:*:*:*,AFFECTS
CVE:CVE-2024-20329,CPE:cpe:2.3:o:cisco:adaptive_security_appliance_software:9.18.3.46:*:*:*:*:*:*:*,AFFECTS
CVE:CVE-2024-20329,CPE:cpe:2.3:o:cisco:adaptive_security_appliance_software:9.18.3.53:*:*:*:*:*:*:*,AFFECTS
CVE:CVE-2024-20329,CPE:cpe:2.3:o:cisco:adaptive_security_appliance_software:9.18.3.55:*:*:*:*:*:*:*,AFFECTS
CVE:CVE-2024-20329,CPE:cpe:2.3:o:cisco:adaptive_security_appliance_software:9.18.3.56:*:*:*:*:*:*:*,AFFECTS
CVE:CVE-2024-20329,CPE:cpe:2.3:o:cisco:adaptive_security_appliance_software:9.18.3:*:*:*:*:*:*:*,AFFECTS
CVE:CVE-2024-20329,CPE:cpe:2.3:o:cisco:adaptive_security_appliance_software:9.19.1.12:*:*:*:*:*:*:*,AFFECTS
CVE:CVE-2024-20329,CPE:cpe:2.3:o:cisco:adaptive_security_appliance_software:9.19.1.18:*:*:*:*:*:*:*,AFFECTS
CVE:CVE-2024-20329,CPE:cpe:2.3:o:cisco:adaptive_security_appliance_software:9.19.1.5:*:*:*:*:*:*:*,AFFECTS
CVE:CVE-2024-20329,CPE:cpe:2.3:o:cisco:adaptive_security_appliance_software:9.19.1.9:*:*:*:*:*:*:*,AFFECTS
CVE:CVE-2024-20329,CPE:cpe:2.3:o:cisco:adaptive_security_appliance_software:9.19.1:*:*:*:*:*:*:*,AFFECTS
CVE:CVE-2024-20329,REF:CVE-2024-20329:0,REFERENCES
CVE:CVE-2024-20329,REF:CVE-2024-20329:1,REFERENCES
CVE:CVE-2024-20329,REF:CVE-2024-20329:2,REFERENCES
CVE:CVE-2025-21420,RISK:MEDIUM,HAS_RISK
CVE:CVE-2025-21420,CWE:CWE-59,HAS_CWE
CVE:CVE-2025-21420,CPE:cpe:2.3:o:microsoft:windows_10_1507:*:*:*:*:*:*:x64:*,AFFECTS
CVE:CVE-2025-21420,CPE:cpe:2.3:o:microsoft:windows_10_1507:*:*:*:*:*:*:x86:*,AFFECTS
CVE:CVE-2025-21420,CPE:cpe:2.3:o:microsoft:windows_10_1607:*:*:*:*:*:*:x64:*,AFFECTS
CVE:CVE-2025-21420,CPE:cpe:2.3:o:microsoft:windows_10_1607:*:*:*:*:*:*:x86:*,AFFECTS
CVE:CVE-2025-21420,CPE:cpe:2.3:o:microsoft:windows_10_1809:*:*:*:*:*:*:x64:*,AFFECTS
CVE:CVE-2025-21420,CPE:cpe:2.3:o:microsoft:windows_10_1809:*:*:*:*:*:*:x86:*,AFFECTS
CVE:CVE-2025-21420,CPE:cpe:2.3:o:microsoft:windows_10_21h2:*:*:*:*:*:*:*:*,AFFECTS
CVE:CVE-2025-21420,CPE:cpe:2.3:o:microsoft:windows_10_22h2:*:*:*:*:*:*:*:*,AFFECTS
CVE:CVE-2025-21420,CPE:cpe:2.3:o:microsoft:windows_11_22h2:*:*:*:*:*:*:*:*,AFFECTS
CVE:CVE-2025-21420,CPE:cpe:2.3:o:microsoft:windows_11_23h2:*:*:*:*:*:*:*:*,AFFECTS
CVE:CVE-2025-21420,CPE:cpe:2.3:o:microsoft:windows_11_24h2:*:*:*:*:*:*:*:*,AFFECTS
CVE:CVE-2025-21420,CPE:cpe:2.3:o:microsoft:windows_server_2012:-:*:*:*:*:*:*:*,AFFECTS
CVE:CVE-2025-21420,CPE:cpe:2.3:o:microsoft:windows_server_2012:r2:*:*:*:*:*:*:*,AFFECTS
CVE:CVE-2025-21420,CPE:cpe:2.3:o:microsoft:windows_server_2016:*:*:*:*:*:*:*:*,AFFECTS
CVE:CVE-2025-21420,CPE:cpe:2.3:o:microsoft:windows_server_2019:*:*:*:*:*:*:*:*,AFFECTS
CVE:CVE-2025-21420,CPE:cpe:2.3:o:microsoft:windows_server_2022:*:*:*:*:*:*:*:*,AFFECTS
CVE:CVE-2025-21420,CPE:cpe:2.3:o:microsoft:windows_server_2022_23h2:*:*:*:*:*:*:x64:*,AFFECTS
CVE:CVE-2025-21420,CPE:cpe:2.3:o:microsoft:windows_server_2025:*:*:*:*:*:*:x64:*,AFFECTS
CVE:CVE-2025-21420,REF:CVE-2025-21420:0,REFERENCES
CVE:CVE-2025-24996,RISK:MEDIUM,HAS_RISK
CVE:CVE-2025-24996,CWE:CWE-73,HAS_CWE
CVE:CVE-2025-24996,CPE:cpe:2.3:o:microsoft:windows_10_1507:*:*:*:*:*:*:x64:*,AFFECTS
CVE:CVE-2025-24996,CPE:cpe:2.3:o:microsoft:windows_10_1507:*:*:*:*:*:*:x86:*,AFFECTS
CVE:CVE-2025-24996,CPE:cpe:2.3:o:microsoft:windows_10_1607:*:*:*:*:*:*:x64:*,AFFECTS
CVE:CVE-2025-24996,CPE:cpe:2.3:o:microsoft:windows_10_1607:*:*:*:*:*:*:x86:*,AFFECTS
CVE:CVE-2025-24996,CPE:cpe:2.3:o:microsoft:windows_10_1809:*:*:*:*:*:*:x64:*,AFFECTS
CVE:CVE-2025-24996,CPE:cpe:2.3:o:microsoft:windows_10_1809:*:*:*:*:*:*:x86:*,AFFECTS
CVE:CVE-2025-24996,CPE:cpe:2.3:o:microsoft:windows_10_21h2:*:*:*:*:*:*:*:*,AFFECTS
CVE:CVE-2025-24996,CPE:cpe:2.3:o:microsoft:windows_10_22h2:*:*:*:*:*:*:*:*,AFFECTS
CVE:CVE-2025-24996,CPE:cpe:2.3:o:microsoft:windows_11_22h2:*:*:*:*:*:*:*:*,AFFECTS
CVE:CVE-2025-24996,CPE:cpe:2.3:o:microsoft:windows_11_23h2:*:*:*:*:*:*:*:*,AFFECTS
CVE:CVE-2025-24996,CPE:cpe:2.3:o:microsoft:windows_11_24h2:*:*:*:*:*:*:*:*,AFFECTS
CVE:CVE-2025-24996,CPE:cpe:2.3:o:microsoft:windows_server_2008:r2:sp1:*:*:*:*:x64:*,AFFECTS
CVE:CVE-2025-24996,CPE:cpe:2.3:o:microsoft:windows_server_2012:-:*:*:*:*:*:*:*,AFFECTS
CVE:CVE-2025-24996,CPE:cpe:2.3:o:microsoft:windows_server_2012:r2:*:*:*:*:*:*:*,AFFECTS
CVE:CVE-2025-24996,CPE:cpe:2.3:o:microsoft:windows_server_2016:*:*:*:*:*:*:*:*,AFFECTS
CVE:CVE-2025-24996,CPE:cpe:2.3:o:microsoft:windows_server_2019:*:*:*:*:*:*:*:*,AFFECTS
CVE:CVE-2025-24996,CPE:cpe:2.3:o:microsoft:windows_server_2022:*:*:*:*:*:*:*:*,AFFECTS
CVE:CVE-2025-24996,CPE:cpe:2.3:o:microsoft:windows_server_2022_23h2:*:*:*:*:*:*:*:*,AFFECTS
CVE:CVE-2025-24996,CPE:cpe:2.3:o:microsoft:windows_server_2025:*:*:*:*:*:*:*:*,AFFECTS
CVE:CVE-2025-24996,REF:CVE-2025-24996:0,REFERENCES
CVE:CVE-2026-0899,RISK:MEDIUM,HAS_RISK
CVE:CVE-2026-0899,CWE:CWE-125,HAS_CWE
CVE:CVE-2026-0899,CWE:CWE-787,HAS_CWE
CVE:CVE-2026-0899,CPE:cpe:2.3:a:google:chrome:*:*:*:*:*:*:*:*,AFFECTS
CVE:CVE-2026-0899,CPE:cpe:2.3:o:apple:macos:-:*:*:*:*:*:*:*,AFFECTS
CVE:CVE-2026-0899,CPE:cpe:2.3:o:linux:linux_kernel:-:*:*:*:*:*:*:*,AFFECTS
CVE:CVE-2026-0899,CPE:cpe:2.3:o:microsoft:windows:-:*:*:*:*:*:*:*,AFFECTS
CVE:CVE-2026-0899,REF:CVE-2026-0899:0,REFERENCES
CVE:CVE-2026-0899,REF:CVE-2026-0899:1,REFERENCES
CVE:CVE-2024-38153,RISK:MEDIUM,HAS_RISK
CVE:CVE-2024-38153,CWE:CWE-367,HAS_CWE
CVE:CVE-2024-38153,CPE:cpe:2.3:o:microsoft:windows_10_1507:*:*:*:*:*:*:*:*,AFFECTS
CVE:CVE-2024-38153,CPE:cpe:2.3:o:microsoft:windows_10_1607:*:*:*:*:*:*:*:*,AFFECTS
CVE:CVE-2024-38153,CPE:cpe:2.3:o:microsoft:windows_10_1809:*:*:*:*:*:*:*:*,AFFECTS
CVE:CVE-2024-38153,CPE:cpe:2.3:o:microsoft:windows_10_21h2:*:*:*:*:*:*:*:*,AFFECTS
CVE:CVE-2024-38153,CPE:cpe:2.3:o:microsoft:windows_10_22h2:*:*:*:*:*:*:*:*,AFFECTS
CVE:CVE-2024-38153,CPE:cpe:2.3:o:microsoft:windows_11_21h2:*:*:*:*:*:*:*:*,AFFECTS
CVE:CVE-2024-38153,CPE:cpe:2.3:o:microsoft:windows_11_22h2:*:*:*:*:*:*:*:*,AFFECTS
CVE:CVE-2024-38153,CPE:cpe:2.3:o:microsoft:windows_11_23h2:*:*:*:*:*:*:*:*,AFFECTS
CVE:CVE-2024-38153,CPE:cpe:2.3:o:microsoft:windows_11_24h2:*:*:*:*:*:*:*:*,AFFECTS
CVE:CVE-2024-38153,CPE:cpe:2.3:o:microsoft:windows_server_2008:-:sp2:*:*:*:*:*:*,AFFECTS
CVE:CVE-2024-38153,CPE:cpe:2.3:o:microsoft:windows_server_2008:r2:sp1:*:*:*:*:x64:*,AFFECTS
CVE:CVE-2024-38153,CPE:cpe:2.3:o:microsoft:windows_server_2012:*:*:*:*:*:*:*:*,AFFECTS
CVE:CVE-2024-38153,CPE:cpe:2.3:o:microsoft:windows_server_2012:r2:*:*:*:*:*:*:*,AFFECTS
CVE:CVE-2024-38153,CPE:cpe:2.3:o:microsoft:windows_server_2016:*:*:*:*:*:*:*:*,AFFECTS
CVE:CVE-2024-38153,CPE:cpe:2.3:o:microsoft:windows_server_2019:*:*:*:*:*:*:*:*,AFFECTS
CVE:CVE-2024-38153,CPE:cpe:2.3:o:microsoft:windows_server_2022:*:*:*:*:*:*:*:*,AFFECTS
CVE:CVE-2024-38153,CPE:cpe:2.3:o:microsoft:windows_server_2022_23h2:*:*:*:*:*:*:*:*,AFFECTS
CVE:CVE-2024-38153,REF:CVE-2024-38153:0,REFERENCES
CVE:CVE-2025-21375,RISK:MEDIUM,HAS_RISK
CVE:CVE-2025-21375,CWE:CWE-122,HAS_CWE
CVE:CVE-2025-21375,CWE:CWE-20,HAS_CWE
CVE:CVE-2025-21375,CPE:cpe:2.3:o:microsoft:windows_10_1507:*:*:*:*:*:*:x64:*,AFFECTS
CVE:CVE-2025-21375,CPE:cpe:2.3:o:microsoft:windows_10_1507:*:*:*:*:*:*:x86:*,AFFECTS
CVE:CVE-2025-21375,CPE:cpe:2.3:o:microsoft:windows_10_1607:*:*:*:*:*:*:x64:*,AFFECTS
CVE:CVE-2025-21375,CPE:cpe:2.3:o:microsoft:windows_10_1607:*:*:*:*:*:*:x86:*,AFFECTS
CVE:CVE-2025-21375,CPE:cpe:2.3:o:microsoft:windows_10_1809:*:*:*:*:*:*:x64:*,AFFECTS
CVE:CVE-2025-21375,CPE:cpe:2.3:o:microsoft:windows_10_1809:*:*:*:*:*:*:x86:*,AFFECTS
CVE:CVE-2025-21375,CPE:cpe:2.3:o:microsoft:windows_10_21h2:*:*:*:*:*:*:*:*,AFFECTS
CVE:CVE-2025-21375,CPE:cpe:2.3:o:microsoft:windows_10_22h2:*:*:*:*:*:*:*:*,AFFECTS
CVE:CVE-2025-21375,CPE:cpe:2.3:o:microsoft:windows_11_22h2:*:*:*:*:*:*:*:*,AFFECTS
CVE:CVE-2025-21375,CPE:cpe:2.3:o:microsoft:windows_11_23h2:*:*:*:*:*:*:*:*,AFFECTS
CVE:CVE-2025-21375,CPE:cpe:2.3:o:microsoft:windows_11_24h2:*:*:*:*:*:*:*:*,AFFECTS
CVE:CVE-2025-21375,CPE:cpe:2.3:o:microsoft:windows_server_2008:-:sp2:*:*:*:*:x64:*,AFFECTS
CVE:CVE-2025-21375,CPE:cpe:2.3:o:microsoft:windows_server_2008:-:sp2:*:*:*:*:x86:*,AFFECTS
CVE:CVE-2025-21375,CPE:cpe:2.3:o:microsoft:windows_server_2008:r2:sp1:*:*:*:*:x64:*,AFFECTS
CVE:CVE-2025-21375,CPE:cpe:2.3:o:microsoft:windows_server_2012:-:*:*:*:*:*:*:*,AFFECTS
CVE:CVE-2025-21375,CPE:cpe:2.3:o:microsoft:windows_server_2012:r2:*:*:*:*:*:*:*,AFFECTS
CVE:CVE-2025-21375,CPE:cpe:2.3:o:microsoft:windows_server_2016:*:*:*:*:*:*:*:*,AFFECTS
CVE:CVE-2025-21375,CPE:cpe:2.3:o:microsoft:windows_server_2019:*:*:*:*:*:*:*:*,AFFECTS
CVE:CVE-2025-21375,CPE:cpe:2.3:o:microsoft:windows_server_2022:*:*:*:*:*:*:*:*,AFFECTS
CVE:CVE-2025-21375,CPE:cpe:2.3:o:microsoft:windows_server_2022_23h2:*:*:*:*:*:*:x64:*,AFFECTS
CVE:CVE-2025-21375,CPE:cpe:2.3:o:microsoft:windows_server_2025:*:*:*:*:*:*:x64:*,AFFECTS
CVE:CVE-2025-21375,REF:CVE-2025-21375:0,REFERENCES
CVE:CVE-2025-58714,RISK:MEDIUM,HAS_RISK
CVE:CVE-2025-58714,CWE:CWE-284,HAS_CWE
CVE:CVE-2025-58714,CPE:cpe:2.3:o:microsoft:windows_10_1507:*:*:*:*:*:*:x64:*,AFFECTS
CVE:CVE-2025-58714,CPE:cpe:2.3:o:microsoft:windows_10_1507:*:*:*:*:*:*:x86:*,AFFECTS
CVE:CVE-2025-58714,CPE:cpe:2.3:o:microsoft:windows_10_1607:*:*:*:*:*:*:x64:*,AFFECTS
CVE:CVE-2025-58714,CPE:cpe:2.3:o:microsoft:windows_10_1607:*:*:*:*:*:*:x86:*,AFFECTS
CVE:CVE-2025-58714,CPE:cpe:2.3:o:microsoft:windows_10_1809:*:*:*:*:*:*:x64:*,AFFECTS
CVE:CVE-2025-58714,CPE:cpe:2.3:o:microsoft:windows_10_1809:*:*:*:*:*:*:x86:*,AFFECTS
CVE:CVE-2025-58714,CPE:cpe:2.3:o:microsoft:windows_10_21h2:*:*:*:*:*:*:*:*,AFFECTS
CVE:CVE-2025-58714,CPE:cpe:2.3:o:microsoft:windows_10_22h2:*:*:*:*:*:*:*:*,AFFECTS
CVE:CVE-2025-58714,CPE:cpe:2.3:o:microsoft:windows_11_22h2:*:*:*:*:*:*:*:*,AFFECTS
CVE:CVE-2025-58714,CPE:cpe:2.3:o:microsoft:windows_11_23h2:*:*:*:*:*:*:*:*,AFFECTS
CVE:CVE-2025-58714,CPE:cpe:2.3:o:microsoft:windows_11_24h2:*:*:*:*:*:*:*:*,AFFECTS
CVE:CVE-2025-58714,CPE:cpe:2.3:o:microsoft:windows_11_25h2:*:*:*:*:*:*:*:*,AFFECTS
CVE:CVE-2025-58714,CPE:cpe:2.3:o:microsoft:windows_server_2008:-:sp2:*:*:*:*:x64:*,AFFECTS
CVE:CVE-2025-58714,CPE:cpe:2.3:o:microsoft:windows_server_2008:-:sp2:*:*:*:*:x86:*,AFFECTS
CVE:CVE-2025-58714,CPE:cpe:2.3:o:microsoft:windows_server_2008:r2:sp1:*:*:*:*:x64:*,AFFECTS
CVE:CVE-2025-58714,CPE:cpe:2.3:o:microsoft:windows_server_2012:-:*:*:*:*:*:*:*,AFFECTS
CVE:CVE-2025-58714,CPE:cpe:2.3:o:microsoft:windows_server_2012:r2:*:*:*:*:*:*:*,AFFECTS
CVE:CVE-2025-58714,CPE:cpe:2.3:o:microsoft:windows_server_2016:*:*:*:*:*:*:*:*,AFFECTS
CVE:CVE-2025-58714,CPE:cpe:2.3:o:microsoft:windows_server_2019:*:*:*:*:*:*:*:*,AFFECTS
CVE:CVE-2025-58714,CPE:cpe:2.3:o:microsoft:windows_server_2022:*:*:*:*:*:*:*:*,AFFECTS
CVE:CVE-2025-58714,CPE:cpe:2.3:o:microsoft:windows_server_2022_23h2:*:*:*:*:*:*:*:*,AFFECTS
CVE:CVE-2025-58714,CPE:cpe:2.3:o:microsoft:windows_server_2025:*:*:*:*:*:*:*:*,AFFECTS
CVE:CVE-2025-58714,REF:CVE-2025-58714:0,REFERENCES
CVE:CVE-2024-21334,RISK:MEDIUM,HAS_RISK
CVE:CVE-2024-21334,CWE:CWE-416,HAS_CWE
CVE:CVE-2024-21334,CPE:cpe:2.3:a:microsoft:open_management_infrastructure:*:*:*:*:*:*:*:*,AFFECTS
CVE:CVE-2024-21334,CPE:cpe:2.3:a:microsoft:system_center_operations_manager:2019:-:*:*:*:*:*:*,AFFECTS
CVE:CVE-2024-21334,CPE:cpe:2.3:a:microsoft:system_center_operations_manager:2022:-:*:*:*:*:*:*,AFFECTS
CVE:CVE-2024-21334,REF:CVE-2024-21334:0,REFERENCES
CVE:CVE-2024-4558,RISK:MEDIUM,HAS_RISK
CVE:CVE-2024-4558,CWE:CWE-416,HAS_CWE
CVE:CVE-2024-4558,CPE:cpe:2.3:a:apple:safari:*:*:*:*:*:*:*:*,AFFECTS
CVE:CVE-2024-4558,CPE:cpe:2.3:a:google:chrome:*:*:*:*:*:*:*:*,AFFECTS
CVE:CVE-2024-4558,CPE:cpe:2.3:o:apple:ipados:*:*:*:*:*:*:*:*,AFFECTS
CVE:CVE-2024-4558,CPE:cpe:2.3:o:apple:iphone_os:*:*:*:*:*:*:*:*,AFFECTS
CVE:CVE-2024-4558,CPE:cpe:2.3:o:apple:macos:*:*:*:*:*:*:*:*,AFFECTS
CVE:CVE-2024-4558,CPE:cpe:2.3:o:fedoraproject:fedora:38:*:*:*:*:*:*:*,AFFECTS
CVE:CVE-2024-4558,CPE:cpe:2.3:o:fedoraproject:fedora:39:*:*:*:*:*:*:*,AFFECTS
CVE:CVE-2024-4558,CPE:cpe:2.3:o:fedoraproject:fedora:40:*:*:*:*:*:*:*,AFFECTS
CVE:CVE-2024-4558,REF:CVE-2024-4558:0,REFERENCES
CVE:CVE-2024-4558,REF:CVE-2024-4558:1,REFERENCES
CVE:CVE-2024-4558,REF:CVE-2024-4558:2,REFERENCES
CVE:CVE-2024-4558,REF:CVE-2024-4558:3,REFERENCES
CVE:CVE-2024-4558,REF:CVE-2024-4558:4,REFERENCES
CVE:CVE-2024-4558,REF:CVE-2024-4558:5,REFERENCES
CVE:CVE-2024-4558,REF:CVE-2024-4558:6,REFERENCES
CVE:CVE-2024-4558,REF:CVE-2024-4558:7,REFERENCES
CVE:CVE-2024-4558,REF:CVE-2024-4558:8,REFERENCES
CVE:CVE-2024-4558,REF:CVE-2024-4558:9,REFERENCES
CVE:CVE-2024-4558,REF:CVE-2024-4558:10,REFERENCES
CVE:CVE-2024-4558,REF:CVE-2024-4558:11,REFERENCES
CVE:CVE-2024-4558,REF:CVE-2024-4558:12,REFERENCES
CVE:CVE-2024-4558,REF:CVE-2024-4558:13,REFERENCES
CVE:CVE-2024-38180,RISK:MEDIUM,HAS_RISK
CVE:CVE-2024-38180,CWE:CWE-693,HAS_CWE
CVE:CVE-2024-38180,CPE:cpe:2.3:o:microsoft:windows_10_1507:*:*:*:*:*:*:*:*,AFFECTS
CVE:CVE-2024-38180,CPE:cpe:2.3:o:microsoft:windows_10_1607:*:*:*:*:*:*:*:*,AFFECTS
CVE:CVE-2024-38180,CPE:cpe:2.3:o:microsoft:windows_10_1809:*:*:*:*:*:*:*:*,AFFECTS
CVE:CVE-2024-38180,CPE:cpe:2.3:o:microsoft:windows_10_21h2:*:*:*:*:*:*:*:*,AFFECTS
CVE:CVE-2024-38180,CPE:cpe:2.3:o:microsoft:windows_10_22h2:*:*:*:*:*:*:*:*,AFFECTS
CVE:CVE-2024-38180,CPE:cpe:2.3:o:microsoft:windows_11_21h2:*:*:*:*:*:*:*:*,AFFECTS
CVE:CVE-2024-38180,CPE:cpe:2.3:o:microsoft:windows_11_22h2:*:*:*:*:*:*:*:*,AFFECTS
CVE:CVE-2024-38180,CPE:cpe:2.3:o:microsoft:windows_11_23h2:*:*:*:*:*:*:*:*,AFFECTS
CVE:CVE-2024-38180,CPE:cpe:2.3:o:microsoft:windows_11_24h2:*:*:*:*:*:*:*:*,AFFECTS
CVE:CVE-2024-38180,CPE:cpe:2.3:o:microsoft:windows_server_2008:-:sp2:*:*:*:*:*:*,AFFECTS
CVE:CVE-2024-38180,CPE:cpe:2.3:o:microsoft:windows_server_2008:r2:sp1:*:*:*:*:x64:*,AFFECTS
CVE:CVE-2024-38180,CPE:cpe:2.3:o:microsoft:windows_server_2012:*:*:*:*:*:*:*:*,AFFECTS
CVE:CVE-2024-38180,CPE:cpe:2.3:o:microsoft:windows_server_2012:r2:*:*:*:*:*:*:*,AFFECTS
CVE:CVE-2024-38180,CPE:cpe:2.3:o:microsoft:windows_server_2016:*:*:*:*:*:*:*:*,AFFECTS
CVE:CVE-2024-38180,CPE:cpe:2.3:o:microsoft:windows_server_2019:*:*:*:*:*:*:*:*,AFFECTS
CVE:CVE-2024-38180,CPE:cpe:2.3:o:microsoft:windows_server_2022:*:*:*:*:*:*:*:*,AFFECTS
CVE:CVE-2024-38180,CPE:cpe:2.3:o:microsoft:windows_server_2022_23h2:*:*:*:*:*:*:*:*,AFFECTS
CVE:CVE-2024-38180,REF:CVE-2024-38180:0,REFERENCES
CVE:CVE-2024-38247,RISK:MEDIUM,HAS_RISK
CVE:CVE-2024-38247,CWE:CWE-415,HAS_CWE
CVE:CVE-2024-38247,CPE:cpe:2.3:o:microsoft:windows_10_1507:*:*:*:*:*:*:x64:*,AFFECTS
CVE:CVE-2024-38247,CPE:cpe:2.3:o:microsoft:windows_10_1507:*:*:*:*:*:*:x86:*,AFFECTS
CVE:CVE-2024-38247,CPE:cpe:2.3:o:microsoft:windows_10_1607:*:*:*:*:*:*:x64:*,AFFECTS
CVE:CVE-2024-38247,CPE:cpe:2.3:o:microsoft:windows_10_1607:*:*:*:*:*:*:x86:*,AFFECTS
CVE:CVE-2024-38247,CPE:cpe:2.3:o:microsoft:windows_10_1809:*:*:*:*:*:*:*:*,AFFECTS
CVE:CVE-2024-38247,CPE:cpe:2.3:o:microsoft:windows_10_21h2:*:*:*:*:*:*:*:*,AFFECTS
CVE:CVE-2024-38247,CPE:cpe:2.3:o:microsoft:windows_10_22h2:*:*:*:*:*:*:arm64:*,AFFECTS
CVE:CVE-2024-38247,CPE:cpe:2.3:o:microsoft:windows_10_22h2:*:*:*:*:*:*:x64:*,AFFECTS
CVE:CVE-2024-38247,CPE:cpe:2.3:o:microsoft:windows_10_22h2:*:*:*:*:*:*:x86:*,AFFECTS
CVE:CVE-2024-38247,CPE:cpe:2.3:o:microsoft:windows_11_21h2:*:*:*:*:*:*:*:*,AFFECTS
CVE:CVE-2024-38247,CPE:cpe:2.3:o:microsoft:windows_11_22h2:*:*:*:*:*:*:*:*,AFFECTS
CVE:CVE-2024-38247,CPE:cpe:2.3:o:microsoft:windows_11_23h2:*:*:*:*:*:*:arm64:*,AFFECTS
CVE:CVE-2024-38247,CPE:cpe:2.3:o:microsoft:windows_11_23h2:*:*:*:*:*:*:x64:*,AFFECTS
CVE:CVE-2024-38247,CPE:cpe:2.3:o:microsoft:windows_11_24h2:*:*:*:*:*:*:arm64:*,AFFECTS
CVE:CVE-2024-38247,CPE:cpe:2.3:o:microsoft:windows_11_24h2:*:*:*:*:*:*:x64:*,AFFECTS
CVE:CVE-2024-38247,CPE:cpe:2.3:o:microsoft:windows_server_2008:r2:*:*:*:*:*:x64:*,AFFECTS
CVE:CVE-2024-38247,CPE:cpe:2.3:o:microsoft:windows_server_2012:-:*:*:*:*:*:x64:*,AFFECTS
CVE:CVE-2024-38247,CPE:cpe:2.3:o:microsoft:windows_server_2012:r2:*:*:*:*:*:x64:*,AFFECTS
CVE:CVE-2024-38247,CPE:cpe:2.3:o:microsoft:windows_server_2016:*:*:*:*:*:*:*:*,AFFECTS
CVE:CVE-2024-38247,CPE:cpe:2.3:o:microsoft:windows_server_2019:*:*:*:*:*:*:*:*,AFFECTS
CVE:CVE-2024-38247,CPE:cpe:2.3:o:microsoft:windows_server_2022:*:*:*:*:*:*:*:*,AFFECTS
CVE:CVE-2024-38247,CPE:cpe:2.3:o:microsoft:windows_server_2022_23h2:*:*:*:*:*:*:*:*,AFFECTS
CVE:CVE-2024-38247,REF:CVE-2024-38247:0,REFERENCES
CVE:CVE-2024-38248,RISK:MEDIUM,HAS_RISK
CVE:CVE-2024-38248,CWE:CWE-416,HAS_CWE
CVE:CVE-2024-38248,CPE:cpe:2.3:o:microsoft:windows_10_21h2:*:*:*:*:*:*:*:*,AFFECTS
CVE:CVE-2024-38248,CPE:cpe:2.3:o:microsoft:windows_10_22h2:*:*:*:*:*:*:arm64:*,AFFECTS
CVE:CVE-2024-38248,CPE:cpe:2.3:o:microsoft:windows_10_22h2:*:*:*:*:*:*:x64:*,AFFECTS
CVE:CVE-2024-38248,CPE:cpe:2.3:o:microsoft:windows_10_22h2:*:*:*:*:*:*:x86:*,AFFECTS
CVE:CVE-2024-38248,CPE:cpe:2.3:o:microsoft:windows_11_21h2:*:*:*:*:*:*:*:*,AFFECTS
CVE:CVE-2024-38248,CPE:cpe:2.3:o:microsoft:windows_11_22h2:*:*:*:*:*:*:*:*,AFFECTS
CVE:CVE-2024-38248,CPE:cpe:2.3:o:microsoft:windows_11_23h2:*:*:*:*:*:*:arm64:*,AFFECTS
CVE:CVE-2024-38248,CPE:cpe:2.3:o:microsoft:windows_11_23h2:*:*:*:*:*:*:x64:*,AFFECTS
CVE:CVE-2024-38248,CPE:cpe:2.3:o:microsoft:windows_11_24h2:*:*:*:*:*:*:arm64:*,AFFECTS
CVE:CVE-2024-38248,CPE:cpe:2.3:o:microsoft:windows_11_24h2:*:*:*:*:*:*:x64:*,AFFECTS
CVE:CVE-2024-38248,CPE:cpe:2.3:o:microsoft:windows_server_2022:*:*:*:*:*:*:*:*,AFFECTS
CVE:CVE-2024-38248,CPE:cpe:2.3:o:microsoft:windows_server_2022_23h2:*:*:*:*:*:*:*:*,AFFECTS
CVE:CVE-2024-38248,REF:CVE-2024-38248:0,REFERENCES
CVE:CVE-2025-20282,RISK:MEDIUM,HAS_RISK
CVE:CVE-2025-20282,CWE:CWE-269,HAS_CWE
CVE:CVE-2025-20282,CPE:cpe:2.3:a:cisco:identity_services_engine:3.4.0:-:*:*:*:*:*:*,AFFECTS
CVE:CVE-2025-20282,CPE:cpe:2.3:a:cisco:identity_services_engine:3.4.0:patch1:*:*:*:*:*:*,AFFECTS
CVE:CVE-2025-20282,CPE:cpe:2.3:a:cisco:identity_services_engine_passive_identity_connector:3.4.0:-:*:*:*:*:*:*,AFFECTS
CVE:CVE-2025-20282,CPE:cpe:2.3:a:cisco:identity_services_engine_passive_identity_connector:3.4.0:patch1:*:*:*:*:*:*,AFFECTS
CVE:CVE-2025-20282,REF:CVE-2025-20282:0,REFERENCES
CVE:CVE-2025-13224,RISK:MEDIUM,HAS_RISK
CVE:CVE-2025-13224,CWE:CWE-843,HAS_CWE
CVE:CVE-2025-13224,CPE:cpe:2.3:a:google:chrome:*:*:*:*:*:*:*:*,AFFECTS
CVE:CVE-2025-13224,CPE:cpe:2.3:o:apple:macos:-:*:*:*:*:*:*:*,AFFECTS
CVE:CVE-2025-13224,CPE:cpe:2.3:o:linux:linux_kernel:-:*:*:*:*:*:*:*,AFFECTS
CVE:CVE-2025-13224,CPE:cpe:2.3:o:microsoft:windows:-:*:*:*:*:*:*:*,AFFECTS
CVE:CVE-2025-13224,REF:CVE-2025-13224:0,REFERENCES
CVE:CVE-2025-13224,REF:CVE-2025-13224:1,REFERENCES
CVE:CVE-2023-34063,RISK:MEDIUM,HAS_RISK
CVE:CVE-2023-34063,CWE:CWE-862,HAS_CWE
CVE:CVE-2023-34063,CPE:cpe:2.3:a:vmware:aria_automation:8.11.0:*:*:*:*:*:*:*,AFFECTS
CVE:CVE-2023-34063,CPE:cpe:2.3:a:vmware:aria_automation:8.11.1:*:*:*:*:*:*:*,AFFECTS
CVE:CVE-2023-34063,CPE:cpe:2.3:a:vmware:aria_automation:8.11.2:*:*:*:*:*:*:*,AFFECTS
CVE:CVE-2023-34063,CPE:cpe:2.3:a:vmware:aria_automation:8.12.0:*:*:*:*:*:*:*,AFFECTS
CVE:CVE-2023-34063,CPE:cpe:2.3:a:vmware:aria_automation:8.12.1:*:*:*:*:*:*:*,AFFECTS
CVE:CVE-2023-34063,CPE:cpe:2.3:a:vmware:aria_automation:8.12.2:*:*:*:*:*:*:*,AFFECTS
CVE:CVE-2023-34063,CPE:cpe:2.3:a:vmware:aria_automation:8.13.0:*:*:*:*:*:*:*,AFFECTS
CVE:CVE-2023-34063,CPE:cpe:2.3:a:vmware:aria_automation:8.13.1:*:*:*:*:*:*:*,AFFECTS
CVE:CVE-2023-34063,CPE:cpe:2.3:a:vmware:aria_automation:8.14.0:*:*:*:*:*:*:*,AFFECTS
CVE:CVE-2023-34063,CPE:cpe:2.3:a:vmware:aria_automation:8.14.1:*:*:*:*:*:*:*,AFFECTS
CVE:CVE-2023-34063,CPE:cpe:2.3:a:vmware:cloud_foundation:4.0:*:*:*:*:*:*:*,AFFECTS
CVE:CVE-2023-34063,CPE:cpe:2.3:a:vmware:cloud_foundation:5.0:*:*:*:*:*:*:*,AFFECTS
CVE:CVE-2023-34063,REF:CVE-2023-34063:0,REFERENCES
CVE:CVE-2024-38021,RISK:MEDIUM,HAS_RISK
CVE:CVE-2024-38021,CWE:CWE-20,HAS_CWE
CVE:CVE-2024-38021,CPE:cpe:2.3:a:microsoft:365_apps:-:*:*:*:enterprise:*:*:*,AFFECTS
CVE:CVE-2024-38021,CPE:cpe:2.3:a:microsoft:office:2016:*:*:*:*:*:*:*,AFFECTS
CVE:CVE-2024-38021,CPE:cpe:2.3:a:microsoft:office:2019:*:*:*:*:*:*:*,AFFECTS
CVE:CVE-2024-38021,CPE:cpe:2.3:a:microsoft:office_long_term_servicing_channel:2021:*:*:*:*:*:*:*,AFFECTS
CVE:CVE-2024-38021,REF:CVE-2024-38021:0,REFERENCES
CVE:CVE-2024-45409,RISK:MEDIUM,HAS_RISK
CVE:CVE-2024-45409,CWE:CWE-347,HAS_CWE
CVE:CVE-2024-45409,CPE:cpe:2.3:a:gitlab:gitlab:*:*:*:*:*:*:*:*,AFFECTS
CVE:CVE-2024-45409,CPE:cpe:2.3:a:omniauth:omniauth_saml:*:*:*:*:*:ruby:*:*,AFFECTS
CVE:CVE-2024-45409,CPE:cpe:2.3:a:omniauth:omniauth_saml:2.0.0:*:*:*:*:ruby:*:*,AFFECTS
CVE:CVE-2024-45409,CPE:cpe:2.3:a:omniauth:omniauth_saml:2.1.0:*:*:*:*:ruby:*:*,AFFECTS
CVE:CVE-2024-45409,CPE:cpe:2.3:a:onelogin:ruby-saml:*:*:*:*:*:*:*:*,AFFECTS
CVE:CVE-2024-45409,REF:CVE-2024-45409:0,REFERENCES
CVE:CVE-2024-45409,REF:CVE-2024-45409:1,REFERENCES
CVE:CVE-2024-45409,REF:CVE-2024-45409:2,REFERENCES
CVE:CVE-2024-45409,REF:CVE-2024-45409:3,REFERENCES
CVE:CVE-2024-45409,REF:CVE-2024-45409:4,REFERENCES
CVE:CVE-2024-45409,REF:CVE-2024-45409:5,REFERENCES
CVE:CVE-2024-45409,REF:CVE-2024-45409:6,REFERENCES
CVE:CVE-2024-45409,REF:CVE-2024-45409:7,REFERENCES
CVE:CVE-2024-43626,RISK:MEDIUM,HAS_RISK
CVE:CVE-2024-43626,CWE:CWE-122,HAS_CWE
CVE:CVE-2024-43626,CPE:cpe:2.3:o:microsoft:windows_10_1507:*:*:*:*:*:*:x64:*,AFFECTS
CVE:CVE-2024-43626,CPE:cpe:2.3:o:microsoft:windows_10_1507:*:*:*:*:*:*:x86:*,AFFECTS
CVE:CVE-2024-43626,CPE:cpe:2.3:o:microsoft:windows_10_1607:*:*:*:*:*:*:x64:*,AFFECTS
CVE:CVE-2024-43626,CPE:cpe:2.3:o:microsoft:windows_10_1607:*:*:*:*:*:*:x86:*,AFFECTS
CVE:CVE-2024-43626,CPE:cpe:2.3:o:microsoft:windows_10_1809:*:*:*:*:*:*:x64:*,AFFECTS
CVE:CVE-2024-43626,CPE:cpe:2.3:o:microsoft:windows_10_1809:*:*:*:*:*:*:x86:*,AFFECTS
CVE:CVE-2024-43626,CPE:cpe:2.3:o:microsoft:windows_10_21h2:*:*:*:*:*:*:arm64:*,AFFECTS
CVE:CVE-2024-43626,CPE:cpe:2.3:o:microsoft:windows_10_21h2:*:*:*:*:*:*:x64:*,AFFECTS
CVE:CVE-2024-43626,CPE:cpe:2.3:o:microsoft:windows_10_21h2:*:*:*:*:*:*:x86:*,AFFECTS
CVE:CVE-2024-43626,CPE:cpe:2.3:o:microsoft:windows_10_22h2:*:*:*:*:*:*:arm64:*,AFFECTS
CVE:CVE-2024-43626,CPE:cpe:2.3:o:microsoft:windows_10_22h2:*:*:*:*:*:*:x64:*,AFFECTS
CVE:CVE-2024-43626,CPE:cpe:2.3:o:microsoft:windows_10_22h2:*:*:*:*:*:*:x86:*,AFFECTS
CVE:CVE-2024-43626,CPE:cpe:2.3:o:microsoft:windows_11_22h2:*:*:*:*:*:*:arm64:*,AFFECTS
CVE:CVE-2024-43626,CPE:cpe:2.3:o:microsoft:windows_11_22h2:*:*:*:*:*:*:x64:*,AFFECTS
CVE:CVE-2024-43626,CPE:cpe:2.3:o:microsoft:windows_11_23h2:*:*:*:*:*:*:arm64:*,AFFECTS
CVE:CVE-2024-43626,CPE:cpe:2.3:o:microsoft:windows_11_23h2:*:*:*:*:*:*:x64:*,AFFECTS
CVE:CVE-2024-43626,CPE:cpe:2.3:o:microsoft:windows_11_24h2:*:*:*:*:*:*:arm64:*,AFFECTS
CVE:CVE-2024-43626,CPE:cpe:2.3:o:microsoft:windows_11_24h2:*:*:*:*:*:*:x64:*,AFFECTS
CVE:CVE-2024-43626,CPE:cpe:2.3:o:microsoft:windows_server_2008:-:sp2:*:*:*:*:x64:*,AFFECTS
CVE:CVE-2024-43626,CPE:cpe:2.3:o:microsoft:windows_server_2008:-:sp2:*:*:*:*:x86:*,AFFECTS
CVE:CVE-2024-43626,CPE:cpe:2.3:o:microsoft:windows_server_2008:r2:sp1:*:*:*:*:x64:*,AFFECTS
CVE:CVE-2024-43626,CPE:cpe:2.3:o:microsoft:windows_server_2012:-:*:*:*:*:*:*:*,AFFECTS
CVE:CVE-2024-43626,CPE:cpe:2.3:o:microsoft:windows_server_2012:r2:*:*:*:*:*:*:*,AFFECTS
CVE:CVE-2024-43626,CPE:cpe:2.3:o:microsoft:windows_server_2016:*:*:*:*:*:*:*:*,AFFECTS
CVE:CVE-2024-43626,CPE:cpe:2.3:o:microsoft:windows_server_2019:*:*:*:*:*:*:*:*,AFFECTS
CVE:CVE-2024-43626,CPE:cpe:2.3:o:microsoft:windows_server_2022:*:*:*:*:*:*:*:*,AFFECTS
CVE:CVE-2024-43626,CPE:cpe:2.3:o:microsoft:windows_server_2022_23h2:*:*:*:*:*:*:*:*,AFFECTS
CVE:CVE-2024-43626,CPE:cpe:2.3:o:microsoft:windows_server_2025:*:*:*:*:*:*:*:*,AFFECTS
CVE:CVE-2024-43626,REF:CVE-2024-43626:0,REFERENCES
CVE:CVE-2024-56158,RISK:MEDIUM,HAS_RISK
CVE:CVE-2024-56158,CWE:CWE-89,HAS_CWE
CVE:CVE-2024-56158,CPE:cpe:2.3:a:xwiki:xwiki:*:*:*:*:*:*:*:*,AFFECTS
CVE:CVE-2024-56158,REF:CVE-2024-56158:0,REFERENCES
CVE:CVE-2024-56158,REF:CVE-2024-56158:1,REFERENCES
CVE:CVE-2024-56158,REF:CVE-2024-56158:2,REFERENCES
CVE:CVE-2025-59517,RISK:MEDIUM,HAS_RISK
CVE:CVE-2025-59517,CWE:CWE-284,HAS_CWE
CVE:CVE-2025-59517,CPE:cpe:2.3:o:microsoft:windows_10_1607:*:*:*:*:*:*:x64:*,AFFECTS
CVE:CVE-2025-59517,CPE:cpe:2.3:o:microsoft:windows_10_1607:*:*:*:*:*:*:x86:*,AFFECTS
CVE:CVE-2025-59517,CPE:cpe:2.3:o:microsoft:windows_10_1809:*:*:*:*:*:*:x64:*,AFFECTS
CVE:CVE-2025-59517,CPE:cpe:2.3:o:microsoft:windows_10_1809:*:*:*:*:*:*:x86:*,AFFECTS
CVE:CVE-2025-59517,CPE:cpe:2.3:o:microsoft:windows_10_21h2:*:*:*:*:*:*:*:*,AFFECTS
CVE:CVE-2025-59517,CPE:cpe:2.3:o:microsoft:windows_10_22h2:*:*:*:*:*:*:*:*,AFFECTS
CVE:CVE-2025-59517,CPE:cpe:2.3:o:microsoft:windows_11_23h2:*:*:*:*:*:*:*:*,AFFECTS
CVE:CVE-2025-59517,CPE:cpe:2.3:o:microsoft:windows_11_24h2:*:*:*:*:*:*:*:*,AFFECTS
CVE:CVE-2025-59517,CPE:cpe:2.3:o:microsoft:windows_11_25h2:*:*:*:*:*:*:*:*,AFFECTS
CVE:CVE-2025-59517,CPE:cpe:2.3:o:microsoft:windows_server_2016:*:*:*:*:*:*:*:*,AFFECTS
CVE:CVE-2025-59517,CPE:cpe:2.3:o:microsoft:windows_server_2019:*:*:*:*:*:*:*:*,AFFECTS
CVE:CVE-2025-59517,CPE:cpe:2.3:o:microsoft:windows_server_2022:*:*:*:*:*:*:*:*,AFFECTS
CVE:CVE-2025-59517,CPE:cpe:2.3:o:microsoft:windows_server_2022_23h2:*:*:*:*:*:*:*:*,AFFECTS
CVE:CVE-2025-59517,CPE:cpe:2.3:o:microsoft:windows_server_2025:*:*:*:*:*:*:*:*,AFFECTS
CVE:CVE-2025-59517,REF:CVE-2025-59517:0,REFERENCES
CVE:CVE-2026-21238,RISK:MEDIUM,HAS_RISK
CVE:CVE-2026-21238,CWE:CWE-284,HAS_CWE
CVE:CVE-2026-21238,CPE:cpe:2.3:o:microsoft:windows_10_1607:*:*:*:*:*:*:x64:*,AFFECTS
CVE:CVE-2026-21238,CPE:cpe:2.3:o:microsoft:windows_10_1607:*:*:*:*:*:*:x86:*,AFFECTS
CVE:CVE-2026-21238,CPE:cpe:2.3:o:microsoft:windows_10_1809:*:*:*:*:*:*:x64:*,AFFECTS
CVE:CVE-2026-21238,CPE:cpe:2.3:o:microsoft:windows_10_1809:*:*:*:*:*:*:x86:*,AFFECTS
CVE:CVE-2026-21238,CPE:cpe:2.3:o:microsoft:windows_10_21h2:*:*:*:*:*:*:arm64:*,AFFECTS
CVE:CVE-2026-21238,CPE:cpe:2.3:o:microsoft:windows_10_21h2:*:*:*:*:*:*:x64:*,AFFECTS
CVE:CVE-2026-21238,CPE:cpe:2.3:o:microsoft:windows_10_21h2:*:*:*:*:*:*:x86:*,AFFECTS
CVE:CVE-2026-21238,CPE:cpe:2.3:o:microsoft:windows_10_22h2:*:*:*:*:*:*:arm64:*,AFFECTS
CVE:CVE-2026-21238,CPE:cpe:2.3:o:microsoft:windows_10_22h2:*:*:*:*:*:*:x64:*,AFFECTS
CVE:CVE-2026-21238,CPE:cpe:2.3:o:microsoft:windows_10_22h2:*:*:*:*:*:*:x86:*,AFFECTS
CVE:CVE-2026-21238,CPE:cpe:2.3:o:microsoft:windows_11_23h2:*:*:*:*:*:*:arm64:*,AFFECTS
CVE:CVE-2026-21238,CPE:cpe:2.3:o:microsoft:windows_11_23h2:*:*:*:*:*:*:x64:*,AFFECTS
CVE:CVE-2026-21238,CPE:cpe:2.3:o:microsoft:windows_11_24h2:*:*:*:*:*:*:arm64:*,AFFECTS
CVE:CVE-2026-21238,CPE:cpe:2.3:o:microsoft:windows_11_24h2:*:*:*:*:*:*:x64:*,AFFECTS
CVE:CVE-2026-21238,CPE:cpe:2.3:o:microsoft:windows_11_25h2:*:*:*:*:*:*:arm64:*,AFFECTS
CVE:CVE-2026-21238,CPE:cpe:2.3:o:microsoft:windows_11_25h2:*:*:*:*:*:*:x64:*,AFFECTS
CVE:CVE-2026-21238,CPE:cpe:2.3:o:microsoft:windows_server_2012:-:*:*:*:*:*:*:*,AFFECTS
CVE:CVE-2026-21238,CPE:cpe:2.3:o:microsoft:windows_server_2012:r2:*:*:*:*:*:*:*,AFFECTS
CVE:CVE-2026-21238,CPE:cpe:2.3:o:microsoft:windows_server_2016:*:*:*:*:*:*:*:*,AFFECTS
CVE:CVE-2026-21238,CPE:cpe:2.3:o:microsoft:windows_server_2019:*:*:*:*:*:*:*:*,AFFECTS
CVE:CVE-2026-21238,CPE:cpe:2.3:o:microsoft:windows_server_2022:*:*:*:*:*:*:*:*,AFFECTS
CVE:CVE-2026-21238,CPE:cpe:2.3:o:microsoft:windows_server_2022_23h2:*:*:*:*:*:*:*:*,AFFECTS
CVE:CVE-2026-21238,CPE:cpe:2.3:o:microsoft:windows_server_2025:*:*:*:*:*:*:*:*,AFFECTS
CVE:CVE-2026-21238,REF:CVE-2026-21238:0,REFERENCES
CVE:CVE-2024-38142,RISK:MEDIUM,HAS_RISK
CVE:CVE-2024-38142,CWE:CWE-122,HAS_CWE
CVE:CVE-2024-38142,CPE:cpe:2.3:o:microsoft:windows_10_1507:*:*:*:*:*:*:*:*,AFFECTS
CVE:CVE-2024-38142,CPE:cpe:2.3:o:microsoft:windows_10_1607:*:*:*:*:*:*:*:*,AFFECTS
CVE:CVE-2024-38142,CPE:cpe:2.3:o:microsoft:windows_10_1809:*:*:*:*:*:*:*:*,AFFECTS
CVE:CVE-2024-38142,CPE:cpe:2.3:o:microsoft:windows_10_21h2:*:*:*:*:*:*:*:*,AFFECTS
CVE:CVE-2024-38142,CPE:cpe:2.3:o:microsoft:windows_10_22h2:*:*:*:*:*:*:*:*,AFFECTS
CVE:CVE-2024-38142,CPE:cpe:2.3:o:microsoft:windows_11_21h2:*:*:*:*:*:*:*:*,AFFECTS
CVE:CVE-2024-38142,CPE:cpe:2.3:o:microsoft:windows_11_22h2:*:*:*:*:*:*:*:*,AFFECTS
CVE:CVE-2024-38142,CPE:cpe:2.3:o:microsoft:windows_11_23h2:*:*:*:*:*:*:*:*,AFFECTS
CVE:CVE-2024-38142,CPE:cpe:2.3:o:microsoft:windows_11_24h2:*:*:*:*:*:*:*:*,AFFECTS
CVE:CVE-2024-38142,CPE:cpe:2.3:o:microsoft:windows_server_2016:*:*:*:*:*:*:*:*,AFFECTS
CVE:CVE-2024-38142,CPE:cpe:2.3:o:microsoft:windows_server_2019:*:*:*:*:*:*:*:*,AFFECTS
CVE:CVE-2024-38142,CPE:cpe:2.3:o:microsoft:windows_server_2022:*:*:*:*:*:*:*:*,AFFECTS
CVE:CVE-2024-38142,CPE:cpe:2.3:o:microsoft:windows_server_2022_23h2:*:*:*:*:*:*:*:*,AFFECTS
CVE:CVE-2024-38142,REF:CVE-2024-38142:0,REFERENCES
CVE:CVE-2024-38203,RISK:MEDIUM,HAS_RISK
CVE:CVE-2024-38203,CWE:CWE-693,HAS_CWE
CVE:CVE-2024-38203,CPE:cpe:2.3:o:microsoft:windows_10_1507:*:*:*:*:*:*:x64:*,AFFECTS
CVE:CVE-2024-38203,CPE:cpe:2.3:o:microsoft:windows_10_1507:*:*:*:*:*:*:x86:*,AFFECTS
CVE:CVE-2024-38203,CPE:cpe:2.3:o:microsoft:windows_10_1607:*:*:*:*:*:*:x64:*,AFFECTS
CVE:CVE-2024-38203,CPE:cpe:2.3:o:microsoft:windows_10_1607:*:*:*:*:*:*:x86:*,AFFECTS
CVE:CVE-2024-38203,CPE:cpe:2.3:o:microsoft:windows_10_1809:*:*:*:*:*:*:x64:*,AFFECTS
CVE:CVE-2024-38203,CPE:cpe:2.3:o:microsoft:windows_10_1809:*:*:*:*:*:*:x86:*,AFFECTS
CVE:CVE-2024-38203,CPE:cpe:2.3:o:microsoft:windows_10_21h2:*:*:*:*:*:*:arm64:*,AFFECTS
CVE:CVE-2024-38203,CPE:cpe:2.3:o:microsoft:windows_10_21h2:*:*:*:*:*:*:x64:*,AFFECTS
CVE:CVE-2024-38203,CPE:cpe:2.3:o:microsoft:windows_10_21h2:*:*:*:*:*:*:x86:*,AFFECTS
CVE:CVE-2024-38203,CPE:cpe:2.3:o:microsoft:windows_10_22h2:*:*:*:*:*:*:arm64:*,AFFECTS
CVE:CVE-2024-38203,CPE:cpe:2.3:o:microsoft:windows_10_22h2:*:*:*:*:*:*:x64:*,AFFECTS
CVE:CVE-2024-38203,CPE:cpe:2.3:o:microsoft:windows_10_22h2:*:*:*:*:*:*:x86:*,AFFECTS
CVE:CVE-2024-38203,CPE:cpe:2.3:o:microsoft:windows_11_22h2:*:*:*:*:*:*:arm64:*,AFFECTS
CVE:CVE-2024-38203,CPE:cpe:2.3:o:microsoft:windows_11_22h2:*:*:*:*:*:*:x64:*,AFFECTS
CVE:CVE-2024-38203,CPE:cpe:2.3:o:microsoft:windows_11_23h2:*:*:*:*:*:*:arm64:*,AFFECTS
CVE:CVE-2024-38203,CPE:cpe:2.3:o:microsoft:windows_11_23h2:*:*:*:*:*:*:x64:*,AFFECTS
CVE:CVE-2024-38203,CPE:cpe:2.3:o:microsoft:windows_11_24h2:*:*:*:*:*:*:arm64:*,AFFECTS
CVE:CVE-2024-38203,CPE:cpe:2.3:o:microsoft:windows_11_24h2:*:*:*:*:*:*:x64:*,AFFECTS
CVE:CVE-2024-38203,CPE:cpe:2.3:o:microsoft:windows_server_2008:-:sp2:*:*:*:*:x64:*,AFFECTS
CVE:CVE-2024-38203,CPE:cpe:2.3:o:microsoft:windows_server_2008:-:sp2:*:*:*:*:x86:*,AFFECTS
CVE:CVE-2024-38203,CPE:cpe:2.3:o:microsoft:windows_server_2008:r2:sp1:*:*:*:*:x64:*,AFFECTS
CVE:CVE-2024-38203,CPE:cpe:2.3:o:microsoft:windows_server_2012:-:*:*:*:*:*:*:*,AFFECTS
CVE:CVE-2024-38203,CPE:cpe:2.3:o:microsoft:windows_server_2012:r2:*:*:*:*:*:*:*,AFFECTS
CVE:CVE-2024-38203,CPE:cpe:2.3:o:microsoft:windows_server_2016:*:*:*:*:*:*:*:*,AFFECTS
CVE:CVE-2024-38203,CPE:cpe:2.3:o:microsoft:windows_server_2019:*:*:*:*:*:*:*:*,AFFECTS
CVE:CVE-2024-38203,CPE:cpe:2.3:o:microsoft:windows_server_2022:*:*:*:*:*:*:*:*,AFFECTS
CVE:CVE-2024-38203,CPE:cpe:2.3:o:microsoft:windows_server_2022_23h2:*:*:*:*:*:*:*:*,AFFECTS
CVE:CVE-2024-38203,CPE:cpe:2.3:o:microsoft:windows_server_2025:*:*:*:*:*:*:*:*,AFFECTS
CVE:CVE-2024-38203,REF:CVE-2024-38203:0,REFERENCES
CVE:CVE-2025-21307,RISK:MEDIUM,HAS_RISK
CVE:CVE-2025-21307,CWE:CWE-416,HAS_CWE
CVE:CVE-2025-21307,CPE:cpe:2.3:o:microsoft:windows_10_1507:*:*:*:*:*:*:x64:*,AFFECTS
CVE:CVE-2025-21307,CPE:cpe:2.3:o:microsoft:windows_10_1507:*:*:*:*:*:*:x86:*,AFFECTS
CVE:CVE-2025-21307,CPE:cpe:2.3:o:microsoft:windows_10_1607:*:*:*:*:*:*:x64:*,AFFECTS
CVE:CVE-2025-21307,CPE:cpe:2.3:o:microsoft:windows_10_1607:*:*:*:*:*:*:x86:*,AFFECTS
CVE:CVE-2025-21307,CPE:cpe:2.3:o:microsoft:windows_10_1809:*:*:*:*:*:*:x64:*,AFFECTS
CVE:CVE-2025-21307,CPE:cpe:2.3:o:microsoft:windows_10_1809:*:*:*:*:*:*:x86:*,AFFECTS
CVE:CVE-2025-21307,CPE:cpe:2.3:o:microsoft:windows_10_21h2:*:*:*:*:*:*:*:*,AFFECTS
CVE:CVE-2025-21307,CPE:cpe:2.3:o:microsoft:windows_10_22h2:*:*:*:*:*:*:*:*,AFFECTS
CVE:CVE-2025-21307,CPE:cpe:2.3:o:microsoft:windows_11_22h2:*:*:*:*:*:*:*:*,AFFECTS
CVE:CVE-2025-21307,CPE:cpe:2.3:o:microsoft:windows_11_23h2:*:*:*:*:*:*:*:*,AFFECTS
CVE:CVE-2025-21307,CPE:cpe:2.3:o:microsoft:windows_11_24h2:*:*:*:*:*:*:*:*,AFFECTS
CVE:CVE-2025-21307,CPE:cpe:2.3:o:microsoft:windows_server_2008:-:sp2:*:*:*:*:*:*,AFFECTS
CVE:CVE-2025-21307,CPE:cpe:2.3:o:microsoft:windows_server_2008:r2:sp1:*:*:*:*:x64:*,AFFECTS
CVE:CVE-2025-21307,CPE:cpe:2.3:o:microsoft:windows_server_2012:-:*:*:*:*:*:*:*,AFFECTS
CVE:CVE-2025-21307,CPE:cpe:2.3:o:microsoft:windows_server_2012:r2:*:*:*:*:*:*:*,AFFECTS
CVE:CVE-2025-21307,CPE:cpe:2.3:o:microsoft:windows_server_2016:*:*:*:*:*:*:*:*,AFFECTS
CVE:CVE-2025-21307,CPE:cpe:2.3:o:microsoft:windows_server_2019:*:*:*:*:*:*:*:*,AFFECTS
CVE:CVE-2025-21307,CPE:cpe:2.3:o:microsoft:windows_server_2022:*:*:*:*:*:*:*:*,AFFECTS
CVE:CVE-2025-21307,CPE:cpe:2.3:o:microsoft:windows_server_2022_23h2:*:*:*:*:*:*:*:*,AFFECTS
CVE:CVE-2025-21307,CPE:cpe:2.3:o:microsoft:windows_server_2025:*:*:*:*:*:*:x64:*,AFFECTS
CVE:CVE-2025-21307,REF:CVE-2025-21307:0,REFERENCES
CVE:CVE-2025-21180,RISK:MEDIUM,HAS_RISK
CVE:CVE-2025-21180,CWE:CWE-122,HAS_CWE
CVE:CVE-2025-21180,CPE:cpe:2.3:o:microsoft:windows_10_1507:*:*:*:*:*:*:x64:*,AFFECTS
CVE:CVE-2025-21180,CPE:cpe:2.3:o:microsoft:windows_10_1507:*:*:*:*:*:*:x86:*,AFFECTS
CVE:CVE-2025-21180,CPE:cpe:2.3:o:microsoft:windows_10_1607:*:*:*:*:*:*:x64:*,AFFECTS
CVE:CVE-2025-21180,CPE:cpe:2.3:o:microsoft:windows_10_1607:*:*:*:*:*:*:x86:*,AFFECTS
CVE:CVE-2025-21180,CPE:cpe:2.3:o:microsoft:windows_10_1809:*:*:*:*:*:*:x64:*,AFFECTS
CVE:CVE-2025-21180,CPE:cpe:2.3:o:microsoft:windows_10_1809:*:*:*:*:*:*:x86:*,AFFECTS
CVE:CVE-2025-21180,CPE:cpe:2.3:o:microsoft:windows_10_21h2:*:*:*:*:*:*:*:*,AFFECTS
CVE:CVE-2025-21180,CPE:cpe:2.3:o:microsoft:windows_10_22h2:*:*:*:*:*:*:*:*,AFFECTS
CVE:CVE-2025-21180,CPE:cpe:2.3:o:microsoft:windows_11_22h2:*:*:*:*:*:*:*:*,AFFECTS
CVE:CVE-2025-21180,CPE:cpe:2.3:o:microsoft:windows_11_23h2:*:*:*:*:*:*:*:*,AFFECTS
CVE:CVE-2025-21180,CPE:cpe:2.3:o:microsoft:windows_11_24h2:*:*:*:*:*:*:*:*,AFFECTS
CVE:CVE-2025-21180,CPE:cpe:2.3:o:microsoft:windows_server_2008:-:sp2:*:*:*:*:x64:*,AFFECTS
CVE:CVE-2025-21180,CPE:cpe:2.3:o:microsoft:windows_server_2008:-:sp2:*:*:*:*:x86:*,AFFECTS
CVE:CVE-2025-21180,CPE:cpe:2.3:o:microsoft:windows_server_2008:r2:sp1:*:*:*:*:x64:*,AFFECTS
CVE:CVE-2025-21180,CPE:cpe:2.3:o:microsoft:windows_server_2012:-:*:*:*:*:*:*:*,AFFECTS
CVE:CVE-2025-21180,CPE:cpe:2.3:o:microsoft:windows_server_2012:r2:*:*:*:*:*:*:*,AFFECTS
CVE:CVE-2025-21180,CPE:cpe:2.3:o:microsoft:windows_server_2016:*:*:*:*:*:*:*:*,AFFECTS
CVE:CVE-2025-21180,CPE:cpe:2.3:o:microsoft:windows_server_2019:*:*:*:*:*:*:*:*,AFFECTS
CVE:CVE-2025-21180,CPE:cpe:2.3:o:microsoft:windows_server_2022:*:*:*:*:*:*:*:*,AFFECTS
CVE:CVE-2025-21180,CPE:cpe:2.3:o:microsoft:windows_server_2022_23h2:*:*:*:*:*:*:*:*,AFFECTS
CVE:CVE-2025-21180,CPE:cpe:2.3:o:microsoft:windows_server_2025:*:*:*:*:*:*:*:*,AFFECTS
CVE:CVE-2025-21180,REF:CVE-2025-21180:0,REFERENCES
CVE:CVE-2025-66262,RISK:MEDIUM,HAS_RISK
CVE:CVE-2025-66262,CWE:CWE-22,HAS_CWE
CVE:CVE-2025-66262,CPE:cpe:2.3:h:dbbroadcast:mozart_dds_next_1000:-:*:*:*:*:*:*:*,AFFECTS
CVE:CVE-2025-66262,CPE:cpe:2.3:h:dbbroadcast:mozart_dds_next_100:-:*:*:*:*:*:*:*,AFFECTS
CVE:CVE-2025-66262,CPE:cpe:2.3:h:dbbroadcast:mozart_dds_next_2000:-:*:*:*:*:*:*:*,AFFECTS
CVE:CVE-2025-66262,CPE:cpe:2.3:h:dbbroadcast:mozart_dds_next_3000:-:*:*:*:*:*:*:*,AFFECTS
CVE:CVE-2025-66262,CPE:cpe:2.3:h:dbbroadcast:mozart_dds_next_300:-:*:*:*:*:*:*:*,AFFECTS
CVE:CVE-2025-66262,CPE:cpe:2.3:h:dbbroadcast:mozart_dds_next_30:-:*:*:*:*:*:*:*,AFFECTS
CVE:CVE-2025-66262,CPE:cpe:2.3:h:dbbroadcast:mozart_dds_next_3500:-:*:*:*:*:*:*:*,AFFECTS
CVE:CVE-2025-66262,CPE:cpe:2.3:h:dbbroadcast:mozart_dds_next_500:-:*:*:*:*:*:*:*,AFFECTS
CVE:CVE-2025-66262,CPE:cpe:2.3:h:dbbroadcast:mozart_dds_next_50:-:*:*:*:*:*:*:*,AFFECTS
CVE:CVE-2025-66262,CPE:cpe:2.3:h:dbbroadcast:mozart_dds_next_6000:-:*:*:*:*:*:*:*,AFFECTS
CVE:CVE-2025-66262,CPE:cpe:2.3:h:dbbroadcast:mozart_dds_next_7000:-:*:*:*:*:*:*:*,AFFECTS
CVE:CVE-2025-66262,CPE:cpe:2.3:h:dbbroadcast:mozart_next_1000:-:*:*:*:*:*:*:*,AFFECTS
CVE:CVE-2025-66262,CPE:cpe:2.3:h:dbbroadcast:mozart_next_100:-:*:*:*:*:*:*:*,AFFECTS
CVE:CVE-2025-66262,CPE:cpe:2.3:h:dbbroadcast:mozart_next_2000:-:*:*:*:*:*:*:*,AFFECTS
CVE:CVE-2025-66262,CPE:cpe:2.3:h:dbbroadcast:mozart_next_3000:-:*:*:*:*:*:*:*,AFFECTS
CVE:CVE-2025-66262,CPE:cpe:2.3:h:dbbroadcast:mozart_next_300:-:*:*:*:*:*:*:*,AFFECTS
CVE:CVE-2025-66262,CPE:cpe:2.3:h:dbbroadcast:mozart_next_30:-:*:*:*:*:*:*:*,AFFECTS
CVE:CVE-2025-66262,CPE:cpe:2.3:h:dbbroadcast:mozart_next_3500:-:*:*:*:*:*:*:*,AFFECTS
CVE:CVE-2025-66262,CPE:cpe:2.3:h:dbbroadcast:mozart_next_500:-:*:*:*:*:*:*:*,AFFECTS
CVE:CVE-2025-66262,CPE:cpe:2.3:h:dbbroadcast:mozart_next_50:-:*:*:*:*:*:*:*,AFFECTS
CVE:CVE-2025-66262,CPE:cpe:2.3:h:dbbroadcast:mozart_next_6000:-:*:*:*:*:*:*:*,AFFECTS
CVE:CVE-2025-66262,CPE:cpe:2.3:h:dbbroadcast:mozart_next_7000:-:*:*:*:*:*:*:*,AFFECTS
CVE:CVE-2025-66262,CPE:cpe:2.3:o:dbbroadcast:mozart_dds_next_1000_firmware:-:*:*:*:*:*:*:*,AFFECTS
CVE:CVE-2025-66262,CPE:cpe:2.3:o:dbbroadcast:mozart_dds_next_100_firmware:-:*:*:*:*:*:*:*,AFFECTS
CVE:CVE-2025-66262,CPE:cpe:2.3:o:dbbroadcast:mozart_dds_next_2000_firmware:-:*:*:*:*:*:*:*,AFFECTS
CVE:CVE-2025-66262,CPE:cpe:2.3:o:dbbroadcast:mozart_dds_next_3000_firmware:-:*:*:*:*:*:*:*,AFFECTS
CVE:CVE-2025-66262,CPE:cpe:2.3:o:dbbroadcast:mozart_dds_next_300_firmware:-:*:*:*:*:*:*:*,AFFECTS
CVE:CVE-2025-66262,CPE:cpe:2.3:o:dbbroadcast:mozart_dds_next_30_firmware:-:*:*:*:*:*:*:*,AFFECTS
CVE:CVE-2025-66262,CPE:cpe:2.3:o:dbbroadcast:mozart_dds_next_3500_firmware:-:*:*:*:*:*:*:*,AFFECTS
CVE:CVE-2025-66262,CPE:cpe:2.3:o:dbbroadcast:mozart_dds_next_500_firmware:-:*:*:*:*:*:*:*,AFFECTS
CVE:CVE-2025-66262,CPE:cpe:2.3:o:dbbroadcast:mozart_dds_next_50_firmware:-:*:*:*:*:*:*:*,AFFECTS
CVE:CVE-2025-66262,CPE:cpe:2.3:o:dbbroadcast:mozart_dds_next_6000_firmware:-:*:*:*:*:*:*:*,AFFECTS
CVE:CVE-2025-66262,CPE:cpe:2.3:o:dbbroadcast:mozart_dds_next_7000_firmware:-:*:*:*:*:*:*:*,AFFECTS
CVE:CVE-2025-66262,CPE:cpe:2.3:o:dbbroadcast:mozart_next_1000_firmware:-:*:*:*:*:*:*:*,AFFECTS
CVE:CVE-2025-66262,CPE:cpe:2.3:o:dbbroadcast:mozart_next_100_firmware:-:*:*:*:*:*:*:*,AFFECTS
CVE:CVE-2025-66262,CPE:cpe:2.3:o:dbbroadcast:mozart_next_2000_firmware:-:*:*:*:*:*:*:*,AFFECTS
CVE:CVE-2025-66262,CPE:cpe:2.3:o:dbbroadcast:mozart_next_3000_firmware:-:*:*:*:*:*:*:*,AFFECTS
CVE:CVE-2025-66262,CPE:cpe:2.3:o:dbbroadcast:mozart_next_300_firmware:-:*:*:*:*:*:*:*,AFFECTS
CVE:CVE-2025-66262,CPE:cpe:2.3:o:dbbroadcast:mozart_next_30_firmware:-:*:*:*:*:*:*:*,AFFECTS
CVE:CVE-2025-66262,CPE:cpe:2.3:o:dbbroadcast:mozart_next_3500_firmware:-:*:*:*:*:*:*:*,AFFECTS
CVE:CVE-2025-66262,CPE:cpe:2.3:o:dbbroadcast:mozart_next_500_firmware:-:*:*:*:*:*:*:*,AFFECTS
CVE:CVE-2025-66262,CPE:cpe:2.3:o:dbbroadcast:mozart_next_50_firmware:-:*:*:*:*:*:*:*,AFFECTS
CVE:CVE-2025-66262,CPE:cpe:2.3:o:dbbroadcast:mozart_next_6000_firmware:-:*:*:*:*:*:*:*,AFFECTS
CVE:CVE-2025-66262,CPE:cpe:2.3:o:dbbroadcast:mozart_next_7000_firmware:-:*:*:*:*:*:*:*,AFFECTS
CVE:CVE-2025-66262,REF:CVE-2025-66262:0,REFERENCES
CVE:CVE-2026-38431,RISK:MEDIUM,HAS_RISK
CVE:CVE-2026-38431,CWE:CWE-94,HAS_CWE
CVE:CVE-2026-38431,CPE:cpe:2.3:a:frappe:erpnext:*:*:*:*:*:*:*:*,AFFECTS
CVE:CVE-2026-38431,REF:CVE-2026-38431:0,REFERENCES
CVE:CVE-2024-30068,RISK:MEDIUM,HAS_RISK
CVE:CVE-2024-30068,CWE:CWE-125,HAS_CWE
CVE:CVE-2024-30068,CPE:cpe:2.3:o:microsoft:windows_10_1507:*:*:*:*:*:*:*:*,AFFECTS
CVE:CVE-2024-30068,CPE:cpe:2.3:o:microsoft:windows_10_1607:*:*:*:*:*:*:*:*,AFFECTS
CVE:CVE-2024-30068,CPE:cpe:2.3:o:microsoft:windows_10_1809:*:*:*:*:*:*:*:*,AFFECTS
CVE:CVE-2024-30068,CPE:cpe:2.3:o:microsoft:windows_10_21h2:*:*:*:*:*:*:*:*,AFFECTS
CVE:CVE-2024-30068,CPE:cpe:2.3:o:microsoft:windows_10_22h2:*:*:*:*:*:*:*:*,AFFECTS
CVE:CVE-2024-30068,CPE:cpe:2.3:o:microsoft:windows_11_21h2:*:*:*:*:*:*:*:*,AFFECTS
CVE:CVE-2024-30068,CPE:cpe:2.3:o:microsoft:windows_11_22h2:*:*:*:*:*:*:*:*,AFFECTS
CVE:CVE-2024-30068,CPE:cpe:2.3:o:microsoft:windows_11_23h2:*:*:*:*:*:*:*:*,AFFECTS
CVE:CVE-2024-30068,CPE:cpe:2.3:o:microsoft:windows_server_2016:*:*:*:*:*:*:*:*,AFFECTS
CVE:CVE-2024-30068,CPE:cpe:2.3:o:microsoft:windows_server_2019:*:*:*:*:*:*:*:*,AFFECTS
CVE:CVE-2024-30068,CPE:cpe:2.3:o:microsoft:windows_server_2022:*:*:*:*:*:*:*:*,AFFECTS
CVE:CVE-2024-30068,CPE:cpe:2.3:o:microsoft:windows_server_2022_23h2:*:*:*:*:*:*:*:*,AFFECTS
CVE:CVE-2024-30068,REF:CVE-2024-30068:0,REFERENCES
CVE:CVE-2026-23813,RISK:MEDIUM,HAS_RISK
CVE:CVE-2026-23813,CWE:CWE-287,HAS_CWE
CVE:CVE-2026-23813,CPE:cpe:2.3:h:hpe:aruba_cx_10000-48y6c_\(r8p13a\):-:*:*:*:*:*:*:*,AFFECTS
CVE:CVE-2026-23813,CPE:cpe:2.3:h:hpe:aruba_cx_10000-48y6c_\(r8p14a\):-:*:*:*:*:*:*:*,AFFECTS
CVE:CVE-2026-23813,CPE:cpe:2.3:h:hpe:aruba_cx_10000-48y6c_\(s0f98a\):-:*:*:*:*:*:*:*,AFFECTS
CVE:CVE-2026-23813,CPE:cpe:2.3:h:hpe:aruba_cx_10040_32p_\(s4r54a\):-:*:*:*:*:*:*:*,AFFECTS
CVE:CVE-2026-23813,CPE:cpe:2.3:h:hpe:aruba_cx_10040_32p_\(s4r55a\):-:*:*:*:*:*:*:*,AFFECTS
CVE:CVE-2026-23813,CPE:cpe:2.3:h:hpe:aruba_cx_10040_32p_\(s4r56a\):-:*:*:*:*:*:*:*,AFFECTS
CVE:CVE-2026-23813,CPE:cpe:2.3:h:hpe:aruba_cx_10040_\(s4r58a\):-:*:*:*:*:*:*:*,AFFECTS
CVE:CVE-2026-23813,CPE:cpe:2.3:h:hpe:aruba_cx_4100i_12-port_\(jl817a\):-:*:*:*:*:*:*:*,AFFECTS
CVE:CVE-2026-23813,CPE:cpe:2.3:h:hpe:aruba_cx_4100i_24-port_\(jl818a\):-:*:*:*:*:*:*:*,AFFECTS
CVE:CVE-2026-23813,CPE:cpe:2.3:h:hpe:aruba_cx_6000_12g_\(r8n89a\):-:*:*:*:*:*:*:*,AFFECTS
CVE:CVE-2026-23813,CPE:cpe:2.3:h:hpe:aruba_cx_6000_12p_\(r8n89b\):-:*:*:*:*:*:*:*,AFFECTS
CVE:CVE-2026-23813,CPE:cpe:2.3:h:hpe:aruba_cx_6000_12p_\(s4r21a\):-:*:*:*:*:*:*:*,AFFECTS
CVE:CVE-2026-23813,CPE:cpe:2.3:h:hpe:aruba_cx_6000_24g_\(r8n87a\):-:*:*:*:*:*:*:*,AFFECTS
CVE:CVE-2026-23813,CPE:cpe:2.3:h:hpe:aruba_cx_6000_24g_\(r8n88a\):-:*:*:*:*:*:*:*,AFFECTS
CVE:CVE-2026-23813,CPE:cpe:2.3:h:hpe:aruba_cx_6000_24p_\(r8n87b\):-:*:*:*:*:*:*:*,AFFECTS
CVE:CVE-2026-23813,CPE:cpe:2.3:h:hpe:aruba_cx_6000_24p_\(r8n88b\):-:*:*:*:*:*:*:*,AFFECTS
CVE:CVE-2026-23813,CPE:cpe:2.3:h:hpe:aruba_cx_6000_24p_\(s4r26a\):-:*:*:*:*:*:*:*,AFFECTS
CVE:CVE-2026-23813,CPE:cpe:2.3:h:hpe:aruba_cx_6000_24p_\(s4r27a\):-:*:*:*:*:*:*:*,AFFECTS
CVE:CVE-2026-23813,CPE:cpe:2.3:h:hpe:aruba_cx_6000_48g_\(r8n85a\):-:*:*:*:*:*:*:*,AFFECTS
CVE:CVE-2026-23813,CPE:cpe:2.3:h:hpe:aruba_cx_6000_48g_\(r8n86a\):-:*:*:*:*:*:*:*,AFFECTS
CVE:CVE-2026-23813,CPE:cpe:2.3:h:hpe:aruba_cx_6000_48g_\(r9y03a\):-:*:*:*:*:*:*:*,AFFECTS
CVE:CVE-2026-23813,CPE:cpe:2.3:h:hpe:aruba_cx_6000_48p_\(r8n85b\):-:*:*:*:*:*:*:*,AFFECTS
CVE:CVE-2026-23813,CPE:cpe:2.3:h:hpe:aruba_cx_6000_48p_\(r8n86b\):-:*:*:*:*:*:*:*,AFFECTS
CVE:CVE-2026-23813,CPE:cpe:2.3:h:hpe:aruba_cx_6000_48p_\(r9y03b\):-:*:*:*:*:*:*:*,AFFECTS
CVE:CVE-2026-23813,CPE:cpe:2.3:h:hpe:aruba_cx_6000_48p_\(s4r20a\):-:*:*:*:*:*:*:*,AFFECTS
CVE:CVE-2026-23813,CPE:cpe:2.3:h:hpe:aruba_cx_6000_48p_\(s4r24a\):-:*:*:*:*:*:*:*,AFFECTS
CVE:CVE-2026-23813,CPE:cpe:2.3:h:hpe:aruba_cx_6000_48p_\(s4r25a\):-:*:*:*:*:*:*:*,AFFECTS
CVE:CVE-2026-23813,CPE:cpe:2.3:h:hpe:aruba_cx_6000_8p_\(s4r22a\):-:*:*:*:*:*:*:*,AFFECTS
CVE:CVE-2026-23813,CPE:cpe:2.3:h:hpe:aruba_cx_6000_8p_\(s4r23a\):-:*:*:*:*:*:*:*,AFFECTS
CVE:CVE-2026-23813,CPE:cpe:2.3:h:hpe:aruba_cx_6000_8p_\(s4r28a\):-:*:*:*:*:*:*:*,AFFECTS
CVE:CVE-2026-23813,CPE:cpe:2.3:h:hpe:aruba_cx_6000_8p_\(s4r29a\):-:*:*:*:*:*:*:*,AFFECTS
CVE:CVE-2026-23813,CPE:cpe:2.3:h:hpe:aruba_cx_6100_12g_\(jl679a\):-:*:*:*:*:*:*:*,AFFECTS
CVE:CVE-2026-23813,CPE:cpe:2.3:h:hpe:aruba_cx_6100_24g_\(jl677a\):-:*:*:*:*:*:*:*,AFFECTS
CVE:CVE-2026-23813,CPE:cpe:2.3:h:hpe:aruba_cx_6100_24g_\(jl678a\):-:*:*:*:*:*:*:*,AFFECTS
CVE:CVE-2026-23813,CPE:cpe:2.3:h:hpe:aruba_cx_6100_48g_\(jl675a\):-:*:*:*:*:*:*:*,AFFECTS
CVE:CVE-2026-23813,CPE:cpe:2.3:h:hpe:aruba_cx_6100_48g_\(jl676a\):-:*:*:*:*:*:*:*,AFFECTS
CVE:CVE-2026-23813,CPE:cpe:2.3:h:hpe:aruba_cx_6100_48g_\(r9y04a\):-:*:*:*:*:*:*:*,AFFECTS
CVE:CVE-2026-23813,CPE:cpe:2.3:h:hpe:aruba_cx_6200f_12g_\(r8q72a\):-:*:*:*:*:*:*:*,AFFECTS
CVE:CVE-2026-23813,CPE:cpe:2.3:h:hpe:aruba_cx_6200f_12g_\(r8v13a\):-:*:*:*:*:*:*:*,AFFECTS
CVE:CVE-2026-23813,CPE:cpe:2.3:h:hpe:aruba_cx_6200f_24g_\(jl724b\):-:*:*:*:*:*:*:*,AFFECTS
CVE:CVE-2026-23813,CPE:cpe:2.3:h:hpe:aruba_cx_6200f_24g_\(jl725b\):-:*:*:*:*:*:*:*,AFFECTS
CVE:CVE-2026-23813,CPE:cpe:2.3:h:hpe:aruba_cx_6200f_24g_\(s0g13a\):-:*:*:*:*:*:*:*,AFFECTS
CVE:CVE-2026-23813,CPE:cpe:2.3:h:hpe:aruba_cx_6200f_24g_\(s0g14a\):-:*:*:*:*:*:*:*,AFFECTS
CVE:CVE-2026-23813,CPE:cpe:2.3:h:hpe:aruba_cx_6200f_24g_\(s0m81a\):-:*:*:*:*:*:*:*,AFFECTS
CVE:CVE-2026-23813,CPE:cpe:2.3:h:hpe:aruba_cx_6200f_24g_\(s0m82a\):-:*:*:*:*:*:*:*,AFFECTS
CVE:CVE-2026-23813,CPE:cpe:2.3:h:hpe:aruba_cx_6200f_24g_\(s0m86a\):-:*:*:*:*:*:*:*,AFFECTS
CVE:CVE-2026-23813,CPE:cpe:2.3:h:hpe:aruba_cx_6200f_24g_\(s0m87a\):-:*:*:*:*:*:*:*,AFFECTS
CVE:CVE-2026-23813,CPE:cpe:2.3:h:hpe:aruba_cx_6200f_48g_\(jl726b\):-:*:*:*:*:*:*:*,AFFECTS
CVE:CVE-2026-23813,CPE:cpe:2.3:h:hpe:aruba_cx_6200f_48g_\(jl727b\):-:*:*:*:*:*:*:*,AFFECTS
CVE:CVE-2026-23813,CPE:cpe:2.3:h:hpe:aruba_cx_6200f_48g_\(jl728b\):-:*:*:*:*:*:*:*,AFFECTS
CVE:CVE-2026-23813,CPE:cpe:2.3:h:hpe:aruba_cx_6200f_48g_\(s0g15a\):-:*:*:*:*:*:*:*,AFFECTS
CVE:CVE-2026-23813,CPE:cpe:2.3:h:hpe:aruba_cx_6200f_48g_\(s0g16a\):-:*:*:*:*:*:*:*,AFFECTS
CVE:CVE-2026-23813,CPE:cpe:2.3:h:hpe:aruba_cx_6200f_48g_\(s0g17a\):-:*:*:*:*:*:*:*,AFFECTS
CVE:CVE-2026-23813,CPE:cpe:2.3:h:hpe:aruba_cx_6200f_48g_\(s0m83a\):-:*:*:*:*:*:*:*,AFFECTS
CVE:CVE-2026-23813,CPE:cpe:2.3:h:hpe:aruba_cx_6200f_48g_\(s0m84a\):-:*:*:*:*:*:*:*,AFFECTS
CVE:CVE-2026-23813,CPE:cpe:2.3:h:hpe:aruba_cx_6200f_48g_\(s0m85a\):-:*:*:*:*:*:*:*,AFFECTS
CVE:CVE-2026-23813,CPE:cpe:2.3:h:hpe:aruba_cx_6200f_48g_\(s0m88a\):-:*:*:*:*:*:*:*,AFFECTS
CVE:CVE-2026-23813,CPE:cpe:2.3:h:hpe:aruba_cx_6200f_48g_\(s0m89a\):-:*:*:*:*:*:*:*,AFFECTS
CVE:CVE-2026-23813,CPE:cpe:2.3:h:hpe:aruba_cx_6200f_48g_\(s0m90a\):-:*:*:*:*:*:*:*,AFFECTS
CVE:CVE-2026-23813,CPE:cpe:2.3:h:hpe:aruba_cx_6200m_24g_\(r8q67a\):-:*:*:*:*:*:*:*,AFFECTS
CVE:CVE-2026-23813,CPE:cpe:2.3:h:hpe:aruba_cx_6200m_24g_\(r8q68a\):-:*:*:*:*:*:*:*,AFFECTS
CVE:CVE-2026-23813,CPE:cpe:2.3:h:hpe:aruba_cx_6200m_24g_\(r8v08a\):-:*:*:*:*:*:*:*,AFFECTS
CVE:CVE-2026-23813,CPE:cpe:2.3:h:hpe:aruba_cx_6200m_24g_\(r8v09a\):-:*:*:*:*:*:*:*,AFFECTS
CVE:CVE-2026-23813,CPE:cpe:2.3:h:hpe:aruba_cx_6200m_36g_\(r8q71a\):-:*:*:*:*:*:*:*,AFFECTS
CVE:CVE-2026-23813,CPE:cpe:2.3:h:hpe:aruba_cx_6200m_36g_\(r8v12a\):-:*:*:*:*:*:*:*,AFFECTS
CVE:CVE-2026-23813,CPE:cpe:2.3:h:hpe:aruba_cx_6200m_48g_\(r8q69a\):-:*:*:*:*:*:*:*,AFFECTS
CVE:CVE-2026-23813,CPE:cpe:2.3:h:hpe:aruba_cx_6200m_48g_\(r8q70a\):-:*:*:*:*:*:*:*,AFFECTS
CVE:CVE-2026-23813,CPE:cpe:2.3:h:hpe:aruba_cx_6200m_48g_\(r8v10a\):-:*:*:*:*:*:*:*,AFFECTS
CVE:CVE-2026-23813,CPE:cpe:2.3:h:hpe:aruba_cx_6200m_48g_\(r8v11a\):-:*:*:*:*:*:*:*,AFFECTS
CVE:CVE-2026-23813,CPE:cpe:2.3:h:hpe:aruba_cx_6300f_24_\(jl666a\):-:*:*:*:*:*:*:*,AFFECTS
CVE:CVE-2026-23813,CPE:cpe:2.3:h:hpe:aruba_cx_6300f_24_\(jl668a\):-:*:*:*:*:*:*:*,AFFECTS
CVE:CVE-2026-23813,CPE:cpe:2.3:h:hpe:aruba_cx_6300f_24p_\(s0g96a\):-:*:*:*:*:*:*:*,AFFECTS
CVE:CVE-2026-23813,CPE:cpe:2.3:h:hpe:aruba_cx_6300f_24p_\(s0g98a\):-:*:*:*:*:*:*:*,AFFECTS
CVE:CVE-2026-23813,CPE:cpe:2.3:h:hpe:aruba_cx_6300f_48_\(jl665a\):-:*:*:*:*:*:*:*,AFFECTS
CVE:CVE-2026-23813,CPE:cpe:2.3:h:hpe:aruba_cx_6300f_48_\(jl667a\):-:*:*:*:*:*:*:*,AFFECTS
CVE:CVE-2026-23813,CPE:cpe:2.3:h:hpe:aruba_cx_6300f_48p_\(s0g95a\):-:*:*:*:*:*:*:*,AFFECTS
CVE:CVE-2026-23813,CPE:cpe:2.3:h:hpe:aruba_cx_6300f_48p_\(s0g97a\):-:*:*:*:*:*:*:*,AFFECTS
CVE:CVE-2026-23813,CPE:cpe:2.3:h:hpe:aruba_cx_6300m_16p_\(s4p41a\):-:*:*:*:*:*:*:*,AFFECTS
CVE:CVE-2026-23813,CPE:cpe:2.3:h:hpe:aruba_cx_6300m_16p_\(s4p45a\):-:*:*:*:*:*:*:*,AFFECTS
CVE:CVE-2026-23813,CPE:cpe:2.3:h:hpe:aruba_cx_6300m_24_\(jl658a\):-:*:*:*:*:*:*:*,AFFECTS
CVE:CVE-2026-23813,CPE:cpe:2.3:h:hpe:aruba_cx_6300m_24_\(jl660a\):-:*:*:*:*:*:*:*,AFFECTS
CVE:CVE-2026-23813,CPE:cpe:2.3:h:hpe:aruba_cx_6300m_24_\(jl662a\):-:*:*:*:*:*:*:*,AFFECTS
CVE:CVE-2026-23813,CPE:cpe:2.3:h:hpe:aruba_cx_6300m_24_\(jl664a\):-:*:*:*:*:*:*:*,AFFECTS
CVE:CVE-2026-23813,CPE:cpe:2.3:h:hpe:aruba_cx_6300m_24p_\(r8s89a\):-:*:*:*:*:*:*:*,AFFECTS
CVE:CVE-2026-23813,CPE:cpe:2.3:h:hpe:aruba_cx_6300m_24p_\(r8s92a\):-:*:*:*:*:*:*:*,AFFECTS
CVE:CVE-2026-23813,CPE:cpe:2.3:h:hpe:aruba_cx_6300m_24p_\(s0f99a\):-:*:*:*:*:*:*:*,AFFECTS
CVE:CVE-2026-23813,CPE:cpe:2.3:h:hpe:aruba_cx_6300m_24p_\(s0g01a\):-:*:*:*:*:*:*:*,AFFECTS
CVE:CVE-2026-23813,CPE:cpe:2.3:h:hpe:aruba_cx_6300m_24p_\(s0g03a\):-:*:*:*:*:*:*:*,AFFECTS
CVE:CVE-2026-23813,CPE:cpe:2.3:h:hpe:aruba_cx_6300m_24p_\(s0g05a\):-:*:*:*:*:*:*:*,AFFECTS
CVE:CVE-2026-23813,CPE:cpe:2.3:h:hpe:aruba_cx_6300m_24p_\(s4p44a\):-:*:*:*:*:*:*:*,AFFECTS
CVE:CVE-2026-23813,CPE:cpe:2.3:h:hpe:aruba_cx_6300m_24p_\(s4p48a\):-:*:*:*:*:*:*:*,AFFECTS
CVE:CVE-2026-23813,CPE:cpe:2.3:h:hpe:aruba_cx_6300m_24p_\(s5z46a\):-:*:*:*:*:*:*:*,AFFECTS
CVE:CVE-2026-23813,CPE:cpe:2.3:h:hpe:aruba_cx_6300m_32p_\(s4p42a\):-:*:*:*:*:*:*:*,AFFECTS
CVE:CVE-2026-23813,CPE:cpe:2.3:h:hpe:aruba_cx_6300m_32p_\(s4p46a\):-:*:*:*:*:*:*:*,AFFECTS
CVE:CVE-2026-23813,CPE:cpe:2.3:h:hpe:aruba_cx_6300m_48_\(jl659a\):-:*:*:*:*:*:*:*,AFFECTS
CVE:CVE-2026-23813,CPE:cpe:2.3:h:hpe:aruba_cx_6300m_48_\(jl661a\):-:*:*:*:*:*:*:*,AFFECTS
CVE:CVE-2026-23813,CPE:cpe:2.3:h:hpe:aruba_cx_6300m_48_\(jl663a\):-:*:*:*:*:*:*:*,AFFECTS
CVE:CVE-2026-23813,CPE:cpe:2.3:h:hpe:aruba_cx_6300m_48_\(jl762a\):-:*:*:*:*:*:*:*,AFFECTS
CVE:CVE-2026-23813,CPE:cpe:2.3:h:hpe:aruba_cx_6300m_48p_\(r8s90a\):-:*:*:*:*:*:*:*,AFFECTS
CVE:CVE-2026-23813,CPE:cpe:2.3:h:hpe:aruba_cx_6300m_48p_\(s0g00a\):-:*:*:*:*:*:*:*,AFFECTS
CVE:CVE-2026-23813,CPE:cpe:2.3:h:hpe:aruba_cx_6300m_48p_\(s0g02a\):-:*:*:*:*:*:*:*,AFFECTS
CVE:CVE-2026-23813,CPE:cpe:2.3:h:hpe:aruba_cx_6300m_48p_\(s0g04a\):-:*:*:*:*:*:*:*,AFFECTS
CVE:CVE-2026-23813,CPE:cpe:2.3:h:hpe:aruba_cx_6300m_48p_\(s0g06a\):-:*:*:*:*:*:*:*,AFFECTS
CVE:CVE-2026-23813,CPE:cpe:2.3:h:hpe:aruba_cx_6300m_48p_\(s0x44a\):-:*:*:*:*:*:*:*,AFFECTS
CVE:CVE-2026-23813,CPE:cpe:2.3:h:hpe:aruba_cx_6300m_48p_\(s4p43a\):-:*:*:*:*:*:*:*,AFFECTS
CVE:CVE-2026-23813,CPE:cpe:2.3:h:hpe:aruba_cx_6300m_48p_\(s4p47a\):-:*:*:*:*:*:*:*,AFFECTS
CVE:CVE-2026-23813,CPE:cpe:2.3:h:hpe:aruba_cx_6300m_48sr5_\(r8s91a\):-:*:*:*:*:*:*:*,AFFECTS
CVE:CVE-2026-23813,CPE:cpe:2.3:h:hpe:aruba_cx_6405_48sfp\+8sfp56_\(r0x30a\):-:*:*:*:*:*:*:*,AFFECTS
CVE:CVE-2026-23813,CPE:cpe:2.3:h:hpe:aruba_cx_6405_96g_\(r0x29a\):-:*:*:*:*:*:*:*,AFFECTS
CVE:CVE-2026-23813,CPE:cpe:2.3:h:hpe:aruba_cx_6405_\(r0x26a\):-:*:*:*:*:*:*:*,AFFECTS
CVE:CVE-2026-23813,CPE:cpe:2.3:h:hpe:aruba_cx_6405_v2_\(r0x26c\):-:*:*:*:*:*:*:*,AFFECTS
CVE:CVE-2026-23813,CPE:cpe:2.3:h:hpe:aruba_cx_6410_96g_\(jl741a\):-:*:*:*:*:*:*:*,AFFECTS
CVE:CVE-2026-23813,CPE:cpe:2.3:h:hpe:aruba_cx_6410_\(r0x27a\):-:*:*:*:*:*:*:*,AFFECTS
CVE:CVE-2026-23813,CPE:cpe:2.3:h:hpe:aruba_cx_6410_v2_\(r0x27c\):-:*:*:*:*:*:*:*,AFFECTS
CVE:CVE-2026-23813,CPE:cpe:2.3:h:hpe:aruba_cx_8320_32_\(jl579a\):-:*:*:*:*:*:*:*,AFFECTS
CVE:CVE-2026-23813,CPE:cpe:2.3:h:hpe:aruba_cx_8320_48_\(jl479a\):-:*:*:*:*:*:*:*,AFFECTS
CVE:CVE-2026-23813,CPE:cpe:2.3:h:hpe:aruba_cx_8320_48_\(jl581a\):-:*:*:*:*:*:*:*,AFFECTS
CVE:CVE-2026-23813,CPE:cpe:2.3:h:hpe:aruba_cx_8325-32c_\(jl626a\):-:*:*:*:*:*:*:*,AFFECTS
CVE:CVE-2026-23813,CPE:cpe:2.3:h:hpe:aruba_cx_8325-32c_\(jl627a\):-:*:*:*:*:*:*:*,AFFECTS
CVE:CVE-2026-23813,CPE:cpe:2.3:h:hpe:aruba_cx_8325-48y8c_\(jl624a\):-:*:*:*:*:*:*:*,AFFECTS
CVE:CVE-2026-23813,CPE:cpe:2.3:h:hpe:aruba_cx_8325-48y8c_\(jl625a\):-:*:*:*:*:*:*:*,AFFECTS
CVE:CVE-2026-23813,CPE:cpe:2.3:h:hpe:aruba_cx_8325-48y8c_\(jl858a\):-:*:*:*:*:*:*:*,AFFECTS
CVE:CVE-2026-23813,CPE:cpe:2.3:h:hpe:aruba_cx_8325h-16c_\(s4b22a\):-:*:*:*:*:*:*:*,AFFECTS
CVE:CVE-2026-23813,CPE:cpe:2.3:h:hpe:aruba_cx_8325h-16c_\(s4b24a\):-:*:*:*:*:*:*:*,AFFECTS
CVE:CVE-2026-23813,CPE:cpe:2.3:h:hpe:aruba_cx_8325h-18y4c_\(s4b21a\):-:*:*:*:*:*:*:*,AFFECTS
CVE:CVE-2026-23813,CPE:cpe:2.3:h:hpe:aruba_cx_8325h-18y4c_\(s4b23a\):-:*:*:*:*:*:*:*,AFFECTS
CVE:CVE-2026-23813,CPE:cpe:2.3:h:hpe:aruba_cx_8325p-32c_\(s0g07a\):-:*:*:*:*:*:*:*,AFFECTS
CVE:CVE-2026-23813,CPE:cpe:2.3:h:hpe:aruba_cx_8325p-32c_\(s0g08a\):-:*:*:*:*:*:*:*,AFFECTS
CVE:CVE-2026-23813,CPE:cpe:2.3:h:hpe:aruba_cx_8360-12c_\(jl708c\):-:*:*:*:*:*:*:*,AFFECTS
CVE:CVE-2026-23813,CPE:cpe:2.3:h:hpe:aruba_cx_8360-12c_\(jl709c\):-:*:*:*:*:*:*:*,AFFECTS
CVE:CVE-2026-23813,CPE:cpe:2.3:h:hpe:aruba_cx_8360-16y2c_\(jl702c\):-:*:*:*:*:*:*:*,AFFECTS
CVE:CVE-2026-23813,CPE:cpe:2.3:h:hpe:aruba_cx_8360-16y2c_\(jl703c\):-:*:*:*:*:*:*:*,AFFECTS
CVE:CVE-2026-23813,CPE:cpe:2.3:h:hpe:aruba_cx_8360-24xf2c_\(jl710c\):-:*:*:*:*:*:*:*,AFFECTS
CVE:CVE-2026-23813,CPE:cpe:2.3:h:hpe:aruba_cx_8360-24xf2c_\(jl711c\):-:*:*:*:*:*:*:*,AFFECTS
CVE:CVE-2026-23813,CPE:cpe:2.3:h:hpe:aruba_cx_8360-32y4c_\(jl700c\):-:*:*:*:*:*:*:*,AFFECTS
CVE:CVE-2026-23813,CPE:cpe:2.3:h:hpe:aruba_cx_8360-32y4c_\(jl701c\):-:*:*:*:*:*:*:*,AFFECTS
CVE:CVE-2026-23813,CPE:cpe:2.3:h:hpe:aruba_cx_8360-48xt4c_\(jl706c\):-:*:*:*:*:*:*:*,AFFECTS
CVE:CVE-2026-23813,CPE:cpe:2.3:h:hpe:aruba_cx_8360-48xt4c_\(jl707c\):-:*:*:*:*:*:*:*,AFFECTS
CVE:CVE-2026-23813,CPE:cpe:2.3:h:hpe:aruba_cx_8360-48y6c_\(jl704c\):-:*:*:*:*:*:*:*,AFFECTS
CVE:CVE-2026-23813,CPE:cpe:2.3:h:hpe:aruba_cx_8360-48y6c_\(jl705c\):-:*:*:*:*:*:*:*,AFFECTS
CVE:CVE-2026-23813,CPE:cpe:2.3:h:hpe:aruba_cx_8400_8-slot_chassis_\(jl375a\):-:*:*:*:*:*:*:*,AFFECTS
CVE:CVE-2026-23813,CPE:cpe:2.3:h:hpe:aruba_cx_8400_\(jl376a\):-:*:*:*:*:*:*:*,AFFECTS
CVE:CVE-2026-23813,CPE:cpe:2.3:h:hpe:aruba_cx_9300_32d_\(r8z96a\):-:*:*:*:*:*:*:*,AFFECTS
CVE:CVE-2026-23813,CPE:cpe:2.3:h:hpe:aruba_cx_9300_32d_\(r9a29a\):-:*:*:*:*:*:*:*,AFFECTS
CVE:CVE-2026-23813,CPE:cpe:2.3:h:hpe:aruba_cx_9300_32d_\(r9a30a\):-:*:*:*:*:*:*:*,AFFECTS
CVE:CVE-2026-23813,CPE:cpe:2.3:h:hpe:aruba_cx_9300_\(r8z97a\):-:*:*:*:*:*:*:*,AFFECTS
CVE:CVE-2026-23813,CPE:cpe:2.3:h:hpe:aruba_cx_9300_\(r8z98a\):-:*:*:*:*:*:*:*,AFFECTS
CVE:CVE-2026-23813,CPE:cpe:2.3:h:hpe:aruba_cx_9300_\(r8z99a\):-:*:*:*:*:*:*:*,AFFECTS
CVE:CVE-2026-23813,CPE:cpe:2.3:h:hpe:aruba_cx_9300_\(r9a00a\):-:*:*:*:*:*:*:*,AFFECTS
CVE:CVE-2026-23813,CPE:cpe:2.3:h:hpe:aruba_cx_9300s_32p_\(s0f81a\):-:*:*:*:*:*:*:*,AFFECTS
CVE:CVE-2026-23813,CPE:cpe:2.3:h:hpe:aruba_cx_9300s_32p_\(s0f82a\):-:*:*:*:*:*:*:*,AFFECTS
CVE:CVE-2026-23813,CPE:cpe:2.3:h:hpe:aruba_cx_9300s_32p_\(s0f83a\):-:*:*:*:*:*:*:*,AFFECTS
CVE:CVE-2026-23813,CPE:cpe:2.3:h:hpe:aruba_cx_9300s_32p_\(s0f84a\):-:*:*:*:*:*:*:*,AFFECTS
CVE:CVE-2026-23813,CPE:cpe:2.3:h:hpe:aruba_cx_9300s_32p_\(s0f87a\):-:*:*:*:*:*:*:*,AFFECTS
CVE:CVE-2026-23813,CPE:cpe:2.3:h:hpe:aruba_cx_9300s_32p_\(s0f88a\):-:*:*:*:*:*:*:*,AFFECTS
CVE:CVE-2026-23813,CPE:cpe:2.3:o:hpe:arubaos-cx:*:*:*:*:*:*:*:*,AFFECTS
CVE:CVE-2026-23813,REF:CVE-2026-23813:0,REFERENCES
CVE:CVE-2024-7263,RISK:MEDIUM,HAS_RISK
CVE:CVE-2024-7263,CWE:CWE-22,HAS_CWE
CVE:CVE-2024-7263,CPE:cpe:2.3:a:kingsoft:wps_office:*:*:*:*:*:*:*:*,AFFECTS
CVE:CVE-2024-7263,CPE:cpe:2.3:o:microsoft:windows:-:*:*:*:*:*:*:*,AFFECTS
CVE:CVE-2024-7263,REF:CVE-2024-7263:0,REFERENCES
CVE:CVE-2024-49088,RISK:MEDIUM,HAS_RISK
CVE:CVE-2024-49088,CWE:CWE-126,HAS_CWE
CVE:CVE-2024-49088,CPE:cpe:2.3:o:microsoft:windows_10_1507:*:*:*:*:*:*:x64:*,AFFECTS
CVE:CVE-2024-49088,CPE:cpe:2.3:o:microsoft:windows_10_1507:*:*:*:*:*:*:x86:*,AFFECTS
CVE:CVE-2024-49088,CPE:cpe:2.3:o:microsoft:windows_10_1607:*:*:*:*:*:*:x64:*,AFFECTS
CVE:CVE-2024-49088,CPE:cpe:2.3:o:microsoft:windows_10_1607:*:*:*:*:*:*:x86:*,AFFECTS
CVE:CVE-2024-49088,CPE:cpe:2.3:o:microsoft:windows_10_1809:*:*:*:*:*:*:x64:*,AFFECTS
CVE:CVE-2024-49088,CPE:cpe:2.3:o:microsoft:windows_10_1809:*:*:*:*:*:*:x86:*,AFFECTS
CVE:CVE-2024-49088,CPE:cpe:2.3:o:microsoft:windows_10_21h2:*:*:*:*:*:*:*:*,AFFECTS
CVE:CVE-2024-49088,CPE:cpe:2.3:o:microsoft:windows_10_22h2:*:*:*:*:*:*:*:*,AFFECTS
CVE:CVE-2024-49088,CPE:cpe:2.3:o:microsoft:windows_11_22h2:*:*:*:*:*:*:*:*,AFFECTS
CVE:CVE-2024-49088,CPE:cpe:2.3:o:microsoft:windows_11_23h2:*:*:*:*:*:*:*:*,AFFECTS
CVE:CVE-2024-49088,CPE:cpe:2.3:o:microsoft:windows_11_24h2:*:*:*:*:*:*:*:*,AFFECTS
CVE:CVE-2024-49088,CPE:cpe:2.3:o:microsoft:windows_server_2008:-:sp2:*:*:*:*:*:*,AFFECTS
CVE:CVE-2024-49088,CPE:cpe:2.3:o:microsoft:windows_server_2008:r2:sp1:*:*:*:*:x64:*,AFFECTS
CVE:CVE-2024-49088,CPE:cpe:2.3:o:microsoft:windows_server_2012:-:*:*:*:*:*:*:*,AFFECTS
CVE:CVE-2024-49088,CPE:cpe:2.3:o:microsoft:windows_server_2012:r2:*:*:*:*:*:*:*,AFFECTS
CVE:CVE-2024-49088,CPE:cpe:2.3:o:microsoft:windows_server_2016:*:*:*:*:*:*:*:*,AFFECTS
CVE:CVE-2024-49088,CPE:cpe:2.3:o:microsoft:windows_server_2019:*:*:*:*:*:*:*:*,AFFECTS
CVE:CVE-2024-49088,CPE:cpe:2.3:o:microsoft:windows_server_2022:*:*:*:*:*:*:*:*,AFFECTS
CVE:CVE-2024-49088,CPE:cpe:2.3:o:microsoft:windows_server_2022_23h2:*:*:*:*:*:*:*:*,AFFECTS
CVE:CVE-2024-49088,CPE:cpe:2.3:o:microsoft:windows_server_2025:*:*:*:*:*:*:*:*,AFFECTS
CVE:CVE-2024-49088,REF:CVE-2024-49088:0,REFERENCES
CVE:CVE-2024-49090,RISK:MEDIUM,HAS_RISK
CVE:CVE-2024-49090,CWE:CWE-822,HAS_CWE
CVE:CVE-2024-49090,CPE:cpe:2.3:o:microsoft:windows_10_1507:*:*:*:*:*:*:x64:*,AFFECTS
CVE:CVE-2024-49090,CPE:cpe:2.3:o:microsoft:windows_10_1507:*:*:*:*:*:*:x86:*,AFFECTS
CVE:CVE-2024-49090,CPE:cpe:2.3:o:microsoft:windows_10_1607:*:*:*:*:*:*:x64:*,AFFECTS
CVE:CVE-2024-49090,CPE:cpe:2.3:o:microsoft:windows_10_1607:*:*:*:*:*:*:x86:*,AFFECTS
CVE:CVE-2024-49090,CPE:cpe:2.3:o:microsoft:windows_10_1809:*:*:*:*:*:*:x64:*,AFFECTS
CVE:CVE-2024-49090,CPE:cpe:2.3:o:microsoft:windows_10_1809:*:*:*:*:*:*:x86:*,AFFECTS
CVE:CVE-2024-49090,CPE:cpe:2.3:o:microsoft:windows_10_21h2:*:*:*:*:*:*:*:*,AFFECTS
CVE:CVE-2024-49090,CPE:cpe:2.3:o:microsoft:windows_10_22h2:*:*:*:*:*:*:*:*,AFFECTS
CVE:CVE-2024-49090,CPE:cpe:2.3:o:microsoft:windows_11_22h2:*:*:*:*:*:*:*:*,AFFECTS
CVE:CVE-2024-49090,CPE:cpe:2.3:o:microsoft:windows_11_23h2:*:*:*:*:*:*:*:*,AFFECTS
CVE:CVE-2024-49090,CPE:cpe:2.3:o:microsoft:windows_11_24h2:*:*:*:*:*:*:*:*,AFFECTS
CVE:CVE-2024-49090,CPE:cpe:2.3:o:microsoft:windows_server_2008:-:sp2:*:*:*:*:*:*,AFFECTS
CVE:CVE-2024-49090,CPE:cpe:2.3:o:microsoft:windows_server_2008:r2:sp1:*:*:*:*:x64:*,AFFECTS
CVE:CVE-2024-49090,CPE:cpe:2.3:o:microsoft:windows_server_2012:-:*:*:*:*:*:*:*,AFFECTS
CVE:CVE-2024-49090,CPE:cpe:2.3:o:microsoft:windows_server_2012:r2:*:*:*:*:*:*:*,AFFECTS
CVE:CVE-2024-49090,CPE:cpe:2.3:o:microsoft:windows_server_2016:*:*:*:*:*:*:*:*,AFFECTS
CVE:CVE-2024-49090,CPE:cpe:2.3:o:microsoft:windows_server_2019:*:*:*:*:*:*:*:*,AFFECTS
CVE:CVE-2024-49090,CPE:cpe:2.3:o:microsoft:windows_server_2022:*:*:*:*:*:*:*:*,AFFECTS
CVE:CVE-2024-49090,CPE:cpe:2.3:o:microsoft:windows_server_2022_23h2:*:*:*:*:*:*:*:*,AFFECTS
CVE:CVE-2024-49090,CPE:cpe:2.3:o:microsoft:windows_server_2025:*:*:*:*:*:*:*:*,AFFECTS
CVE:CVE-2024-49090,REF:CVE-2024-49090:0,REFERENCES
CVE:CVE-2025-40600,RISK:MEDIUM,HAS_RISK
CVE:CVE-2025-40600,CWE:CWE-134,HAS_CWE
CVE:CVE-2025-40600,CPE:cpe:2.3:h:sonicwall:nsa_2700:-:*:*:*:*:*:*:*,AFFECTS
CVE:CVE-2025-40600,CPE:cpe:2.3:h:sonicwall:nsa_3700:-:*:*:*:*:*:*:*,AFFECTS
CVE:CVE-2025-40600,CPE:cpe:2.3:h:sonicwall:nsa_4700:-:*:*:*:*:*:*:*,AFFECTS
CVE:CVE-2025-40600,CPE:cpe:2.3:h:sonicwall:nsa_5700:-:*:*:*:*:*:*:*,AFFECTS
CVE:CVE-2025-40600,CPE:cpe:2.3:h:sonicwall:nsa_6700:-:*:*:*:*:*:*:*,AFFECTS
CVE:CVE-2025-40600,CPE:cpe:2.3:h:sonicwall:nssp_10700:-:*:*:*:*:*:*:*,AFFECTS
CVE:CVE-2025-40600,CPE:cpe:2.3:h:sonicwall:nssp_11700:-:*:*:*:*:*:*:*,AFFECTS
CVE:CVE-2025-40600,CPE:cpe:2.3:h:sonicwall:nssp_13700:-:*:*:*:*:*:*:*,AFFECTS
CVE:CVE-2025-40600,CPE:cpe:2.3:h:sonicwall:nssp_15700:-:*:*:*:*:*:*:*,AFFECTS
CVE:CVE-2025-40600,CPE:cpe:2.3:h:sonicwall:nsv270:-:*:*:*:*:*:*:*,AFFECTS
CVE:CVE-2025-40600,CPE:cpe:2.3:h:sonicwall:nsv470:-:*:*:*:*:*:*:*,AFFECTS
CVE:CVE-2025-40600,CPE:cpe:2.3:h:sonicwall:nsv870:-:*:*:*:*:*:*:*,AFFECTS
CVE:CVE-2025-40600,CPE:cpe:2.3:h:sonicwall:tz270:-:*:*:*:*:*:*:*,AFFECTS
CVE:CVE-2025-40600,CPE:cpe:2.3:h:sonicwall:tz270w:-:*:*:*:*:*:*:*,AFFECTS
CVE:CVE-2025-40600,CPE:cpe:2.3:h:sonicwall:tz370:-:*:*:*:*:*:*:*,AFFECTS
CVE:CVE-2025-40600,CPE:cpe:2.3:h:sonicwall:tz370w:-:*:*:*:*:*:*:*,AFFECTS
CVE:CVE-2025-40600,CPE:cpe:2.3:h:sonicwall:tz470:-:*:*:*:*:*:*:*,AFFECTS
CVE:CVE-2025-40600,CPE:cpe:2.3:h:sonicwall:tz470w:-:*:*:*:*:*:*:*,AFFECTS
CVE:CVE-2025-40600,CPE:cpe:2.3:h:sonicwall:tz570:-:*:*:*:*:*:*:*,AFFECTS
CVE:CVE-2025-40600,CPE:cpe:2.3:h:sonicwall:tz570p:-:*:*:*:*:*:*:*,AFFECTS
CVE:CVE-2025-40600,CPE:cpe:2.3:h:sonicwall:tz570w:-:*:*:*:*:*:*:*,AFFECTS
CVE:CVE-2025-40600,CPE:cpe:2.3:h:sonicwall:tz670:-:*:*:*:*:*:*:*,AFFECTS
CVE:CVE-2025-40600,CPE:cpe:2.3:o:sonicwall:sonicos:*:*:*:*:*:*:*:*,AFFECTS
CVE:CVE-2025-40600,REF:CVE-2025-40600:0,REFERENCES
CVE:CVE-2026-7354,RISK:MEDIUM,HAS_RISK
CVE:CVE-2026-7354,CWE:CWE-125,HAS_CWE
CVE:CVE-2026-7354,CWE:CWE-787,HAS_CWE
CVE:CVE-2026-7354,CPE:cpe:2.3:a:google:chrome:*:*:*:*:*:*:*:*,AFFECTS
CVE:CVE-2026-7354,CPE:cpe:2.3:o:apple:macos:-:*:*:*:*:*:*:*,AFFECTS
CVE:CVE-2026-7354,CPE:cpe:2.3:o:linux:linux_kernel:-:*:*:*:*:*:*:*,AFFECTS
CVE:CVE-2026-7354,CPE:cpe:2.3:o:microsoft:windows:-:*:*:*:*:*:*:*,AFFECTS
CVE:CVE-2026-7354,REF:CVE-2026-7354:0,REFERENCES
CVE:CVE-2026-7354,REF:CVE-2026-7354:1,REFERENCES
CVE:CVE-2024-30093,RISK:MEDIUM,HAS_RISK
CVE:CVE-2024-30093,CWE:CWE-59,HAS_CWE
CVE:CVE-2024-30093,CPE:cpe:2.3:o:microsoft:windows_10_1507:*:*:*:*:*:*:*:*,AFFECTS
CVE:CVE-2024-30093,CPE:cpe:2.3:o:microsoft:windows_10_1607:*:*:*:*:*:*:*:*,AFFECTS
CVE:CVE-2024-30093,CPE:cpe:2.3:o:microsoft:windows_10_1809:*:*:*:*:*:*:*:*,AFFECTS
CVE:CVE-2024-30093,CPE:cpe:2.3:o:microsoft:windows_10_21h2:*:*:*:*:*:*:*:*,AFFECTS
CVE:CVE-2024-30093,CPE:cpe:2.3:o:microsoft:windows_10_22h2:*:*:*:*:*:*:*:*,AFFECTS
CVE:CVE-2024-30093,CPE:cpe:2.3:o:microsoft:windows_11_21h2:*:*:*:*:*:*:*:*,AFFECTS
CVE:CVE-2024-30093,CPE:cpe:2.3:o:microsoft:windows_11_22h2:*:*:*:*:*:*:*:*,AFFECTS
CVE:CVE-2024-30093,CPE:cpe:2.3:o:microsoft:windows_11_23h2:*:*:*:*:*:*:*:*,AFFECTS
CVE:CVE-2024-30093,CPE:cpe:2.3:o:microsoft:windows_server_2008:-:sp2:*:*:*:*:x64:*,AFFECTS
CVE:CVE-2024-30093,CPE:cpe:2.3:o:microsoft:windows_server_2008:-:sp2:*:*:*:*:x86:*,AFFECTS
CVE:CVE-2024-30093,CPE:cpe:2.3:o:microsoft:windows_server_2008:r2:sp1:*:*:*:*:*:*,AFFECTS
CVE:CVE-2024-30093,CPE:cpe:2.3:o:microsoft:windows_server_2012:-:*:*:*:*:*:*:*,AFFECTS
CVE:CVE-2024-30093,CPE:cpe:2.3:o:microsoft:windows_server_2012:r2:*:*:*:*:*:*:*,AFFECTS
CVE:CVE-2024-30093,CPE:cpe:2.3:o:microsoft:windows_server_2016:*:*:*:*:*:*:*:*,AFFECTS
CVE:CVE-2024-30093,CPE:cpe:2.3:o:microsoft:windows_server_2019:*:*:*:*:*:*:*:*,AFFECTS
CVE:CVE-2024-30093,CPE:cpe:2.3:o:microsoft:windows_server_2022:*:*:*:*:*:*:*:*,AFFECTS
CVE:CVE-2024-30093,CPE:cpe:2.3:o:microsoft:windows_server_2022_23h2:*:*:*:*:*:*:*:*,AFFECTS
CVE:CVE-2024-30093,REF:CVE-2024-30093:0,REFERENCES
CVE:CVE-2024-38033,RISK:MEDIUM,HAS_RISK
CVE:CVE-2024-38033,CWE:CWE-20,HAS_CWE
CVE:CVE-2024-38033,CPE:cpe:2.3:o:microsoft:windows_10_1507:*:*:*:*:*:*:*:*,AFFECTS
CVE:CVE-2024-38033,CPE:cpe:2.3:o:microsoft:windows_10_1607:*:*:*:*:*:*:*:*,AFFECTS
CVE:CVE-2024-38033,CPE:cpe:2.3:o:microsoft:windows_10_1809:*:*:*:*:*:*:*:*,AFFECTS
CVE:CVE-2024-38033,CPE:cpe:2.3:o:microsoft:windows_10_21h2:*:*:*:*:*:*:*:*,AFFECTS
CVE:CVE-2024-38033,CPE:cpe:2.3:o:microsoft:windows_10_22h2:*:*:*:*:*:*:*:*,AFFECTS
CVE:CVE-2024-38033,CPE:cpe:2.3:o:microsoft:windows_11_21h2:*:*:*:*:*:*:*:*,AFFECTS
CVE:CVE-2024-38033,CPE:cpe:2.3:o:microsoft:windows_11_22h2:*:*:*:*:*:*:*:*,AFFECTS
CVE:CVE-2024-38033,CPE:cpe:2.3:o:microsoft:windows_11_23h2:*:*:*:*:*:*:*:*,AFFECTS
CVE:CVE-2024-38033,CPE:cpe:2.3:o:microsoft:windows_server_2012:-:*:*:*:*:*:*:*,AFFECTS
CVE:CVE-2024-38033,CPE:cpe:2.3:o:microsoft:windows_server_2012:r2:*:*:*:*:*:*:*,AFFECTS
CVE:CVE-2024-38033,CPE:cpe:2.3:o:microsoft:windows_server_2016:*:*:*:*:*:*:*:*,AFFECTS
CVE:CVE-2024-38033,CPE:cpe:2.3:o:microsoft:windows_server_2019:*:*:*:*:*:*:*:*,AFFECTS
CVE:CVE-2024-38033,CPE:cpe:2.3:o:microsoft:windows_server_2022:*:*:*:*:*:*:*:*,AFFECTS
CVE:CVE-2024-38033,CPE:cpe:2.3:o:microsoft:windows_server_2022_23h2:*:*:*:*:*:*:*:*,AFFECTS
CVE:CVE-2024-38033,REF:CVE-2024-38033:0,REFERENCES
CVE:CVE-2024-38144,RISK:MEDIUM,HAS_RISK
CVE:CVE-2024-38144,CWE:CWE-190,HAS_CWE
CVE:CVE-2024-38144,CPE:cpe:2.3:o:microsoft:windows_10_1507:*:*:*:*:*:*:*:*,AFFECTS
CVE:CVE-2024-38144,CPE:cpe:2.3:o:microsoft:windows_10_1607:*:*:*:*:*:*:*:*,AFFECTS
CVE:CVE-2024-38144,CPE:cpe:2.3:o:microsoft:windows_10_1809:*:*:*:*:*:*:*:*,AFFECTS
CVE:CVE-2024-38144,CPE:cpe:2.3:o:microsoft:windows_10_21h2:*:*:*:*:*:*:*:*,AFFECTS
CVE:CVE-2024-38144,CPE:cpe:2.3:o:microsoft:windows_10_22h2:*:*:*:*:*:*:*:*,AFFECTS
CVE:CVE-2024-38144,CPE:cpe:2.3:o:microsoft:windows_11_21h2:*:*:*:*:*:*:*:*,AFFECTS
CVE:CVE-2024-38144,CPE:cpe:2.3:o:microsoft:windows_11_22h2:*:*:*:*:*:*:*:*,AFFECTS
CVE:CVE-2024-38144,CPE:cpe:2.3:o:microsoft:windows_11_23h2:*:*:*:*:*:*:*:*,AFFECTS
CVE:CVE-2024-38144,CPE:cpe:2.3:o:microsoft:windows_11_24h2:*:*:*:*:*:*:*:*,AFFECTS
CVE:CVE-2024-38144,CPE:cpe:2.3:o:microsoft:windows_server_2008:-:sp2:*:*:*:*:*:*,AFFECTS
CVE:CVE-2024-38144,CPE:cpe:2.3:o:microsoft:windows_server_2008:r2:sp1:*:*:*:*:x64:*,AFFECTS
CVE:CVE-2024-38144,CPE:cpe:2.3:o:microsoft:windows_server_2012:*:*:*:*:*:*:*:*,AFFECTS
CVE:CVE-2024-38144,CPE:cpe:2.3:o:microsoft:windows_server_2012:r2:*:*:*:*:*:*:*,AFFECTS
CVE:CVE-2024-38144,CPE:cpe:2.3:o:microsoft:windows_server_2016:*:*:*:*:*:*:*:*,AFFECTS
CVE:CVE-2024-38144,CPE:cpe:2.3:o:microsoft:windows_server_2019:*:*:*:*:*:*:*:*,AFFECTS
CVE:CVE-2024-38144,CPE:cpe:2.3:o:microsoft:windows_server_2022:*:*:*:*:*:*:*:*,AFFECTS
CVE:CVE-2024-38144,CPE:cpe:2.3:o:microsoft:windows_server_2022_23h2:*:*:*:*:*:*:*:*,AFFECTS
CVE:CVE-2024-38144,REF:CVE-2024-38144:0,REFERENCES
CVE:CVE-2024-43644,RISK:MEDIUM,HAS_RISK
CVE:CVE-2024-43644,CWE:CWE-125,HAS_CWE
CVE:CVE-2024-43644,CPE:cpe:2.3:o:microsoft:windows_10_1507:*:*:*:*:*:*:x64:*,AFFECTS
CVE:CVE-2024-43644,CPE:cpe:2.3:o:microsoft:windows_10_1507:*:*:*:*:*:*:x86:*,AFFECTS
CVE:CVE-2024-43644,CPE:cpe:2.3:o:microsoft:windows_10_1607:*:*:*:*:*:*:x64:*,AFFECTS
CVE:CVE-2024-43644,CPE:cpe:2.3:o:microsoft:windows_10_1607:*:*:*:*:*:*:x86:*,AFFECTS
CVE:CVE-2024-43644,CPE:cpe:2.3:o:microsoft:windows_10_1809:*:*:*:*:*:*:x64:*,AFFECTS
CVE:CVE-2024-43644,CPE:cpe:2.3:o:microsoft:windows_10_1809:*:*:*:*:*:*:x86:*,AFFECTS
CVE:CVE-2024-43644,CPE:cpe:2.3:o:microsoft:windows_10_21h2:*:*:*:*:*:*:arm64:*,AFFECTS
CVE:CVE-2024-43644,CPE:cpe:2.3:o:microsoft:windows_10_21h2:*:*:*:*:*:*:x64:*,AFFECTS
CVE:CVE-2024-43644,CPE:cpe:2.3:o:microsoft:windows_10_21h2:*:*:*:*:*:*:x86:*,AFFECTS
CVE:CVE-2024-43644,CPE:cpe:2.3:o:microsoft:windows_10_22h2:*:*:*:*:*:*:arm64:*,AFFECTS
CVE:CVE-2024-43644,CPE:cpe:2.3:o:microsoft:windows_10_22h2:*:*:*:*:*:*:x64:*,AFFECTS
CVE:CVE-2024-43644,CPE:cpe:2.3:o:microsoft:windows_10_22h2:*:*:*:*:*:*:x86:*,AFFECTS
CVE:CVE-2024-43644,CPE:cpe:2.3:o:microsoft:windows_11_22h2:*:*:*:*:*:*:arm64:*,AFFECTS
CVE:CVE-2024-43644,CPE:cpe:2.3:o:microsoft:windows_11_22h2:*:*:*:*:*:*:x64:*,AFFECTS
CVE:CVE-2024-43644,CPE:cpe:2.3:o:microsoft:windows_11_23h2:*:*:*:*:*:*:arm64:*,AFFECTS
CVE:CVE-2024-43644,CPE:cpe:2.3:o:microsoft:windows_11_23h2:*:*:*:*:*:*:x64:*,AFFECTS
CVE:CVE-2024-43644,CPE:cpe:2.3:o:microsoft:windows_11_24h2:*:*:*:*:*:*:arm64:*,AFFECTS
CVE:CVE-2024-43644,CPE:cpe:2.3:o:microsoft:windows_11_24h2:*:*:*:*:*:*:x64:*,AFFECTS
CVE:CVE-2024-43644,CPE:cpe:2.3:o:microsoft:windows_server_2008:-:sp2:*:*:*:*:x64:*,AFFECTS
CVE:CVE-2024-43644,CPE:cpe:2.3:o:microsoft:windows_server_2008:-:sp2:*:*:*:*:x86:*,AFFECTS
CVE:CVE-2024-43644,CPE:cpe:2.3:o:microsoft:windows_server_2008:r2:sp1:*:*:*:*:x64:*,AFFECTS
CVE:CVE-2024-43644,CPE:cpe:2.3:o:microsoft:windows_server_2012:-:*:*:*:*:*:*:*,AFFECTS
CVE:CVE-2024-43644,CPE:cpe:2.3:o:microsoft:windows_server_2012:r2:*:*:*:*:*:*:*,AFFECTS
CVE:CVE-2024-43644,CPE:cpe:2.3:o:microsoft:windows_server_2016:*:*:*:*:*:*:*:*,AFFECTS
CVE:CVE-2024-43644,CPE:cpe:2.3:o:microsoft:windows_server_2019:*:*:*:*:*:*:*:*,AFFECTS
CVE:CVE-2024-43644,CPE:cpe:2.3:o:microsoft:windows_server_2022:*:*:*:*:*:*:*:*,AFFECTS
CVE:CVE-2024-43644,CPE:cpe:2.3:o:microsoft:windows_server_2022_23h2:*:*:*:*:*:*:*:*,AFFECTS
CVE:CVE-2024-43644,CPE:cpe:2.3:o:microsoft:windows_server_2025:*:*:*:*:*:*:*:*,AFFECTS
CVE:CVE-2024-43644,REF:CVE-2024-43644:0,REFERENCES
CVE:CVE-2025-21311,RISK:MEDIUM,HAS_RISK
CVE:CVE-2025-21311,CWE:CWE-303,HAS_CWE
CVE:CVE-2025-21311,CPE:cpe:2.3:o:microsoft:windows_11_24h2:*:*:*:*:*:*:*:*,AFFECTS
CVE:CVE-2025-21311,CPE:cpe:2.3:o:microsoft:windows_server_2022_23h2:*:*:*:*:*:*:*:*,AFFECTS
CVE:CVE-2025-21311,CPE:cpe:2.3:o:microsoft:windows_server_2025:*:*:*:*:*:*:x64:*,AFFECTS
CVE:CVE-2025-21311,REF:CVE-2025-21311:0,REFERENCES
CVE:CVE-2025-27737,RISK:MEDIUM,HAS_RISK
CVE:CVE-2025-27737,CWE:CWE-20,HAS_CWE
CVE:CVE-2025-27737,CPE:cpe:2.3:o:microsoft:windows_10_1507:*:*:*:*:*:*:x64:*,AFFECTS
CVE:CVE-2025-27737,CPE:cpe:2.3:o:microsoft:windows_10_1507:*:*:*:*:*:*:x86:*,AFFECTS
CVE:CVE-2025-27737,CPE:cpe:2.3:o:microsoft:windows_10_1607:*:*:*:*:*:*:x64:*,AFFECTS
CVE:CVE-2025-27737,CPE:cpe:2.3:o:microsoft:windows_10_1607:*:*:*:*:*:*:x86:*,AFFECTS
CVE:CVE-2025-27737,CPE:cpe:2.3:o:microsoft:windows_10_1809:*:*:*:*:*:*:x64:*,AFFECTS
CVE:CVE-2025-27737,CPE:cpe:2.3:o:microsoft:windows_10_1809:*:*:*:*:*:*:x86:*,AFFECTS
CVE:CVE-2025-27737,CPE:cpe:2.3:o:microsoft:windows_10_21h2:*:*:*:*:*:*:*:*,AFFECTS
CVE:CVE-2025-27737,CPE:cpe:2.3:o:microsoft:windows_10_22h2:*:*:*:*:*:*:*:*,AFFECTS
CVE:CVE-2025-27737,CPE:cpe:2.3:o:microsoft:windows_11_22h2:*:*:*:*:*:*:*:*,AFFECTS
CVE:CVE-2025-27737,CPE:cpe:2.3:o:microsoft:windows_11_23h2:*:*:*:*:*:*:*:*,AFFECTS
CVE:CVE-2025-27737,CPE:cpe:2.3:o:microsoft:windows_11_24h2:*:*:*:*:*:*:*:*,AFFECTS
CVE:CVE-2025-27737,CPE:cpe:2.3:o:microsoft:windows_server_2008:-:sp2:*:*:*:*:x64:*,AFFECTS
CVE:CVE-2025-27737,CPE:cpe:2.3:o:microsoft:windows_server_2008:-:sp2:*:*:*:*:x86:*,AFFECTS
CVE:CVE-2025-27737,CPE:cpe:2.3:o:microsoft:windows_server_2008:r2:sp1:*:*:*:*:x64:*,AFFECTS
CVE:CVE-2025-27737,CPE:cpe:2.3:o:microsoft:windows_server_2012:-:*:*:*:*:*:*:*,AFFECTS
CVE:CVE-2025-27737,CPE:cpe:2.3:o:microsoft:windows_server_2012:r2:*:*:*:*:*:*:*,AFFECTS
CVE:CVE-2025-27737,CPE:cpe:2.3:o:microsoft:windows_server_2016:*:*:*:*:*:*:*:*,AFFECTS
CVE:CVE-2025-27737,CPE:cpe:2.3:o:microsoft:windows_server_2019:*:*:*:*:*:*:*:*,AFFECTS
CVE:CVE-2025-27737,CPE:cpe:2.3:o:microsoft:windows_server_2022:*:*:*:*:*:*:*:*,AFFECTS
CVE:CVE-2025-27737,CPE:cpe:2.3:o:microsoft:windows_server_2022_23h2:*:*:*:*:*:*:*:*,AFFECTS
CVE:CVE-2025-27737,CPE:cpe:2.3:o:microsoft:windows_server_2025:*:*:*:*:*:*:*:*,AFFECTS
CVE:CVE-2025-27737,REF:CVE-2025-27737:0,REFERENCES
CVE:CVE-2025-47955,RISK:MEDIUM,HAS_RISK
CVE:CVE-2025-47955,CWE:CWE-269,HAS_CWE
CVE:CVE-2025-47955,CPE:cpe:2.3:o:microsoft:windows_10_1507:*:*:*:*:*:*:x64:*,AFFECTS
CVE:CVE-2025-47955,CPE:cpe:2.3:o:microsoft:windows_10_1507:*:*:*:*:*:*:x86:*,AFFECTS
CVE:CVE-2025-47955,CPE:cpe:2.3:o:microsoft:windows_10_1607:*:*:*:*:*:*:x64:*,AFFECTS
CVE:CVE-2025-47955,CPE:cpe:2.3:o:microsoft:windows_10_1607:*:*:*:*:*:*:x86:*,AFFECTS
CVE:CVE-2025-47955,CPE:cpe:2.3:o:microsoft:windows_10_1809:*:*:*:*:*:*:x64:*,AFFECTS
CVE:CVE-2025-47955,CPE:cpe:2.3:o:microsoft:windows_10_1809:*:*:*:*:*:*:x86:*,AFFECTS
CVE:CVE-2025-47955,CPE:cpe:2.3:o:microsoft:windows_10_21h2:*:*:*:*:*:*:*:*,AFFECTS
CVE:CVE-2025-47955,CPE:cpe:2.3:o:microsoft:windows_10_22h2:*:*:*:*:*:*:*:*,AFFECTS
CVE:CVE-2025-47955,CPE:cpe:2.3:o:microsoft:windows_11_22h2:*:*:*:*:*:*:*:*,AFFECTS
CVE:CVE-2025-47955,CPE:cpe:2.3:o:microsoft:windows_11_23h2:*:*:*:*:*:*:*:*,AFFECTS
CVE:CVE-2025-47955,CPE:cpe:2.3:o:microsoft:windows_11_24h2:*:*:*:*:*:*:*:*,AFFECTS
CVE:CVE-2025-47955,CPE:cpe:2.3:o:microsoft:windows_server_2008:-:sp2:*:*:*:*:x64:*,AFFECTS
CVE:CVE-2025-47955,CPE:cpe:2.3:o:microsoft:windows_server_2008:-:sp2:*:*:*:*:x86:*,AFFECTS
CVE:CVE-2025-47955,CPE:cpe:2.3:o:microsoft:windows_server_2008:r2:sp1:*:*:*:*:x64:*,AFFECTS
CVE:CVE-2025-47955,CPE:cpe:2.3:o:microsoft:windows_server_2012:-:*:*:*:*:*:*:*,AFFECTS
CVE:CVE-2025-47955,CPE:cpe:2.3:o:microsoft:windows_server_2012:r2:*:*:*:*:*:*:*,AFFECTS
CVE:CVE-2025-47955,CPE:cpe:2.3:o:microsoft:windows_server_2016:*:*:*:*:*:*:*:*,AFFECTS
CVE:CVE-2025-47955,CPE:cpe:2.3:o:microsoft:windows_server_2019:*:*:*:*:*:*:*:*,AFFECTS
CVE:CVE-2025-47955,CPE:cpe:2.3:o:microsoft:windows_server_2022:*:*:*:*:*:*:*:*,AFFECTS
CVE:CVE-2025-47955,CPE:cpe:2.3:o:microsoft:windows_server_2022_23h2:*:*:*:*:*:*:*:*,AFFECTS
CVE:CVE-2025-47955,CPE:cpe:2.3:o:microsoft:windows_server_2025:*:*:*:*:*:*:*:*,AFFECTS
CVE:CVE-2025-47955,REF:CVE-2025-47955:0,REFERENCES
CVE:CVE-2026-5873,RISK:MEDIUM,HAS_RISK
CVE:CVE-2026-5873,CWE:CWE-125,HAS_CWE
CVE:CVE-2026-5873,CWE:CWE-787,HAS_CWE
CVE:CVE-2026-5873,CPE:cpe:2.3:a:google:chrome:*:*:*:*:*:*:*:*,AFFECTS
CVE:CVE-2026-5873,CPE:cpe:2.3:o:apple:macos:-:*:*:*:*:*:*:*,AFFECTS
CVE:CVE-2026-5873,CPE:cpe:2.3:o:linux:linux_kernel:-:*:*:*:*:*:*:*,AFFECTS
CVE:CVE-2026-5873,CPE:cpe:2.3:o:microsoft:windows:-:*:*:*:*:*:*:*,AFFECTS
CVE:CVE-2026-5873,REF:CVE-2026-5873:0,REFERENCES
CVE:CVE-2026-5873,REF:CVE-2026-5873:1,REFERENCES
CVE:CVE-2024-38125,RISK:MEDIUM,HAS_RISK
CVE:CVE-2024-38125,CWE:CWE-197,HAS_CWE
CVE:CVE-2024-38125,CPE:cpe:2.3:o:microsoft:windows_10_1507:*:*:*:*:*:*:*:*,AFFECTS
CVE:CVE-2024-38125,CPE:cpe:2.3:o:microsoft:windows_10_1607:*:*:*:*:*:*:*:*,AFFECTS
CVE:CVE-2024-38125,CPE:cpe:2.3:o:microsoft:windows_10_1809:*:*:*:*:*:*:*:*,AFFECTS
CVE:CVE-2024-38125,CPE:cpe:2.3:o:microsoft:windows_10_21h2:*:*:*:*:*:*:*:*,AFFECTS
CVE:CVE-2024-38125,CPE:cpe:2.3:o:microsoft:windows_10_22h2:*:*:*:*:*:*:*:*,AFFECTS
CVE:CVE-2024-38125,CPE:cpe:2.3:o:microsoft:windows_11_21h2:*:*:*:*:*:*:*:*,AFFECTS
CVE:CVE-2024-38125,CPE:cpe:2.3:o:microsoft:windows_11_22h2:*:*:*:*:*:*:*:*,AFFECTS
CVE:CVE-2024-38125,CPE:cpe:2.3:o:microsoft:windows_11_23h2:*:*:*:*:*:*:*:*,AFFECTS
CVE:CVE-2024-38125,CPE:cpe:2.3:o:microsoft:windows_11_24h2:*:*:*:*:*:*:*:*,AFFECTS
CVE:CVE-2024-38125,CPE:cpe:2.3:o:microsoft:windows_server_2008:-:sp2:*:*:*:*:*:*,AFFECTS
CVE:CVE-2024-38125,CPE:cpe:2.3:o:microsoft:windows_server_2008:r2:sp1:*:*:*:*:x64:*,AFFECTS
CVE:CVE-2024-38125,CPE:cpe:2.3:o:microsoft:windows_server_2012:*:*:*:*:*:*:*:*,AFFECTS
CVE:CVE-2024-38125,CPE:cpe:2.3:o:microsoft:windows_server_2012:r2:*:*:*:*:*:*:*,AFFECTS
CVE:CVE-2024-38125,CPE:cpe:2.3:o:microsoft:windows_server_2016:*:*:*:*:*:*:*:*,AFFECTS
CVE:CVE-2024-38125,CPE:cpe:2.3:o:microsoft:windows_server_2019:*:*:*:*:*:*:*:*,AFFECTS
CVE:CVE-2024-38125,CPE:cpe:2.3:o:microsoft:windows_server_2022:*:*:*:*:*:*:*:*,AFFECTS
CVE:CVE-2024-38125,CPE:cpe:2.3:o:microsoft:windows_server_2022_23h2:*:*:*:*:*:*:*:*,AFFECTS
CVE:CVE-2024-38125,REF:CVE-2024-38125:0,REFERENCES
CVE:CVE-2024-43560,RISK:MEDIUM,HAS_RISK
CVE:CVE-2024-43560,CWE:CWE-122,HAS_CWE
CVE:CVE-2024-43560,CPE:cpe:2.3:o:microsoft:windows_10_1507:*:*:*:*:*:*:x64:*,AFFECTS
CVE:CVE-2024-43560,CPE:cpe:2.3:o:microsoft:windows_10_1507:*:*:*:*:*:*:x86:*,AFFECTS
CVE:CVE-2024-43560,CPE:cpe:2.3:o:microsoft:windows_10_1607:*:*:*:*:*:*:x64:*,AFFECTS
CVE:CVE-2024-43560,CPE:cpe:2.3:o:microsoft:windows_10_1607:*:*:*:*:*:*:x86:*,AFFECTS
CVE:CVE-2024-43560,CPE:cpe:2.3:o:microsoft:windows_10_1809:*:*:*:*:*:*:x64:*,AFFECTS
CVE:CVE-2024-43560,CPE:cpe:2.3:o:microsoft:windows_10_1809:*:*:*:*:*:*:x86:*,AFFECTS
CVE:CVE-2024-43560,CPE:cpe:2.3:o:microsoft:windows_10_21h2:*:*:*:*:*:*:*:*,AFFECTS
CVE:CVE-2024-43560,CPE:cpe:2.3:o:microsoft:windows_10_22h2:*:*:*:*:*:*:*:*,AFFECTS
CVE:CVE-2024-43560,CPE:cpe:2.3:o:microsoft:windows_11_21h2:*:*:*:*:*:*:*:*,AFFECTS
CVE:CVE-2024-43560,CPE:cpe:2.3:o:microsoft:windows_11_22h2:*:*:*:*:*:*:*:*,AFFECTS
CVE:CVE-2024-43560,CPE:cpe:2.3:o:microsoft:windows_11_23h2:*:*:*:*:*:*:*:*,AFFECTS
CVE:CVE-2024-43560,CPE:cpe:2.3:o:microsoft:windows_11_24h2:*:*:*:*:*:*:*:*,AFFECTS
CVE:CVE-2024-43560,CPE:cpe:2.3:o:microsoft:windows_server_2012:-:*:*:*:*:*:*:*,AFFECTS
CVE:CVE-2024-43560,CPE:cpe:2.3:o:microsoft:windows_server_2012:r2:*:*:*:*:*:*:*,AFFECTS
CVE:CVE-2024-43560,CPE:cpe:2.3:o:microsoft:windows_server_2016:*:*:*:*:*:*:*:*,AFFECTS
CVE:CVE-2024-43560,CPE:cpe:2.3:o:microsoft:windows_server_2019:*:*:*:*:*:*:*:*,AFFECTS
CVE:CVE-2024-43560,CPE:cpe:2.3:o:microsoft:windows_server_2022:*:*:*:*:*:*:*:*,AFFECTS
CVE:CVE-2024-43560,CPE:cpe:2.3:o:microsoft:windows_server_2022_23h2:*:*:*:*:*:*:*:*,AFFECTS
CVE:CVE-2024-43560,REF:CVE-2024-43560:0,REFERENCES
CVE:CVE-2024-43623,RISK:MEDIUM,HAS_RISK
CVE:CVE-2024-43623,CWE:CWE-190,HAS_CWE
CVE:CVE-2024-43623,CPE:cpe:2.3:o:microsoft:windows_10_1507:*:*:*:*:*:*:x64:*,AFFECTS
CVE:CVE-2024-43623,CPE:cpe:2.3:o:microsoft:windows_10_1507:*:*:*:*:*:*:x86:*,AFFECTS
CVE:CVE-2024-43623,CPE:cpe:2.3:o:microsoft:windows_10_1607:*:*:*:*:*:*:x64:*,AFFECTS
CVE:CVE-2024-43623,CPE:cpe:2.3:o:microsoft:windows_10_1607:*:*:*:*:*:*:x86:*,AFFECTS
CVE:CVE-2024-43623,CPE:cpe:2.3:o:microsoft:windows_10_1809:*:*:*:*:*:*:x64:*,AFFECTS
CVE:CVE-2024-43623,CPE:cpe:2.3:o:microsoft:windows_10_1809:*:*:*:*:*:*:x86:*,AFFECTS
CVE:CVE-2024-43623,CPE:cpe:2.3:o:microsoft:windows_10_21h2:*:*:*:*:*:*:arm64:*,AFFECTS
CVE:CVE-2024-43623,CPE:cpe:2.3:o:microsoft:windows_10_21h2:*:*:*:*:*:*:x64:*,AFFECTS
CVE:CVE-2024-43623,CPE:cpe:2.3:o:microsoft:windows_10_21h2:*:*:*:*:*:*:x86:*,AFFECTS
CVE:CVE-2024-43623,CPE:cpe:2.3:o:microsoft:windows_10_22h2:*:*:*:*:*:*:arm64:*,AFFECTS
CVE:CVE-2024-43623,CPE:cpe:2.3:o:microsoft:windows_10_22h2:*:*:*:*:*:*:x64:*,AFFECTS
CVE:CVE-2024-43623,CPE:cpe:2.3:o:microsoft:windows_10_22h2:*:*:*:*:*:*:x86:*,AFFECTS
CVE:CVE-2024-43623,CPE:cpe:2.3:o:microsoft:windows_11_22h2:*:*:*:*:*:*:arm64:*,AFFECTS
CVE:CVE-2024-43623,CPE:cpe:2.3:o:microsoft:windows_11_22h2:*:*:*:*:*:*:x64:*,AFFECTS
CVE:CVE-2024-43623,CPE:cpe:2.3:o:microsoft:windows_11_23h2:*:*:*:*:*:*:arm64:*,AFFECTS
CVE:CVE-2024-43623,CPE:cpe:2.3:o:microsoft:windows_11_23h2:*:*:*:*:*:*:x64:*,AFFECTS
CVE:CVE-2024-43623,CPE:cpe:2.3:o:microsoft:windows_11_24h2:*:*:*:*:*:*:arm64:*,AFFECTS
CVE:CVE-2024-43623,CPE:cpe:2.3:o:microsoft:windows_11_24h2:*:*:*:*:*:*:x64:*,AFFECTS
CVE:CVE-2024-43623,CPE:cpe:2.3:o:microsoft:windows_server_2008:-:sp2:*:*:*:*:x64:*,AFFECTS
CVE:CVE-2024-43623,CPE:cpe:2.3:o:microsoft:windows_server_2008:-:sp2:*:*:*:*:x86:*,AFFECTS
CVE:CVE-2024-43623,CPE:cpe:2.3:o:microsoft:windows_server_2008:r2:sp1:*:*:*:*:x64:*,AFFECTS
CVE:CVE-2024-43623,CPE:cpe:2.3:o:microsoft:windows_server_2012:-:*:*:*:*:*:*:*,AFFECTS
CVE:CVE-2024-43623,CPE:cpe:2.3:o:microsoft:windows_server_2012:r2:*:*:*:*:*:*:*,AFFECTS
CVE:CVE-2024-43623,CPE:cpe:2.3:o:microsoft:windows_server_2016:*:*:*:*:*:*:*:*,AFFECTS
CVE:CVE-2024-43623,CPE:cpe:2.3:o:microsoft:windows_server_2019:*:*:*:*:*:*:*:*,AFFECTS
CVE:CVE-2024-43623,CPE:cpe:2.3:o:microsoft:windows_server_2022:*:*:*:*:*:*:*:*,AFFECTS
CVE:CVE-2024-43623,CPE:cpe:2.3:o:microsoft:windows_server_2022_23h2:*:*:*:*:*:*:*:*,AFFECTS
CVE:CVE-2024-43623,CPE:cpe:2.3:o:microsoft:windows_server_2025:*:*:*:*:*:*:*:*,AFFECTS
CVE:CVE-2024-43623,REF:CVE-2024-43623:0,REFERENCES
CVE:CVE-2025-21383,RISK:MEDIUM,HAS_RISK
CVE:CVE-2025-21383,CWE:CWE-125,HAS_CWE
CVE:CVE-2025-21383,CPE:cpe:2.3:a:microsoft:365_apps:-:*:*:*:enterprise:*:x64:*,AFFECTS
CVE:CVE-2025-21383,CPE:cpe:2.3:a:microsoft:365_apps:-:*:*:*:enterprise:*:x86:*,AFFECTS
CVE:CVE-2025-21383,CPE:cpe:2.3:a:microsoft:excel:2016:*:*:*:*:*:x64:*,AFFECTS
CVE:CVE-2025-21383,CPE:cpe:2.3:a:microsoft:excel:2016:*:*:*:*:*:x86:*,AFFECTS
CVE:CVE-2025-21383,CPE:cpe:2.3:a:microsoft:office:2019:*:*:*:*:*:x64:*,AFFECTS
CVE:CVE-2025-21383,CPE:cpe:2.3:a:microsoft:office:2019:*:*:*:*:*:x86:*,AFFECTS
CVE:CVE-2025-21383,CPE:cpe:2.3:a:microsoft:office_long_term_servicing_channel:2021:*:*:*:*:*:x64:*,AFFECTS
CVE:CVE-2025-21383,CPE:cpe:2.3:a:microsoft:office_long_term_servicing_channel:2021:*:*:*:*:*:x86:*,AFFECTS
CVE:CVE-2025-21383,CPE:cpe:2.3:a:microsoft:office_long_term_servicing_channel:2021:*:*:*:*:macos:*:*,AFFECTS
CVE:CVE-2025-21383,CPE:cpe:2.3:a:microsoft:office_long_term_servicing_channel:2024:*:*:*:*:*:x64:*,AFFECTS
CVE:CVE-2025-21383,CPE:cpe:2.3:a:microsoft:office_long_term_servicing_channel:2024:*:*:*:*:*:x86:*,AFFECTS
CVE:CVE-2025-21383,CPE:cpe:2.3:a:microsoft:office_long_term_servicing_channel:2024:*:*:*:*:macos:*:*,AFFECTS
CVE:CVE-2025-21383,REF:CVE-2025-21383:0,REFERENCES
CVE:CVE-2025-24992,RISK:MEDIUM,HAS_RISK
CVE:CVE-2025-24992,CWE:CWE-126,HAS_CWE
CVE:CVE-2025-24992,CPE:cpe:2.3:o:microsoft:windows_10_1507:*:*:*:*:*:*:x64:*,AFFECTS
CVE:CVE-2025-24992,CPE:cpe:2.3:o:microsoft:windows_10_1507:*:*:*:*:*:*:x86:*,AFFECTS
CVE:CVE-2025-24992,CPE:cpe:2.3:o:microsoft:windows_10_1607:*:*:*:*:*:*:x64:*,AFFECTS
CVE:CVE-2025-24992,CPE:cpe:2.3:o:microsoft:windows_10_1607:*:*:*:*:*:*:x86:*,AFFECTS
CVE:CVE-2025-24992,CPE:cpe:2.3:o:microsoft:windows_10_21h2:*:*:*:*:*:*:*:*,AFFECTS
CVE:CVE-2025-24992,CPE:cpe:2.3:o:microsoft:windows_10_22h2:*:*:*:*:*:*:*:*,AFFECTS
CVE:CVE-2025-24992,CPE:cpe:2.3:o:microsoft:windows_11_22h2:*:*:*:*:*:*:*:*,AFFECTS
CVE:CVE-2025-24992,CPE:cpe:2.3:o:microsoft:windows_11_23h2:*:*:*:*:*:*:*:*,AFFECTS
CVE:CVE-2025-24992,CPE:cpe:2.3:o:microsoft:windows_11_24h2:*:*:*:*:*:*:*:*,AFFECTS
CVE:CVE-2025-24992,CPE:cpe:2.3:o:microsoft:windows_server_2008:-:sp2:*:*:*:*:x64:*,AFFECTS
CVE:CVE-2025-24992,CPE:cpe:2.3:o:microsoft:windows_server_2008:-:sp2:*:*:*:*:x86:*,AFFECTS
CVE:CVE-2025-24992,CPE:cpe:2.3:o:microsoft:windows_server_2008:r2:sp1:*:*:*:*:x64:*,AFFECTS
CVE:CVE-2025-24992,CPE:cpe:2.3:o:microsoft:windows_server_2012:-:*:*:*:*:*:*:*,AFFECTS
CVE:CVE-2025-24992,CPE:cpe:2.3:o:microsoft:windows_server_2012:r2:*:*:*:*:*:*:*,AFFECTS
CVE:CVE-2025-24992,CPE:cpe:2.3:o:microsoft:windows_server_2016:*:*:*:*:*:*:*:*,AFFECTS
CVE:CVE-2025-24992,CPE:cpe:2.3:o:microsoft:windows_server_2019:*:*:*:*:*:*:*:*,AFFECTS
CVE:CVE-2025-24992,CPE:cpe:2.3:o:microsoft:windows_server_2022:*:*:*:*:*:*:*:*,AFFECTS
CVE:CVE-2025-24992,CPE:cpe:2.3:o:microsoft:windows_server_2022_23h2:*:*:*:*:*:*:*:*,AFFECTS
CVE:CVE-2025-24992,CPE:cpe:2.3:o:microsoft:windows_server_2025:*:*:*:*:*:*:*:*,AFFECTS
CVE:CVE-2025-24992,REF:CVE-2025-24992:0,REFERENCES
CVE:CVE-2025-41733,RISK:MEDIUM,HAS_RISK
CVE:CVE-2025-41733,CWE:CWE-305,HAS_CWE
CVE:CVE-2025-41733,CPE:cpe:2.3:h:metz-connect:ewio2-bm:-:*:*:*:*:*:*:*,AFFECTS
CVE:CVE-2025-41733,CPE:cpe:2.3:h:metz-connect:ewio2-m-bm:-:*:*:*:*:*:*:*,AFFECTS
CVE:CVE-2025-41733,CPE:cpe:2.3:h:metz-connect:ewio2-m:-:*:*:*:*:*:*:*,AFFECTS
CVE:CVE-2025-41733,CPE:cpe:2.3:o:metz-connect:ewio2-bm_firmware:*:*:*:*:*:*:*:*,AFFECTS
CVE:CVE-2025-41733,CPE:cpe:2.3:o:metz-connect:ewio2-m-bm_firmware:*:*:*:*:*:*:*:*,AFFECTS
CVE:CVE-2025-41733,CPE:cpe:2.3:o:metz-connect:ewio2-m_firmware:*:*:*:*:*:*:*:*,AFFECTS
CVE:CVE-2025-41733,REF:CVE-2025-41733:0,REFERENCES
CVE:CVE-2026-40884,RISK:MEDIUM,HAS_RISK
CVE:CVE-2026-40884,CWE:CWE-306,HAS_CWE
CVE:CVE-2026-40884,CPE:cpe:2.3:a:goshs:goshs:*:*:*:*:*:go:*:*,AFFECTS
CVE:CVE-2026-40884,CPE:cpe:2.3:a:goshs:goshs:2.0.0:beta1:*:*:*:go:*:*,AFFECTS
CVE:CVE-2026-40884,CPE:cpe:2.3:a:goshs:goshs:2.0.0:beta2:*:*:*:go:*:*,AFFECTS
CVE:CVE-2026-40884,CPE:cpe:2.3:a:goshs:goshs:2.0.0:beta3:*:*:*:go:*:*,AFFECTS
CVE:CVE-2026-40884,CPE:cpe:2.3:a:goshs:goshs:2.0.0:beta4:*:*:*:go:*:*,AFFECTS
CVE:CVE-2026-40884,CPE:cpe:2.3:a:goshs:goshs:2.0.0:beta5:*:*:*:go:*:*,AFFECTS
CVE:CVE-2026-40884,REF:CVE-2026-40884:0,REFERENCES
CVE:CVE-2026-50746,RISK:MEDIUM,HAS_RISK
CVE:CVE-2026-50746,CWE:CWE-284,HAS_CWE
CVE:CVE-2026-50746,CPE:cpe:2.3:a:ui:unifi_connect_application:*:*:*:*:*:*:*:*,AFFECTS
CVE:CVE-2026-50746,REF:CVE-2026-50746:0,REFERENCES
CVE:CVE-2024-21406,RISK:MEDIUM,HAS_RISK
CVE:CVE-2024-21406,CWE:CWE-319,HAS_CWE
CVE:CVE-2024-21406,CPE:cpe:2.3:o:microsoft:windows_10_1607:*:*:*:*:*:*:*:*,AFFECTS
CVE:CVE-2024-21406,CPE:cpe:2.3:o:microsoft:windows_10_1809:*:*:*:*:*:*:*:*,AFFECTS
CVE:CVE-2024-21406,CPE:cpe:2.3:o:microsoft:windows_10_21h2:*:*:*:*:*:*:*:*,AFFECTS
CVE:CVE-2024-21406,CPE:cpe:2.3:o:microsoft:windows_10_22h2:*:*:*:*:*:*:*:*,AFFECTS
CVE:CVE-2024-21406,CPE:cpe:2.3:o:microsoft:windows_11_21h2:*:*:*:*:*:*:*:*,AFFECTS
CVE:CVE-2024-21406,CPE:cpe:2.3:o:microsoft:windows_11_22h2:*:*:*:*:*:*:*:*,AFFECTS
CVE:CVE-2024-21406,CPE:cpe:2.3:o:microsoft:windows_11_23h2:*:*:*:*:*:*:*:*,AFFECTS
CVE:CVE-2024-21406,CPE:cpe:2.3:o:microsoft:windows_server_2008:r2:sp1:*:*:*:*:x64:*,AFFECTS
CVE:CVE-2024-21406,CPE:cpe:2.3:o:microsoft:windows_server_2012:*:*:*:*:*:*:*:*,AFFECTS
CVE:CVE-2024-21406,CPE:cpe:2.3:o:microsoft:windows_server_2012:r2:*:*:*:*:*:*:*,AFFECTS
CVE:CVE-2024-21406,CPE:cpe:2.3:o:microsoft:windows_server_2016:*:*:*:*:*:*:*:*,AFFECTS
CVE:CVE-2024-21406,CPE:cpe:2.3:o:microsoft:windows_server_2019:*:*:*:*:*:*:*:*,AFFECTS
CVE:CVE-2024-21406,CPE:cpe:2.3:o:microsoft:windows_server_2022:*:*:*:*:*:*:*:*,AFFECTS
CVE:CVE-2024-21406,CPE:cpe:2.3:o:microsoft:windows_server_2022_23h2:*:*:*:*:*:*:*:*,AFFECTS
CVE:CVE-2024-21406,REF:CVE-2024-21406:0,REFERENCES
CVE:CVE-2024-26260,RISK:MEDIUM,HAS_RISK
CVE:CVE-2024-26260,CWE:CWE-78,HAS_CWE
CVE:CVE-2024-26260,CPE:cpe:2.3:a:hgiga:oaklouds-organization-2.0:*:*:*:*:*:*:*:*,AFFECTS
CVE:CVE-2024-26260,CPE:cpe:2.3:a:hgiga:oaklouds-organization-3.0:*:*:*:*:*:*:*:*,AFFECTS
CVE:CVE-2024-26260,CPE:cpe:2.3:a:hgiga:oaklouds-webbase-2.0:*:*:*:*:*:*:*:*,AFFECTS
CVE:CVE-2024-26260,CPE:cpe:2.3:a:hgiga:oaklouds-webbase-3.0:*:*:*:*:*:*:*:*,AFFECTS
CVE:CVE-2024-26260,REF:CVE-2024-26260:0,REFERENCES
CVE:CVE-2024-26260,REF:CVE-2024-26260:1,REFERENCES
CVE:CVE-2024-26229,RISK:MEDIUM,HAS_RISK
CVE:CVE-2024-26229,CWE:CWE-122,HAS_CWE
CVE:CVE-2024-26229,CPE:cpe:2.3:o:microsoft:windows_10_1507:*:*:*:*:*:*:x64:*,AFFECTS
CVE:CVE-2024-26229,CPE:cpe:2.3:o:microsoft:windows_10_1507:*:*:*:*:*:*:x86:*,AFFECTS
CVE:CVE-2024-26229,CPE:cpe:2.3:o:microsoft:windows_10_1607:*:*:*:*:*:*:x64:*,AFFECTS
CVE:CVE-2024-26229,CPE:cpe:2.3:o:microsoft:windows_10_1607:*:*:*:*:*:*:x86:*,AFFECTS
CVE:CVE-2024-26229,CPE:cpe:2.3:o:microsoft:windows_10_1809:*:*:*:*:*:*:*:*,AFFECTS
CVE:CVE-2024-26229,CPE:cpe:2.3:o:microsoft:windows_10_21h2:*:*:*:*:*:*:*:*,AFFECTS
CVE:CVE-2024-26229,CPE:cpe:2.3:o:microsoft:windows_10_22h2:*:*:*:*:*:*:*:*,AFFECTS
CVE:CVE-2024-26229,CPE:cpe:2.3:o:microsoft:windows_11_21h2:*:*:*:*:*:*:*:*,AFFECTS
CVE:CVE-2024-26229,CPE:cpe:2.3:o:microsoft:windows_11_22h2:*:*:*:*:*:*:*:*,AFFECTS
CVE:CVE-2024-26229,CPE:cpe:2.3:o:microsoft:windows_11_23h2:*:*:*:*:*:*:*:*,AFFECTS
CVE:CVE-2024-26229,CPE:cpe:2.3:o:microsoft:windows_server_2008:-:sp2:*:*:*:*:*:*,AFFECTS
CVE:CVE-2024-26229,CPE:cpe:2.3:o:microsoft:windows_server_2008:r2:sp1:*:*:*:*:x64:*,AFFECTS
CVE:CVE-2024-26229,CPE:cpe:2.3:o:microsoft:windows_server_2012:r2:*:*:*:*:*:*:*,AFFECTS
CVE:CVE-2024-26229,CPE:cpe:2.3:o:microsoft:windows_server_2016:*:*:*:*:*:*:*:*,AFFECTS
CVE:CVE-2024-26229,CPE:cpe:2.3:o:microsoft:windows_server_2019:*:*:*:*:*:*:*:*,AFFECTS
CVE:CVE-2024-26229,CPE:cpe:2.3:o:microsoft:windows_server_2022:*:*:*:*:*:*:*:*,AFFECTS
CVE:CVE-2024-26229,CPE:cpe:2.3:o:microsoft:windows_server_2022_23h2:*:*:*:*:*:*:*:*,AFFECTS
CVE:CVE-2024-26229,REF:CVE-2024-26229:0,REFERENCES
CVE:CVE-2024-38078,RISK:MEDIUM,HAS_RISK
CVE:CVE-2024-38078,CWE:CWE-416,HAS_CWE
CVE:CVE-2024-38078,CPE:cpe:2.3:o:microsoft:windows_11_21h2:*:*:*:*:*:*:*:*,AFFECTS
CVE:CVE-2024-38078,CPE:cpe:2.3:o:microsoft:windows_11_22h2:*:*:*:*:*:*:*:*,AFFECTS
CVE:CVE-2024-38078,CPE:cpe:2.3:o:microsoft:windows_11_23h2:*:*:*:*:*:*:*:*,AFFECTS
CVE:CVE-2024-38078,REF:CVE-2024-38078:0,REFERENCES
CVE:CVE-2024-36268,RISK:MEDIUM,HAS_RISK
CVE:CVE-2024-36268,CWE:CWE-94,HAS_CWE
CVE:CVE-2024-36268,CPE:cpe:2.3:a:apache:inlong:*:*:*:*:*:*:*:*,AFFECTS
CVE:CVE-2024-36268,REF:CVE-2024-36268:0,REFERENCES
CVE:CVE-2024-36268,REF:CVE-2024-36268:1,REFERENCES
CVE:CVE-2024-43532,RISK:MEDIUM,HAS_RISK
CVE:CVE-2024-43532,CWE:CWE-636,HAS_CWE
CVE:CVE-2024-43532,CPE:cpe:2.3:o:microsoft:windows_10_1507:*:*:*:*:*:*:x64:*,AFFECTS
CVE:CVE-2024-43532,CPE:cpe:2.3:o:microsoft:windows_10_1507:*:*:*:*:*:*:x86:*,AFFECTS
CVE:CVE-2024-43532,CPE:cpe:2.3:o:microsoft:windows_10_1607:*:*:*:*:*:*:x64:*,AFFECTS
CVE:CVE-2024-43532,CPE:cpe:2.3:o:microsoft:windows_10_1607:*:*:*:*:*:*:x86:*,AFFECTS
CVE:CVE-2024-43532,CPE:cpe:2.3:o:microsoft:windows_10_1809:*:*:*:*:*:*:x64:*,AFFECTS
CVE:CVE-2024-43532,CPE:cpe:2.3:o:microsoft:windows_10_1809:*:*:*:*:*:*:x86:*,AFFECTS
CVE:CVE-2024-43532,CPE:cpe:2.3:o:microsoft:windows_10_21h2:*:*:*:*:*:*:arm64:*,AFFECTS
CVE:CVE-2024-43532,CPE:cpe:2.3:o:microsoft:windows_10_21h2:*:*:*:*:*:*:x64:*,AFFECTS
CVE:CVE-2024-43532,CPE:cpe:2.3:o:microsoft:windows_10_21h2:*:*:*:*:*:*:x86:*,AFFECTS
CVE:CVE-2024-43532,CPE:cpe:2.3:o:microsoft:windows_10_22h2:*:*:*:*:*:*:arm64:*,AFFECTS
CVE:CVE-2024-43532,CPE:cpe:2.3:o:microsoft:windows_10_22h2:*:*:*:*:*:*:x64:*,AFFECTS
CVE:CVE-2024-43532,CPE:cpe:2.3:o:microsoft:windows_10_22h2:*:*:*:*:*:*:x86:*,AFFECTS
CVE:CVE-2024-43532,CPE:cpe:2.3:o:microsoft:windows_11_21h2:*:*:*:*:*:*:arm64:*,AFFECTS
CVE:CVE-2024-43532,CPE:cpe:2.3:o:microsoft:windows_11_21h2:*:*:*:*:*:*:x64:*,AFFECTS
CVE:CVE-2024-43532,CPE:cpe:2.3:o:microsoft:windows_11_22h2:*:*:*:*:*:*:arm64:*,AFFECTS
CVE:CVE-2024-43532,CPE:cpe:2.3:o:microsoft:windows_11_22h2:*:*:*:*:*:*:x64:*,AFFECTS
CVE:CVE-2024-43532,CPE:cpe:2.3:o:microsoft:windows_11_23h2:*:*:*:*:*:*:arm64:*,AFFECTS
CVE:CVE-2024-43532,CPE:cpe:2.3:o:microsoft:windows_11_23h2:*:*:*:*:*:*:x64:*,AFFECTS
CVE:CVE-2024-43532,CPE:cpe:2.3:o:microsoft:windows_11_24h2:*:*:*:*:*:*:arm64:*,AFFECTS
CVE:CVE-2024-43532,CPE:cpe:2.3:o:microsoft:windows_11_24h2:*:*:*:*:*:*:x64:*,AFFECTS
CVE:CVE-2024-43532,CPE:cpe:2.3:o:microsoft:windows_server_2008:-:sp2:*:*:*:*:x64:*,AFFECTS
CVE:CVE-2024-43532,CPE:cpe:2.3:o:microsoft:windows_server_2008:-:sp2:*:*:*:*:x86:*,AFFECTS
CVE:CVE-2024-43532,CPE:cpe:2.3:o:microsoft:windows_server_2008:r2:sp1:*:*:*:*:x64:*,AFFECTS
CVE:CVE-2024-43532,CPE:cpe:2.3:o:microsoft:windows_server_2012:-:*:*:*:*:*:*:*,AFFECTS
CVE:CVE-2024-43532,CPE:cpe:2.3:o:microsoft:windows_server_2012:r2:*:*:*:*:*:*:*,AFFECTS
CVE:CVE-2024-43532,CPE:cpe:2.3:o:microsoft:windows_server_2016:*:*:*:*:*:*:*:*,AFFECTS
CVE:CVE-2024-43532,CPE:cpe:2.3:o:microsoft:windows_server_2019:*:*:*:*:*:*:*:*,AFFECTS
CVE:CVE-2024-43532,CPE:cpe:2.3:o:microsoft:windows_server_2022:*:*:*:*:*:*:*:*,AFFECTS
CVE:CVE-2024-43532,CPE:cpe:2.3:o:microsoft:windows_server_2022_23h2:*:*:*:*:*:*:*:*,AFFECTS
CVE:CVE-2024-43532,REF:CVE-2024-43532:0,REFERENCES
CVE:CVE-2023-49125,RISK:LOW,HAS_RISK
CVE:CVE-2023-49125,CWE:CWE-125,HAS_CWE
CVE:CVE-2023-49125,CPE:cpe:2.3:a:siemens:parasolid:*:*:*:*:*:*:*:*,AFFECTS
CVE:CVE-2023-49125,CPE:cpe:2.3:a:siemens:solid_edge_se2023:*:*:*:*:*:*:*:*,AFFECTS
CVE:CVE-2023-49125,CPE:cpe:2.3:a:siemens:solid_edge_se2023:223.0:update_0001:*:*:*:*:*:*,AFFECTS
CVE:CVE-2023-49125,CPE:cpe:2.3:a:siemens:solid_edge_se2023:223.0:update_0002:*:*:*:*:*:*,AFFECTS
CVE:CVE-2023-49125,CPE:cpe:2.3:a:siemens:solid_edge_se2023:223.0:update_0003:*:*:*:*:*:*,AFFECTS
CVE:CVE-2023-49125,CPE:cpe:2.3:a:siemens:solid_edge_se2023:223.0:update_0004:*:*:*:*:*:*,AFFECTS
CVE:CVE-2023-49125,CPE:cpe:2.3:a:siemens:solid_edge_se2023:223.0:update_0005:*:*:*:*:*:*,AFFECTS
CVE:CVE-2023-49125,CPE:cpe:2.3:a:siemens:solid_edge_se2023:223.0:update_0006:*:*:*:*:*:*,AFFECTS
CVE:CVE-2023-49125,CPE:cpe:2.3:a:siemens:solid_edge_se2023:223.0:update_0007:*:*:*:*:*:*,AFFECTS
CVE:CVE-2023-49125,CPE:cpe:2.3:a:siemens:solid_edge_se2023:223.0:update_0008:*:*:*:*:*:*,AFFECTS
CVE:CVE-2023-49125,CPE:cpe:2.3:a:siemens:solid_edge_se2023:223.0:update_0009:*:*:*:*:*:*,AFFECTS
CVE:CVE-2023-49125,CPE:cpe:2.3:a:siemens:solid_edge_se2023:223.0:update_0010:*:*:*:*:*:*,AFFECTS
CVE:CVE-2023-49125,CPE:cpe:2.3:a:siemens:solid_edge_se2024:*:*:*:*:*:*:*:*,AFFECTS
CVE:CVE-2023-49125,CPE:cpe:2.3:a:siemens:solid_edge_se2024:224.0:update_0001:*:*:*:*:*:*,AFFECTS
CVE:CVE-2023-49125,CPE:cpe:2.3:a:siemens:solid_edge_se2024:224.0:update_0002:*:*:*:*:*:*,AFFECTS
CVE:CVE-2023-49125,REF:CVE-2023-49125:0,REFERENCES
CVE:CVE-2023-49125,REF:CVE-2023-49125:1,REFERENCES
CVE:CVE-2024-30035,RISK:LOW,HAS_RISK
CVE:CVE-2024-30035,CWE:CWE-416,HAS_CWE
CVE:CVE-2024-30035,CPE:cpe:2.3:o:microsoft:windows_10_1809:*:*:*:*:*:*:*:*,AFFECTS
CVE:CVE-2024-30035,CPE:cpe:2.3:o:microsoft:windows_10_21h2:*:*:*:*:*:*:*:*,AFFECTS
CVE:CVE-2024-30035,CPE:cpe:2.3:o:microsoft:windows_10_22h2:*:*:*:*:*:*:*:*,AFFECTS
CVE:CVE-2024-30035,CPE:cpe:2.3:o:microsoft:windows_11_21h2:*:*:*:*:*:*:*:*,AFFECTS
CVE:CVE-2024-30035,CPE:cpe:2.3:o:microsoft:windows_11_22h2:*:*:*:*:*:*:*:*,AFFECTS
CVE:CVE-2024-30035,CPE:cpe:2.3:o:microsoft:windows_11_23h2:*:*:*:*:*:*:*:*,AFFECTS
CVE:CVE-2024-30035,CPE:cpe:2.3:o:microsoft:windows_server_2019:*:*:*:*:*:*:*:*,AFFECTS
CVE:CVE-2024-30035,CPE:cpe:2.3:o:microsoft:windows_server_2022:*:*:*:*:*:*:*:*,AFFECTS
CVE:CVE-2024-30035,CPE:cpe:2.3:o:microsoft:windows_server_2022_23h2:*:*:*:*:*:*:*:*,AFFECTS
CVE:CVE-2024-30035,REF:CVE-2024-30035:0,REFERENCES
CVE:CVE-2024-42489,RISK:LOW,HAS_RISK
CVE:CVE-2024-42489,CWE:CWE-74,HAS_CWE
CVE:CVE-2024-42489,CPE:cpe:2.3:a:xwiki:pro_macros:*:*:*:*:*:*:*:*,AFFECTS
CVE:CVE-2024-42489,REF:CVE-2024-42489:0,REFERENCES
CVE:CVE-2024-42489,REF:CVE-2024-42489:1,REFERENCES
CVE:CVE-2024-42489,REF:CVE-2024-42489:2,REFERENCES
CVE:CVE-2024-38401,RISK:LOW,HAS_RISK
CVE:CVE-2024-38401,CWE:CWE-416,HAS_CWE
CVE:CVE-2024-38401,CPE:cpe:2.3:h:qualcomm:ar8035:-:*:*:*:*:*:*:*,AFFECTS
CVE:CVE-2024-38401,CPE:cpe:2.3:h:qualcomm:c-v2x_9150:-:*:*:*:*:*:*:*,AFFECTS
CVE:CVE-2024-38401,CPE:cpe:2.3:h:qualcomm:fastconnect_7800:-:*:*:*:*:*:*:*,AFFECTS
CVE:CVE-2024-38401,CPE:cpe:2.3:h:qualcomm:qca6574a:-:*:*:*:*:*:*:*,AFFECTS
CVE:CVE-2024-38401,CPE:cpe:2.3:h:qualcomm:qca6584au:-:*:*:*:*:*:*:*,AFFECTS
CVE:CVE-2024-38401,CPE:cpe:2.3:h:qualcomm:qca6595au:-:*:*:*:*:*:*:*,AFFECTS
CVE:CVE-2024-38401,CPE:cpe:2.3:h:qualcomm:qca6696:-:*:*:*:*:*:*:*,AFFECTS
CVE:CVE-2024-38401,CPE:cpe:2.3:h:qualcomm:qca6698aq:-:*:*:*:*:*:*:*,AFFECTS
CVE:CVE-2024-38401,CPE:cpe:2.3:h:qualcomm:qca8081:-:*:*:*:*:*:*:*,AFFECTS
CVE:CVE-2024-38401,CPE:cpe:2.3:h:qualcomm:qca8337:-:*:*:*:*:*:*:*,AFFECTS
CVE:CVE-2024-38401,CPE:cpe:2.3:h:qualcomm:qcc710:-:*:*:*:*:*:*:*,AFFECTS
CVE:CVE-2024-38401,CPE:cpe:2.3:h:qualcomm:qcn6224:-:*:*:*:*:*:*:*,AFFECTS
CVE:CVE-2024-38401,CPE:cpe:2.3:h:qualcomm:qcn6274:-:*:*:*:*:*:*:*,AFFECTS
CVE:CVE-2024-38401,CPE:cpe:2.3:h:qualcomm:qcs410:-:*:*:*:*:*:*:*,AFFECTS
CVE:CVE-2024-38401,CPE:cpe:2.3:h:qualcomm:qcs610:-:*:*:*:*:*:*:*,AFFECTS
CVE:CVE-2024-38401,CPE:cpe:2.3:h:qualcomm:qfw7114:-:*:*:*:*:*:*:*,AFFECTS
CVE:CVE-2024-38401,CPE:cpe:2.3:h:qualcomm:qfw7124:-:*:*:*:*:*:*:*,AFFECTS
CVE:CVE-2024-38401,CPE:cpe:2.3:h:qualcomm:sdx55:-:*:*:*:*:*:*:*,AFFECTS
CVE:CVE-2024-38401,CPE:cpe:2.3:h:qualcomm:snapdragon_auto_5g_modem-rf:-:*:*:*:*:*:*:*,AFFECTS
CVE:CVE-2024-38401,CPE:cpe:2.3:h:qualcomm:snapdragon_auto_5g_modem-rf_gen_2:-:*:*:*:*:*:*:*,AFFECTS
CVE:CVE-2024-38401,CPE:cpe:2.3:h:qualcomm:snapdragon_w5\+_gen_1_wearable:-:*:*:*:*:*:*:*,AFFECTS
CVE:CVE-2024-38401,CPE:cpe:2.3:h:qualcomm:snapdragon_x72_5g_modem-rf_system:-:*:*:*:*:*:*:*,AFFECTS
CVE:CVE-2024-38401,CPE:cpe:2.3:h:qualcomm:snapdragon_x75_5g_modem-rf_system:-:*:*:*:*:*:*:*,AFFECTS
CVE:CVE-2024-38401,CPE:cpe:2.3:h:qualcomm:sw5100:-:*:*:*:*:*:*:*,AFFECTS
CVE:CVE-2024-38401,CPE:cpe:2.3:h:qualcomm:sw5100p:-:*:*:*:*:*:*:*,AFFECTS
CVE:CVE-2024-38401,CPE:cpe:2.3:h:qualcomm:video_collaboration_vc1_platform:-:*:*:*:*:*:*:*,AFFECTS
CVE:CVE-2024-38401,CPE:cpe:2.3:h:qualcomm:video_collaboration_vc3_platform:-:*:*:*:*:*:*:*,AFFECTS
CVE:CVE-2024-38401,CPE:cpe:2.3:h:qualcomm:wcd9340:-:*:*:*:*:*:*:*,AFFECTS
CVE:CVE-2024-38401,CPE:cpe:2.3:h:qualcomm:wcd9341:-:*:*:*:*:*:*:*,AFFECTS
CVE:CVE-2024-38401,CPE:cpe:2.3:h:qualcomm:wcd9360:-:*:*:*:*:*:*:*,AFFECTS
CVE:CVE-2024-38401,CPE:cpe:2.3:h:qualcomm:wcd9370:-:*:*:*:*:*:*:*,AFFECTS
CVE:CVE-2024-38401,CPE:cpe:2.3:h:qualcomm:wcn3660b:-:*:*:*:*:*:*:*,AFFECTS
CVE:CVE-2024-38401,CPE:cpe:2.3:h:qualcomm:wcn3680b:-:*:*:*:*:*:*:*,AFFECTS
CVE:CVE-2024-38401,CPE:cpe:2.3:h:qualcomm:wcn3950:-:*:*:*:*:*:*:*,AFFECTS
CVE:CVE-2024-38401,CPE:cpe:2.3:h:qualcomm:wcn3980:-:*:*:*:*:*:*:*,AFFECTS
CVE:CVE-2024-38401,CPE:cpe:2.3:h:qualcomm:wcn3988:-:*:*:*:*:*:*:*,AFFECTS
CVE:CVE-2024-38401,CPE:cpe:2.3:h:qualcomm:wsa8810:-:*:*:*:*:*:*:*,AFFECTS
CVE:CVE-2024-38401,CPE:cpe:2.3:h:qualcomm:wsa8815:-:*:*:*:*:*:*:*,AFFECTS
CVE:CVE-2024-38401,CPE:cpe:2.3:h:qualcomm:wsa8830:-:*:*:*:*:*:*:*,AFFECTS
CVE:CVE-2024-38401,CPE:cpe:2.3:h:qualcomm:wsa8835:-:*:*:*:*:*:*:*,AFFECTS
CVE:CVE-2024-38401,CPE:cpe:2.3:o:qualcomm:ar8035_firmware:-:*:*:*:*:*:*:*,AFFECTS
CVE:CVE-2024-38401,CPE:cpe:2.3:o:qualcomm:c-v2x_9150_firmware:-:*:*:*:*:*:*:*,AFFECTS
CVE:CVE-2024-38401,CPE:cpe:2.3:o:qualcomm:fastconnect_7800_firmware:-:*:*:*:*:*:*:*,AFFECTS
CVE:CVE-2024-38401,CPE:cpe:2.3:o:qualcomm:qca6574a_firmware:-:*:*:*:*:*:*:*,AFFECTS
CVE:CVE-2024-38401,CPE:cpe:2.3:o:qualcomm:qca6584au_firmware:-:*:*:*:*:*:*:*,AFFECTS
CVE:CVE-2024-38401,CPE:cpe:2.3:o:qualcomm:qca6595au_firmware:-:*:*:*:*:*:*:*,AFFECTS
CVE:CVE-2024-38401,CPE:cpe:2.3:o:qualcomm:qca6696_firmware:-:*:*:*:*:*:*:*,AFFECTS
CVE:CVE-2024-38401,CPE:cpe:2.3:o:qualcomm:qca6698aq_firmware:-:*:*:*:*:*:*:*,AFFECTS
CVE:CVE-2024-38401,CPE:cpe:2.3:o:qualcomm:qca8081_firmware:-:*:*:*:*:*:*:*,AFFECTS
CVE:CVE-2024-38401,CPE:cpe:2.3:o:qualcomm:qca8337_firmware:-:*:*:*:*:*:*:*,AFFECTS
CVE:CVE-2024-38401,CPE:cpe:2.3:o:qualcomm:qcc710_firmware:-:*:*:*:*:*:*:*,AFFECTS
CVE:CVE-2024-38401,CPE:cpe:2.3:o:qualcomm:qcn6224_firmware:-:*:*:*:*:*:*:*,AFFECTS
CVE:CVE-2024-38401,CPE:cpe:2.3:o:qualcomm:qcn6274_firmware:-:*:*:*:*:*:*:*,AFFECTS
CVE:CVE-2024-38401,CPE:cpe:2.3:o:qualcomm:qcs410_firmware:-:*:*:*:*:*:*:*,AFFECTS
CVE:CVE-2024-38401,CPE:cpe:2.3:o:qualcomm:qcs610_firmware:-:*:*:*:*:*:*:*,AFFECTS
CVE:CVE-2024-38401,CPE:cpe:2.3:o:qualcomm:qfw7114_firmware:-:*:*:*:*:*:*:*,AFFECTS
CVE:CVE-2024-38401,CPE:cpe:2.3:o:qualcomm:qfw7124_firmware:-:*:*:*:*:*:*:*,AFFECTS
CVE:CVE-2024-38401,CPE:cpe:2.3:o:qualcomm:sdx55_firmware:-:*:*:*:*:*:*:*,AFFECTS
CVE:CVE-2024-38401,CPE:cpe:2.3:o:qualcomm:snapdragon_auto_5g_modem-rf_firmware:-:*:*:*:*:*:*:*,AFFECTS
CVE:CVE-2024-38401,CPE:cpe:2.3:o:qualcomm:snapdragon_auto_5g_modem-rf_gen_2_firmware:-:*:*:*:*:*:*:*,AFFECTS
CVE:CVE-2024-38401,CPE:cpe:2.3:o:qualcomm:snapdragon_w5\+_gen_1_wearable_firmware:-:*:*:*:*:*:*:*,AFFECTS
CVE:CVE-2024-38401,CPE:cpe:2.3:o:qualcomm:snapdragon_x72_5g_modem-rf_system_firmware:-:*:*:*:*:*:*:*,AFFECTS
CVE:CVE-2024-38401,CPE:cpe:2.3:o:qualcomm:snapdragon_x75_5g_modem-rf_system_firmware:-:*:*:*:*:*:*:*,AFFECTS
CVE:CVE-2024-38401,CPE:cpe:2.3:o:qualcomm:sw5100_firmware:-:*:*:*:*:*:*:*,AFFECTS
CVE:CVE-2024-38401,CPE:cpe:2.3:o:qualcomm:sw5100p_firmware:-:*:*:*:*:*:*:*,AFFECTS
CVE:CVE-2024-38401,CPE:cpe:2.3:o:qualcomm:video_collaboration_vc1_platform_firmware:-:*:*:*:*:*:*:*,AFFECTS
CVE:CVE-2024-38401,CPE:cpe:2.3:o:qualcomm:video_collaboration_vc3_platform_firmware:-:*:*:*:*:*:*:*,AFFECTS
CVE:CVE-2024-38401,CPE:cpe:2.3:o:qualcomm:wcd9340_firmware:-:*:*:*:*:*:*:*,AFFECTS
CVE:CVE-2024-38401,CPE:cpe:2.3:o:qualcomm:wcd9341_firmware:-:*:*:*:*:*:*:*,AFFECTS
CVE:CVE-2024-38401,CPE:cpe:2.3:o:qualcomm:wcd9360_firmware:-:*:*:*:*:*:*:*,AFFECTS
CVE:CVE-2024-38401,CPE:cpe:2.3:o:qualcomm:wcd9370_firmware:-:*:*:*:*:*:*:*,AFFECTS
CVE:CVE-2024-38401,CPE:cpe:2.3:o:qualcomm:wcn3660b_firmware:-:*:*:*:*:*:*:*,AFFECTS
CVE:CVE-2024-38401,CPE:cpe:2.3:o:qualcomm:wcn3680b_firmware:-:*:*:*:*:*:*:*,AFFECTS
CVE:CVE-2024-38401,CPE:cpe:2.3:o:qualcomm:wcn3950_firmware:-:*:*:*:*:*:*:*,AFFECTS
CVE:CVE-2024-38401,CPE:cpe:2.3:o:qualcomm:wcn3980_firmware:-:*:*:*:*:*:*:*,AFFECTS
CVE:CVE-2024-38401,CPE:cpe:2.3:o:qualcomm:wcn3988_firmware:-:*:*:*:*:*:*:*,AFFECTS
CVE:CVE-2024-38401,CPE:cpe:2.3:o:qualcomm:wsa8810_firmware:-:*:*:*:*:*:*:*,AFFECTS
CVE:CVE-2024-38401,CPE:cpe:2.3:o:qualcomm:wsa8815_firmware:-:*:*:*:*:*:*:*,AFFECTS
CVE:CVE-2024-38401,CPE:cpe:2.3:o:qualcomm:wsa8830_firmware:-:*:*:*:*:*:*:*,AFFECTS
CVE:CVE-2024-38401,CPE:cpe:2.3:o:qualcomm:wsa8835_firmware:-:*:*:*:*:*:*:*,AFFECTS
CVE:CVE-2024-38401,REF:CVE-2024-38401:0,REFERENCES
CVE:CVE-2024-45697,RISK:LOW,HAS_RISK
CVE:CVE-2024-45697,CWE:CWE-912,HAS_CWE
CVE:CVE-2024-45697,CPE:cpe:2.3:h:dlink:dir-x4860:a1:*:*:*:*:*:*:*,AFFECTS
CVE:CVE-2024-45697,CPE:cpe:2.3:o:dlink:dir-x4860_firmware:1.00:*:*:*:*:*:*:*,AFFECTS
CVE:CVE-2024-45697,CPE:cpe:2.3:o:dlink:dir-x4860_firmware:1.04:*:*:*:*:*:*:*,AFFECTS
CVE:CVE-2024-45697,REF:CVE-2024-45697:0,REFERENCES
CVE:CVE-2024-45697,REF:CVE-2024-45697:1,REFERENCES
CVE:CVE-2024-0005,RISK:LOW,HAS_RISK
CVE:CVE-2024-0005,CWE:CWE-77,HAS_CWE
CVE:CVE-2024-0005,CPE:cpe:2.3:a:purestorage:purity\/\/fa:*:*:*:*:*:*:*:*,AFFECTS
CVE:CVE-2024-0005,CPE:cpe:2.3:a:purestorage:purity\/\/fa:6.5.0:*:*:*:*:*:*:*,AFFECTS
CVE:CVE-2024-0005,CPE:cpe:2.3:a:purestorage:purity\/\/fa:6.6.0:*:*:*:*:*:*:*,AFFECTS
CVE:CVE-2024-0005,CPE:cpe:2.3:a:purestorage:purity\/\/fb:*:*:*:*:*:*:*:*,AFFECTS
CVE:CVE-2024-0005,CPE:cpe:2.3:a:purestorage:purity\/\/fb:4.3.0:*:*:*:*:*:*:*,AFFECTS
CVE:CVE-2024-0005,CPE:cpe:2.3:a:purestorage:purity\/\/fb:4.3.1:*:*:*:*:*:*:*,AFFECTS
CVE:CVE-2024-0005,REF:CVE-2024-0005:0,REFERENCES
CVE:CVE-2024-43516,RISK:LOW,HAS_RISK
CVE:CVE-2024-43516,CWE:CWE-822,HAS_CWE
CVE:CVE-2024-43516,CPE:cpe:2.3:o:microsoft:windows_10_1507:*:*:*:*:*:*:*:*,AFFECTS
CVE:CVE-2024-43516,CPE:cpe:2.3:o:microsoft:windows_10_1607:*:*:*:*:*:*:x64:*,AFFECTS
CVE:CVE-2024-43516,CPE:cpe:2.3:o:microsoft:windows_10_1607:*:*:*:*:*:*:x86:*,AFFECTS
CVE:CVE-2024-43516,CPE:cpe:2.3:o:microsoft:windows_10_1809:*:*:*:*:*:*:x64:*,AFFECTS
CVE:CVE-2024-43516,CPE:cpe:2.3:o:microsoft:windows_10_1809:*:*:*:*:*:*:x86:*,AFFECTS
CVE:CVE-2024-43516,CPE:cpe:2.3:o:microsoft:windows_10_21h2:*:*:*:*:*:*:*:*,AFFECTS
CVE:CVE-2024-43516,CPE:cpe:2.3:o:microsoft:windows_10_22h2:*:*:*:*:*:*:*:*,AFFECTS
CVE:CVE-2024-43516,CPE:cpe:2.3:o:microsoft:windows_11_21h2:*:*:*:*:*:*:*:*,AFFECTS
CVE:CVE-2024-43516,CPE:cpe:2.3:o:microsoft:windows_11_22h2:*:*:*:*:*:*:*:*,AFFECTS
CVE:CVE-2024-43516,CPE:cpe:2.3:o:microsoft:windows_11_23h2:*:*:*:*:*:*:*:*,AFFECTS
CVE:CVE-2024-43516,CPE:cpe:2.3:o:microsoft:windows_11_24h2:*:*:*:*:*:*:*:*,AFFECTS
CVE:CVE-2024-43516,CPE:cpe:2.3:o:microsoft:windows_server_2016:*:*:*:*:*:*:*:*,AFFECTS
CVE:CVE-2024-43516,CPE:cpe:2.3:o:microsoft:windows_server_2019:*:*:*:*:*:*:*:*,AFFECTS
CVE:CVE-2024-43516,CPE:cpe:2.3:o:microsoft:windows_server_2022:*:*:*:*:*:*:*:*,AFFECTS
CVE:CVE-2024-43516,CPE:cpe:2.3:o:microsoft:windows_server_2022_23h2:*:*:*:*:*:*:*:*,AFFECTS
CVE:CVE-2024-43516,REF:CVE-2024-43516:0,REFERENCES
CVE:CVE-2024-43528,RISK:LOW,HAS_RISK
CVE:CVE-2024-43528,CWE:CWE-122,HAS_CWE
CVE:CVE-2024-43528,CPE:cpe:2.3:o:microsoft:windows_10_1809:*:*:*:*:*:*:x64:*,AFFECTS
CVE:CVE-2024-43528,CPE:cpe:2.3:o:microsoft:windows_10_1809:*:*:*:*:*:*:x86:*,AFFECTS
CVE:CVE-2024-43528,CPE:cpe:2.3:o:microsoft:windows_10_21h2:*:*:*:*:*:*:arm64:*,AFFECTS
CVE:CVE-2024-43528,CPE:cpe:2.3:o:microsoft:windows_10_21h2:*:*:*:*:*:*:x64:*,AFFECTS
CVE:CVE-2024-43528,CPE:cpe:2.3:o:microsoft:windows_10_21h2:*:*:*:*:*:*:x86:*,AFFECTS
CVE:CVE-2024-43528,CPE:cpe:2.3:o:microsoft:windows_10_22h2:*:*:*:*:*:*:arm64:*,AFFECTS
CVE:CVE-2024-43528,CPE:cpe:2.3:o:microsoft:windows_10_22h2:*:*:*:*:*:*:x64:*,AFFECTS
CVE:CVE-2024-43528,CPE:cpe:2.3:o:microsoft:windows_10_22h2:*:*:*:*:*:*:x86:*,AFFECTS
CVE:CVE-2024-43528,CPE:cpe:2.3:o:microsoft:windows_11_21h2:*:*:*:*:*:*:arm64:*,AFFECTS
CVE:CVE-2024-43528,CPE:cpe:2.3:o:microsoft:windows_11_21h2:*:*:*:*:*:*:x64:*,AFFECTS
CVE:CVE-2024-43528,CPE:cpe:2.3:o:microsoft:windows_11_22h2:*:*:*:*:*:*:arm64:*,AFFECTS
CVE:CVE-2024-43528,CPE:cpe:2.3:o:microsoft:windows_11_22h2:*:*:*:*:*:*:x64:*,AFFECTS
CVE:CVE-2024-43528,CPE:cpe:2.3:o:microsoft:windows_11_23h2:*:*:*:*:*:*:arm64:*,AFFECTS
CVE:CVE-2024-43528,CPE:cpe:2.3:o:microsoft:windows_11_23h2:*:*:*:*:*:*:x64:*,AFFECTS
CVE:CVE-2024-43528,CPE:cpe:2.3:o:microsoft:windows_11_24h2:*:*:*:*:*:*:arm64:*,AFFECTS
CVE:CVE-2024-43528,CPE:cpe:2.3:o:microsoft:windows_11_24h2:*:*:*:*:*:*:x64:*,AFFECTS
CVE:CVE-2024-43528,CPE:cpe:2.3:o:microsoft:windows_server_2019:*:*:*:*:*:*:*:*,AFFECTS
CVE:CVE-2024-43528,CPE:cpe:2.3:o:microsoft:windows_server_2022:*:*:*:*:*:*:*:*,AFFECTS
CVE:CVE-2024-43528,CPE:cpe:2.3:o:microsoft:windows_server_2022_23h2:*:*:*:*:*:*:*:*,AFFECTS
CVE:CVE-2024-43528,REF:CVE-2024-43528:0,REFERENCES
CVE:CVE-2024-43602,RISK:LOW,HAS_RISK
CVE:CVE-2024-43602,CWE:CWE-285,HAS_CWE
CVE:CVE-2024-43602,CPE:cpe:2.3:a:microsoft:azure_cyclecloud:*:*:*:*:*:*:*:*,AFFECTS
CVE:CVE-2024-43602,REF:CVE-2024-43602:0,REFERENCES
CVE:CVE-2024-49050,RISK:LOW,HAS_RISK
CVE:CVE-2024-49050,CWE:CWE-501,HAS_CWE
CVE:CVE-2024-49050,CPE:cpe:2.3:a:microsoft:python:*:*:*:*:*:visual_studio_code:*:*,AFFECTS
CVE:CVE-2024-49050,REF:CVE-2024-49050:0,REFERENCES
CVE:CVE-2024-49080,RISK:LOW,HAS_RISK
CVE:CVE-2024-49080,CWE:CWE-122,HAS_CWE
CVE:CVE-2024-49080,CPE:cpe:2.3:o:microsoft:windows_10_1507:*:*:*:*:*:*:x64:*,AFFECTS
CVE:CVE-2024-49080,CPE:cpe:2.3:o:microsoft:windows_10_1507:*:*:*:*:*:*:x86:*,AFFECTS
CVE:CVE-2024-49080,CPE:cpe:2.3:o:microsoft:windows_10_1607:*:*:*:*:*:*:x64:*,AFFECTS
CVE:CVE-2024-49080,CPE:cpe:2.3:o:microsoft:windows_10_1607:*:*:*:*:*:*:x86:*,AFFECTS
CVE:CVE-2024-49080,CPE:cpe:2.3:o:microsoft:windows_10_1809:*:*:*:*:*:*:x64:*,AFFECTS
CVE:CVE-2024-49080,CPE:cpe:2.3:o:microsoft:windows_10_1809:*:*:*:*:*:*:x86:*,AFFECTS
CVE:CVE-2024-49080,CPE:cpe:2.3:o:microsoft:windows_10_21h2:*:*:*:*:*:*:*:*,AFFECTS
CVE:CVE-2024-49080,CPE:cpe:2.3:o:microsoft:windows_10_22h2:*:*:*:*:*:*:*:*,AFFECTS
CVE:CVE-2024-49080,CPE:cpe:2.3:o:microsoft:windows_11_22h2:*:*:*:*:*:*:*:*,AFFECTS
CVE:CVE-2024-49080,CPE:cpe:2.3:o:microsoft:windows_11_23h2:*:*:*:*:*:*:*:*,AFFECTS
CVE:CVE-2024-49080,CPE:cpe:2.3:o:microsoft:windows_11_24h2:*:*:*:*:*:*:*:*,AFFECTS
CVE:CVE-2024-49080,CPE:cpe:2.3:o:microsoft:windows_server_2008:-:sp2:*:*:*:*:*:*,AFFECTS
CVE:CVE-2024-49080,CPE:cpe:2.3:o:microsoft:windows_server_2008:r2:sp1:*:*:*:*:x64:*,AFFECTS
CVE:CVE-2024-49080,CPE:cpe:2.3:o:microsoft:windows_server_2012:-:*:*:*:*:*:*:*,AFFECTS
CVE:CVE-2024-49080,CPE:cpe:2.3:o:microsoft:windows_server_2012:r2:*:*:*:*:*:*:*,AFFECTS
CVE:CVE-2024-49080,CPE:cpe:2.3:o:microsoft:windows_server_2016:*:*:*:*:*:*:*:*,AFFECTS
CVE:CVE-2024-49080,CPE:cpe:2.3:o:microsoft:windows_server_2019:*:*:*:*:*:*:*:*,AFFECTS
CVE:CVE-2024-49080,CPE:cpe:2.3:o:microsoft:windows_server_2022:*:*:*:*:*:*:*:*,AFFECTS
CVE:CVE-2024-49080,CPE:cpe:2.3:o:microsoft:windows_server_2022_23h2:*:*:*:*:*:*:*:*,AFFECTS
CVE:CVE-2024-49080,CPE:cpe:2.3:o:microsoft:windows_server_2025:*:*:*:*:*:*:*:*,AFFECTS
CVE:CVE-2024-49080,REF:CVE-2024-49080:0,REFERENCES
CVE:CVE-2024-49117,RISK:LOW,HAS_RISK
CVE:CVE-2024-49117,CWE:CWE-393,HAS_CWE
CVE:CVE-2024-49117,CPE:cpe:2.3:o:microsoft:windows_11_22h2:*:*:*:*:*:*:*:*,AFFECTS
CVE:CVE-2024-49117,CPE:cpe:2.3:o:microsoft:windows_11_23h2:*:*:*:*:*:*:*:*,AFFECTS
CVE:CVE-2024-49117,CPE:cpe:2.3:o:microsoft:windows_11_24h2:*:*:*:*:*:*:*:*,AFFECTS
CVE:CVE-2024-49117,CPE:cpe:2.3:o:microsoft:windows_server_2022:*:*:*:*:*:*:*:*,AFFECTS
CVE:CVE-2024-49117,CPE:cpe:2.3:o:microsoft:windows_server_2022_23h2:*:*:*:*:*:*:*:*,AFFECTS
CVE:CVE-2024-49117,CPE:cpe:2.3:o:microsoft:windows_server_2025:*:*:*:*:*:*:*:*,AFFECTS
CVE:CVE-2024-49117,REF:CVE-2024-49117:0,REFERENCES
CVE:CVE-2025-21298,RISK:LOW,HAS_RISK
CVE:CVE-2025-21298,CWE:CWE-416,HAS_CWE
CVE:CVE-2025-21298,CPE:cpe:2.3:o:microsoft:windows_10_1507:*:*:*:*:*:*:x64:*,AFFECTS
CVE:CVE-2025-21298,CPE:cpe:2.3:o:microsoft:windows_10_1507:*:*:*:*:*:*:x86:*,AFFECTS
CVE:CVE-2025-21298,CPE:cpe:2.3:o:microsoft:windows_10_1607:*:*:*:*:*:*:x64:*,AFFECTS
CVE:CVE-2025-21298,CPE:cpe:2.3:o:microsoft:windows_10_1607:*:*:*:*:*:*:x86:*,AFFECTS
CVE:CVE-2025-21298,CPE:cpe:2.3:o:microsoft:windows_10_1809:*:*:*:*:*:*:x64:*,AFFECTS
CVE:CVE-2025-21298,CPE:cpe:2.3:o:microsoft:windows_10_1809:*:*:*:*:*:*:x86:*,AFFECTS
CVE:CVE-2025-21298,CPE:cpe:2.3:o:microsoft:windows_10_21h2:*:*:*:*:*:*:*:*,AFFECTS
CVE:CVE-2025-21298,CPE:cpe:2.3:o:microsoft:windows_10_22h2:*:*:*:*:*:*:*:*,AFFECTS
CVE:CVE-2025-21298,CPE:cpe:2.3:o:microsoft:windows_11_22h2:*:*:*:*:*:*:*:*,AFFECTS
CVE:CVE-2025-21298,CPE:cpe:2.3:o:microsoft:windows_11_23h2:*:*:*:*:*:*:*:*,AFFECTS
CVE:CVE-2025-21298,CPE:cpe:2.3:o:microsoft:windows_11_24h2:*:*:*:*:*:*:*:*,AFFECTS
CVE:CVE-2025-21298,CPE:cpe:2.3:o:microsoft:windows_server_2008:-:sp2:*:*:*:*:*:*,AFFECTS
CVE:CVE-2025-21298,CPE:cpe:2.3:o:microsoft:windows_server_2008:r2:sp1:*:*:*:*:x64:*,AFFECTS
CVE:CVE-2025-21298,CPE:cpe:2.3:o:microsoft:windows_server_2012:-:*:*:*:*:*:*:*,AFFECTS
CVE:CVE-2025-21298,CPE:cpe:2.3:o:microsoft:windows_server_2012:r2:*:*:*:*:*:*:*,AFFECTS
CVE:CVE-2025-21298,CPE:cpe:2.3:o:microsoft:windows_server_2016:*:*:*:*:*:*:*:*,AFFECTS
CVE:CVE-2025-21298,CPE:cpe:2.3:o:microsoft:windows_server_2019:*:*:*:*:*:*:*:*,AFFECTS
CVE:CVE-2025-21298,CPE:cpe:2.3:o:microsoft:windows_server_2022:*:*:*:*:*:*:*:*,AFFECTS
CVE:CVE-2025-21298,CPE:cpe:2.3:o:microsoft:windows_server_2022_23h2:*:*:*:*:*:*:*:*,AFFECTS
CVE:CVE-2025-21298,CPE:cpe:2.3:o:microsoft:windows_server_2025:*:*:*:*:*:*:x64:*,AFFECTS
CVE:CVE-2025-21298,REF:CVE-2025-21298:0,REFERENCES
CVE:CVE-2025-2857,RISK:LOW,HAS_RISK
CVE:CVE-2025-2857,CWE:CWE-668,HAS_CWE
CVE:CVE-2025-2857,CPE:cpe:2.3:a:mozilla:firefox:*:*:*:*:-:*:*:*,AFFECTS
CVE:CVE-2025-2857,CPE:cpe:2.3:a:mozilla:firefox:*:*:*:*:esr:*:*:*,AFFECTS
CVE:CVE-2025-2857,REF:CVE-2025-2857:0,REFERENCES
CVE:CVE-2025-2857,REF:CVE-2025-2857:1,REFERENCES
CVE:CVE-2025-2857,REF:CVE-2025-2857:2,REFERENCES
CVE:CVE-2025-2857,REF:CVE-2025-2857:3,REFERENCES
CVE:CVE-2025-46121,RISK:LOW,HAS_RISK
CVE:CVE-2025-46121,CWE:CWE-134,HAS_CWE
CVE:CVE-2025-46121,CPE:cpe:2.3:a:ruckuswireless:ruckus_unleashed:*:*:*:*:*:*:*:*,AFFECTS
CVE:CVE-2025-46121,CPE:cpe:2.3:a:ruckuswireless:ruckus_zonedirector:*:*:*:*:*:*:*:*,AFFECTS
CVE:CVE-2025-46121,CPE:cpe:2.3:h:commscope:ruckus_c110:-:*:*:*:*:*:*:*,AFFECTS
CVE:CVE-2025-46121,CPE:cpe:2.3:h:commscope:ruckus_e510:-:*:*:*:*:*:*:*,AFFECTS
CVE:CVE-2025-46121,CPE:cpe:2.3:h:commscope:ruckus_h320:-:*:*:*:*:*:*:*,AFFECTS
CVE:CVE-2025-46121,CPE:cpe:2.3:h:commscope:ruckus_h350:-:*:*:*:*:*:*:*,AFFECTS
CVE:CVE-2025-46121,CPE:cpe:2.3:h:commscope:ruckus_h510:-:*:*:*:*:*:*:*,AFFECTS
CVE:CVE-2025-46121,CPE:cpe:2.3:h:commscope:ruckus_h550:-:*:*:*:*:*:*:*,AFFECTS
CVE:CVE-2025-46121,CPE:cpe:2.3:h:commscope:ruckus_m510-jp:-:*:*:*:*:*:*:*,AFFECTS
CVE:CVE-2025-46121,CPE:cpe:2.3:h:commscope:ruckus_m510:-:*:*:*:*:*:*:*,AFFECTS
CVE:CVE-2025-46121,CPE:cpe:2.3:h:commscope:ruckus_r310:-:*:*:*:*:*:*:*,AFFECTS
CVE:CVE-2025-46121,CPE:cpe:2.3:h:commscope:ruckus_r320:-:*:*:*:*:*:*:*,AFFECTS
CVE:CVE-2025-46121,CPE:cpe:2.3:h:commscope:ruckus_r350:-:*:*:*:*:*:*:*,AFFECTS
CVE:CVE-2025-46121,CPE:cpe:2.3:h:commscope:ruckus_r350e:-:*:*:*:*:*:*:*,AFFECTS
CVE:CVE-2025-46121,CPE:cpe:2.3:h:commscope:ruckus_r510:-:*:*:*:*:*:*:*,AFFECTS
CVE:CVE-2025-46121,CPE:cpe:2.3:h:commscope:ruckus_r550:-:*:*:*:*:*:*:*,AFFECTS
CVE:CVE-2025-46121,CPE:cpe:2.3:h:commscope:ruckus_r560:-:*:*:*:*:*:*:*,AFFECTS
CVE:CVE-2025-46121,CPE:cpe:2.3:h:commscope:ruckus_r610:-:*:*:*:*:*:*:*,AFFECTS
CVE:CVE-2025-46121,CPE:cpe:2.3:h:commscope:ruckus_r650:-:*:*:*:*:*:*:*,AFFECTS
CVE:CVE-2025-46121,CPE:cpe:2.3:h:commscope:ruckus_r670:-:*:*:*:*:*:*:*,AFFECTS
CVE:CVE-2025-46121,CPE:cpe:2.3:h:commscope:ruckus_r710:-:*:*:*:*:*:*:*,AFFECTS
CVE:CVE-2025-46121,CPE:cpe:2.3:h:commscope:ruckus_r720:-:*:*:*:*:*:*:*,AFFECTS
CVE:CVE-2025-46121,CPE:cpe:2.3:h:commscope:ruckus_r730:-:*:*:*:*:*:*:*,AFFECTS
CVE:CVE-2025-46121,CPE:cpe:2.3:h:commscope:ruckus_r750:-:*:*:*:*:*:*:*,AFFECTS
CVE:CVE-2025-46121,CPE:cpe:2.3:h:commscope:ruckus_r760:-:*:*:*:*:*:*:*,AFFECTS
CVE:CVE-2025-46121,CPE:cpe:2.3:h:commscope:ruckus_r770:-:*:*:*:*:*:*:*,AFFECTS
CVE:CVE-2025-46121,CPE:cpe:2.3:h:commscope:ruckus_r850:-:*:*:*:*:*:*:*,AFFECTS
CVE:CVE-2025-46121,CPE:cpe:2.3:h:commscope:ruckus_t310c:-:*:*:*:*:*:*:*,AFFECTS
CVE:CVE-2025-46121,CPE:cpe:2.3:h:commscope:ruckus_t310n:-:*:*:*:*:*:*:*,AFFECTS
CVE:CVE-2025-46121,CPE:cpe:2.3:h:commscope:ruckus_t310s:-:*:*:*:*:*:*:*,AFFECTS
CVE:CVE-2025-46121,CPE:cpe:2.3:h:commscope:ruckus_t350c:-:*:*:*:*:*:*:*,AFFECTS
CVE:CVE-2025-46121,CPE:cpe:2.3:h:commscope:ruckus_t350d:-:*:*:*:*:*:*:*,AFFECTS
CVE:CVE-2025-46121,CPE:cpe:2.3:h:commscope:ruckus_t350se:-:*:*:*:*:*:*:*,AFFECTS
CVE:CVE-2025-46121,CPE:cpe:2.3:h:commscope:ruckus_t610:-:*:*:*:*:*:*:*,AFFECTS
CVE:CVE-2025-46121,CPE:cpe:2.3:h:commscope:ruckus_t670:-:*:*:*:*:*:*:*,AFFECTS
CVE:CVE-2025-46121,CPE:cpe:2.3:h:commscope:ruckus_t710:-:*:*:*:*:*:*:*,AFFECTS
CVE:CVE-2025-46121,CPE:cpe:2.3:h:commscope:ruckus_t710s:-:*:*:*:*:*:*:*,AFFECTS
CVE:CVE-2025-46121,CPE:cpe:2.3:h:commscope:ruckus_t750:-:*:*:*:*:*:*:*,AFFECTS
CVE:CVE-2025-46121,CPE:cpe:2.3:h:commscope:ruckus_t750se:-:*:*:*:*:*:*:*,AFFECTS
CVE:CVE-2025-46121,CPE:cpe:2.3:h:commscope:ruckus_t811-cm:-:*:*:*:*:*:*:*,AFFECTS
CVE:CVE-2025-46121,CPE:cpe:2.3:h:commscope:ruckus_t811-cm_\(non-sfp\):-:*:*:*:*:*:*:*,AFFECTS
CVE:CVE-2025-46121,CPE:cpe:2.3:h:commscope:zonedirector_1200:-:*:*:*:*:*:*:*,AFFECTS
CVE:CVE-2025-46121,REF:CVE-2025-46121:0,REFERENCES
CVE:CVE-2025-46121,REF:CVE-2025-46121:1,REFERENCES
CVE:CVE-2025-54261,RISK:LOW,HAS_RISK
CVE:CVE-2025-54261,CWE:CWE-22,HAS_CWE
CVE:CVE-2025-54261,CPE:cpe:2.3:a:adobe:coldfusion:2021:-:*:*:*:*:*:*,AFFECTS
CVE:CVE-2025-54261,CPE:cpe:2.3:a:adobe:coldfusion:2021:update10:*:*:*:*:*:*,AFFECTS
CVE:CVE-2025-54261,CPE:cpe:2.3:a:adobe:coldfusion:2021:update11:*:*:*:*:*:*,AFFECTS
CVE:CVE-2025-54261,CPE:cpe:2.3:a:adobe:coldfusion:2021:update12:*:*:*:*:*:*,AFFECTS
CVE:CVE-2025-54261,CPE:cpe:2.3:a:adobe:coldfusion:2021:update13:*:*:*:*:*:*,AFFECTS
CVE:CVE-2025-54261,CPE:cpe:2.3:a:adobe:coldfusion:2021:update14:*:*:*:*:*:*,AFFECTS
CVE:CVE-2025-54261,CPE:cpe:2.3:a:adobe:coldfusion:2021:update15:*:*:*:*:*:*,AFFECTS
CVE:CVE-2025-54261,CPE:cpe:2.3:a:adobe:coldfusion:2021:update16:*:*:*:*:*:*,AFFECTS
CVE:CVE-2025-54261,CPE:cpe:2.3:a:adobe:coldfusion:2021:update17:*:*:*:*:*:*,AFFECTS
CVE:CVE-2025-54261,CPE:cpe:2.3:a:adobe:coldfusion:2021:update18:*:*:*:*:*:*,AFFECTS
CVE:CVE-2025-54261,CPE:cpe:2.3:a:adobe:coldfusion:2021:update19:*:*:*:*:*:*,AFFECTS
CVE:CVE-2025-54261,CPE:cpe:2.3:a:adobe:coldfusion:2021:update1:*:*:*:*:*:*,AFFECTS
CVE:CVE-2025-54261,CPE:cpe:2.3:a:adobe:coldfusion:2021:update20:*:*:*:*:*:*,AFFECTS
CVE:CVE-2025-54261,CPE:cpe:2.3:a:adobe:coldfusion:2021:update21:*:*:*:*:*:*,AFFECTS
CVE:CVE-2025-54261,CPE:cpe:2.3:a:adobe:coldfusion:2021:update2:*:*:*:*:*:*,AFFECTS
CVE:CVE-2025-54261,CPE:cpe:2.3:a:adobe:coldfusion:2021:update3:*:*:*:*:*:*,AFFECTS
CVE:CVE-2025-54261,CPE:cpe:2.3:a:adobe:coldfusion:2021:update4:*:*:*:*:*:*,AFFECTS
CVE:CVE-2025-54261,CPE:cpe:2.3:a:adobe:coldfusion:2021:update5:*:*:*:*:*:*,AFFECTS
CVE:CVE-2025-54261,CPE:cpe:2.3:a:adobe:coldfusion:2021:update6:*:*:*:*:*:*,AFFECTS
CVE:CVE-2025-54261,CPE:cpe:2.3:a:adobe:coldfusion:2021:update7:*:*:*:*:*:*,AFFECTS
CVE:CVE-2025-54261,CPE:cpe:2.3:a:adobe:coldfusion:2021:update8:*:*:*:*:*:*,AFFECTS
CVE:CVE-2025-54261,CPE:cpe:2.3:a:adobe:coldfusion:2021:update9:*:*:*:*:*:*,AFFECTS
CVE:CVE-2025-54261,CPE:cpe:2.3:a:adobe:coldfusion:2023:-:*:*:*:*:*:*,AFFECTS
CVE:CVE-2025-54261,CPE:cpe:2.3:a:adobe:coldfusion:2023:update10:*:*:*:*:*:*,AFFECTS
CVE:CVE-2025-54261,CPE:cpe:2.3:a:adobe:coldfusion:2023:update11:*:*:*:*:*:*,AFFECTS
CVE:CVE-2025-54261,CPE:cpe:2.3:a:adobe:coldfusion:2023:update12:*:*:*:*:*:*,AFFECTS
CVE:CVE-2025-54261,CPE:cpe:2.3:a:adobe:coldfusion:2023:update13:*:*:*:*:*:*,AFFECTS
CVE:CVE-2025-54261,CPE:cpe:2.3:a:adobe:coldfusion:2023:update14:*:*:*:*:*:*,AFFECTS
CVE:CVE-2025-54261,CPE:cpe:2.3:a:adobe:coldfusion:2023:update15:*:*:*:*:*:*,AFFECTS
CVE:CVE-2025-54261,CPE:cpe:2.3:a:adobe:coldfusion:2023:update1:*:*:*:*:*:*,AFFECTS
CVE:CVE-2025-54261,CPE:cpe:2.3:a:adobe:coldfusion:2023:update2:*:*:*:*:*:*,AFFECTS
CVE:CVE-2025-54261,CPE:cpe:2.3:a:adobe:coldfusion:2023:update3:*:*:*:*:*:*,AFFECTS
CVE:CVE-2025-54261,CPE:cpe:2.3:a:adobe:coldfusion:2023:update4:*:*:*:*:*:*,AFFECTS
CVE:CVE-2025-54261,CPE:cpe:2.3:a:adobe:coldfusion:2023:update5:*:*:*:*:*:*,AFFECTS
CVE:CVE-2025-54261,CPE:cpe:2.3:a:adobe:coldfusion:2023:update6:*:*:*:*:*:*,AFFECTS
CVE:CVE-2025-54261,CPE:cpe:2.3:a:adobe:coldfusion:2023:update7:*:*:*:*:*:*,AFFECTS
CVE:CVE-2025-54261,CPE:cpe:2.3:a:adobe:coldfusion:2023:update8:*:*:*:*:*:*,AFFECTS
CVE:CVE-2025-54261,CPE:cpe:2.3:a:adobe:coldfusion:2023:update9:*:*:*:*:*:*,AFFECTS
CVE:CVE-2025-54261,CPE:cpe:2.3:a:adobe:coldfusion:2025:-:*:*:*:*:*:*,AFFECTS
CVE:CVE-2025-54261,CPE:cpe:2.3:a:adobe:coldfusion:2025:update1:*:*:*:*:*:*,AFFECTS
CVE:CVE-2025-54261,CPE:cpe:2.3:a:adobe:coldfusion:2025:update2:*:*:*:*:*:*,AFFECTS
CVE:CVE-2025-54261,CPE:cpe:2.3:a:adobe:coldfusion:2025:update3:*:*:*:*:*:*,AFFECTS
CVE:CVE-2025-54261,REF:CVE-2025-54261:0,REFERENCES
CVE:CVE-2025-36386,RISK:LOW,HAS_RISK
CVE:CVE-2025-36386,CWE:CWE-305,HAS_CWE
CVE:CVE-2025-36386,CPE:cpe:2.3:a:ibm:maximo_application_suite:*:*:*:*:*:*:*:*,AFFECTS
CVE:CVE-2025-36386,REF:CVE-2025-36386:0,REFERENCES
CVE:CVE-2025-64658,RISK:LOW,HAS_RISK
CVE:CVE-2025-64658,CWE:CWE-362,HAS_CWE
CVE:CVE-2025-64658,CPE:cpe:2.3:o:microsoft:windows_10_1809:*:*:*:*:*:*:x64:*,AFFECTS
CVE:CVE-2025-64658,CPE:cpe:2.3:o:microsoft:windows_10_1809:*:*:*:*:*:*:x86:*,AFFECTS
CVE:CVE-2025-64658,CPE:cpe:2.3:o:microsoft:windows_10_21h2:*:*:*:*:*:*:*:*,AFFECTS
CVE:CVE-2025-64658,CPE:cpe:2.3:o:microsoft:windows_10_22h2:*:*:*:*:*:*:*:*,AFFECTS
CVE:CVE-2025-64658,CPE:cpe:2.3:o:microsoft:windows_11_23h2:*:*:*:*:*:*:*:*,AFFECTS
CVE:CVE-2025-64658,CPE:cpe:2.3:o:microsoft:windows_11_24h2:*:*:*:*:*:*:*:*,AFFECTS
CVE:CVE-2025-64658,CPE:cpe:2.3:o:microsoft:windows_11_25h2:*:*:*:*:*:*:*:*,AFFECTS
CVE:CVE-2025-64658,CPE:cpe:2.3:o:microsoft:windows_server_2019:*:*:*:*:*:*:*:*,AFFECTS
CVE:CVE-2025-64658,CPE:cpe:2.3:o:microsoft:windows_server_2022:*:*:*:*:*:*:*:*,AFFECTS
CVE:CVE-2025-64658,CPE:cpe:2.3:o:microsoft:windows_server_2022_23h2:*:*:*:*:*:*:*:*,AFFECTS
CVE:CVE-2025-64658,CPE:cpe:2.3:o:microsoft:windows_server_2025:*:*:*:*:*:*:*:*,AFFECTS
CVE:CVE-2025-64658,REF:CVE-2025-64658:0,REFERENCES
CVE:CVE-2025-68460,RISK:LOW,HAS_RISK
CVE:CVE-2025-68460,CWE:CWE-116,HAS_CWE
CVE:CVE-2025-68460,CPE:cpe:2.3:a:roundcube:webmail:*:*:*:*:*:*:*:*,AFFECTS
CVE:CVE-2025-68460,REF:CVE-2025-68460:0,REFERENCES
CVE:CVE-2025-68460,REF:CVE-2025-68460:1,REFERENCES
CVE:CVE-2026-28252,RISK:LOW,HAS_RISK
CVE:CVE-2026-28252,CWE:CWE-327,HAS_CWE
CVE:CVE-2026-28252,CPE:cpe:2.3:a:trane:tracer_concierge:*:*:*:*:*:*:*:*,AFFECTS
CVE:CVE-2026-28252,CPE:cpe:2.3:h:trane:tracer_sc:*:*:*:*:*:*:*:*,AFFECTS
CVE:CVE-2026-28252,CPE:cpe:2.3:h:trane:tracer_sc\+:*:*:*:*:*:*:*:*,AFFECTS
CVE:CVE-2026-28252,CPE:cpe:2.3:o:trane:tracer_sc\+_firmware:*:*:*:*:*:*:*:*,AFFECTS
CVE:CVE-2026-28252,CPE:cpe:2.3:o:trane:tracer_sc_firmware:*:*:*:*:*:*:*:*,AFFECTS
CVE:CVE-2026-28252,CPE:cpe:2.3:o:trane:tracer_sc_firmware:4.4:service_pack1:*:*:*:*:*:*,AFFECTS
CVE:CVE-2026-28252,CPE:cpe:2.3:o:trane:tracer_sc_firmware:4.4:service_pack2:*:*:*:*:*:*,AFFECTS
CVE:CVE-2026-28252,CPE:cpe:2.3:o:trane:tracer_sc_firmware:4.4:service_pack3:*:*:*:*:*:*,AFFECTS
CVE:CVE-2026-28252,CPE:cpe:2.3:o:trane:tracer_sc_firmware:4.4:service_pack4:*:*:*:*:*:*,AFFECTS
CVE:CVE-2026-28252,CPE:cpe:2.3:o:trane:tracer_sc_firmware:4.4:service_pack5:*:*:*:*:*:*,AFFECTS
CVE:CVE-2026-28252,CPE:cpe:2.3:o:trane:tracer_sc_firmware:4.4:service_pack6:*:*:*:*:*:*,AFFECTS
CVE:CVE-2026-28252,REF:CVE-2026-28252:0,REFERENCES
CVE:CVE-2026-13019,RISK:LOW,HAS_RISK
CVE:CVE-2026-13019,CWE:CWE-640,HAS_CWE
CVE:CVE-2026-13019,CPE:cpe:2.3:a:esri:portal_for_arcgis:*:*:*:*:*:*:*:*,AFFECTS
CVE:CVE-2026-13019,CPE:cpe:2.3:a:kubernetes:kubernetes:-:*:*:*:*:*:*:*,AFFECTS
CVE:CVE-2026-13019,CPE:cpe:2.3:o:linux:linux_kernel:-:*:*:*:*:*:*:*,AFFECTS
CVE:CVE-2026-13019,CPE:cpe:2.3:o:microsoft:windows:-:*:*:*:*:*:*:*,AFFECTS
CVE:CVE-2026-13019,REF:CVE-2026-13019:0,REFERENCES
CVE:CVE-2026-73749,RISK:LOW,HAS_RISK
CVE:CVE-2026-73749,CWE:CWE-284,HAS_CWE
CVE:CVE-2026-73749,CPE:cpe:2.3:h:hpe:aruba_cx_10000-48y6c_\(r8p13a\):-:*:*:*:*:*:*:*,AFFECTS
CVE:CVE-2026-73749,CPE:cpe:2.3:h:hpe:aruba_cx_10000-48y6c_\(r8p14a\):-:*:*:*:*:*:*:*,AFFECTS
CVE:CVE-2026-73749,CPE:cpe:2.3:h:hpe:aruba_cx_10000-48y6c_\(s0f98a\):-:*:*:*:*:*:*:*,AFFECTS
CVE:CVE-2026-73749,CPE:cpe:2.3:h:hpe:aruba_cx_10040_32p_\(s4r54a\):-:*:*:*:*:*:*:*,AFFECTS
CVE:CVE-2026-73749,CPE:cpe:2.3:h:hpe:aruba_cx_10040_32p_\(s4r55a\):-:*:*:*:*:*:*:*,AFFECTS
CVE:CVE-2026-73749,CPE:cpe:2.3:h:hpe:aruba_cx_10040_32p_\(s4r56a\):-:*:*:*:*:*:*:*,AFFECTS
CVE:CVE-2026-73749,CPE:cpe:2.3:h:hpe:aruba_cx_10040_\(s4r58a\):-:*:*:*:*:*:*:*,AFFECTS
CVE:CVE-2026-73749,CPE:cpe:2.3:h:hpe:aruba_cx_4100i_12-port_\(jl817a\):-:*:*:*:*:*:*:*,AFFECTS
CVE:CVE-2026-73749,CPE:cpe:2.3:h:hpe:aruba_cx_4100i_24-port_\(jl818a\):-:*:*:*:*:*:*:*,AFFECTS
CVE:CVE-2026-73749,CPE:cpe:2.3:h:hpe:aruba_cx_6000_12g_\(r8n89a\):-:*:*:*:*:*:*:*,AFFECTS
CVE:CVE-2026-73749,CPE:cpe:2.3:h:hpe:aruba_cx_6000_12p_\(r8n89b\):-:*:*:*:*:*:*:*,AFFECTS
CVE:CVE-2026-73749,CPE:cpe:2.3:h:hpe:aruba_cx_6000_12p_\(s4r21a\):-:*:*:*:*:*:*:*,AFFECTS
CVE:CVE-2026-73749,CPE:cpe:2.3:h:hpe:aruba_cx_6000_24g_\(r8n87a\):-:*:*:*:*:*:*:*,AFFECTS
CVE:CVE-2026-73749,CPE:cpe:2.3:h:hpe:aruba_cx_6000_24g_\(r8n88a\):-:*:*:*:*:*:*:*,AFFECTS
CVE:CVE-2026-73749,CPE:cpe:2.3:h:hpe:aruba_cx_6000_24p_\(r8n87b\):-:*:*:*:*:*:*:*,AFFECTS
CVE:CVE-2026-73749,CPE:cpe:2.3:h:hpe:aruba_cx_6000_24p_\(r8n88b\):-:*:*:*:*:*:*:*,AFFECTS
CVE:CVE-2026-73749,CPE:cpe:2.3:h:hpe:aruba_cx_6000_24p_\(s4r26a\):-:*:*:*:*:*:*:*,AFFECTS
CVE:CVE-2026-73749,CPE:cpe:2.3:h:hpe:aruba_cx_6000_24p_\(s4r27a\):-:*:*:*:*:*:*:*,AFFECTS
CVE:CVE-2026-73749,CPE:cpe:2.3:h:hpe:aruba_cx_6000_48g_\(r8n85a\):-:*:*:*:*:*:*:*,AFFECTS
CVE:CVE-2026-73749,CPE:cpe:2.3:h:hpe:aruba_cx_6000_48g_\(r8n86a\):-:*:*:*:*:*:*:*,AFFECTS
CVE:CVE-2026-73749,CPE:cpe:2.3:h:hpe:aruba_cx_6000_48g_\(r9y03a\):-:*:*:*:*:*:*:*,AFFECTS
CVE:CVE-2026-73749,CPE:cpe:2.3:h:hpe:aruba_cx_6000_48p_\(r8n85b\):-:*:*:*:*:*:*:*,AFFECTS
CVE:CVE-2026-73749,CPE:cpe:2.3:h:hpe:aruba_cx_6000_48p_\(r8n86b\):-:*:*:*:*:*:*:*,AFFECTS
CVE:CVE-2026-73749,CPE:cpe:2.3:h:hpe:aruba_cx_6000_48p_\(r9y03b\):-:*:*:*:*:*:*:*,AFFECTS
CVE:CVE-2026-73749,CPE:cpe:2.3:h:hpe:aruba_cx_6000_48p_\(s4r20a\):-:*:*:*:*:*:*:*,AFFECTS
CVE:CVE-2026-73749,CPE:cpe:2.3:h:hpe:aruba_cx_6000_48p_\(s4r24a\):-:*:*:*:*:*:*:*,AFFECTS
CVE:CVE-2026-73749,CPE:cpe:2.3:h:hpe:aruba_cx_6000_48p_\(s4r25a\):-:*:*:*:*:*:*:*,AFFECTS
CVE:CVE-2026-73749,CPE:cpe:2.3:h:hpe:aruba_cx_6000_8p_\(s4r22a\):-:*:*:*:*:*:*:*,AFFECTS
CVE:CVE-2026-73749,CPE:cpe:2.3:h:hpe:aruba_cx_6000_8p_\(s4r23a\):-:*:*:*:*:*:*:*,AFFECTS
CVE:CVE-2026-73749,CPE:cpe:2.3:h:hpe:aruba_cx_6000_8p_\(s4r28a\):-:*:*:*:*:*:*:*,AFFECTS
CVE:CVE-2026-73749,CPE:cpe:2.3:h:hpe:aruba_cx_6000_8p_\(s4r29a\):-:*:*:*:*:*:*:*,AFFECTS
CVE:CVE-2026-73749,CPE:cpe:2.3:h:hpe:aruba_cx_6100_12g_\(jl679a\):-:*:*:*:*:*:*:*,AFFECTS
CVE:CVE-2026-73749,CPE:cpe:2.3:h:hpe:aruba_cx_6100_24g_\(jl677a\):-:*:*:*:*:*:*:*,AFFECTS
CVE:CVE-2026-73749,CPE:cpe:2.3:h:hpe:aruba_cx_6100_24g_\(jl678a\):-:*:*:*:*:*:*:*,AFFECTS
CVE:CVE-2026-73749,CPE:cpe:2.3:h:hpe:aruba_cx_6100_48g_\(jl675a\):-:*:*:*:*:*:*:*,AFFECTS
CVE:CVE-2026-73749,CPE:cpe:2.3:h:hpe:aruba_cx_6100_48g_\(jl676a\):-:*:*:*:*:*:*:*,AFFECTS
CVE:CVE-2026-73749,CPE:cpe:2.3:h:hpe:aruba_cx_6100_48g_\(r9y04a\):-:*:*:*:*:*:*:*,AFFECTS
CVE:CVE-2026-73749,CPE:cpe:2.3:h:hpe:aruba_cx_6200f_12g_\(r8q72a\):-:*:*:*:*:*:*:*,AFFECTS
CVE:CVE-2026-73749,CPE:cpe:2.3:h:hpe:aruba_cx_6200f_12g_\(r8v13a\):-:*:*:*:*:*:*:*,AFFECTS
CVE:CVE-2026-73749,CPE:cpe:2.3:h:hpe:aruba_cx_6200f_24g_\(jl724b\):-:*:*:*:*:*:*:*,AFFECTS
CVE:CVE-2026-73749,CPE:cpe:2.3:h:hpe:aruba_cx_6200f_24g_\(jl725b\):-:*:*:*:*:*:*:*,AFFECTS
CVE:CVE-2026-73749,CPE:cpe:2.3:h:hpe:aruba_cx_6200f_24g_\(s0g13a\):-:*:*:*:*:*:*:*,AFFECTS
CVE:CVE-2026-73749,CPE:cpe:2.3:h:hpe:aruba_cx_6200f_24g_\(s0g14a\):-:*:*:*:*:*:*:*,AFFECTS
CVE:CVE-2026-73749,CPE:cpe:2.3:h:hpe:aruba_cx_6200f_24g_\(s0m81a\):-:*:*:*:*:*:*:*,AFFECTS
CVE:CVE-2026-73749,CPE:cpe:2.3:h:hpe:aruba_cx_6200f_24g_\(s0m82a\):-:*:*:*:*:*:*:*,AFFECTS
CVE:CVE-2026-73749,CPE:cpe:2.3:h:hpe:aruba_cx_6200f_24g_\(s0m86a\):-:*:*:*:*:*:*:*,AFFECTS
CVE:CVE-2026-73749,CPE:cpe:2.3:h:hpe:aruba_cx_6200f_24g_\(s0m87a\):-:*:*:*:*:*:*:*,AFFECTS
CVE:CVE-2026-73749,CPE:cpe:2.3:h:hpe:aruba_cx_6200f_48g_\(jl726b\):-:*:*:*:*:*:*:*,AFFECTS
CVE:CVE-2026-73749,CPE:cpe:2.3:h:hpe:aruba_cx_6200f_48g_\(jl727b\):-:*:*:*:*:*:*:*,AFFECTS
CVE:CVE-2026-73749,CPE:cpe:2.3:h:hpe:aruba_cx_6200f_48g_\(jl728b\):-:*:*:*:*:*:*:*,AFFECTS
CVE:CVE-2026-73749,CPE:cpe:2.3:h:hpe:aruba_cx_6200f_48g_\(s0g15a\):-:*:*:*:*:*:*:*,AFFECTS
CVE:CVE-2026-73749,CPE:cpe:2.3:h:hpe:aruba_cx_6200f_48g_\(s0g16a\):-:*:*:*:*:*:*:*,AFFECTS
CVE:CVE-2026-73749,CPE:cpe:2.3:h:hpe:aruba_cx_6200f_48g_\(s0g17a\):-:*:*:*:*:*:*:*,AFFECTS
CVE:CVE-2026-73749,CPE:cpe:2.3:h:hpe:aruba_cx_6200f_48g_\(s0m83a\):-:*:*:*:*:*:*:*,AFFECTS
CVE:CVE-2026-73749,CPE:cpe:2.3:h:hpe:aruba_cx_6200f_48g_\(s0m84a\):-:*:*:*:*:*:*:*,AFFECTS
CVE:CVE-2026-73749,CPE:cpe:2.3:h:hpe:aruba_cx_6200f_48g_\(s0m85a\):-:*:*:*:*:*:*:*,AFFECTS
CVE:CVE-2026-73749,CPE:cpe:2.3:h:hpe:aruba_cx_6200f_48g_\(s0m88a\):-:*:*:*:*:*:*:*,AFFECTS
CVE:CVE-2026-73749,CPE:cpe:2.3:h:hpe:aruba_cx_6200f_48g_\(s0m89a\):-:*:*:*:*:*:*:*,AFFECTS
CVE:CVE-2026-73749,CPE:cpe:2.3:h:hpe:aruba_cx_6200f_48g_\(s0m90a\):-:*:*:*:*:*:*:*,AFFECTS
CVE:CVE-2026-73749,CPE:cpe:2.3:h:hpe:aruba_cx_6200m_24g_\(r8q67a\):-:*:*:*:*:*:*:*,AFFECTS
CVE:CVE-2026-73749,CPE:cpe:2.3:h:hpe:aruba_cx_6200m_24g_\(r8q68a\):-:*:*:*:*:*:*:*,AFFECTS
CVE:CVE-2026-73749,CPE:cpe:2.3:h:hpe:aruba_cx_6200m_24g_\(r8v08a\):-:*:*:*:*:*:*:*,AFFECTS
CVE:CVE-2026-73749,CPE:cpe:2.3:h:hpe:aruba_cx_6200m_24g_\(r8v09a\):-:*:*:*:*:*:*:*,AFFECTS
CVE:CVE-2026-73749,CPE:cpe:2.3:h:hpe:aruba_cx_6200m_36g_\(r8q71a\):-:*:*:*:*:*:*:*,AFFECTS
CVE:CVE-2026-73749,CPE:cpe:2.3:h:hpe:aruba_cx_6200m_36g_\(r8v12a\):-:*:*:*:*:*:*:*,AFFECTS
CVE:CVE-2026-73749,CPE:cpe:2.3:h:hpe:aruba_cx_6200m_48g_\(r8q69a\):-:*:*:*:*:*:*:*,AFFECTS
CVE:CVE-2026-73749,CPE:cpe:2.3:h:hpe:aruba_cx_6200m_48g_\(r8q70a\):-:*:*:*:*:*:*:*,AFFECTS
CVE:CVE-2026-73749,CPE:cpe:2.3:h:hpe:aruba_cx_6200m_48g_\(r8v10a\):-:*:*:*:*:*:*:*,AFFECTS
CVE:CVE-2026-73749,CPE:cpe:2.3:h:hpe:aruba_cx_6200m_48g_\(r8v11a\):-:*:*:*:*:*:*:*,AFFECTS
CVE:CVE-2026-73749,CPE:cpe:2.3:h:hpe:aruba_cx_6300f_24_\(jl666a\):-:*:*:*:*:*:*:*,AFFECTS
CVE:CVE-2026-73749,CPE:cpe:2.3:h:hpe:aruba_cx_6300f_24_\(jl668a\):-:*:*:*:*:*:*:*,AFFECTS
CVE:CVE-2026-73749,CPE:cpe:2.3:h:hpe:aruba_cx_6300f_24p_\(s0g96a\):-:*:*:*:*:*:*:*,AFFECTS
CVE:CVE-2026-73749,CPE:cpe:2.3:h:hpe:aruba_cx_6300f_24p_\(s0g98a\):-:*:*:*:*:*:*:*,AFFECTS
CVE:CVE-2026-73749,CPE:cpe:2.3:h:hpe:aruba_cx_6300f_48_\(jl665a\):-:*:*:*:*:*:*:*,AFFECTS
CVE:CVE-2026-73749,CPE:cpe:2.3:h:hpe:aruba_cx_6300f_48_\(jl667a\):-:*:*:*:*:*:*:*,AFFECTS
CVE:CVE-2026-73749,CPE:cpe:2.3:h:hpe:aruba_cx_6300f_48p_\(s0g95a\):-:*:*:*:*:*:*:*,AFFECTS
CVE:CVE-2026-73749,CPE:cpe:2.3:h:hpe:aruba_cx_6300f_48p_\(s0g97a\):-:*:*:*:*:*:*:*,AFFECTS
CVE:CVE-2026-73749,CPE:cpe:2.3:h:hpe:aruba_cx_6300m_16p_\(s4p41a\):-:*:*:*:*:*:*:*,AFFECTS
CVE:CVE-2026-73749,CPE:cpe:2.3:h:hpe:aruba_cx_6300m_16p_\(s4p45a\):-:*:*:*:*:*:*:*,AFFECTS
CVE:CVE-2026-73749,CPE:cpe:2.3:h:hpe:aruba_cx_6300m_24_\(jl658a\):-:*:*:*:*:*:*:*,AFFECTS
CVE:CVE-2026-73749,CPE:cpe:2.3:h:hpe:aruba_cx_6300m_24_\(jl660a\):-:*:*:*:*:*:*:*,AFFECTS
CVE:CVE-2026-73749,CPE:cpe:2.3:h:hpe:aruba_cx_6300m_24_\(jl662a\):-:*:*:*:*:*:*:*,AFFECTS
CVE:CVE-2026-73749,CPE:cpe:2.3:h:hpe:aruba_cx_6300m_24_\(jl664a\):-:*:*:*:*:*:*:*,AFFECTS
CVE:CVE-2026-73749,CPE:cpe:2.3:h:hpe:aruba_cx_6300m_24p_\(r8s89a\):-:*:*:*:*:*:*:*,AFFECTS
CVE:CVE-2026-73749,CPE:cpe:2.3:h:hpe:aruba_cx_6300m_24p_\(r8s92a\):-:*:*:*:*:*:*:*,AFFECTS
CVE:CVE-2026-73749,CPE:cpe:2.3:h:hpe:aruba_cx_6300m_24p_\(s0f99a\):-:*:*:*:*:*:*:*,AFFECTS
CVE:CVE-2026-73749,CPE:cpe:2.3:h:hpe:aruba_cx_6300m_24p_\(s0g01a\):-:*:*:*:*:*:*:*,AFFECTS
CVE:CVE-2026-73749,CPE:cpe:2.3:h:hpe:aruba_cx_6300m_24p_\(s0g03a\):-:*:*:*:*:*:*:*,AFFECTS
CVE:CVE-2026-73749,CPE:cpe:2.3:h:hpe:aruba_cx_6300m_24p_\(s0g05a\):-:*:*:*:*:*:*:*,AFFECTS
CVE:CVE-2026-73749,CPE:cpe:2.3:h:hpe:aruba_cx_6300m_24p_\(s4p44a\):-:*:*:*:*:*:*:*,AFFECTS
CVE:CVE-2026-73749,CPE:cpe:2.3:h:hpe:aruba_cx_6300m_24p_\(s4p48a\):-:*:*:*:*:*:*:*,AFFECTS
CVE:CVE-2026-73749,CPE:cpe:2.3:h:hpe:aruba_cx_6300m_24p_\(s5z46a\):-:*:*:*:*:*:*:*,AFFECTS
CVE:CVE-2026-73749,CPE:cpe:2.3:h:hpe:aruba_cx_6300m_32p_\(s4p42a\):-:*:*:*:*:*:*:*,AFFECTS
CVE:CVE-2026-73749,CPE:cpe:2.3:h:hpe:aruba_cx_6300m_32p_\(s4p46a\):-:*:*:*:*:*:*:*,AFFECTS
CVE:CVE-2026-73749,CPE:cpe:2.3:h:hpe:aruba_cx_6300m_48_\(jl659a\):-:*:*:*:*:*:*:*,AFFECTS
CVE:CVE-2026-73749,CPE:cpe:2.3:h:hpe:aruba_cx_6300m_48_\(jl661a\):-:*:*:*:*:*:*:*,AFFECTS
CVE:CVE-2026-73749,CPE:cpe:2.3:h:hpe:aruba_cx_6300m_48_\(jl663a\):-:*:*:*:*:*:*:*,AFFECTS
CVE:CVE-2026-73749,CPE:cpe:2.3:h:hpe:aruba_cx_6300m_48_\(jl762a\):-:*:*:*:*:*:*:*,AFFECTS
CVE:CVE-2026-73749,CPE:cpe:2.3:h:hpe:aruba_cx_6300m_48p_\(r8s90a\):-:*:*:*:*:*:*:*,AFFECTS
CVE:CVE-2026-73749,CPE:cpe:2.3:h:hpe:aruba_cx_6300m_48p_\(s0g00a\):-:*:*:*:*:*:*:*,AFFECTS
CVE:CVE-2026-73749,CPE:cpe:2.3:h:hpe:aruba_cx_6300m_48p_\(s0g02a\):-:*:*:*:*:*:*:*,AFFECTS
CVE:CVE-2026-73749,CPE:cpe:2.3:h:hpe:aruba_cx_6300m_48p_\(s0g04a\):-:*:*:*:*:*:*:*,AFFECTS
CVE:CVE-2026-73749,CPE:cpe:2.3:h:hpe:aruba_cx_6300m_48p_\(s0g06a\):-:*:*:*:*:*:*:*,AFFECTS
CVE:CVE-2026-73749,CPE:cpe:2.3:h:hpe:aruba_cx_6300m_48p_\(s0x44a\):-:*:*:*:*:*:*:*,AFFECTS
CVE:CVE-2026-73749,CPE:cpe:2.3:h:hpe:aruba_cx_6300m_48p_\(s4p43a\):-:*:*:*:*:*:*:*,AFFECTS
CVE:CVE-2026-73749,CPE:cpe:2.3:h:hpe:aruba_cx_6300m_48p_\(s4p47a\):-:*:*:*:*:*:*:*,AFFECTS
CVE:CVE-2026-73749,CPE:cpe:2.3:h:hpe:aruba_cx_6300m_48sr5_\(r8s91a\):-:*:*:*:*:*:*:*,AFFECTS
CVE:CVE-2026-73749,CPE:cpe:2.3:h:hpe:aruba_cx_6405_48sfp\+8sfp56_\(r0x30a\):-:*:*:*:*:*:*:*,AFFECTS
CVE:CVE-2026-73749,CPE:cpe:2.3:h:hpe:aruba_cx_6405_96g_\(r0x29a\):-:*:*:*:*:*:*:*,AFFECTS
CVE:CVE-2026-73749,CPE:cpe:2.3:h:hpe:aruba_cx_6405_\(r0x26a\):-:*:*:*:*:*:*:*,AFFECTS
CVE:CVE-2026-73749,CPE:cpe:2.3:h:hpe:aruba_cx_6405_v2_\(r0x26c\):-:*:*:*:*:*:*:*,AFFECTS
CVE:CVE-2026-73749,CPE:cpe:2.3:h:hpe:aruba_cx_6410_96g_\(jl741a\):-:*:*:*:*:*:*:*,AFFECTS
CVE:CVE-2026-73749,CPE:cpe:2.3:h:hpe:aruba_cx_6410_\(r0x27a\):-:*:*:*:*:*:*:*,AFFECTS
CVE:CVE-2026-73749,CPE:cpe:2.3:h:hpe:aruba_cx_6410_v2_\(r0x27c\):-:*:*:*:*:*:*:*,AFFECTS
CVE:CVE-2026-73749,CPE:cpe:2.3:h:hpe:aruba_cx_8320_32_\(jl579a\):-:*:*:*:*:*:*:*,AFFECTS
CVE:CVE-2026-73749,CPE:cpe:2.3:h:hpe:aruba_cx_8320_48_\(jl479a\):-:*:*:*:*:*:*:*,AFFECTS
CVE:CVE-2026-73749,CPE:cpe:2.3:h:hpe:aruba_cx_8320_48_\(jl581a\):-:*:*:*:*:*:*:*,AFFECTS
CVE:CVE-2026-73749,CPE:cpe:2.3:h:hpe:aruba_cx_8325-32c_\(jl626a\):-:*:*:*:*:*:*:*,AFFECTS
CVE:CVE-2026-73749,CPE:cpe:2.3:h:hpe:aruba_cx_8325-32c_\(jl627a\):-:*:*:*:*:*:*:*,AFFECTS
CVE:CVE-2026-73749,CPE:cpe:2.3:h:hpe:aruba_cx_8325-48y8c_\(jl624a\):-:*:*:*:*:*:*:*,AFFECTS
CVE:CVE-2026-73749,CPE:cpe:2.3:h:hpe:aruba_cx_8325-48y8c_\(jl625a\):-:*:*:*:*:*:*:*,AFFECTS
CVE:CVE-2026-73749,CPE:cpe:2.3:h:hpe:aruba_cx_8325-48y8c_\(jl858a\):-:*:*:*:*:*:*:*,AFFECTS
CVE:CVE-2026-73749,CPE:cpe:2.3:h:hpe:aruba_cx_8325h-16c_\(s4b22a\):-:*:*:*:*:*:*:*,AFFECTS
CVE:CVE-2026-73749,CPE:cpe:2.3:h:hpe:aruba_cx_8325h-16c_\(s4b24a\):-:*:*:*:*:*:*:*,AFFECTS
CVE:CVE-2026-73749,CPE:cpe:2.3:h:hpe:aruba_cx_8325h-18y4c_\(s4b21a\):-:*:*:*:*:*:*:*,AFFECTS
CVE:CVE-2026-73749,CPE:cpe:2.3:h:hpe:aruba_cx_8325h-18y4c_\(s4b23a\):-:*:*:*:*:*:*:*,AFFECTS
CVE:CVE-2026-73749,CPE:cpe:2.3:h:hpe:aruba_cx_8325p-32c_\(s0g07a\):-:*:*:*:*:*:*:*,AFFECTS
CVE:CVE-2026-73749,CPE:cpe:2.3:h:hpe:aruba_cx_8325p-32c_\(s0g08a\):-:*:*:*:*:*:*:*,AFFECTS
CVE:CVE-2026-73749,CPE:cpe:2.3:h:hpe:aruba_cx_8360-12c_\(jl708c\):-:*:*:*:*:*:*:*,AFFECTS
CVE:CVE-2026-73749,CPE:cpe:2.3:h:hpe:aruba_cx_8360-12c_\(jl709c\):-:*:*:*:*:*:*:*,AFFECTS
CVE:CVE-2026-73749,CPE:cpe:2.3:h:hpe:aruba_cx_8360-16y2c_\(jl702c\):-:*:*:*:*:*:*:*,AFFECTS
CVE:CVE-2026-73749,CPE:cpe:2.3:h:hpe:aruba_cx_8360-16y2c_\(jl703c\):-:*:*:*:*:*:*:*,AFFECTS
CVE:CVE-2026-73749,CPE:cpe:2.3:h:hpe:aruba_cx_8360-24xf2c_\(jl710c\):-:*:*:*:*:*:*:*,AFFECTS
CVE:CVE-2026-73749,CPE:cpe:2.3:h:hpe:aruba_cx_8360-24xf2c_\(jl711c\):-:*:*:*:*:*:*:*,AFFECTS
CVE:CVE-2026-73749,CPE:cpe:2.3:h:hpe:aruba_cx_8360-32y4c_\(jl700c\):-:*:*:*:*:*:*:*,AFFECTS
CVE:CVE-2026-73749,CPE:cpe:2.3:h:hpe:aruba_cx_8360-32y4c_\(jl701c\):-:*:*:*:*:*:*:*,AFFECTS
CVE:CVE-2026-73749,CPE:cpe:2.3:h:hpe:aruba_cx_8360-48xt4c_\(jl706c\):-:*:*:*:*:*:*:*,AFFECTS
CVE:CVE-2026-73749,CPE:cpe:2.3:h:hpe:aruba_cx_8360-48xt4c_\(jl707c\):-:*:*:*:*:*:*:*,AFFECTS
CVE:CVE-2026-73749,CPE:cpe:2.3:h:hpe:aruba_cx_8360-48y6c_\(jl704c\):-:*:*:*:*:*:*:*,AFFECTS
CVE:CVE-2026-73749,CPE:cpe:2.3:h:hpe:aruba_cx_8360-48y6c_\(jl705c\):-:*:*:*:*:*:*:*,AFFECTS
CVE:CVE-2026-73749,CPE:cpe:2.3:h:hpe:aruba_cx_8400_8-slot_chassis_\(jl375a\):-:*:*:*:*:*:*:*,AFFECTS
CVE:CVE-2026-73749,CPE:cpe:2.3:h:hpe:aruba_cx_8400_\(jl376a\):-:*:*:*:*:*:*:*,AFFECTS
CVE:CVE-2026-73749,CPE:cpe:2.3:h:hpe:aruba_cx_9300_32d_\(r8z96a\):-:*:*:*:*:*:*:*,AFFECTS
CVE:CVE-2026-73749,CPE:cpe:2.3:h:hpe:aruba_cx_9300_32d_\(r9a29a\):-:*:*:*:*:*:*:*,AFFECTS
CVE:CVE-2026-73749,CPE:cpe:2.3:h:hpe:aruba_cx_9300_32d_\(r9a30a\):-:*:*:*:*:*:*:*,AFFECTS
CVE:CVE-2026-73749,CPE:cpe:2.3:h:hpe:aruba_cx_9300_\(r8z97a\):-:*:*:*:*:*:*:*,AFFECTS
CVE:CVE-2026-73749,CPE:cpe:2.3:h:hpe:aruba_cx_9300_\(r8z98a\):-:*:*:*:*:*:*:*,AFFECTS
CVE:CVE-2026-73749,CPE:cpe:2.3:h:hpe:aruba_cx_9300_\(r8z99a\):-:*:*:*:*:*:*:*,AFFECTS
CVE:CVE-2026-73749,CPE:cpe:2.3:h:hpe:aruba_cx_9300_\(r9a00a\):-:*:*:*:*:*:*:*,AFFECTS
CVE:CVE-2026-73749,CPE:cpe:2.3:h:hpe:aruba_cx_9300s_32p_\(s0f81a\):-:*:*:*:*:*:*:*,AFFECTS
CVE:CVE-2026-73749,CPE:cpe:2.3:h:hpe:aruba_cx_9300s_32p_\(s0f82a\):-:*:*:*:*:*:*:*,AFFECTS
CVE:CVE-2026-73749,CPE:cpe:2.3:h:hpe:aruba_cx_9300s_32p_\(s0f83a\):-:*:*:*:*:*:*:*,AFFECTS
CVE:CVE-2026-73749,CPE:cpe:2.3:h:hpe:aruba_cx_9300s_32p_\(s0f84a\):-:*:*:*:*:*:*:*,AFFECTS
CVE:CVE-2026-73749,CPE:cpe:2.3:h:hpe:aruba_cx_9300s_32p_\(s0f87a\):-:*:*:*:*:*:*:*,AFFECTS
CVE:CVE-2026-73749,CPE:cpe:2.3:h:hpe:aruba_cx_9300s_32p_\(s0f88a\):-:*:*:*:*:*:*:*,AFFECTS
CVE:CVE-2026-73749,CPE:cpe:2.3:o:hpe:arubaos-cx:*:*:*:*:*:*:*:*,AFFECTS
CVE:CVE-2026-73749,CPE:cpe:2.3:o:hpe:arubaos-cx:10.18.0001:*:*:*:*:*:*:*,AFFECTS
CVE:CVE-2026-73749,REF:CVE-2026-73749:0,REFERENCES
CVE:CVE-2024-21354,RISK:LOW,HAS_RISK
CVE:CVE-2024-21354,CWE:CWE-122,HAS_CWE
CVE:CVE-2024-21354,CPE:cpe:2.3:o:microsoft:windows_10_1507:*:*:*:*:*:*:*:*,AFFECTS
CVE:CVE-2024-21354,CPE:cpe:2.3:o:microsoft:windows_10_1607:*:*:*:*:*:*:*:*,AFFECTS
CVE:CVE-2024-21354,CPE:cpe:2.3:o:microsoft:windows_10_1809:*:*:*:*:*:*:*:*,AFFECTS
CVE:CVE-2024-21354,CPE:cpe:2.3:o:microsoft:windows_10_21h2:*:*:*:*:*:*:*:*,AFFECTS
CVE:CVE-2024-21354,CPE:cpe:2.3:o:microsoft:windows_10_22h2:*:*:*:*:*:*:*:*,AFFECTS
CVE:CVE-2024-21354,CPE:cpe:2.3:o:microsoft:windows_11_21h2:*:*:*:*:*:*:*:*,AFFECTS
CVE:CVE-2024-21354,CPE:cpe:2.3:o:microsoft:windows_11_22h2:*:*:*:*:*:*:*:*,AFFECTS
CVE:CVE-2024-21354,CPE:cpe:2.3:o:microsoft:windows_11_23h2:*:*:*:*:*:*:*:*,AFFECTS
CVE:CVE-2024-21354,CPE:cpe:2.3:o:microsoft:windows_server_2012:-:*:*:*:*:*:*:*,AFFECTS
CVE:CVE-2024-21354,CPE:cpe:2.3:o:microsoft:windows_server_2012:r2:*:*:*:*:*:*:*,AFFECTS
CVE:CVE-2024-21354,CPE:cpe:2.3:o:microsoft:windows_server_2016:*:*:*:*:*:*:*:*,AFFECTS
CVE:CVE-2024-21354,CPE:cpe:2.3:o:microsoft:windows_server_2019:*:*:*:*:*:*:*:*,AFFECTS
CVE:CVE-2024-21354,CPE:cpe:2.3:o:microsoft:windows_server_2022:*:*:*:*:*:*:*:*,AFFECTS
CVE:CVE-2024-21354,CPE:cpe:2.3:o:microsoft:windows_server_2022_23h2:*:*:*:*:*:*:*:*,AFFECTS
CVE:CVE-2024-21354,REF:CVE-2024-21354:0,REFERENCES
CVE:CVE-2024-21436,RISK:LOW,HAS_RISK
CVE:CVE-2024-21436,CWE:CWE-284,HAS_CWE
CVE:CVE-2024-21436,CPE:cpe:2.3:o:microsoft:windows_10_1507:*:*:*:*:*:*:x64:*,AFFECTS
CVE:CVE-2024-21436,CPE:cpe:2.3:o:microsoft:windows_10_1507:*:*:*:*:*:*:x86:*,AFFECTS
CVE:CVE-2024-21436,CPE:cpe:2.3:o:microsoft:windows_10_1607:*:*:*:*:*:*:x64:*,AFFECTS
CVE:CVE-2024-21436,CPE:cpe:2.3:o:microsoft:windows_10_1607:*:*:*:*:*:*:x86:*,AFFECTS
CVE:CVE-2024-21436,CPE:cpe:2.3:o:microsoft:windows_10_1809:*:*:*:*:*:*:arm64:*,AFFECTS
CVE:CVE-2024-21436,CPE:cpe:2.3:o:microsoft:windows_10_1809:*:*:*:*:*:*:x64:*,AFFECTS
CVE:CVE-2024-21436,CPE:cpe:2.3:o:microsoft:windows_10_1809:*:*:*:*:*:*:x86:*,AFFECTS
CVE:CVE-2024-21436,CPE:cpe:2.3:o:microsoft:windows_10_21h2:*:*:*:*:*:*:arm64:*,AFFECTS
CVE:CVE-2024-21436,CPE:cpe:2.3:o:microsoft:windows_10_21h2:*:*:*:*:*:*:x64:*,AFFECTS
CVE:CVE-2024-21436,CPE:cpe:2.3:o:microsoft:windows_10_21h2:*:*:*:*:*:*:x86:*,AFFECTS
CVE:CVE-2024-21436,CPE:cpe:2.3:o:microsoft:windows_10_22h2:*:*:*:*:*:*:x64:*,AFFECTS
CVE:CVE-2024-21436,CPE:cpe:2.3:o:microsoft:windows_10_22h2:*:*:*:*:*:*:x86:*,AFFECTS
CVE:CVE-2024-21436,CPE:cpe:2.3:o:microsoft:windows_11_21h2:*:*:*:*:*:*:arm64:*,AFFECTS
CVE:CVE-2024-21436,CPE:cpe:2.3:o:microsoft:windows_11_21h2:*:*:*:*:*:*:x64:*,AFFECTS
CVE:CVE-2024-21436,CPE:cpe:2.3:o:microsoft:windows_11_22h2:*:*:*:*:*:*:arm64:*,AFFECTS
CVE:CVE-2024-21436,CPE:cpe:2.3:o:microsoft:windows_11_22h2:*:*:*:*:*:*:x64:*,AFFECTS
CVE:CVE-2024-21436,CPE:cpe:2.3:o:microsoft:windows_11_23h2:*:*:*:*:*:*:arm64:*,AFFECTS
CVE:CVE-2024-21436,CPE:cpe:2.3:o:microsoft:windows_11_23h2:*:*:*:*:*:*:x64:*,AFFECTS
CVE:CVE-2024-21436,CPE:cpe:2.3:o:microsoft:windows_server_2008:-:sp2:*:*:*:*:*:*,AFFECTS
CVE:CVE-2024-21436,CPE:cpe:2.3:o:microsoft:windows_server_2008:r2:sp1:*:*:*:*:x64:*,AFFECTS
CVE:CVE-2024-21436,CPE:cpe:2.3:o:microsoft:windows_server_2012:-:*:*:*:*:*:*:*,AFFECTS
CVE:CVE-2024-21436,CPE:cpe:2.3:o:microsoft:windows_server_2012:r2:*:*:*:*:*:*:*,AFFECTS
CVE:CVE-2024-21436,CPE:cpe:2.3:o:microsoft:windows_server_2016:*:*:*:*:*:*:*:*,AFFECTS
CVE:CVE-2024-21436,CPE:cpe:2.3:o:microsoft:windows_server_2019:*:*:*:*:*:*:*:*,AFFECTS
CVE:CVE-2024-21436,CPE:cpe:2.3:o:microsoft:windows_server_2022:*:*:*:*:*:*:*:*,AFFECTS
CVE:CVE-2024-21436,CPE:cpe:2.3:o:microsoft:windows_server_2022_23h2:*:*:*:*:*:*:*:*,AFFECTS
CVE:CVE-2024-21436,REF:CVE-2024-21436:0,REFERENCES
CVE:CVE-2024-26182,RISK:LOW,HAS_RISK
CVE:CVE-2024-26182,CWE:CWE-416,HAS_CWE
CVE:CVE-2024-26182,CPE:cpe:2.3:o:microsoft:windows_10_1607:*:*:*:*:*:*:x64:*,AFFECTS
CVE:CVE-2024-26182,CPE:cpe:2.3:o:microsoft:windows_10_1607:*:*:*:*:*:*:x86:*,AFFECTS
CVE:CVE-2024-26182,CPE:cpe:2.3:o:microsoft:windows_10_1809:*:*:*:*:*:*:*:*,AFFECTS
CVE:CVE-2024-26182,CPE:cpe:2.3:o:microsoft:windows_10_21h2:*:*:*:*:*:*:*:*,AFFECTS
CVE:CVE-2024-26182,CPE:cpe:2.3:o:microsoft:windows_10_22h2:*:*:*:*:*:*:*:*,AFFECTS
CVE:CVE-2024-26182,CPE:cpe:2.3:o:microsoft:windows_server_2016:*:*:*:*:*:*:*:*,AFFECTS
CVE:CVE-2024-26182,CPE:cpe:2.3:o:microsoft:windows_server_2019:*:*:*:*:*:*:*:*,AFFECTS
CVE:CVE-2024-26182,REF:CVE-2024-26182:0,REFERENCES
CVE:CVE-2024-22004,RISK:LOW,HAS_RISK
CVE:CVE-2024-22004,CWE:CWE-125,HAS_CWE
CVE:CVE-2024-22004,CPE:cpe:2.3:h:google:nest_wifi_point:-:*:*:*:*:*:*:*,AFFECTS
CVE:CVE-2024-22004,CPE:cpe:2.3:h:google:nest_wifi_pro:-:*:*:*:*:*:*:*,AFFECTS
CVE:CVE-2024-22004,CPE:cpe:2.3:h:google:nest_wifi_router:-:*:*:*:*:*:*:*,AFFECTS
CVE:CVE-2024-22004,CPE:cpe:2.3:o:google:nest_wifi_point_firmware:24r1:*:*:*:*:*:*:*,AFFECTS
CVE:CVE-2024-22004,CPE:cpe:2.3:o:google:nest_wifi_pro_firmware:24r1:*:*:*:*:*:*:*,AFFECTS
CVE:CVE-2024-22004,CPE:cpe:2.3:o:google:nest_wifi_router_firmware:24r1:*:*:*:*:*:*:*,AFFECTS
CVE:CVE-2024-22004,REF:CVE-2024-22004:0,REFERENCES
CVE:CVE-2024-26158,RISK:LOW,HAS_RISK
CVE:CVE-2024-26158,CWE:CWE-59,HAS_CWE
CVE:CVE-2024-26158,CPE:cpe:2.3:o:microsoft:windows_10_1507:*:*:*:*:*:*:x64:*,AFFECTS
CVE:CVE-2024-26158,CPE:cpe:2.3:o:microsoft:windows_10_1507:*:*:*:*:*:*:x86:*,AFFECTS
CVE:CVE-2024-26158,CPE:cpe:2.3:o:microsoft:windows_10_1607:*:*:*:*:*:*:x64:*,AFFECTS
CVE:CVE-2024-26158,CPE:cpe:2.3:o:microsoft:windows_10_1607:*:*:*:*:*:*:x86:*,AFFECTS
CVE:CVE-2024-26158,CPE:cpe:2.3:o:microsoft:windows_10_1809:*:*:*:*:*:*:*:*,AFFECTS
CVE:CVE-2024-26158,CPE:cpe:2.3:o:microsoft:windows_10_21h2:*:*:*:*:*:*:*:*,AFFECTS
CVE:CVE-2024-26158,CPE:cpe:2.3:o:microsoft:windows_10_22h2:*:*:*:*:*:*:*:*,AFFECTS
CVE:CVE-2024-26158,CPE:cpe:2.3:o:microsoft:windows_11_21h2:*:*:*:*:*:*:*:*,AFFECTS
CVE:CVE-2024-26158,CPE:cpe:2.3:o:microsoft:windows_11_22h2:*:*:*:*:*:*:*:*,AFFECTS
CVE:CVE-2024-26158,CPE:cpe:2.3:o:microsoft:windows_11_23h2:*:*:*:*:*:*:*:*,AFFECTS
CVE:CVE-2024-26158,CPE:cpe:2.3:o:microsoft:windows_server_2008:-:sp2:*:*:*:*:*:*,AFFECTS
CVE:CVE-2024-26158,CPE:cpe:2.3:o:microsoft:windows_server_2008:r2:sp1:*:*:*:*:x64:*,AFFECTS
CVE:CVE-2024-26158,CPE:cpe:2.3:o:microsoft:windows_server_2012:-:*:*:*:*:*:*:*,AFFECTS
CVE:CVE-2024-26158,CPE:cpe:2.3:o:microsoft:windows_server_2012:r2:*:*:*:*:*:*:*,AFFECTS
CVE:CVE-2024-26158,CPE:cpe:2.3:o:microsoft:windows_server_2016:*:*:*:*:*:*:*:*,AFFECTS
CVE:CVE-2024-26158,CPE:cpe:2.3:o:microsoft:windows_server_2019:*:*:*:*:*:*:*:*,AFFECTS
CVE:CVE-2024-26158,CPE:cpe:2.3:o:microsoft:windows_server_2022:*:*:*:*:*:*:*:*,AFFECTS
CVE:CVE-2024-26158,CPE:cpe:2.3:o:microsoft:windows_server_2022_23h2:*:*:*:*:*:*:*:*,AFFECTS
CVE:CVE-2024-26158,REF:CVE-2024-26158:0,REFERENCES
CVE:CVE-2024-5830,RISK:LOW,HAS_RISK
CVE:CVE-2024-5830,CWE:CWE-787,HAS_CWE
CVE:CVE-2024-5830,CWE:CWE-843,HAS_CWE
CVE:CVE-2024-5830,CPE:cpe:2.3:a:google:chrome:*:*:*:*:*:*:*:*,AFFECTS
CVE:CVE-2024-5830,CPE:cpe:2.3:o:fedoraproject:fedora:39:*:*:*:*:*:*:*,AFFECTS
CVE:CVE-2024-5830,CPE:cpe:2.3:o:fedoraproject:fedora:40:*:*:*:*:*:*:*,AFFECTS
CVE:CVE-2024-5830,REF:CVE-2024-5830:0,REFERENCES
CVE:CVE-2024-5830,REF:CVE-2024-5830:1,REFERENCES
CVE:CVE-2024-5830,REF:CVE-2024-5830:2,REFERENCES
CVE:CVE-2024-5830,REF:CVE-2024-5830:3,REFERENCES
CVE:CVE-2024-38076,RISK:LOW,HAS_RISK
CVE:CVE-2024-38076,CWE:CWE-122,HAS_CWE
CVE:CVE-2024-38076,CPE:cpe:2.3:o:microsoft:windows_server_2016:*:*:*:*:*:*:*:*,AFFECTS
CVE:CVE-2024-38076,CPE:cpe:2.3:o:microsoft:windows_server_2019:*:*:*:*:*:*:*:*,AFFECTS
CVE:CVE-2024-38076,CPE:cpe:2.3:o:microsoft:windows_server_2022:*:*:*:*:*:*:*:*,AFFECTS
CVE:CVE-2024-38076,CPE:cpe:2.3:o:microsoft:windows_server_2022_23h2:*:*:*:*:*:*:*:*,AFFECTS
CVE:CVE-2024-38076,REF:CVE-2024-38076:0,REFERENCES
CVE:CVE-2024-5670,RISK:LOW,HAS_RISK
CVE:CVE-2024-5670,CWE:CWE-78,HAS_CWE
CVE:CVE-2024-5670,CPE:cpe:2.3:o:softnext:sn_os:10.3:-:*:*:*:*:*:*,AFFECTS
CVE:CVE-2024-5670,CPE:cpe:2.3:o:softnext:sn_os:12.1:-:*:*:*:*:*:*,AFFECTS
CVE:CVE-2024-5670,CPE:cpe:2.3:o:softnext:sn_os:12.3:-:*:*:*:*:*:*,AFFECTS
CVE:CVE-2024-5670,REF:CVE-2024-5670:0,REFERENCES
CVE:CVE-2024-5670,REF:CVE-2024-5670:1,REFERENCES
CVE:CVE-2024-7746,RISK:LOW,HAS_RISK
CVE:CVE-2024-7746,CWE:CWE-1392,HAS_CWE
CVE:CVE-2024-7746,CWE:CWE-287,HAS_CWE
CVE:CVE-2024-7746,CPE:cpe:2.3:a:traccar:traccar:*:*:*:*:*:*:*:*,AFFECTS
CVE:CVE-2024-7746,REF:CVE-2024-7746:0,REFERENCES
CVE:CVE-2024-38134,RISK:LOW,HAS_RISK
CVE:CVE-2024-38134,CWE:CWE-125,HAS_CWE
CVE:CVE-2024-38134,CPE:cpe:2.3:o:microsoft:windows_10_1507:*:*:*:*:*:*:*:*,AFFECTS
CVE:CVE-2024-38134,CPE:cpe:2.3:o:microsoft:windows_10_1607:*:*:*:*:*:*:*:*,AFFECTS
CVE:CVE-2024-38134,CPE:cpe:2.3:o:microsoft:windows_10_1809:*:*:*:*:*:*:*:*,AFFECTS
CVE:CVE-2024-38134,CPE:cpe:2.3:o:microsoft:windows_10_21h2:*:*:*:*:*:*:*:*,AFFECTS
CVE:CVE-2024-38134,CPE:cpe:2.3:o:microsoft:windows_10_22h2:*:*:*:*:*:*:*:*,AFFECTS
CVE:CVE-2024-38134,CPE:cpe:2.3:o:microsoft:windows_11_21h2:*:*:*:*:*:*:*:*,AFFECTS
CVE:CVE-2024-38134,CPE:cpe:2.3:o:microsoft:windows_11_22h2:*:*:*:*:*:*:*:*,AFFECTS
CVE:CVE-2024-38134,CPE:cpe:2.3:o:microsoft:windows_11_23h2:*:*:*:*:*:*:*:*,AFFECTS
CVE:CVE-2024-38134,CPE:cpe:2.3:o:microsoft:windows_11_24h2:*:*:*:*:*:*:*:*,AFFECTS
CVE:CVE-2024-38134,CPE:cpe:2.3:o:microsoft:windows_server_2008:-:sp2:*:*:*:*:*:*,AFFECTS
CVE:CVE-2024-38134,CPE:cpe:2.3:o:microsoft:windows_server_2008:r2:sp1:*:*:*:*:x64:*,AFFECTS
CVE:CVE-2024-38134,CPE:cpe:2.3:o:microsoft:windows_server_2012:r2:*:*:*:*:*:*:*,AFFECTS
CVE:CVE-2024-38134,CPE:cpe:2.3:o:microsoft:windows_server_2016:*:*:*:*:*:*:*:*,AFFECTS
CVE:CVE-2024-38134,CPE:cpe:2.3:o:microsoft:windows_server_2019:*:*:*:*:*:*:*:*,AFFECTS
CVE:CVE-2024-38134,CPE:cpe:2.3:o:microsoft:windows_server_2022:*:*:*:*:*:*:*:*,AFFECTS
CVE:CVE-2024-38134,CPE:cpe:2.3:o:microsoft:windows_server_2022_23h2:*:*:*:*:*:*:*:*,AFFECTS
CVE:CVE-2024-38134,REF:CVE-2024-38134:0,REFERENCES
CVE:CVE-2024-38239,RISK:LOW,HAS_RISK
CVE:CVE-2024-38239,CWE:CWE-1390,HAS_CWE
CVE:CVE-2024-38239,CPE:cpe:2.3:o:microsoft:windows_10_1507:*:*:*:*:*:*:x64:*,AFFECTS
CVE:CVE-2024-38239,CPE:cpe:2.3:o:microsoft:windows_10_1507:*:*:*:*:*:*:x86:*,AFFECTS
CVE:CVE-2024-38239,CPE:cpe:2.3:o:microsoft:windows_10_1607:*:*:*:*:*:*:x64:*,AFFECTS
CVE:CVE-2024-38239,CPE:cpe:2.3:o:microsoft:windows_10_1607:*:*:*:*:*:*:x86:*,AFFECTS
CVE:CVE-2024-38239,CPE:cpe:2.3:o:microsoft:windows_10_1809:*:*:*:*:*:*:*:*,AFFECTS
CVE:CVE-2024-38239,CPE:cpe:2.3:o:microsoft:windows_10_21h2:*:*:*:*:*:*:*:*,AFFECTS
CVE:CVE-2024-38239,CPE:cpe:2.3:o:microsoft:windows_10_22h2:*:*:*:*:*:*:arm64:*,AFFECTS
CVE:CVE-2024-38239,CPE:cpe:2.3:o:microsoft:windows_10_22h2:*:*:*:*:*:*:x64:*,AFFECTS
CVE:CVE-2024-38239,CPE:cpe:2.3:o:microsoft:windows_10_22h2:*:*:*:*:*:*:x86:*,AFFECTS
CVE:CVE-2024-38239,CPE:cpe:2.3:o:microsoft:windows_11_21h2:*:*:*:*:*:*:*:*,AFFECTS
CVE:CVE-2024-38239,CPE:cpe:2.3:o:microsoft:windows_11_22h2:*:*:*:*:*:*:*:*,AFFECTS
CVE:CVE-2024-38239,CPE:cpe:2.3:o:microsoft:windows_11_23h2:*:*:*:*:*:*:arm64:*,AFFECTS
CVE:CVE-2024-38239,CPE:cpe:2.3:o:microsoft:windows_11_23h2:*:*:*:*:*:*:x64:*,AFFECTS
CVE:CVE-2024-38239,CPE:cpe:2.3:o:microsoft:windows_11_24h2:*:*:*:*:*:*:arm64:*,AFFECTS
CVE:CVE-2024-38239,CPE:cpe:2.3:o:microsoft:windows_11_24h2:*:*:*:*:*:*:x64:*,AFFECTS
CVE:CVE-2024-38239,CPE:cpe:2.3:o:microsoft:windows_server_2008:-:sp2:*:*:*:*:x64:*,AFFECTS
CVE:CVE-2024-38239,CPE:cpe:2.3:o:microsoft:windows_server_2008:-:sp2:*:*:*:*:x86:*,AFFECTS
CVE:CVE-2024-38239,CPE:cpe:2.3:o:microsoft:windows_server_2008:r2:*:*:*:*:*:x64:*,AFFECTS
CVE:CVE-2024-38239,CPE:cpe:2.3:o:microsoft:windows_server_2012:-:*:*:*:*:*:x64:*,AFFECTS
CVE:CVE-2024-38239,CPE:cpe:2.3:o:microsoft:windows_server_2012:r2:*:*:*:*:*:x64:*,AFFECTS
CVE:CVE-2024-38239,CPE:cpe:2.3:o:microsoft:windows_server_2016:*:*:*:*:*:*:*:*,AFFECTS
CVE:CVE-2024-38239,CPE:cpe:2.3:o:microsoft:windows_server_2019:*:*:*:*:*:*:*:*,AFFECTS
CVE:CVE-2024-38239,CPE:cpe:2.3:o:microsoft:windows_server_2022:*:*:*:*:*:*:*:*,AFFECTS
CVE:CVE-2024-38239,CPE:cpe:2.3:o:microsoft:windows_server_2022_23h2:*:*:*:*:*:*:*:*,AFFECTS
CVE:CVE-2024-38239,REF:CVE-2024-38239:0,REFERENCES
CVE:CVE-2024-43465,RISK:LOW,HAS_RISK
CVE:CVE-2024-43465,CWE:CWE-416,HAS_CWE
CVE:CVE-2024-43465,CPE:cpe:2.3:a:microsoft:365_apps:-:*:*:*:enterprise:*:x64:*,AFFECTS
CVE:CVE-2024-43465,CPE:cpe:2.3:a:microsoft:365_apps:-:*:*:*:enterprise:*:x86:*,AFFECTS
CVE:CVE-2024-43465,CPE:cpe:2.3:a:microsoft:excel:2016:*:*:*:*:*:x64:*,AFFECTS
CVE:CVE-2024-43465,CPE:cpe:2.3:a:microsoft:excel:2016:*:*:*:*:*:x86:*,AFFECTS
CVE:CVE-2024-43465,CPE:cpe:2.3:a:microsoft:office:2019:*:*:*:*:-:x64:*,AFFECTS
CVE:CVE-2024-43465,CPE:cpe:2.3:a:microsoft:office:2019:*:*:*:*:-:x86:*,AFFECTS
CVE:CVE-2024-43465,CPE:cpe:2.3:a:microsoft:office_long_term_servicing_channel:2021:*:*:*:*:*:x64:*,AFFECTS
CVE:CVE-2024-43465,CPE:cpe:2.3:a:microsoft:office_long_term_servicing_channel:2021:*:*:*:*:*:x86:*,AFFECTS
CVE:CVE-2024-43465,CPE:cpe:2.3:a:microsoft:office_long_term_servicing_channel:2021:*:*:*:*:macos:*:*,AFFECTS
CVE:CVE-2024-43465,CPE:cpe:2.3:a:microsoft:office_online_server:*:*:*:*:*:*:*:*,AFFECTS
CVE:CVE-2024-43465,REF:CVE-2024-43465:0,REFERENCES
CVE:CVE-2024-47088,RISK:LOW,HAS_RISK
CVE:CVE-2024-47088,CWE:CWE-307,HAS_CWE
CVE:CVE-2024-47088,CPE:cpe:2.3:a:apexsoftcell:ld_dp_back_office:*:*:*:*:*:*:*:*,AFFECTS
CVE:CVE-2024-47088,CPE:cpe:2.3:a:apexsoftcell:ld_geo:*:*:*:*:*:*:*:*,AFFECTS
CVE:CVE-2024-47088,REF:CVE-2024-47088:0,REFERENCES
CVE:CVE-2024-43511,RISK:LOW,HAS_RISK
CVE:CVE-2024-43511,CWE:CWE-367,HAS_CWE
CVE:CVE-2024-43511,CPE:cpe:2.3:o:microsoft:windows_10_1507:*:*:*:*:*:*:*:*,AFFECTS
CVE:CVE-2024-43511,CPE:cpe:2.3:o:microsoft:windows_10_1607:*:*:*:*:*:*:x64:*,AFFECTS
CVE:CVE-2024-43511,CPE:cpe:2.3:o:microsoft:windows_10_1607:*:*:*:*:*:*:x86:*,AFFECTS
CVE:CVE-2024-43511,CPE:cpe:2.3:o:microsoft:windows_10_1809:*:*:*:*:*:*:x64:*,AFFECTS
CVE:CVE-2024-43511,CPE:cpe:2.3:o:microsoft:windows_10_1809:*:*:*:*:*:*:x86:*,AFFECTS
CVE:CVE-2024-43511,CPE:cpe:2.3:o:microsoft:windows_10_21h2:*:*:*:*:*:*:*:*,AFFECTS
CVE:CVE-2024-43511,CPE:cpe:2.3:o:microsoft:windows_10_22h2:*:*:*:*:*:*:*:*,AFFECTS
CVE:CVE-2024-43511,CPE:cpe:2.3:o:microsoft:windows_11_21h2:*:*:*:*:*:*:*:*,AFFECTS
CVE:CVE-2024-43511,CPE:cpe:2.3:o:microsoft:windows_11_22h2:*:*:*:*:*:*:*:*,AFFECTS
CVE:CVE-2024-43511,CPE:cpe:2.3:o:microsoft:windows_11_23h2:*:*:*:*:*:*:*:*,AFFECTS
CVE:CVE-2024-43511,CPE:cpe:2.3:o:microsoft:windows_11_24h2:*:*:*:*:*:*:*:*,AFFECTS
CVE:CVE-2024-43511,CPE:cpe:2.3:o:microsoft:windows_server_2016:*:*:*:*:*:*:*:*,AFFECTS
CVE:CVE-2024-43511,CPE:cpe:2.3:o:microsoft:windows_server_2019:*:*:*:*:*:*:*:*,AFFECTS
CVE:CVE-2024-43511,CPE:cpe:2.3:o:microsoft:windows_server_2022:*:*:*:*:*:*:*:*,AFFECTS
CVE:CVE-2024-43511,CPE:cpe:2.3:o:microsoft:windows_server_2022_23h2:*:*:*:*:*:*:*:*,AFFECTS
CVE:CVE-2024-43511,REF:CVE-2024-43511:0,REFERENCES
CVE:CVE-2024-45274,RISK:LOW,HAS_RISK
CVE:CVE-2024-45274,CWE:CWE-306,HAS_CWE
CVE:CVE-2024-45274,CPE:cpe:2.3:h:helmholz:rex_100:-:*:*:*:*:*:*:*,AFFECTS
CVE:CVE-2024-45274,CPE:cpe:2.3:h:mbconnectline:mbnet.mini:-:*:*:*:*:*:*:*,AFFECTS
CVE:CVE-2024-45274,CPE:cpe:2.3:o:helmholz:rex_100_firmware:*:*:*:*:*:*:*:*,AFFECTS
CVE:CVE-2024-45274,CPE:cpe:2.3:o:mbconnectline:mbnet.mini_firmware:*:*:*:*:*:*:*:*,AFFECTS
CVE:CVE-2024-45274,REF:CVE-2024-45274:0,REFERENCES
CVE:CVE-2024-45274,REF:CVE-2024-45274:1,REFERENCES
CVE:CVE-2024-45274,REF:CVE-2024-45274:2,REFERENCES
CVE:CVE-2024-45274,REF:CVE-2024-45274:3,REFERENCES
CVE:CVE-2024-43530,RISK:LOW,HAS_RISK
CVE:CVE-2024-43530,CWE:CWE-284,HAS_CWE
CVE:CVE-2024-43530,CPE:cpe:2.3:o:microsoft:windows_10_21h2:*:*:*:*:*:*:arm64:*,AFFECTS
CVE:CVE-2024-43530,CPE:cpe:2.3:o:microsoft:windows_10_21h2:*:*:*:*:*:*:x64:*,AFFECTS
CVE:CVE-2024-43530,CPE:cpe:2.3:o:microsoft:windows_10_21h2:*:*:*:*:*:*:x86:*,AFFECTS
CVE:CVE-2024-43530,CPE:cpe:2.3:o:microsoft:windows_10_22h2:*:*:*:*:*:*:arm64:*,AFFECTS
CVE:CVE-2024-43530,CPE:cpe:2.3:o:microsoft:windows_10_22h2:*:*:*:*:*:*:x64:*,AFFECTS
CVE:CVE-2024-43530,CPE:cpe:2.3:o:microsoft:windows_10_22h2:*:*:*:*:*:*:x86:*,AFFECTS
CVE:CVE-2024-43530,CPE:cpe:2.3:o:microsoft:windows_11_22h2:*:*:*:*:*:*:arm64:*,AFFECTS
CVE:CVE-2024-43530,CPE:cpe:2.3:o:microsoft:windows_11_22h2:*:*:*:*:*:*:x64:*,AFFECTS
CVE:CVE-2024-43530,CPE:cpe:2.3:o:microsoft:windows_11_23h2:*:*:*:*:*:*:arm64:*,AFFECTS
CVE:CVE-2024-43530,CPE:cpe:2.3:o:microsoft:windows_11_23h2:*:*:*:*:*:*:x64:*,AFFECTS
CVE:CVE-2024-43530,CPE:cpe:2.3:o:microsoft:windows_server_2022:*:*:*:*:*:*:*:*,AFFECTS
CVE:CVE-2024-43530,REF:CVE-2024-43530:0,REFERENCES
CVE:CVE-2024-45610,RISK:LOW,HAS_RISK
CVE:CVE-2024-45610,CWE:CWE-79,HAS_CWE
CVE:CVE-2024-45610,CPE:cpe:2.3:a:glpi-project:glpi:*:*:*:*:*:*:*:*,AFFECTS
CVE:CVE-2024-45610,REF:CVE-2024-45610:0,REFERENCES
CVE:CVE-2018-11816,RISK:LOW,HAS_RISK
CVE:CVE-2018-11816,CWE:CWE-416,HAS_CWE
CVE:CVE-2018-11816,CPE:cpe:2.3:h:qualcomm:9206_lte_modem:-:*:*:*:*:*:*:*,AFFECTS
CVE:CVE-2018-11816,CPE:cpe:2.3:h:qualcomm:apq8016:-:*:*:*:*:*:*:*,AFFECTS
CVE:CVE-2018-11816,CPE:cpe:2.3:h:qualcomm:apq8017:-:*:*:*:*:*:*:*,AFFECTS
CVE:CVE-2018-11816,CPE:cpe:2.3:h:qualcomm:apq8039:-:*:*:*:*:*:*:*,AFFECTS
CVE:CVE-2018-11816,CPE:cpe:2.3:h:qualcomm:apq8052:-:*:*:*:*:*:*:*,AFFECTS
CVE:CVE-2018-11816,CPE:cpe:2.3:h:qualcomm:apq8056:-:*:*:*:*:*:*:*,AFFECTS
CVE:CVE-2018-11816,CPE:cpe:2.3:h:qualcomm:apq8076:-:*:*:*:*:*:*:*,AFFECTS
CVE:CVE-2018-11816,CPE:cpe:2.3:h:qualcomm:aqt1000:-:*:*:*:*:*:*:*,AFFECTS
CVE:CVE-2018-11816,CPE:cpe:2.3:h:qualcomm:ar6003:-:*:*:*:*:*:*:*,AFFECTS
CVE:CVE-2018-11816,CPE:cpe:2.3:h:qualcomm:sd660:-:*:*:*:*:*:*:*,AFFECTS
CVE:CVE-2018-11816,CPE:cpe:2.3:h:qualcomm:sd670:-:*:*:*:*:*:*:*,AFFECTS
CVE:CVE-2018-11816,CPE:cpe:2.3:h:qualcomm:sd820:-:*:*:*:*:*:*:*,AFFECTS
CVE:CVE-2018-11816,CPE:cpe:2.3:h:qualcomm:sd821:-:*:*:*:*:*:*:*,AFFECTS
CVE:CVE-2018-11816,CPE:cpe:2.3:h:qualcomm:sd835:-:*:*:*:*:*:*:*,AFFECTS
CVE:CVE-2018-11816,CPE:cpe:2.3:o:qualcomm:9206_lte_modem_firmware:-:*:*:*:*:*:*:*,AFFECTS
CVE:CVE-2018-11816,CPE:cpe:2.3:o:qualcomm:apq8016_firmware:-:*:*:*:*:*:*:*,AFFECTS
CVE:CVE-2018-11816,CPE:cpe:2.3:o:qualcomm:apq8017_firmware:-:*:*:*:*:*:*:*,AFFECTS
CVE:CVE-2018-11816,CPE:cpe:2.3:o:qualcomm:apq8039_firmware:-:*:*:*:*:*:*:*,AFFECTS
CVE:CVE-2018-11816,CPE:cpe:2.3:o:qualcomm:apq8052_firmware:-:*:*:*:*:*:*:*,AFFECTS
CVE:CVE-2018-11816,CPE:cpe:2.3:o:qualcomm:apq8056_firmware:-:*:*:*:*:*:*:*,AFFECTS
CVE:CVE-2018-11816,CPE:cpe:2.3:o:qualcomm:apq8076_firmware:-:*:*:*:*:*:*:*,AFFECTS
CVE:CVE-2018-11816,CPE:cpe:2.3:o:qualcomm:aqt1000_firmware:-:*:*:*:*:*:*:*,AFFECTS
CVE:CVE-2018-11816,CPE:cpe:2.3:o:qualcomm:ar6003_firmware:-:*:*:*:*:*:*:*,AFFECTS
CVE:CVE-2018-11816,CPE:cpe:2.3:o:qualcomm:sd660_firmware:-:*:*:*:*:*:*:*,AFFECTS
CVE:CVE-2018-11816,CPE:cpe:2.3:o:qualcomm:sd670_firmware:-:*:*:*:*:*:*:*,AFFECTS
CVE:CVE-2018-11816,CPE:cpe:2.3:o:qualcomm:sd820_firmware:-:*:*:*:*:*:*:*,AFFECTS
CVE:CVE-2018-11816,CPE:cpe:2.3:o:qualcomm:sd821_firmware:-:*:*:*:*:*:*:*,AFFECTS
CVE:CVE-2018-11816,CPE:cpe:2.3:o:qualcomm:sd835_firmware:-:*:*:*:*:*:*:*,AFFECTS
CVE:CVE-2018-11816,REF:CVE-2018-11816:0,REFERENCES
CVE:CVE-2024-53676,RISK:LOW,HAS_RISK
CVE:CVE-2024-53676,CWE:CWE-22,HAS_CWE
CVE:CVE-2024-53676,CWE:CWE-552,HAS_CWE
CVE:CVE-2024-53676,CPE:cpe:2.3:a:hpe:insight_remote_support:*:*:*:*:*:*:*:*,AFFECTS
CVE:CVE-2024-53676,REF:CVE-2024-53676:0,REFERENCES
CVE:CVE-2024-53676,REF:CVE-2024-53676:1,REFERENCES
CVE:CVE-2025-1403,RISK:LOW,HAS_RISK
CVE:CVE-2025-1403,CWE:CWE-502,HAS_CWE
CVE:CVE-2025-1403,CPE:cpe:2.3:a:ibm:qiskit:*:*:*:*:*:*:*:*,AFFECTS
CVE:CVE-2025-1403,REF:CVE-2025-1403:0,REFERENCES
CVE:CVE-2025-24073,RISK:LOW,HAS_RISK
CVE:CVE-2025-24073,CWE:CWE-20,HAS_CWE
CVE:CVE-2025-24073,CPE:cpe:2.3:o:microsoft:windows_10_1507:*:*:*:*:*:*:x64:*,AFFECTS
CVE:CVE-2025-24073,CPE:cpe:2.3:o:microsoft:windows_10_1507:*:*:*:*:*:*:x86:*,AFFECTS
CVE:CVE-2025-24073,CPE:cpe:2.3:o:microsoft:windows_10_1607:*:*:*:*:*:*:x64:*,AFFECTS
CVE:CVE-2025-24073,CPE:cpe:2.3:o:microsoft:windows_10_1607:*:*:*:*:*:*:x86:*,AFFECTS
CVE:CVE-2025-24073,CPE:cpe:2.3:o:microsoft:windows_10_1809:*:*:*:*:*:*:x64:*,AFFECTS
CVE:CVE-2025-24073,CPE:cpe:2.3:o:microsoft:windows_10_1809:*:*:*:*:*:*:x86:*,AFFECTS
CVE:CVE-2025-24073,CPE:cpe:2.3:o:microsoft:windows_10_21h2:*:*:*:*:*:*:*:*,AFFECTS
CVE:CVE-2025-24073,CPE:cpe:2.3:o:microsoft:windows_10_22h2:*:*:*:*:*:*:*:*,AFFECTS
CVE:CVE-2025-24073,CPE:cpe:2.3:o:microsoft:windows_11_22h2:*:*:*:*:*:*:arm64:*,AFFECTS
CVE:CVE-2025-24073,CPE:cpe:2.3:o:microsoft:windows_11_22h2:*:*:*:*:*:*:x64:*,AFFECTS
CVE:CVE-2025-24073,CPE:cpe:2.3:o:microsoft:windows_11_23h2:*:*:*:*:*:*:arm64:*,AFFECTS
CVE:CVE-2025-24073,CPE:cpe:2.3:o:microsoft:windows_11_23h2:*:*:*:*:*:*:x64:*,AFFECTS
CVE:CVE-2025-24073,CPE:cpe:2.3:o:microsoft:windows_11_24h2:*:*:*:*:*:*:arm64:*,AFFECTS
CVE:CVE-2025-24073,CPE:cpe:2.3:o:microsoft:windows_11_24h2:*:*:*:*:*:*:x64:*,AFFECTS
CVE:CVE-2025-24073,CPE:cpe:2.3:o:microsoft:windows_server_2016:*:*:*:*:*:*:*:*,AFFECTS
CVE:CVE-2025-24073,CPE:cpe:2.3:o:microsoft:windows_server_2019:*:*:*:*:*:*:*:*,AFFECTS
CVE:CVE-2025-24073,CPE:cpe:2.3:o:microsoft:windows_server_2022:*:*:*:*:*:*:*:*,AFFECTS
CVE:CVE-2025-24073,CPE:cpe:2.3:o:microsoft:windows_server_2022_23h2:*:*:*:*:*:*:x64:*,AFFECTS
CVE:CVE-2025-24073,CPE:cpe:2.3:o:microsoft:windows_server_2025:*:*:*:*:*:*:x64:*,AFFECTS
CVE:CVE-2025-24073,REF:CVE-2025-24073:0,REFERENCES
CVE:CVE-2025-49831,RISK:LOW,HAS_RISK
CVE:CVE-2025-49831,CWE:CWE-287,HAS_CWE
CVE:CVE-2025-49831,CPE:cpe:2.3:a:cyberark:conjur:*:*:*:*:enterprise:*:*:*,AFFECTS
CVE:CVE-2025-49831,CPE:cpe:2.3:a:cyberark:conjur:*:*:*:*:open_source:*:*:*,AFFECTS
CVE:CVE-2025-49831,CPE:cpe:2.3:a:cyberark:conjur:13.6:*:*:*:enterprise:*:*:*,AFFECTS
CVE:CVE-2025-49831,REF:CVE-2025-49831:0,REFERENCES
CVE:CVE-2025-49831,REF:CVE-2025-49831:1,REFERENCES
CVE:CVE-2025-49831,REF:CVE-2025-49831:2,REFERENCES
CVE:CVE-2025-49831,REF:CVE-2025-49831:3,REFERENCES
CVE:CVE-2025-53693,RISK:LOW,HAS_RISK
CVE:CVE-2025-53693,CWE:CWE-470,HAS_CWE
CVE:CVE-2025-53693,CPE:cpe:2.3:a:sitecore:experience_commerce:*:*:*:*:*:*:*:*,AFFECTS
CVE:CVE-2025-53693,CPE:cpe:2.3:a:sitecore:experience_manager:*:*:*:*:*:*:*:*,AFFECTS
CVE:CVE-2025-53693,CPE:cpe:2.3:a:sitecore:experience_platform:*:*:*:*:*:*:*:*,AFFECTS
CVE:CVE-2025-53693,CPE:cpe:2.3:a:sitecore:experience_platform:10.4:-:*:*:*:*:*:*,AFFECTS
CVE:CVE-2025-53693,CPE:cpe:2.3:a:sitecore:managed_cloud:-:*:*:*:*:*:*:*,AFFECTS
CVE:CVE-2025-53693,REF:CVE-2025-53693:0,REFERENCES
CVE:CVE-2025-53693,REF:CVE-2025-53693:1,REFERENCES
CVE:CVE-2025-10890,RISK:LOW,HAS_RISK
CVE:CVE-2025-10890,CWE:CWE-1300,HAS_CWE
CVE:CVE-2025-10890,CWE:CWE-203,HAS_CWE
CVE:CVE-2025-10890,CPE:cpe:2.3:a:google:chrome:*:*:*:*:*:*:*:*,AFFECTS
CVE:CVE-2025-10890,CPE:cpe:2.3:o:apple:macos:-:*:*:*:*:*:*:*,AFFECTS
CVE:CVE-2025-10890,CPE:cpe:2.3:o:linux:linux_kernel:-:*:*:*:*:*:*:*,AFFECTS
CVE:CVE-2025-10890,CPE:cpe:2.3:o:microsoft:windows:-:*:*:*:*:*:*:*,AFFECTS
CVE:CVE-2025-10890,REF:CVE-2025-10890:0,REFERENCES
CVE:CVE-2025-10890,REF:CVE-2025-10890:1,REFERENCES
CVE:CVE-2025-48983,RISK:LOW,HAS_RISK
CVE:CVE-2025-48983,CWE:CWE-284,HAS_CWE
CVE:CVE-2025-48983,CPE:cpe:2.3:a:veeam:veeam_backup_\&_replication:*:*:*:*:*:*:*:*,AFFECTS
CVE:CVE-2025-48983,REF:CVE-2025-48983:0,REFERENCES
CVE:CVE-2025-59516,RISK:LOW,HAS_RISK
CVE:CVE-2025-59516,CWE:CWE-306,HAS_CWE
CVE:CVE-2025-59516,CWE:CWE-73,HAS_CWE
CVE:CVE-2025-59516,CPE:cpe:2.3:o:microsoft:windows_10_1809:*:*:*:*:*:*:x64:*,AFFECTS
CVE:CVE-2025-59516,CPE:cpe:2.3:o:microsoft:windows_10_1809:*:*:*:*:*:*:x86:*,AFFECTS
CVE:CVE-2025-59516,CPE:cpe:2.3:o:microsoft:windows_10_21h2:*:*:*:*:*:*:*:*,AFFECTS
CVE:CVE-2025-59516,CPE:cpe:2.3:o:microsoft:windows_10_22h2:*:*:*:*:*:*:*:*,AFFECTS
CVE:CVE-2025-59516,CPE:cpe:2.3:o:microsoft:windows_11_23h2:*:*:*:*:*:*:*:*,AFFECTS
CVE:CVE-2025-59516,CPE:cpe:2.3:o:microsoft:windows_11_24h2:*:*:*:*:*:*:*:*,AFFECTS
CVE:CVE-2025-59516,CPE:cpe:2.3:o:microsoft:windows_11_25h2:*:*:*:*:*:*:*:*,AFFECTS
CVE:CVE-2025-59516,CPE:cpe:2.3:o:microsoft:windows_server_2019:*:*:*:*:*:*:*:*,AFFECTS
CVE:CVE-2025-59516,CPE:cpe:2.3:o:microsoft:windows_server_2022:*:*:*:*:*:*:*:*,AFFECTS
CVE:CVE-2025-59516,CPE:cpe:2.3:o:microsoft:windows_server_2022_23h2:*:*:*:*:*:*:*:*,AFFECTS
CVE:CVE-2025-59516,CPE:cpe:2.3:o:microsoft:windows_server_2025:*:*:*:*:*:*:*:*,AFFECTS
CVE:CVE-2025-59516,REF:CVE-2025-59516:0,REFERENCES
CVE:CVE-2026-20823,RISK:LOW,HAS_RISK
CVE:CVE-2026-20823,CWE:CWE-200,HAS_CWE
CVE:CVE-2026-20823,CPE:cpe:2.3:o:microsoft:windows_10_1607:*:*:*:*:*:*:x64:*,AFFECTS
CVE:CVE-2026-20823,CPE:cpe:2.3:o:microsoft:windows_10_1607:*:*:*:*:*:*:x86:*,AFFECTS
CVE:CVE-2026-20823,CPE:cpe:2.3:o:microsoft:windows_10_1809:*:*:*:*:*:*:x64:*,AFFECTS
CVE:CVE-2026-20823,CPE:cpe:2.3:o:microsoft:windows_10_1809:*:*:*:*:*:*:x86:*,AFFECTS
CVE:CVE-2026-20823,CPE:cpe:2.3:o:microsoft:windows_10_21h2:*:*:*:*:*:*:*:*,AFFECTS
CVE:CVE-2026-20823,CPE:cpe:2.3:o:microsoft:windows_10_22h2:*:*:*:*:*:*:*:*,AFFECTS
CVE:CVE-2026-20823,CPE:cpe:2.3:o:microsoft:windows_11_23h2:*:*:*:*:*:*:*:*,AFFECTS
CVE:CVE-2026-20823,CPE:cpe:2.3:o:microsoft:windows_11_24h2:*:*:*:*:*:*:*:*,AFFECTS
CVE:CVE-2026-20823,CPE:cpe:2.3:o:microsoft:windows_11_25h2:*:*:*:*:*:*:*:*,AFFECTS
CVE:CVE-2026-20823,CPE:cpe:2.3:o:microsoft:windows_server_2016:*:*:*:*:*:*:*:*,AFFECTS
CVE:CVE-2026-20823,CPE:cpe:2.3:o:microsoft:windows_server_2019:*:*:*:*:*:*:*:*,AFFECTS
CVE:CVE-2026-20823,CPE:cpe:2.3:o:microsoft:windows_server_2022:*:*:*:*:*:*:*:*,AFFECTS
CVE:CVE-2026-20823,CPE:cpe:2.3:o:microsoft:windows_server_2022_23h2:*:*:*:*:*:*:*:*,AFFECTS
CVE:CVE-2026-20823,CPE:cpe:2.3:o:microsoft:windows_server_2025:*:*:*:*:*:*:*:*,AFFECTS
CVE:CVE-2026-20823,REF:CVE-2026-20823:0,REFERENCES
CVE:CVE-2026-20949,RISK:LOW,HAS_RISK
CVE:CVE-2026-20949,CWE:CWE-284,HAS_CWE
CVE:CVE-2026-20949,CPE:cpe:2.3:a:microsoft:365_apps:-:*:*:*:enterprise:*:x64:*,AFFECTS
CVE:CVE-2026-20949,CPE:cpe:2.3:a:microsoft:365_apps:-:*:*:*:enterprise:*:x86:*,AFFECTS
CVE:CVE-2026-20949,CPE:cpe:2.3:a:microsoft:office_long_term_servicing_channel:2021:*:*:*:*:-:x64:*,AFFECTS
CVE:CVE-2026-20949,CPE:cpe:2.3:a:microsoft:office_long_term_servicing_channel:2021:*:*:*:*:-:x86:*,AFFECTS
CVE:CVE-2026-20949,CPE:cpe:2.3:a:microsoft:office_long_term_servicing_channel:2021:*:*:*:*:macos:*:*,AFFECTS
CVE:CVE-2026-20949,CPE:cpe:2.3:a:microsoft:office_long_term_servicing_channel:2024:*:*:*:*:-:x64:*,AFFECTS
CVE:CVE-2026-20949,CPE:cpe:2.3:a:microsoft:office_long_term_servicing_channel:2024:*:*:*:*:-:x86:*,AFFECTS
CVE:CVE-2026-20949,CPE:cpe:2.3:a:microsoft:office_long_term_servicing_channel:2024:*:*:*:*:macos:*:*,AFFECTS
CVE:CVE-2026-20949,REF:CVE-2026-20949:0,REFERENCES
CVE:CVE-2026-39337,RISK:LOW,HAS_RISK
CVE:CVE-2026-39337,CWE:CWE-94,HAS_CWE
CVE:CVE-2026-39337,CPE:cpe:2.3:a:churchcrm:churchcrm:*:*:*:*:*:*:*:*,AFFECTS
CVE:CVE-2026-39337,REF:CVE-2026-39337:0,REFERENCES
CVE:CVE-2026-65887,RISK:LOW,HAS_RISK
CVE:CVE-2026-65887,CWE:CWE-284,HAS_CWE
CVE:CVE-2026-65887,CPE:cpe:2.3:a:balbooa:gridbox:*:*:*:*:*:joomla\!:*:*,AFFECTS
CVE:CVE-2026-65887,REF:CVE-2026-65887:0,REFERENCES
CVE:CVE-2026-65887,REF:CVE-2026-65887:1,REFERENCES
CVE:CVE-2026-48323,RISK:LOW,HAS_RISK
CVE:CVE-2026-48323,CWE:CWE-1336,HAS_CWE
CVE:CVE-2026-48323,CPE:cpe:2.3:a:adobe:campaign:*:*:*:*:classic:*:*:*,AFFECTS
CVE:CVE-2026-48323,CPE:cpe:2.3:a:adobe:campaign:7.4.3:9394:*:*:classic:*:*:*,AFFECTS
CVE:CVE-2026-48323,CPE:cpe:2.3:a:adobe:campaign:7.4.3:9396:*:*:classic:*:*:*,AFFECTS
CVE:CVE-2026-48323,CPE:cpe:2.3:a:adobe:campaign:7.4.3:9397:*:*:classic:*:*:*,AFFECTS
CVE:CVE-2026-48323,CPE:cpe:2.3:a:adobe:campaign:7.4.3:9398:*:*:classic:*:*:*,AFFECTS
CVE:CVE-2026-48323,CPE:cpe:2.3:o:linux:linux_kernel:-:*:*:*:*:*:*:*,AFFECTS
CVE:CVE-2026-48323,CPE:cpe:2.3:o:microsoft:windows:-:*:*:*:*:*:*:*,AFFECTS
CVE:CVE-2026-48323,REF:CVE-2026-48323:0,REFERENCES
CVE:CVE-2024-27298,RISK:LOW,HAS_RISK
CVE:CVE-2024-27298,CWE:CWE-89,HAS_CWE
CVE:CVE-2024-27298,CPE:cpe:2.3:a:parseplatform:parse-server:*:*:*:*:*:node.js:*:*,AFFECTS
CVE:CVE-2024-27298,CPE:cpe:2.3:a:parseplatform:parse-server:6.5.0:alpha1:*:*:*:node.js:*:*,AFFECTS
CVE:CVE-2024-27298,CPE:cpe:2.3:a:parseplatform:parse-server:6.5.0:alpha2:*:*:*:node.js:*:*,AFFECTS
CVE:CVE-2024-27298,CPE:cpe:2.3:a:parseplatform:parse-server:6.5.0:beta1:*:*:*:node.js:*:*,AFFECTS
CVE:CVE-2024-27298,CPE:cpe:2.3:a:parseplatform:parse-server:7.0.0:alpha10:*:*:*:node.js:*:*,AFFECTS
CVE:CVE-2024-27298,CPE:cpe:2.3:a:parseplatform:parse-server:7.0.0:alpha11:*:*:*:node.js:*:*,AFFECTS
CVE:CVE-2024-27298,CPE:cpe:2.3:a:parseplatform:parse-server:7.0.0:alpha12:*:*:*:node.js:*:*,AFFECTS
CVE:CVE-2024-27298,CPE:cpe:2.3:a:parseplatform:parse-server:7.0.0:alpha13:*:*:*:node.js:*:*,AFFECTS
CVE:CVE-2024-27298,CPE:cpe:2.3:a:parseplatform:parse-server:7.0.0:alpha14:*:*:*:node.js:*:*,AFFECTS
CVE:CVE-2024-27298,CPE:cpe:2.3:a:parseplatform:parse-server:7.0.0:alpha15:*:*:*:node.js:*:*,AFFECTS
CVE:CVE-2024-27298,CPE:cpe:2.3:a:parseplatform:parse-server:7.0.0:alpha16:*:*:*:node.js:*:*,AFFECTS
CVE:CVE-2024-27298,CPE:cpe:2.3:a:parseplatform:parse-server:7.0.0:alpha17:*:*:*:node.js:*:*,AFFECTS
CVE:CVE-2024-27298,CPE:cpe:2.3:a:parseplatform:parse-server:7.0.0:alpha18:*:*:*:node.js:*:*,AFFECTS
CVE:CVE-2024-27298,CPE:cpe:2.3:a:parseplatform:parse-server:7.0.0:alpha19:*:*:*:node.js:*:*,AFFECTS
CVE:CVE-2024-27298,CPE:cpe:2.3:a:parseplatform:parse-server:7.0.0:alpha1:*:*:*:node.js:*:*,AFFECTS
CVE:CVE-2024-27298,CPE:cpe:2.3:a:parseplatform:parse-server:7.0.0:alpha2:*:*:*:node.js:*:*,AFFECTS
CVE:CVE-2024-27298,CPE:cpe:2.3:a:parseplatform:parse-server:7.0.0:alpha3:*:*:*:node.js:*:*,AFFECTS
CVE:CVE-2024-27298,CPE:cpe:2.3:a:parseplatform:parse-server:7.0.0:alpha4:*:*:*:node.js:*:*,AFFECTS
CVE:CVE-2024-27298,CPE:cpe:2.3:a:parseplatform:parse-server:7.0.0:alpha5:*:*:*:node.js:*:*,AFFECTS
CVE:CVE-2024-27298,CPE:cpe:2.3:a:parseplatform:parse-server:7.0.0:alpha6:*:*:*:node.js:*:*,AFFECTS
CVE:CVE-2024-27298,CPE:cpe:2.3:a:parseplatform:parse-server:7.0.0:alpha7:*:*:*:node.js:*:*,AFFECTS
CVE:CVE-2024-27298,CPE:cpe:2.3:a:parseplatform:parse-server:7.0.0:alpha8:*:*:*:node.js:*:*,AFFECTS
CVE:CVE-2024-27298,CPE:cpe:2.3:a:parseplatform:parse-server:7.0.0:alpha9:*:*:*:node.js:*:*,AFFECTS
CVE:CVE-2024-27298,REF:CVE-2024-27298:0,REFERENCES
CVE:CVE-2024-27298,REF:CVE-2024-27298:1,REFERENCES
CVE:CVE-2024-27298,REF:CVE-2024-27298:2,REFERENCES
CVE:CVE-2024-27298,REF:CVE-2024-27298:3,REFERENCES
CVE:CVE-2024-27298,REF:CVE-2024-27298:4,REFERENCES
CVE:CVE-2024-22254,RISK:LOW,HAS_RISK
CVE:CVE-2024-22254,CWE:CWE-787,HAS_CWE
CVE:CVE-2024-22254,CPE:cpe:2.3:a:vmware:cloud_foundation:*:*:*:*:*:*:*:*,AFFECTS
CVE:CVE-2024-22254,CPE:cpe:2.3:o:vmware:esxi:7.0.0:b:*:*:*:*:*:*,AFFECTS
CVE:CVE-2024-22254,CPE:cpe:2.3:o:vmware:esxi:7.0:-:*:*:*:*:*:*,AFFECTS
CVE:CVE-2024-22254,CPE:cpe:2.3:o:vmware:esxi:7.0:update_1:*:*:*:*:*:*,AFFECTS
CVE:CVE-2024-22254,CPE:cpe:2.3:o:vmware:esxi:7.0:update_1a:*:*:*:*:*:*,AFFECTS
CVE:CVE-2024-22254,CPE:cpe:2.3:o:vmware:esxi:7.0:update_1b:*:*:*:*:*:*,AFFECTS
CVE:CVE-2024-22254,CPE:cpe:2.3:o:vmware:esxi:7.0:update_1c:*:*:*:*:*:*,AFFECTS
CVE:CVE-2024-22254,CPE:cpe:2.3:o:vmware:esxi:7.0:update_1d:*:*:*:*:*:*,AFFECTS
CVE:CVE-2024-22254,CPE:cpe:2.3:o:vmware:esxi:7.0:update_1e:*:*:*:*:*:*,AFFECTS
CVE:CVE-2024-22254,CPE:cpe:2.3:o:vmware:esxi:7.0:update_2:*:*:*:*:*:*,AFFECTS
CVE:CVE-2024-22254,CPE:cpe:2.3:o:vmware:esxi:7.0:update_2a:*:*:*:*:*:*,AFFECTS
CVE:CVE-2024-22254,CPE:cpe:2.3:o:vmware:esxi:7.0:update_2c:*:*:*:*:*:*,AFFECTS
CVE:CVE-2024-22254,CPE:cpe:2.3:o:vmware:esxi:7.0:update_2d:*:*:*:*:*:*,AFFECTS
CVE:CVE-2024-22254,CPE:cpe:2.3:o:vmware:esxi:7.0:update_2e:*:*:*:*:*:*,AFFECTS
CVE:CVE-2024-22254,CPE:cpe:2.3:o:vmware:esxi:7.0:update_3:*:*:*:*:*:*,AFFECTS
CVE:CVE-2024-22254,CPE:cpe:2.3:o:vmware:esxi:7.0:update_3c:*:*:*:*:*:*,AFFECTS
CVE:CVE-2024-22254,CPE:cpe:2.3:o:vmware:esxi:7.0:update_3d:*:*:*:*:*:*,AFFECTS
CVE:CVE-2024-22254,CPE:cpe:2.3:o:vmware:esxi:7.0:update_3e:*:*:*:*:*:*,AFFECTS
CVE:CVE-2024-22254,CPE:cpe:2.3:o:vmware:esxi:7.0:update_3f:*:*:*:*:*:*,AFFECTS
CVE:CVE-2024-22254,CPE:cpe:2.3:o:vmware:esxi:7.0:update_3g:*:*:*:*:*:*,AFFECTS
CVE:CVE-2024-22254,CPE:cpe:2.3:o:vmware:esxi:7.0:update_3i:*:*:*:*:*:*,AFFECTS
CVE:CVE-2024-22254,CPE:cpe:2.3:o:vmware:esxi:7.0:update_3j:*:*:*:*:*:*,AFFECTS
CVE:CVE-2024-22254,CPE:cpe:2.3:o:vmware:esxi:7.0:update_3k:*:*:*:*:*:*,AFFECTS
CVE:CVE-2024-22254,CPE:cpe:2.3:o:vmware:esxi:7.0:update_3l:*:*:*:*:*:*,AFFECTS
CVE:CVE-2024-22254,CPE:cpe:2.3:o:vmware:esxi:7.0:update_3m:*:*:*:*:*:*,AFFECTS
CVE:CVE-2024-22254,CPE:cpe:2.3:o:vmware:esxi:7.0:update_3n:*:*:*:*:*:*,AFFECTS
CVE:CVE-2024-22254,CPE:cpe:2.3:o:vmware:esxi:7.0:update_3o:*:*:*:*:*:*,AFFECTS
CVE:CVE-2024-22254,CPE:cpe:2.3:o:vmware:esxi:8.0:-:*:*:*:*:*:*,AFFECTS
CVE:CVE-2024-22254,CPE:cpe:2.3:o:vmware:esxi:8.0:a:*:*:*:*:*:*,AFFECTS
CVE:CVE-2024-22254,CPE:cpe:2.3:o:vmware:esxi:8.0:b:*:*:*:*:*:*,AFFECTS
CVE:CVE-2024-22254,CPE:cpe:2.3:o:vmware:esxi:8.0:c:*:*:*:*:*:*,AFFECTS
CVE:CVE-2024-22254,CPE:cpe:2.3:o:vmware:esxi:8.0:update_1:*:*:*:*:*:*,AFFECTS
CVE:CVE-2024-22254,CPE:cpe:2.3:o:vmware:esxi:8.0:update_1a:*:*:*:*:*:*,AFFECTS
CVE:CVE-2024-22254,CPE:cpe:2.3:o:vmware:esxi:8.0:update_1c:*:*:*:*:*:*,AFFECTS
CVE:CVE-2024-22254,CPE:cpe:2.3:o:vmware:esxi:8.0:update_2:*:*:*:*:*:*,AFFECTS
CVE:CVE-2024-22254,REF:CVE-2024-22254:0,REFERENCES
CVE:CVE-2024-21899,RISK:LOW,HAS_RISK
CVE:CVE-2024-21899,CWE:CWE-287,HAS_CWE
CVE:CVE-2024-21899,CPE:cpe:2.3:o:qnap:qts:*:*:*:*:*:*:*:*,AFFECTS
CVE:CVE-2024-21899,CPE:cpe:2.3:o:qnap:qts:4.5.4.2627:-:*:*:*:*:*:*,AFFECTS
CVE:CVE-2024-21899,CPE:cpe:2.3:o:qnap:qts:5.1.3.2578:-:*:*:*:*:*:*,AFFECTS
CVE:CVE-2024-21899,CPE:cpe:2.3:o:qnap:quts_hero:*:*:*:*:*:*:*:*,AFFECTS
CVE:CVE-2024-21899,CPE:cpe:2.3:o:qnap:quts_hero:h4.5.4.2626:-:*:*:*:*:*:*,AFFECTS
CVE:CVE-2024-21899,CPE:cpe:2.3:o:qnap:quts_hero:h5.1.3.2578:-:*:*:*:*:*:*,AFFECTS
CVE:CVE-2024-21899,CPE:cpe:2.3:o:qnap:qutscloud:*:*:*:*:*:*:*:*,AFFECTS
CVE:CVE-2024-21899,REF:CVE-2024-21899:0,REFERENCES
CVE:CVE-2024-26230,RISK:LOW,HAS_RISK
CVE:CVE-2024-26230,CWE:CWE-416,HAS_CWE
CVE:CVE-2024-26230,CPE:cpe:2.3:o:microsoft:windows_10_1507:*:*:*:*:*:*:x64:*,AFFECTS
CVE:CVE-2024-26230,CPE:cpe:2.3:o:microsoft:windows_10_1507:*:*:*:*:*:*:x86:*,AFFECTS
CVE:CVE-2024-26230,CPE:cpe:2.3:o:microsoft:windows_10_1607:*:*:*:*:*:*:x64:*,AFFECTS
CVE:CVE-2024-26230,CPE:cpe:2.3:o:microsoft:windows_10_1607:*:*:*:*:*:*:x86:*,AFFECTS
CVE:CVE-2024-26230,CPE:cpe:2.3:o:microsoft:windows_10_1809:*:*:*:*:*:*:*:*,AFFECTS
CVE:CVE-2024-26230,CPE:cpe:2.3:o:microsoft:windows_10_21h2:*:*:*:*:*:*:*:*,AFFECTS
CVE:CVE-2024-26230,CPE:cpe:2.3:o:microsoft:windows_10_22h2:*:*:*:*:*:*:*:*,AFFECTS
CVE:CVE-2024-26230,CPE:cpe:2.3:o:microsoft:windows_11_21h2:*:*:*:*:*:*:*:*,AFFECTS
CVE:CVE-2024-26230,CPE:cpe:2.3:o:microsoft:windows_11_22h2:*:*:*:*:*:*:*:*,AFFECTS
CVE:CVE-2024-26230,CPE:cpe:2.3:o:microsoft:windows_11_23h2:*:*:*:*:*:*:*:*,AFFECTS
CVE:CVE-2024-26230,CPE:cpe:2.3:o:microsoft:windows_server_2008:-:sp2:*:*:*:*:*:*,AFFECTS
CVE:CVE-2024-26230,CPE:cpe:2.3:o:microsoft:windows_server_2008:r2:sp1:*:*:*:*:x64:*,AFFECTS
CVE:CVE-2024-26230,CPE:cpe:2.3:o:microsoft:windows_server_2012:-:*:*:*:*:*:*:*,AFFECTS
CVE:CVE-2024-26230,CPE:cpe:2.3:o:microsoft:windows_server_2012:r2:*:*:*:*:*:*:*,AFFECTS
CVE:CVE-2024-26230,CPE:cpe:2.3:o:microsoft:windows_server_2016:*:*:*:*:*:*:*:*,AFFECTS
CVE:CVE-2024-26230,CPE:cpe:2.3:o:microsoft:windows_server_2019:*:*:*:*:*:*:*:*,AFFECTS
CVE:CVE-2024-26230,CPE:cpe:2.3:o:microsoft:windows_server_2022:*:*:*:*:*:*:*:*,AFFECTS
CVE:CVE-2024-26230,CPE:cpe:2.3:o:microsoft:windows_server_2022_23h2:*:*:*:*:*:*:*:*,AFFECTS
CVE:CVE-2024-26230,REF:CVE-2024-26230:0,REFERENCES
CVE:CVE-2024-22187,RISK:LOW,HAS_RISK
CVE:CVE-2024-22187,CWE:CWE-284,HAS_CWE
CVE:CVE-2024-22187,CPE:cpe:2.3:h:automationdirect:p1-540:-:*:*:*:*:*:*:*,AFFECTS
CVE:CVE-2024-22187,CPE:cpe:2.3:h:automationdirect:p1-550:-:*:*:*:*:*:*:*,AFFECTS
CVE:CVE-2024-22187,CPE:cpe:2.3:h:automationdirect:p2-550:-:*:*:*:*:*:*:*,AFFECTS
CVE:CVE-2024-22187,CPE:cpe:2.3:h:automationdirect:p3-530:-:*:*:*:*:*:*:*,AFFECTS
CVE:CVE-2024-22187,CPE:cpe:2.3:h:automationdirect:p3-550:-:*:*:*:*:*:*:*,AFFECTS
CVE:CVE-2024-22187,CPE:cpe:2.3:h:automationdirect:p3-550e:-:*:*:*:*:*:*:*,AFFECTS
CVE:CVE-2024-22187,CPE:cpe:2.3:o:automationdirect:p1-540_firmware:1.2.10.10:*:*:*:*:*:*:*,AFFECTS
CVE:CVE-2024-22187,CPE:cpe:2.3:o:automationdirect:p1-540_firmware:4.1.1.10:*:*:*:*:*:*:*,AFFECTS
CVE:CVE-2024-22187,CPE:cpe:2.3:o:automationdirect:p1-550_firmware:1.2.10.10:*:*:*:*:*:*:*,AFFECTS
CVE:CVE-2024-22187,CPE:cpe:2.3:o:automationdirect:p1-550_firmware:4.1.1.10:*:*:*:*:*:*:*,AFFECTS
CVE:CVE-2024-22187,CPE:cpe:2.3:o:automationdirect:p2-550_firmware:1.2.10.10:*:*:*:*:*:*:*,AFFECTS
CVE:CVE-2024-22187,CPE:cpe:2.3:o:automationdirect:p2-550_firmware:4.1.1.10:*:*:*:*:*:*:*,AFFECTS
CVE:CVE-2024-22187,CPE:cpe:2.3:o:automationdirect:p3-530_firmware:1.2.10.9:*:*:*:*:*:*:*,AFFECTS
CVE:CVE-2024-22187,CPE:cpe:2.3:o:automationdirect:p3-530_firmware:4.1.1.10:*:*:*:*:*:*:*,AFFECTS
CVE:CVE-2024-22187,CPE:cpe:2.3:o:automationdirect:p3-550_firmware:1.2.10.9:*:*:*:*:*:*:*,AFFECTS
CVE:CVE-2024-22187,CPE:cpe:2.3:o:automationdirect:p3-550_firmware:4.1.1.10:*:*:*:*:*:*:*,AFFECTS
CVE:CVE-2024-22187,CPE:cpe:2.3:o:automationdirect:p3-550e_firmware:1.2.10.9:*:*:*:*:*:*:*,AFFECTS
CVE:CVE-2024-22187,CPE:cpe:2.3:o:automationdirect:p3-550e_firmware:4.1.1.10:*:*:*:*:*:*:*,AFFECTS
CVE:CVE-2024-22187,REF:CVE-2024-22187:0,REFERENCES
CVE:CVE-2024-22187,REF:CVE-2024-22187:1,REFERENCES
CVE:CVE-2024-22187,REF:CVE-2024-22187:2,REFERENCES
CVE:CVE-2024-38234,RISK:LOW,HAS_RISK
CVE:CVE-2024-38234,CWE:CWE-20,HAS_CWE
CVE:CVE-2024-38234,CPE:cpe:2.3:o:microsoft:windows_10_1507:*:*:*:*:*:*:x64:*,AFFECTS
CVE:CVE-2024-38234,CPE:cpe:2.3:o:microsoft:windows_10_1507:*:*:*:*:*:*:x86:*,AFFECTS
CVE:CVE-2024-38234,CPE:cpe:2.3:o:microsoft:windows_10_1607:*:*:*:*:*:*:x64:*,AFFECTS
CVE:CVE-2024-38234,CPE:cpe:2.3:o:microsoft:windows_10_1607:*:*:*:*:*:*:x86:*,AFFECTS
CVE:CVE-2024-38234,CPE:cpe:2.3:o:microsoft:windows_10_1809:*:*:*:*:*:*:*:*,AFFECTS
CVE:CVE-2024-38234,CPE:cpe:2.3:o:microsoft:windows_10_21h2:*:*:*:*:*:*:*:*,AFFECTS
CVE:CVE-2024-38234,CPE:cpe:2.3:o:microsoft:windows_10_22h2:*:*:*:*:*:*:arm64:*,AFFECTS
CVE:CVE-2024-38234,CPE:cpe:2.3:o:microsoft:windows_10_22h2:*:*:*:*:*:*:x64:*,AFFECTS
CVE:CVE-2024-38234,CPE:cpe:2.3:o:microsoft:windows_10_22h2:*:*:*:*:*:*:x86:*,AFFECTS
CVE:CVE-2024-38234,CPE:cpe:2.3:o:microsoft:windows_11_21h2:*:*:*:*:*:*:*:*,AFFECTS
CVE:CVE-2024-38234,CPE:cpe:2.3:o:microsoft:windows_11_22h2:*:*:*:*:*:*:*:*,AFFECTS
CVE:CVE-2024-38234,CPE:cpe:2.3:o:microsoft:windows_11_23h2:*:*:*:*:*:*:arm64:*,AFFECTS
CVE:CVE-2024-38234,CPE:cpe:2.3:o:microsoft:windows_11_23h2:*:*:*:*:*:*:x64:*,AFFECTS
CVE:CVE-2024-38234,CPE:cpe:2.3:o:microsoft:windows_11_24h2:*:*:*:*:*:*:arm64:*,AFFECTS
CVE:CVE-2024-38234,CPE:cpe:2.3:o:microsoft:windows_11_24h2:*:*:*:*:*:*:x64:*,AFFECTS
CVE:CVE-2024-38234,CPE:cpe:2.3:o:microsoft:windows_server_2008:-:sp2:*:*:*:*:x64:*,AFFECTS
CVE:CVE-2024-38234,CPE:cpe:2.3:o:microsoft:windows_server_2008:-:sp2:*:*:*:*:x86:*,AFFECTS
CVE:CVE-2024-38234,CPE:cpe:2.3:o:microsoft:windows_server_2008:r2:*:*:*:*:*:x64:*,AFFECTS
CVE:CVE-2024-38234,CPE:cpe:2.3:o:microsoft:windows_server_2012:-:*:*:*:*:*:x64:*,AFFECTS
CVE:CVE-2024-38234,CPE:cpe:2.3:o:microsoft:windows_server_2012:r2:*:*:*:*:*:x64:*,AFFECTS
CVE:CVE-2024-38234,CPE:cpe:2.3:o:microsoft:windows_server_2016:*:*:*:*:*:*:*:*,AFFECTS
CVE:CVE-2024-38234,CPE:cpe:2.3:o:microsoft:windows_server_2019:*:*:*:*:*:*:*:*,AFFECTS
CVE:CVE-2024-38234,CPE:cpe:2.3:o:microsoft:windows_server_2022:*:*:*:*:*:*:*:*,AFFECTS
CVE:CVE-2024-38234,CPE:cpe:2.3:o:microsoft:windows_server_2022_23h2:*:*:*:*:*:*:*:*,AFFECTS
CVE:CVE-2024-38234,REF:CVE-2024-38234:0,REFERENCES
CVE:CVE-2024-38249,RISK:LOW,HAS_RISK
CVE:CVE-2024-38249,CWE:CWE-416,HAS_CWE
CVE:CVE-2024-38249,CPE:cpe:2.3:o:microsoft:windows_10_1507:*:*:*:*:*:*:x64:*,AFFECTS
CVE:CVE-2024-38249,CPE:cpe:2.3:o:microsoft:windows_10_1507:*:*:*:*:*:*:x86:*,AFFECTS
CVE:CVE-2024-38249,CPE:cpe:2.3:o:microsoft:windows_10_1607:*:*:*:*:*:*:x64:*,AFFECTS
CVE:CVE-2024-38249,CPE:cpe:2.3:o:microsoft:windows_10_1607:*:*:*:*:*:*:x86:*,AFFECTS
CVE:CVE-2024-38249,CPE:cpe:2.3:o:microsoft:windows_10_1809:*:*:*:*:*:*:*:*,AFFECTS
CVE:CVE-2024-38249,CPE:cpe:2.3:o:microsoft:windows_10_21h2:*:*:*:*:*:*:*:*,AFFECTS
CVE:CVE-2024-38249,CPE:cpe:2.3:o:microsoft:windows_10_22h2:*:*:*:*:*:*:arm64:*,AFFECTS
CVE:CVE-2024-38249,CPE:cpe:2.3:o:microsoft:windows_10_22h2:*:*:*:*:*:*:x64:*,AFFECTS
CVE:CVE-2024-38249,CPE:cpe:2.3:o:microsoft:windows_10_22h2:*:*:*:*:*:*:x86:*,AFFECTS
CVE:CVE-2024-38249,CPE:cpe:2.3:o:microsoft:windows_11_21h2:*:*:*:*:*:*:*:*,AFFECTS
CVE:CVE-2024-38249,CPE:cpe:2.3:o:microsoft:windows_11_22h2:*:*:*:*:*:*:*:*,AFFECTS
CVE:CVE-2024-38249,CPE:cpe:2.3:o:microsoft:windows_11_23h2:*:*:*:*:*:*:arm64:*,AFFECTS
CVE:CVE-2024-38249,CPE:cpe:2.3:o:microsoft:windows_11_23h2:*:*:*:*:*:*:x64:*,AFFECTS
CVE:CVE-2024-38249,CPE:cpe:2.3:o:microsoft:windows_11_24h2:*:*:*:*:*:*:arm64:*,AFFECTS
CVE:CVE-2024-38249,CPE:cpe:2.3:o:microsoft:windows_11_24h2:*:*:*:*:*:*:x64:*,AFFECTS
CVE:CVE-2024-38249,CPE:cpe:2.3:o:microsoft:windows_server_2008:-:sp2:*:*:*:*:x64:*,AFFECTS
CVE:CVE-2024-38249,CPE:cpe:2.3:o:microsoft:windows_server_2008:-:sp2:*:*:*:*:x86:*,AFFECTS
CVE:CVE-2024-38249,CPE:cpe:2.3:o:microsoft:windows_server_2008:r2:*:*:*:*:*:x64:*,AFFECTS
CVE:CVE-2024-38249,CPE:cpe:2.3:o:microsoft:windows_server_2012:-:*:*:*:*:*:x64:*,AFFECTS
CVE:CVE-2024-38249,CPE:cpe:2.3:o:microsoft:windows_server_2012:r2:*:*:*:*:*:x64:*,AFFECTS
CVE:CVE-2024-38249,CPE:cpe:2.3:o:microsoft:windows_server_2016:*:*:*:*:*:*:*:*,AFFECTS
CVE:CVE-2024-38249,CPE:cpe:2.3:o:microsoft:windows_server_2019:*:*:*:*:*:*:*:*,AFFECTS
CVE:CVE-2024-38249,CPE:cpe:2.3:o:microsoft:windows_server_2022:*:*:*:*:*:*:*:*,AFFECTS
CVE:CVE-2024-38249,CPE:cpe:2.3:o:microsoft:windows_server_2022_23h2:*:*:*:*:*:*:*:*,AFFECTS
CVE:CVE-2024-38249,REF:CVE-2024-38249:0,REFERENCES
CVE:CVE-2024-43495,RISK:LOW,HAS_RISK
CVE:CVE-2024-43495,CWE:CWE-190,HAS_CWE
CVE:CVE-2024-43495,CPE:cpe:2.3:o:microsoft:windows_11_22h2:*:*:*:*:*:*:*:*,AFFECTS
CVE:CVE-2024-43495,CPE:cpe:2.3:o:microsoft:windows_11_23h2:*:*:*:*:*:*:arm64:*,AFFECTS
CVE:CVE-2024-43495,CPE:cpe:2.3:o:microsoft:windows_11_23h2:*:*:*:*:*:*:x64:*,AFFECTS
CVE:CVE-2024-43495,CPE:cpe:2.3:o:microsoft:windows_server_2022_23h2:*:*:*:*:*:*:*:*,AFFECTS
CVE:CVE-2024-43495,REF:CVE-2024-43495:0,REFERENCES
CVE:CVE-2024-43514,RISK:LOW,HAS_RISK
CVE:CVE-2024-43514,CWE:CWE-415,HAS_CWE
CVE:CVE-2024-43514,CPE:cpe:2.3:o:microsoft:windows_10_1507:*:*:*:*:*:*:*:*,AFFECTS
CVE:CVE-2024-43514,CPE:cpe:2.3:o:microsoft:windows_10_1607:*:*:*:*:*:*:x64:*,AFFECTS
CVE:CVE-2024-43514,CPE:cpe:2.3:o:microsoft:windows_10_1607:*:*:*:*:*:*:x86:*,AFFECTS
CVE:CVE-2024-43514,CPE:cpe:2.3:o:microsoft:windows_10_1809:*:*:*:*:*:*:x64:*,AFFECTS
CVE:CVE-2024-43514,CPE:cpe:2.3:o:microsoft:windows_10_1809:*:*:*:*:*:*:x86:*,AFFECTS
CVE:CVE-2024-43514,CPE:cpe:2.3:o:microsoft:windows_10_21h2:*:*:*:*:*:*:*:*,AFFECTS
CVE:CVE-2024-43514,CPE:cpe:2.3:o:microsoft:windows_10_22h2:*:*:*:*:*:*:*:*,AFFECTS
CVE:CVE-2024-43514,CPE:cpe:2.3:o:microsoft:windows_11_21h2:*:*:*:*:*:*:*:*,AFFECTS
CVE:CVE-2024-43514,CPE:cpe:2.3:o:microsoft:windows_11_22h2:*:*:*:*:*:*:*:*,AFFECTS
CVE:CVE-2024-43514,CPE:cpe:2.3:o:microsoft:windows_11_23h2:*:*:*:*:*:*:*:*,AFFECTS
CVE:CVE-2024-43514,CPE:cpe:2.3:o:microsoft:windows_11_24h2:*:*:*:*:*:*:*:*,AFFECTS
CVE:CVE-2024-43514,CPE:cpe:2.3:o:microsoft:windows_server_2012:-:*:*:*:*:*:*:*,AFFECTS
CVE:CVE-2024-43514,CPE:cpe:2.3:o:microsoft:windows_server_2012:r2:*:*:*:*:*:*:*,AFFECTS
CVE:CVE-2024-43514,CPE:cpe:2.3:o:microsoft:windows_server_2016:*:*:*:*:*:*:*:*,AFFECTS
CVE:CVE-2024-43514,CPE:cpe:2.3:o:microsoft:windows_server_2019:*:*:*:*:*:*:*:*,AFFECTS
CVE:CVE-2024-43514,CPE:cpe:2.3:o:microsoft:windows_server_2022:*:*:*:*:*:*:*:*,AFFECTS
CVE:CVE-2024-43514,CPE:cpe:2.3:o:microsoft:windows_server_2022_23h2:*:*:*:*:*:*:*:*,AFFECTS
CVE:CVE-2024-43514,REF:CVE-2024-43514:0,REFERENCES
CVE:CVE-2024-21216,RISK:LOW,HAS_RISK
CVE:CVE-2024-21216,CWE:CWE-862,HAS_CWE
CVE:CVE-2024-21216,CPE:cpe:2.3:a:oracle:weblogic_server:12.2.1.4.0:*:*:*:*:*:*:*,AFFECTS
CVE:CVE-2024-21216,CPE:cpe:2.3:a:oracle:weblogic_server:14.1.1.0.0:*:*:*:*:*:*:*,AFFECTS
CVE:CVE-2024-21216,REF:CVE-2024-21216:0,REFERENCES
CVE:CVE-2024-43498,RISK:LOW,HAS_RISK
CVE:CVE-2024-43498,CWE:CWE-843,HAS_CWE
CVE:CVE-2024-43498,CPE:cpe:2.3:a:microsoft:.net:9.0.0:*:*:*:*:*:*:*,AFFECTS
CVE:CVE-2024-43498,CPE:cpe:2.3:a:microsoft:visual_studio_2022:*:*:*:*:*:*:*:*,AFFECTS
CVE:CVE-2024-43498,CPE:cpe:2.3:o:apple:macos:-:*:*:*:*:*:*:*,AFFECTS
CVE:CVE-2024-43498,CPE:cpe:2.3:o:linux:linux_kernel:-:*:*:*:*:*:*:*,AFFECTS
CVE:CVE-2024-43498,CPE:cpe:2.3:o:microsoft:windows:-:*:*:*:*:*:*:*,AFFECTS
CVE:CVE-2024-43498,REF:CVE-2024-43498:0,REFERENCES
CVE:CVE-2024-43639,RISK:LOW,HAS_RISK
CVE:CVE-2024-43639,CWE:CWE-197,HAS_CWE
CVE:CVE-2024-43639,CPE:cpe:2.3:o:microsoft:windows_server_2012:-:*:*:*:*:*:*:*,AFFECTS
CVE:CVE-2024-43639,CPE:cpe:2.3:o:microsoft:windows_server_2012:r2:*:*:*:*:*:*:*,AFFECTS
CVE:CVE-2024-43639,CPE:cpe:2.3:o:microsoft:windows_server_2016:*:*:*:*:*:*:*:*,AFFECTS
CVE:CVE-2024-43639,CPE:cpe:2.3:o:microsoft:windows_server_2019:*:*:*:*:*:*:*:*,AFFECTS
CVE:CVE-2024-43639,CPE:cpe:2.3:o:microsoft:windows_server_2022:*:*:*:*:*:*:*:*,AFFECTS
CVE:CVE-2024-43639,CPE:cpe:2.3:o:microsoft:windows_server_2022_23h2:*:*:*:*:*:*:*:*,AFFECTS
CVE:CVE-2024-43639,CPE:cpe:2.3:o:microsoft:windows_server_2025:*:*:*:*:*:*:*:*,AFFECTS
CVE:CVE-2024-43639,REF:CVE-2024-43639:0,REFERENCES
CVE:CVE-2024-49046,RISK:LOW,HAS_RISK
CVE:CVE-2024-49046,CWE:CWE-367,HAS_CWE
CVE:CVE-2024-49046,CPE:cpe:2.3:o:microsoft:windows_10_1507:*:*:*:*:*:*:x64:*,AFFECTS
CVE:CVE-2024-49046,CPE:cpe:2.3:o:microsoft:windows_10_1507:*:*:*:*:*:*:x86:*,AFFECTS
CVE:CVE-2024-49046,CPE:cpe:2.3:o:microsoft:windows_10_1607:*:*:*:*:*:*:x64:*,AFFECTS
CVE:CVE-2024-49046,CPE:cpe:2.3:o:microsoft:windows_10_1607:*:*:*:*:*:*:x86:*,AFFECTS
CVE:CVE-2024-49046,CPE:cpe:2.3:o:microsoft:windows_10_1809:*:*:*:*:*:*:x64:*,AFFECTS
CVE:CVE-2024-49046,CPE:cpe:2.3:o:microsoft:windows_10_1809:*:*:*:*:*:*:x86:*,AFFECTS
CVE:CVE-2024-49046,CPE:cpe:2.3:o:microsoft:windows_10_21h2:*:*:*:*:*:*:arm64:*,AFFECTS
CVE:CVE-2024-49046,CPE:cpe:2.3:o:microsoft:windows_10_21h2:*:*:*:*:*:*:x64:*,AFFECTS
CVE:CVE-2024-49046,CPE:cpe:2.3:o:microsoft:windows_10_21h2:*:*:*:*:*:*:x86:*,AFFECTS
CVE:CVE-2024-49046,CPE:cpe:2.3:o:microsoft:windows_10_22h2:*:*:*:*:*:*:arm64:*,AFFECTS
CVE:CVE-2024-49046,CPE:cpe:2.3:o:microsoft:windows_10_22h2:*:*:*:*:*:*:x64:*,AFFECTS
CVE:CVE-2024-49046,CPE:cpe:2.3:o:microsoft:windows_10_22h2:*:*:*:*:*:*:x86:*,AFFECTS
CVE:CVE-2024-49046,CPE:cpe:2.3:o:microsoft:windows_11_22h2:*:*:*:*:*:*:arm64:*,AFFECTS
CVE:CVE-2024-49046,CPE:cpe:2.3:o:microsoft:windows_11_22h2:*:*:*:*:*:*:x64:*,AFFECTS
CVE:CVE-2024-49046,CPE:cpe:2.3:o:microsoft:windows_11_23h2:*:*:*:*:*:*:arm64:*,AFFECTS
CVE:CVE-2024-49046,CPE:cpe:2.3:o:microsoft:windows_11_23h2:*:*:*:*:*:*:x64:*,AFFECTS
CVE:CVE-2024-49046,CPE:cpe:2.3:o:microsoft:windows_11_24h2:*:*:*:*:*:*:arm64:*,AFFECTS
CVE:CVE-2024-49046,CPE:cpe:2.3:o:microsoft:windows_11_24h2:*:*:*:*:*:*:x64:*,AFFECTS
CVE:CVE-2024-49046,CPE:cpe:2.3:o:microsoft:windows_server_2008:-:sp2:*:*:*:*:*:*,AFFECTS
CVE:CVE-2024-49046,CPE:cpe:2.3:o:microsoft:windows_server_2008:r2:sp1:*:*:*:*:x64:*,AFFECTS
CVE:CVE-2024-49046,CPE:cpe:2.3:o:microsoft:windows_server_2012:-:*:*:*:*:*:*:*,AFFECTS
CVE:CVE-2024-49046,CPE:cpe:2.3:o:microsoft:windows_server_2012:r2:*:*:*:*:*:*:*,AFFECTS
CVE:CVE-2024-49046,CPE:cpe:2.3:o:microsoft:windows_server_2016:*:*:*:*:*:*:*:*,AFFECTS
CVE:CVE-2024-49046,CPE:cpe:2.3:o:microsoft:windows_server_2019:*:*:*:*:*:*:*:*,AFFECTS
CVE:CVE-2024-49046,CPE:cpe:2.3:o:microsoft:windows_server_2022:*:*:*:*:*:*:*:*,AFFECTS
CVE:CVE-2024-49046,CPE:cpe:2.3:o:microsoft:windows_server_2022_23h2:*:*:*:*:*:*:*:*,AFFECTS
CVE:CVE-2024-49046,CPE:cpe:2.3:o:microsoft:windows_server_2025:*:*:*:*:*:*:*:*,AFFECTS
CVE:CVE-2024-49046,REF:CVE-2024-49046:0,REFERENCES
CVE:CVE-2024-43189,RISK:LOW,HAS_RISK
CVE:CVE-2024-43189,CWE:CWE-327,HAS_CWE
CVE:CVE-2024-43189,CPE:cpe:2.3:a:ibm:concert:1.0.0:*:*:*:*:*:*:*,AFFECTS
CVE:CVE-2024-43189,CPE:cpe:2.3:a:ibm:concert:1.0.1:*:*:*:*:*:*:*,AFFECTS
CVE:CVE-2024-43189,REF:CVE-2024-43189:0,REFERENCES
CVE:CVE-2024-43417,RISK:LOW,HAS_RISK
CVE:CVE-2024-43417,CWE:CWE-79,HAS_CWE
CVE:CVE-2024-43417,CPE:cpe:2.3:a:glpi-project:glpi:*:*:*:*:*:*:*:*,AFFECTS
CVE:CVE-2024-43417,REF:CVE-2024-43417:0,REFERENCES
CVE:CVE-2024-48070,RISK:LOW,HAS_RISK
CVE:CVE-2024-48070,CWE:CWE-94,HAS_CWE
CVE:CVE-2024-48070,CPE:cpe:2.3:a:weaver:e-cology:9.0:*:*:*:*:*:*:*,AFFECTS
CVE:CVE-2024-48070,REF:CVE-2024-48070:0,REFERENCES
CVE:CVE-2024-48070,REF:CVE-2024-48070:1,REFERENCES
CVE:CVE-2025-0066,RISK:LOW,HAS_RISK
CVE:CVE-2025-0066,CWE:CWE-732,HAS_CWE
CVE:CVE-2025-0066,CPE:cpe:2.3:a:sap:sap_basis:700:*:*:*:*:*:*:*,AFFECTS
CVE:CVE-2025-0066,CPE:cpe:2.3:a:sap:sap_basis:701:*:*:*:*:*:*:*,AFFECTS
CVE:CVE-2025-0066,CPE:cpe:2.3:a:sap:sap_basis:702:*:*:*:*:*:*:*,AFFECTS
CVE:CVE-2025-0066,CPE:cpe:2.3:a:sap:sap_basis:731:*:*:*:*:*:*:*,AFFECTS
CVE:CVE-2025-0066,CPE:cpe:2.3:a:sap:sap_basis:740:*:*:*:*:*:*:*,AFFECTS
CVE:CVE-2025-0066,CPE:cpe:2.3:a:sap:sap_basis:750:*:*:*:*:*:*:*,AFFECTS
CVE:CVE-2025-0066,CPE:cpe:2.3:a:sap:sap_basis:751:*:*:*:*:*:*:*,AFFECTS
CVE:CVE-2025-0066,CPE:cpe:2.3:a:sap:sap_basis:752:*:*:*:*:*:*:*,AFFECTS
CVE:CVE-2025-0066,CPE:cpe:2.3:a:sap:sap_basis:753:*:*:*:*:*:*:*,AFFECTS
CVE:CVE-2025-0066,CPE:cpe:2.3:a:sap:sap_basis:754:*:*:*:*:*:*:*,AFFECTS
CVE:CVE-2025-0066,CPE:cpe:2.3:a:sap:sap_basis:755:*:*:*:*:*:*:*,AFFECTS
CVE:CVE-2025-0066,CPE:cpe:2.3:a:sap:sap_basis:756:*:*:*:*:*:*:*,AFFECTS
CVE:CVE-2025-0066,CPE:cpe:2.3:a:sap:sap_basis:757:*:*:*:*:*:*:*,AFFECTS
CVE:CVE-2025-0066,CPE:cpe:2.3:a:sap:sap_basis:758:*:*:*:*:*:*:*,AFFECTS
CVE:CVE-2025-0066,CPE:cpe:2.3:a:sap:sap_basis:912:*:*:*:*:*:*:*,AFFECTS
CVE:CVE-2025-0066,CPE:cpe:2.3:a:sap:sap_basis:913:*:*:*:*:*:*:*,AFFECTS
CVE:CVE-2025-0066,CPE:cpe:2.3:a:sap:sap_basis:914:*:*:*:*:*:*:*,AFFECTS
CVE:CVE-2025-0066,REF:CVE-2025-0066:0,REFERENCES
CVE:CVE-2025-0066,REF:CVE-2025-0066:1,REFERENCES
CVE:CVE-2025-21271,RISK:LOW,HAS_RISK
CVE:CVE-2025-21271,CWE:CWE-126,HAS_CWE
CVE:CVE-2025-21271,CPE:cpe:2.3:o:microsoft:windows_10_1809:*:*:*:*:*:*:x64:*,AFFECTS
CVE:CVE-2025-21271,CPE:cpe:2.3:o:microsoft:windows_10_1809:*:*:*:*:*:*:x86:*,AFFECTS
CVE:CVE-2025-21271,CPE:cpe:2.3:o:microsoft:windows_10_21h2:*:*:*:*:*:*:*:*,AFFECTS
CVE:CVE-2025-21271,CPE:cpe:2.3:o:microsoft:windows_10_22h2:*:*:*:*:*:*:*:*,AFFECTS
CVE:CVE-2025-21271,CPE:cpe:2.3:o:microsoft:windows_server_2019:*:*:*:*:*:*:*:*,AFFECTS
CVE:CVE-2025-21271,CPE:cpe:2.3:o:microsoft:windows_server_2022:*:*:*:*:*:*:*:*,AFFECTS
CVE:CVE-2025-21271,REF:CVE-2025-21271:0,REFERENCES
CVE:CVE-2025-20124,RISK:LOW,HAS_RISK
CVE:CVE-2025-20124,CWE:CWE-502,HAS_CWE
CVE:CVE-2025-20124,CPE:cpe:2.3:a:cisco:identity_services_engine:*:*:*:*:*:*:*:*,AFFECTS
CVE:CVE-2025-20124,CPE:cpe:2.3:a:cisco:identity_services_engine:3.1.0:-:*:*:*:*:*:*,AFFECTS
CVE:CVE-2025-20124,CPE:cpe:2.3:a:cisco:identity_services_engine:3.1.0:patch1:*:*:*:*:*:*,AFFECTS
CVE:CVE-2025-20124,CPE:cpe:2.3:a:cisco:identity_services_engine:3.1.0:patch2:*:*:*:*:*:*,AFFECTS
CVE:CVE-2025-20124,CPE:cpe:2.3:a:cisco:identity_services_engine:3.1.0:patch3:*:*:*:*:*:*,AFFECTS
CVE:CVE-2025-20124,CPE:cpe:2.3:a:cisco:identity_services_engine:3.1.0:patch4:*:*:*:*:*:*,AFFECTS
CVE:CVE-2025-20124,CPE:cpe:2.3:a:cisco:identity_services_engine:3.1.0:patch5:*:*:*:*:*:*,AFFECTS
CVE:CVE-2025-20124,CPE:cpe:2.3:a:cisco:identity_services_engine:3.1.0:patch6:*:*:*:*:*:*,AFFECTS
CVE:CVE-2025-20124,CPE:cpe:2.3:a:cisco:identity_services_engine:3.1.0:patch7:*:*:*:*:*:*,AFFECTS
CVE:CVE-2025-20124,CPE:cpe:2.3:a:cisco:identity_services_engine:3.1.0:patch8:*:*:*:*:*:*,AFFECTS
CVE:CVE-2025-20124,CPE:cpe:2.3:a:cisco:identity_services_engine:3.1.0:patch9:*:*:*:*:*:*,AFFECTS
CVE:CVE-2025-20124,CPE:cpe:2.3:a:cisco:identity_services_engine:3.2.0:-:*:*:*:*:*:*,AFFECTS
CVE:CVE-2025-20124,CPE:cpe:2.3:a:cisco:identity_services_engine:3.2.0:patch1:*:*:*:*:*:*,AFFECTS
CVE:CVE-2025-20124,CPE:cpe:2.3:a:cisco:identity_services_engine:3.2.0:patch2:*:*:*:*:*:*,AFFECTS
CVE:CVE-2025-20124,CPE:cpe:2.3:a:cisco:identity_services_engine:3.2.0:patch3:*:*:*:*:*:*,AFFECTS
CVE:CVE-2025-20124,CPE:cpe:2.3:a:cisco:identity_services_engine:3.2.0:patch4:*:*:*:*:*:*,AFFECTS
CVE:CVE-2025-20124,CPE:cpe:2.3:a:cisco:identity_services_engine:3.2.0:patch5:*:*:*:*:*:*,AFFECTS
CVE:CVE-2025-20124,CPE:cpe:2.3:a:cisco:identity_services_engine:3.2.0:patch6:*:*:*:*:*:*,AFFECTS
CVE:CVE-2025-20124,CPE:cpe:2.3:a:cisco:identity_services_engine:3.3.0:-:*:*:*:*:*:*,AFFECTS
CVE:CVE-2025-20124,CPE:cpe:2.3:a:cisco:identity_services_engine:3.3.0:patch1:*:*:*:*:*:*,AFFECTS
CVE:CVE-2025-20124,CPE:cpe:2.3:a:cisco:identity_services_engine:3.3.0:patch2:*:*:*:*:*:*,AFFECTS
CVE:CVE-2025-20124,CPE:cpe:2.3:a:cisco:identity_services_engine:3.3.0:patch3:*:*:*:*:*:*,AFFECTS
CVE:CVE-2025-20124,REF:CVE-2025-20124:0,REFERENCES
CVE:CVE-2024-10442,RISK:LOW,HAS_RISK
CVE:CVE-2024-10442,CWE:CWE-193,HAS_CWE
CVE:CVE-2024-10442,CPE:cpe:2.3:a:syncology:replication_service:*:*:*:*:*:*:*:*,AFFECTS
CVE:CVE-2024-10442,CPE:cpe:2.3:a:synology:diskstation_manager_unified_controller:3.1:*:*:*:*:*:*:*,AFFECTS
CVE:CVE-2024-10442,CPE:cpe:2.3:a:synology:replication_service:*:*:*:*:*:*:*:*,AFFECTS
CVE:CVE-2024-10442,CPE:cpe:2.3:a:synology:unified_controller:*:*:*:*:*:*:*:*,AFFECTS
CVE:CVE-2024-10442,CPE:cpe:2.3:o:synology:diskstation_manager:6.2:*:*:*:*:*:*:*,AFFECTS
CVE:CVE-2024-10442,CPE:cpe:2.3:o:synology:diskstation_manager:7.1:*:*:*:*:*:*:*,AFFECTS
CVE:CVE-2024-10442,CPE:cpe:2.3:o:synology:diskstation_manager:7.2:*:*:*:*:*:*:*,AFFECTS
CVE:CVE-2024-10442,REF:CVE-2024-10442:0,REFERENCES
CVE:CVE-2025-47933,RISK:LOW,HAS_RISK
CVE:CVE-2025-47933,CWE:CWE-79,HAS_CWE
CVE:CVE-2025-47933,CPE:cpe:2.3:a:argoproj:argo_cd:*:*:*:*:*:*:*:*,AFFECTS
CVE:CVE-2025-47933,CPE:cpe:2.3:a:argoproj:argo_cd:1.2.0:rc1:*:*:*:*:*:*,AFFECTS
CVE:CVE-2025-47933,CPE:cpe:2.3:a:argoproj:argo_cd:1.2.0:rc2:*:*:*:*:*:*,AFFECTS
CVE:CVE-2025-47933,REF:CVE-2025-47933:0,REFERENCES
CVE:CVE-2025-47933,REF:CVE-2025-47933:1,REFERENCES
CVE:CVE-2025-47986,RISK:LOW,HAS_RISK
CVE:CVE-2025-47986,CWE:CWE-416,HAS_CWE
CVE:CVE-2025-47986,CPE:cpe:2.3:o:microsoft:windows_10_1507:*:*:*:*:*:*:x64:*,AFFECTS
CVE:CVE-2025-47986,CPE:cpe:2.3:o:microsoft:windows_10_1507:*:*:*:*:*:*:x86:*,AFFECTS
CVE:CVE-2025-47986,CPE:cpe:2.3:o:microsoft:windows_10_1607:*:*:*:*:*:*:x64:*,AFFECTS
CVE:CVE-2025-47986,CPE:cpe:2.3:o:microsoft:windows_10_1607:*:*:*:*:*:*:x86:*,AFFECTS
CVE:CVE-2025-47986,CPE:cpe:2.3:o:microsoft:windows_10_1809:*:*:*:*:*:*:x64:*,AFFECTS
CVE:CVE-2025-47986,CPE:cpe:2.3:o:microsoft:windows_10_1809:*:*:*:*:*:*:x86:*,AFFECTS
CVE:CVE-2025-47986,CPE:cpe:2.3:o:microsoft:windows_10_21h2:*:*:*:*:*:*:*:*,AFFECTS
CVE:CVE-2025-47986,CPE:cpe:2.3:o:microsoft:windows_10_22h2:*:*:*:*:*:*:*:*,AFFECTS
CVE:CVE-2025-47986,CPE:cpe:2.3:o:microsoft:windows_11_22h2:*:*:*:*:*:*:*:*,AFFECTS
CVE:CVE-2025-47986,CPE:cpe:2.3:o:microsoft:windows_11_23h2:*:*:*:*:*:*:*:*,AFFECTS
CVE:CVE-2025-47986,CPE:cpe:2.3:o:microsoft:windows_11_24h2:*:*:*:*:*:*:*:*,AFFECTS
CVE:CVE-2025-47986,CPE:cpe:2.3:o:microsoft:windows_server_2008:-:sp2:*:*:*:*:x64:*,AFFECTS
CVE:CVE-2025-47986,CPE:cpe:2.3:o:microsoft:windows_server_2008:-:sp2:*:*:*:*:x86:*,AFFECTS
CVE:CVE-2025-47986,CPE:cpe:2.3:o:microsoft:windows_server_2008:r2:sp1:*:*:*:*:x64:*,AFFECTS
CVE:CVE-2025-47986,CPE:cpe:2.3:o:microsoft:windows_server_2012:-:*:*:*:*:*:*:*,AFFECTS
CVE:CVE-2025-47986,CPE:cpe:2.3:o:microsoft:windows_server_2012:r2:*:*:*:*:*:*:*,AFFECTS
CVE:CVE-2025-47986,CPE:cpe:2.3:o:microsoft:windows_server_2016:*:*:*:*:*:*:*:*,AFFECTS
CVE:CVE-2025-47986,CPE:cpe:2.3:o:microsoft:windows_server_2019:*:*:*:*:*:*:*:*,AFFECTS
CVE:CVE-2025-47986,CPE:cpe:2.3:o:microsoft:windows_server_2022:*:*:*:*:*:*:*:*,AFFECTS
CVE:CVE-2025-47986,CPE:cpe:2.3:o:microsoft:windows_server_2022_23h2:*:*:*:*:*:*:*:*,AFFECTS
CVE:CVE-2025-47986,CPE:cpe:2.3:o:microsoft:windows_server_2025:*:*:*:*:*:*:*:*,AFFECTS
CVE:CVE-2025-47986,REF:CVE-2025-47986:0,REFERENCES
CVE:CVE-2025-26469,RISK:LOW,HAS_RISK
CVE:CVE-2025-26469,CWE:CWE-732,HAS_CWE
CVE:CVE-2025-26469,CPE:cpe:2.3:a:meddream:pacs_server:7.3.2.840:*:*:*:premium:*:*:*,AFFECTS
CVE:CVE-2025-26469,REF:CVE-2025-26469:0,REFERENCES
CVE:CVE-2025-26469,REF:CVE-2025-26469:1,REFERENCES
CVE:CVE-2025-53072,RISK:LOW,HAS_RISK
CVE:CVE-2025-53072,CWE:CWE-306,HAS_CWE
CVE:CVE-2025-53072,CPE:cpe:2.3:a:oracle:marketing:*:*:*:*:*:*:*:*,AFFECTS
CVE:CVE-2025-53072,REF:CVE-2025-53072:0,REFERENCES
CVE:CVE-2025-62481,RISK:LOW,HAS_RISK
CVE:CVE-2025-62481,CWE:CWE-306,HAS_CWE
CVE:CVE-2025-62481,CPE:cpe:2.3:a:oracle:marketing:*:*:*:*:*:*:*:*,AFFECTS
CVE:CVE-2025-62481,REF:CVE-2025-62481:0,REFERENCES
CVE:CVE-2025-11367,RISK:LOW,HAS_RISK
CVE:CVE-2025-11367,CWE:CWE-502,HAS_CWE
CVE:CVE-2025-11367,CPE:cpe:2.3:a:n-able:n-central:*:*:*:*:*:*:*:*,AFFECTS
CVE:CVE-2025-11367,REF:CVE-2025-11367:0,REFERENCES
CVE:CVE-2026-20862,RISK:LOW,HAS_RISK
CVE:CVE-2026-20862,CWE:CWE-200,HAS_CWE
CVE:CVE-2026-20862,CPE:cpe:2.3:o:microsoft:windows_10_1809:*:*:*:*:*:*:x64:*,AFFECTS
CVE:CVE-2026-20862,CPE:cpe:2.3:o:microsoft:windows_10_1809:*:*:*:*:*:*:x86:*,AFFECTS
CVE:CVE-2026-20862,CPE:cpe:2.3:o:microsoft:windows_10_21h2:*:*:*:*:*:*:*:*,AFFECTS
CVE:CVE-2026-20862,CPE:cpe:2.3:o:microsoft:windows_10_22h2:*:*:*:*:*:*:*:*,AFFECTS
CVE:CVE-2026-20862,CPE:cpe:2.3:o:microsoft:windows_11_23h2:*:*:*:*:*:*:*:*,AFFECTS
CVE:CVE-2026-20862,CPE:cpe:2.3:o:microsoft:windows_11_24h2:*:*:*:*:*:*:*:*,AFFECTS
CVE:CVE-2026-20862,CPE:cpe:2.3:o:microsoft:windows_11_25h2:*:*:*:*:*:*:*:*,AFFECTS
CVE:CVE-2026-20862,CPE:cpe:2.3:o:microsoft:windows_server_2019:*:*:*:*:*:*:*:*,AFFECTS
CVE:CVE-2026-20862,CPE:cpe:2.3:o:microsoft:windows_server_2022:*:*:*:*:*:*:*:*,AFFECTS
CVE:CVE-2026-20862,CPE:cpe:2.3:o:microsoft:windows_server_2022_23h2:*:*:*:*:*:*:*:*,AFFECTS
CVE:CVE-2026-20862,CPE:cpe:2.3:o:microsoft:windows_server_2025:*:*:*:*:*:*:*:*,AFFECTS
CVE:CVE-2026-20862,REF:CVE-2026-20862:0,REFERENCES
CVE:CVE-2026-4670,RISK:LOW,HAS_RISK
CVE:CVE-2026-4670,CWE:CWE-305,HAS_CWE
CVE:CVE-2026-4670,CPE:cpe:2.3:a:progress:moveit_automation:*:*:*:*:*:*:*:*,AFFECTS
CVE:CVE-2026-4670,REF:CVE-2026-4670:0,REFERENCES
CVE:CVE-2026-7899,RISK:LOW,HAS_RISK
CVE:CVE-2026-7899,CWE:CWE-125,HAS_CWE
CVE:CVE-2026-7899,CWE:CWE-787,HAS_CWE
CVE:CVE-2026-7899,CPE:cpe:2.3:a:google:chrome:*:*:*:*:*:*:*:*,AFFECTS
CVE:CVE-2026-7899,CPE:cpe:2.3:o:apple:macos:-:*:*:*:*:*:*:*,AFFECTS
CVE:CVE-2026-7899,CPE:cpe:2.3:o:linux:linux_kernel:-:*:*:*:*:*:*:*,AFFECTS
CVE:CVE-2026-7899,CPE:cpe:2.3:o:microsoft:windows:-:*:*:*:*:*:*:*,AFFECTS
CVE:CVE-2026-7899,REF:CVE-2026-7899:0,REFERENCES
CVE:CVE-2026-7899,REF:CVE-2026-7899:1,REFERENCES
CVE:CVE-2026-65883,RISK:LOW,HAS_RISK
CVE:CVE-2026-65883,CWE:CWE-502,HAS_CWE
CVE:CVE-2026-65883,CPE:cpe:2.3:a:aimy-extensions:aimy_captcha-less_form_guard:*:*:*:*:*:joomla\!:*:*,AFFECTS
CVE:CVE-2026-65883,REF:CVE-2026-65883:0,REFERENCES
CVE:CVE-2026-65888,RISK:LOW,HAS_RISK
CVE:CVE-2026-65888,CWE:CWE-284,HAS_CWE
CVE:CVE-2026-65888,CPE:cpe:2.3:a:balbooa:gridbox:*:*:*:*:*:joomla\!:*:*,AFFECTS
CVE:CVE-2026-65888,REF:CVE-2026-65888:0,REFERENCES
CVE:CVE-2026-65888,REF:CVE-2026-65888:1,REFERENCES
CVE:CVE-2024-26173,RISK:LOW,HAS_RISK
CVE:CVE-2024-26173,CWE:CWE-20,HAS_CWE
CVE:CVE-2024-26173,CPE:cpe:2.3:o:microsoft:windows_10_1507:*:*:*:*:*:*:x64:*,AFFECTS
CVE:CVE-2024-26173,CPE:cpe:2.3:o:microsoft:windows_10_1507:*:*:*:*:*:*:x86:*,AFFECTS
CVE:CVE-2024-26173,CPE:cpe:2.3:o:microsoft:windows_10_1607:*:*:*:*:*:*:x64:*,AFFECTS
CVE:CVE-2024-26173,CPE:cpe:2.3:o:microsoft:windows_10_1607:*:*:*:*:*:*:x86:*,AFFECTS
CVE:CVE-2024-26173,CPE:cpe:2.3:o:microsoft:windows_10_1809:*:*:*:*:*:*:arm64:*,AFFECTS
CVE:CVE-2024-26173,CPE:cpe:2.3:o:microsoft:windows_10_1809:*:*:*:*:*:*:x64:*,AFFECTS
CVE:CVE-2024-26173,CPE:cpe:2.3:o:microsoft:windows_10_1809:*:*:*:*:*:*:x86:*,AFFECTS
CVE:CVE-2024-26173,CPE:cpe:2.3:o:microsoft:windows_10_21h2:*:*:*:*:*:*:*:*,AFFECTS
CVE:CVE-2024-26173,CPE:cpe:2.3:o:microsoft:windows_10_22h2:*:*:*:*:*:*:*:*,AFFECTS
CVE:CVE-2024-26173,CPE:cpe:2.3:o:microsoft:windows_11_21h2:*:*:*:*:*:*:*:*,AFFECTS
CVE:CVE-2024-26173,CPE:cpe:2.3:o:microsoft:windows_11_22h2:*:*:*:*:*:*:*:*,AFFECTS
CVE:CVE-2024-26173,CPE:cpe:2.3:o:microsoft:windows_11_23h2:*:*:*:*:*:*:*:*,AFFECTS
CVE:CVE-2024-26173,CPE:cpe:2.3:o:microsoft:windows_server_2008:-:sp2:*:*:*:*:*:*,AFFECTS
CVE:CVE-2024-26173,CPE:cpe:2.3:o:microsoft:windows_server_2008:r2:sp1:*:*:*:*:x64:*,AFFECTS
CVE:CVE-2024-26173,CPE:cpe:2.3:o:microsoft:windows_server_2012:-:*:*:*:*:*:*:*,AFFECTS
CVE:CVE-2024-26173,CPE:cpe:2.3:o:microsoft:windows_server_2012:r2:*:*:*:*:*:*:*,AFFECTS
CVE:CVE-2024-26173,CPE:cpe:2.3:o:microsoft:windows_server_2016:*:*:*:*:*:*:*:*,AFFECTS
CVE:CVE-2024-26173,CPE:cpe:2.3:o:microsoft:windows_server_2019:*:*:*:*:*:*:*:*,AFFECTS
CVE:CVE-2024-26173,CPE:cpe:2.3:o:microsoft:windows_server_2022:*:*:*:*:*:*:*:*,AFFECTS
CVE:CVE-2024-26173,CPE:cpe:2.3:o:microsoft:windows_server_2022_23h2:*:*:*:*:*:*:*:*,AFFECTS
CVE:CVE-2024-26173,REF:CVE-2024-26173:0,REFERENCES
CVE:CVE-2024-21894,RISK:LOW,HAS_RISK
CVE:CVE-2024-21894,CWE:CWE-703,HAS_CWE
CVE:CVE-2024-21894,CWE:CWE-787,HAS_CWE
CVE:CVE-2024-21894,CPE:cpe:2.3:a:ivanti:connect_secure:22.1:*:*:*:*:*:*:*,AFFECTS
CVE:CVE-2024-21894,CPE:cpe:2.3:a:ivanti:connect_secure:22.2:*:*:*:*:*:*:*,AFFECTS
CVE:CVE-2024-21894,CPE:cpe:2.3:a:ivanti:connect_secure:22.3:*:*:*:*:*:*:*,AFFECTS
CVE:CVE-2024-21894,CPE:cpe:2.3:a:ivanti:connect_secure:22.4:*:*:*:*:*:*:*,AFFECTS
CVE:CVE-2024-21894,CPE:cpe:2.3:a:ivanti:connect_secure:22.5:*:*:*:*:*:*:*,AFFECTS
CVE:CVE-2024-21894,CPE:cpe:2.3:a:ivanti:connect_secure:22.6:*:*:*:*:*:*:*,AFFECTS
CVE:CVE-2024-21894,CPE:cpe:2.3:a:ivanti:connect_secure:9.1:r10:*:*:*:*:*:*,AFFECTS
CVE:CVE-2024-21894,CPE:cpe:2.3:a:ivanti:connect_secure:9.1:r11.5:*:*:*:*:*:*,AFFECTS
CVE:CVE-2024-21894,CPE:cpe:2.3:a:ivanti:connect_secure:9.1:r11:*:*:*:*:*:*,AFFECTS
CVE:CVE-2024-21894,CPE:cpe:2.3:a:ivanti:connect_secure:9.1:r12:*:*:*:*:*:*,AFFECTS
CVE:CVE-2024-21894,CPE:cpe:2.3:a:ivanti:connect_secure:9.1:r13:*:*:*:*:*:*,AFFECTS
CVE:CVE-2024-21894,CPE:cpe:2.3:a:ivanti:connect_secure:9.1:r14:*:*:lts:*:*:*,AFFECTS
CVE:CVE-2024-21894,CPE:cpe:2.3:a:ivanti:connect_secure:9.1:r15:*:*:*:*:*:*,AFFECTS
CVE:CVE-2024-21894,CPE:cpe:2.3:a:ivanti:connect_secure:9.1:r16:*:*:*:*:*:*,AFFECTS
CVE:CVE-2024-21894,CPE:cpe:2.3:a:ivanti:connect_secure:9.1:r17:*:*:*:*:*:*,AFFECTS
CVE:CVE-2024-21894,CPE:cpe:2.3:a:ivanti:connect_secure:9.1:r18:*:*:*:*:*:*,AFFECTS
CVE:CVE-2024-21894,CPE:cpe:2.3:a:ivanti:connect_secure:9.1:r1:*:*:*:*:*:*,AFFECTS
CVE:CVE-2024-21894,CPE:cpe:2.3:a:ivanti:connect_secure:9.1:r2:*:*:*:*:*:*,AFFECTS
CVE:CVE-2024-21894,CPE:cpe:2.3:a:ivanti:connect_secure:9.1:r3:*:*:*:*:*:*,AFFECTS
CVE:CVE-2024-21894,CPE:cpe:2.3:a:ivanti:connect_secure:9.1:r4.1:*:*:*:*:*:*,AFFECTS
CVE:CVE-2024-21894,CPE:cpe:2.3:a:ivanti:connect_secure:9.1:r4.2:*:*:*:*:*:*,AFFECTS
CVE:CVE-2024-21894,CPE:cpe:2.3:a:ivanti:connect_secure:9.1:r4.3:*:*:*:*:*:*,AFFECTS
CVE:CVE-2024-21894,CPE:cpe:2.3:a:ivanti:connect_secure:9.1:r4:*:*:*:*:*:*,AFFECTS
CVE:CVE-2024-21894,CPE:cpe:2.3:a:ivanti:connect_secure:9.1:r5:*:*:*:*:*:*,AFFECTS
CVE:CVE-2024-21894,CPE:cpe:2.3:a:ivanti:connect_secure:9.1:r6:*:*:*:*:*:*,AFFECTS
CVE:CVE-2024-21894,CPE:cpe:2.3:a:ivanti:connect_secure:9.1:r7:*:*:*:*:*:*,AFFECTS
CVE:CVE-2024-21894,CPE:cpe:2.3:a:ivanti:connect_secure:9.1:r8:*:*:*:*:*:*,AFFECTS
CVE:CVE-2024-21894,CPE:cpe:2.3:a:ivanti:connect_secure:9.1:r9:*:*:*:*:*:*,AFFECTS
CVE:CVE-2024-21894,CPE:cpe:2.3:a:ivanti:policy_secure:22.1:*:*:*:*:*:*:*,AFFECTS
CVE:CVE-2024-21894,CPE:cpe:2.3:a:ivanti:policy_secure:22.2:*:*:*:*:*:*:*,AFFECTS
CVE:CVE-2024-21894,CPE:cpe:2.3:a:ivanti:policy_secure:22.3:*:*:*:*:*:*:*,AFFECTS
CVE:CVE-2024-21894,CPE:cpe:2.3:a:ivanti:policy_secure:22.4:*:*:*:*:*:*:*,AFFECTS
CVE:CVE-2024-21894,CPE:cpe:2.3:a:ivanti:policy_secure:22.5:*:*:*:*:*:*:*,AFFECTS
CVE:CVE-2024-21894,CPE:cpe:2.3:a:ivanti:policy_secure:22.6:*:*:*:*:*:*:*,AFFECTS
CVE:CVE-2024-21894,CPE:cpe:2.3:a:ivanti:policy_secure:9.0:-:*:*:*:*:*:*,AFFECTS
CVE:CVE-2024-21894,CPE:cpe:2.3:a:ivanti:policy_secure:9.0:r1:*:*:*:*:*:*,AFFECTS
CVE:CVE-2024-21894,CPE:cpe:2.3:a:ivanti:policy_secure:9.0:r2.1:*:*:*:*:*:*,AFFECTS
CVE:CVE-2024-21894,CPE:cpe:2.3:a:ivanti:policy_secure:9.0:r2:*:*:*:*:*:*,AFFECTS
CVE:CVE-2024-21894,CPE:cpe:2.3:a:ivanti:policy_secure:9.0:r3.1:*:*:*:*:*:*,AFFECTS
CVE:CVE-2024-21894,CPE:cpe:2.3:a:ivanti:policy_secure:9.0:r3:*:*:*:*:*:*,AFFECTS
CVE:CVE-2024-21894,CPE:cpe:2.3:a:ivanti:policy_secure:9.0:r4:*:*:*:*:*:*,AFFECTS
CVE:CVE-2024-21894,CPE:cpe:2.3:a:ivanti:policy_secure:9.1:-:*:*:*:*:*:*,AFFECTS
CVE:CVE-2024-21894,CPE:cpe:2.3:a:ivanti:policy_secure:9.1:r10:*:*:*:*:*:*,AFFECTS
CVE:CVE-2024-21894,CPE:cpe:2.3:a:ivanti:policy_secure:9.1:r11:*:*:*:*:*:*,AFFECTS
CVE:CVE-2024-21894,CPE:cpe:2.3:a:ivanti:policy_secure:9.1:r12:*:*:*:*:*:*,AFFECTS
CVE:CVE-2024-21894,CPE:cpe:2.3:a:ivanti:policy_secure:9.1:r13:*:*:*:*:*:*,AFFECTS
CVE:CVE-2024-21894,CPE:cpe:2.3:a:ivanti:policy_secure:9.1:r14:*:*:*:*:*:*,AFFECTS
CVE:CVE-2024-21894,CPE:cpe:2.3:a:ivanti:policy_secure:9.1:r15:*:*:*:*:*:*,AFFECTS
CVE:CVE-2024-21894,CPE:cpe:2.3:a:ivanti:policy_secure:9.1:r16:*:*:*:*:*:*,AFFECTS
CVE:CVE-2024-21894,CPE:cpe:2.3:a:ivanti:policy_secure:9.1:r17:*:*:*:*:*:*,AFFECTS
CVE:CVE-2024-21894,CPE:cpe:2.3:a:ivanti:policy_secure:9.1:r18:*:*:*:*:*:*,AFFECTS
CVE:CVE-2024-21894,CPE:cpe:2.3:a:ivanti:policy_secure:9.1:r1:*:*:*:*:*:*,AFFECTS
CVE:CVE-2024-21894,CPE:cpe:2.3:a:ivanti:policy_secure:9.1:r2:*:*:*:*:*:*,AFFECTS
CVE:CVE-2024-21894,CPE:cpe:2.3:a:ivanti:policy_secure:9.1:r3:*:*:*:*:*:*,AFFECTS
CVE:CVE-2024-21894,CPE:cpe:2.3:a:ivanti:policy_secure:9.1:r4:*:*:*:*:*:*,AFFECTS
CVE:CVE-2024-21894,CPE:cpe:2.3:a:ivanti:policy_secure:9.1:r5:*:*:*:*:*:*,AFFECTS
CVE:CVE-2024-21894,CPE:cpe:2.3:a:ivanti:policy_secure:9.1:r6:*:*:*:*:*:*,AFFECTS
CVE:CVE-2024-21894,CPE:cpe:2.3:a:ivanti:policy_secure:9.1:r7:*:*:*:*:*:*,AFFECTS
CVE:CVE-2024-21894,CPE:cpe:2.3:a:ivanti:policy_secure:9.1:r8:*:*:*:*:*:*,AFFECTS
CVE:CVE-2024-21894,CPE:cpe:2.3:a:ivanti:policy_secure:9.1:r9:*:*:*:*:*:*,AFFECTS
CVE:CVE-2024-21894,REF:CVE-2024-21894:0,REFERENCES
CVE:CVE-2024-31987,RISK:LOW,HAS_RISK
CVE:CVE-2024-31987,CWE:CWE-862,HAS_CWE
CVE:CVE-2024-31987,CPE:cpe:2.3:a:xwiki:xwiki:*:*:*:*:*:*:*:*,AFFECTS
CVE:CVE-2024-31987,REF:CVE-2024-31987:0,REFERENCES
CVE:CVE-2024-31987,REF:CVE-2024-31987:1,REFERENCES
CVE:CVE-2024-31987,REF:CVE-2024-31987:2,REFERENCES
CVE:CVE-2024-31987,REF:CVE-2024-31987:3,REFERENCES
CVE:CVE-2024-31987,REF:CVE-2024-31987:4,REFERENCES
CVE:CVE-2024-30080,RISK:LOW,HAS_RISK
CVE:CVE-2024-30080,CWE:CWE-416,HAS_CWE
CVE:CVE-2024-30080,CPE:cpe:2.3:o:microsoft:windows_10_1507:*:*:*:*:*:*:*:*,AFFECTS
CVE:CVE-2024-30080,CPE:cpe:2.3:o:microsoft:windows_10_1607:*:*:*:*:*:*:*:*,AFFECTS
CVE:CVE-2024-30080,CPE:cpe:2.3:o:microsoft:windows_10_1809:*:*:*:*:*:*:*:*,AFFECTS
CVE:CVE-2024-30080,CPE:cpe:2.3:o:microsoft:windows_10_21h1:*:*:*:*:*:*:*:*,AFFECTS
CVE:CVE-2024-30080,CPE:cpe:2.3:o:microsoft:windows_11_21h2:*:*:*:*:*:*:*:*,AFFECTS
CVE:CVE-2024-30080,CPE:cpe:2.3:o:microsoft:windows_11_22h2:*:*:*:*:*:*:*:*,AFFECTS
CVE:CVE-2024-30080,CPE:cpe:2.3:o:microsoft:windows_11_23h2:*:*:*:*:*:*:*:*,AFFECTS
CVE:CVE-2024-30080,CPE:cpe:2.3:o:microsoft:windows_server_2008:-:sp2:*:*:*:*:x64:*,AFFECTS
CVE:CVE-2024-30080,CPE:cpe:2.3:o:microsoft:windows_server_2008:-:sp2:*:*:*:*:x86:*,AFFECTS
CVE:CVE-2024-30080,CPE:cpe:2.3:o:microsoft:windows_server_2008:r2:sp1:*:*:*:*:x64:*,AFFECTS
CVE:CVE-2024-30080,CPE:cpe:2.3:o:microsoft:windows_server_2012:-:*:*:*:*:*:*:*,AFFECTS
CVE:CVE-2024-30080,CPE:cpe:2.3:o:microsoft:windows_server_2012:r2:*:*:*:*:*:*:*,AFFECTS
CVE:CVE-2024-30080,CPE:cpe:2.3:o:microsoft:windows_server_2016:-:*:*:*:*:*:*:*,AFFECTS
CVE:CVE-2024-30080,CPE:cpe:2.3:o:microsoft:windows_server_2019:*:*:*:*:*:*:*:*,AFFECTS
CVE:CVE-2024-30080,CPE:cpe:2.3:o:microsoft:windows_server_2022:*:*:*:*:*:*:*:*,AFFECTS
CVE:CVE-2024-30080,CPE:cpe:2.3:o:microsoft:windows_server_2022_23h2:*:*:*:*:*:*:*:*,AFFECTS
CVE:CVE-2024-30080,REF:CVE-2024-30080:0,REFERENCES
CVE:CVE-2024-30080,REF:CVE-2024-30080:1,REFERENCES
CVE:CVE-2024-30080,REF:CVE-2024-30080:2,REFERENCES
CVE:CVE-2024-30084,RISK:LOW,HAS_RISK
CVE:CVE-2024-30084,CWE:CWE-367,HAS_CWE
CVE:CVE-2024-30084,CPE:cpe:2.3:o:microsoft:windows_10_1507:*:*:*:*:*:*:*:*,AFFECTS
CVE:CVE-2024-30084,CPE:cpe:2.3:o:microsoft:windows_10_1607:*:*:*:*:*:*:*:*,AFFECTS
CVE:CVE-2024-30084,CPE:cpe:2.3:o:microsoft:windows_10_1809:*:*:*:*:*:*:*:*,AFFECTS
CVE:CVE-2024-30084,CPE:cpe:2.3:o:microsoft:windows_10_21h2:*:*:*:*:*:*:*:*,AFFECTS
CVE:CVE-2024-30084,CPE:cpe:2.3:o:microsoft:windows_10_22h2:*:*:*:*:*:*:*:*,AFFECTS
CVE:CVE-2024-30084,CPE:cpe:2.3:o:microsoft:windows_11_21h2:*:*:*:*:*:*:*:*,AFFECTS
CVE:CVE-2024-30084,CPE:cpe:2.3:o:microsoft:windows_11_22h2:*:*:*:*:*:*:*:*,AFFECTS
CVE:CVE-2024-30084,CPE:cpe:2.3:o:microsoft:windows_11_23h2:*:*:*:*:*:*:*:*,AFFECTS
CVE:CVE-2024-30084,CPE:cpe:2.3:o:microsoft:windows_server_2008:-:sp2:*:*:*:*:x64:*,AFFECTS
CVE:CVE-2024-30084,CPE:cpe:2.3:o:microsoft:windows_server_2008:-:sp2:*:*:*:*:x86:*,AFFECTS
CVE:CVE-2024-30084,CPE:cpe:2.3:o:microsoft:windows_server_2008:r2:sp1:*:*:*:*:*:*,AFFECTS
CVE:CVE-2024-30084,CPE:cpe:2.3:o:microsoft:windows_server_2012:-:*:*:*:*:*:*:*,AFFECTS
CVE:CVE-2024-30084,CPE:cpe:2.3:o:microsoft:windows_server_2012:r2:*:*:*:*:*:*:*,AFFECTS
CVE:CVE-2024-30084,CPE:cpe:2.3:o:microsoft:windows_server_2016:*:*:*:*:*:*:*:*,AFFECTS
CVE:CVE-2024-30084,CPE:cpe:2.3:o:microsoft:windows_server_2019:*:*:*:*:*:*:*:*,AFFECTS
CVE:CVE-2024-30084,CPE:cpe:2.3:o:microsoft:windows_server_2022:*:*:*:*:*:*:*:*,AFFECTS
CVE:CVE-2024-30084,CPE:cpe:2.3:o:microsoft:windows_server_2022_23h2:*:*:*:*:*:*:*:*,AFFECTS
CVE:CVE-2024-30084,REF:CVE-2024-30084:0,REFERENCES
CVE:CVE-2024-30089,RISK:LOW,HAS_RISK
CVE:CVE-2024-30089,CWE:CWE-416,HAS_CWE
CVE:CVE-2024-30089,CPE:cpe:2.3:o:microsoft:windows_10_1809:*:*:*:*:*:*:*:*,AFFECTS
CVE:CVE-2024-30089,CPE:cpe:2.3:o:microsoft:windows_10_21h2:*:*:*:*:*:*:*:*,AFFECTS
CVE:CVE-2024-30089,CPE:cpe:2.3:o:microsoft:windows_10_22h2:*:*:*:*:*:*:*:*,AFFECTS
CVE:CVE-2024-30089,CPE:cpe:2.3:o:microsoft:windows_11_21h2:*:*:*:*:*:*:*:*,AFFECTS
CVE:CVE-2024-30089,CPE:cpe:2.3:o:microsoft:windows_11_22h2:*:*:*:*:*:*:*:*,AFFECTS
CVE:CVE-2024-30089,CPE:cpe:2.3:o:microsoft:windows_11_23h2:*:*:*:*:*:*:*:*,AFFECTS
CVE:CVE-2024-30089,CPE:cpe:2.3:o:microsoft:windows_server_2019:*:*:*:*:*:*:*:*,AFFECTS
CVE:CVE-2024-30089,CPE:cpe:2.3:o:microsoft:windows_server_2022:*:*:*:*:*:*:*:*,AFFECTS
CVE:CVE-2024-30089,CPE:cpe:2.3:o:microsoft:windows_server_2022_23h2:*:*:*:*:*:*:*:*,AFFECTS
CVE:CVE-2024-30089,REF:CVE-2024-30089:0,REFERENCES
CVE:CVE-2024-30103,RISK:LOW,HAS_RISK
CVE:CVE-2024-30103,CWE:CWE-184,HAS_CWE
CVE:CVE-2024-30103,CPE:cpe:2.3:a:microsoft:365_apps:-:*:*:*:enterprise:*:x64:*,AFFECTS
CVE:CVE-2024-30103,CPE:cpe:2.3:a:microsoft:365_apps:-:*:*:*:enterprise:*:x86:*,AFFECTS
CVE:CVE-2024-30103,CPE:cpe:2.3:a:microsoft:office:2019:*:*:*:*:*:x64:*,AFFECTS
CVE:CVE-2024-30103,CPE:cpe:2.3:a:microsoft:office:2019:*:*:*:*:*:x86:*,AFFECTS
CVE:CVE-2024-30103,CPE:cpe:2.3:a:microsoft:office_long_term_servicing_channel:2021:*:*:*:*:*:x64:*,AFFECTS
CVE:CVE-2024-30103,CPE:cpe:2.3:a:microsoft:office_long_term_servicing_channel:2021:*:*:*:*:*:x86:*,AFFECTS
CVE:CVE-2024-30103,CPE:cpe:2.3:a:microsoft:outlook:2016:*:*:*:*:*:x64:*,AFFECTS
CVE:CVE-2024-30103,CPE:cpe:2.3:a:microsoft:outlook:2016:*:*:*:*:*:x86:*,AFFECTS
CVE:CVE-2024-30103,REF:CVE-2024-30103:0,REFERENCES
CVE:CVE-2024-34108,RISK:LOW,HAS_RISK
CVE:CVE-2024-34108,CWE:CWE-20,HAS_CWE
CVE:CVE-2024-34108,CPE:cpe:2.3:a:adobe:commerce:2.3.7:-:*:*:*:*:*:*,AFFECTS
CVE:CVE-2024-34108,CPE:cpe:2.3:a:adobe:commerce:2.3.7:p1:*:*:*:*:*:*,AFFECTS
CVE:CVE-2024-34108,CPE:cpe:2.3:a:adobe:commerce:2.3.7:p2:*:*:*:*:*:*,AFFECTS
CVE:CVE-2024-34108,CPE:cpe:2.3:a:adobe:commerce:2.3.7:p3:*:*:*:*:*:*,AFFECTS
CVE:CVE-2024-34108,CPE:cpe:2.3:a:adobe:commerce:2.3.7:p4-ext1:*:*:*:*:*:*,AFFECTS
CVE:CVE-2024-34108,CPE:cpe:2.3:a:adobe:commerce:2.3.7:p4-ext2:*:*:*:*:*:*,AFFECTS
CVE:CVE-2024-34108,CPE:cpe:2.3:a:adobe:commerce:2.3.7:p4-ext3:*:*:*:*:*:*,AFFECTS
CVE:CVE-2024-34108,CPE:cpe:2.3:a:adobe:commerce:2.3.7:p4-ext4:*:*:*:*:*:*,AFFECTS
CVE:CVE-2024-34108,CPE:cpe:2.3:a:adobe:commerce:2.3.7:p4:*:*:*:*:*:*,AFFECTS
CVE:CVE-2024-34108,CPE:cpe:2.3:a:adobe:commerce:2.4.0:-:*:*:*:*:*:*,AFFECTS
CVE:CVE-2024-34108,CPE:cpe:2.3:a:adobe:commerce:2.4.0:ext-1:*:*:*:*:*:*,AFFECTS
CVE:CVE-2024-34108,CPE:cpe:2.3:a:adobe:commerce:2.4.0:ext-2:*:*:*:*:*:*,AFFECTS
CVE:CVE-2024-34108,CPE:cpe:2.3:a:adobe:commerce:2.4.0:ext-3:*:*:*:*:*:*,AFFECTS
CVE:CVE-2024-34108,CPE:cpe:2.3:a:adobe:commerce:2.4.0:ext-4:*:*:*:*:*:*,AFFECTS
CVE:CVE-2024-34108,CPE:cpe:2.3:a:adobe:commerce:2.4.1:-:*:*:*:*:*:*,AFFECTS
CVE:CVE-2024-34108,CPE:cpe:2.3:a:adobe:commerce:2.4.1:ext-1:*:*:*:*:*:*,AFFECTS
CVE:CVE-2024-34108,CPE:cpe:2.3:a:adobe:commerce:2.4.1:ext-2:*:*:*:*:*:*,AFFECTS
CVE:CVE-2024-34108,CPE:cpe:2.3:a:adobe:commerce:2.4.1:ext-3:*:*:*:*:*:*,AFFECTS
CVE:CVE-2024-34108,CPE:cpe:2.3:a:adobe:commerce:2.4.1:ext-4:*:*:*:*:*:*,AFFECTS
CVE:CVE-2024-34108,CPE:cpe:2.3:a:adobe:commerce:2.4.2:-:*:*:*:*:*:*,AFFECTS
CVE:CVE-2024-34108,CPE:cpe:2.3:a:adobe:commerce:2.4.2:ext-1:*:*:*:*:*:*,AFFECTS
CVE:CVE-2024-34108,CPE:cpe:2.3:a:adobe:commerce:2.4.2:ext-2:*:*:*:*:*:*,AFFECTS
CVE:CVE-2024-34108,CPE:cpe:2.3:a:adobe:commerce:2.4.2:ext-3:*:*:*:*:*:*,AFFECTS
CVE:CVE-2024-34108,CPE:cpe:2.3:a:adobe:commerce:2.4.2:ext-4:*:*:*:*:*:*,AFFECTS
CVE:CVE-2024-34108,CPE:cpe:2.3:a:adobe:commerce:2.4.3:-:*:*:*:*:*:*,AFFECTS
CVE:CVE-2024-34108,CPE:cpe:2.3:a:adobe:commerce:2.4.3:ext-1:*:*:*:*:*:*,AFFECTS
CVE:CVE-2024-34108,CPE:cpe:2.3:a:adobe:commerce:2.4.3:ext-2:*:*:*:*:*:*,AFFECTS
CVE:CVE-2024-34108,CPE:cpe:2.3:a:adobe:commerce:2.4.3:ext-3:*:*:*:*:*:*,AFFECTS
CVE:CVE-2024-34108,CPE:cpe:2.3:a:adobe:commerce:2.4.3:ext-4:*:*:*:*:*:*,AFFECTS
CVE:CVE-2024-34108,CPE:cpe:2.3:a:adobe:commerce:2.4.4:-:*:*:*:*:*:*,AFFECTS
CVE:CVE-2024-34108,CPE:cpe:2.3:a:adobe:commerce:2.4.4:p1:*:*:*:*:*:*,AFFECTS
CVE:CVE-2024-34108,CPE:cpe:2.3:a:adobe:commerce:2.4.4:p2:*:*:*:*:*:*,AFFECTS
CVE:CVE-2024-34108,CPE:cpe:2.3:a:adobe:commerce:2.4.4:p3:*:*:*:*:*:*,AFFECTS
CVE:CVE-2024-34108,CPE:cpe:2.3:a:adobe:commerce:2.4.4:p4:*:*:*:*:*:*,AFFECTS
CVE:CVE-2024-34108,CPE:cpe:2.3:a:adobe:commerce:2.4.4:p5:*:*:*:*:*:*,AFFECTS
CVE:CVE-2024-34108,CPE:cpe:2.3:a:adobe:commerce:2.4.4:p6:*:*:*:*:*:*,AFFECTS
CVE:CVE-2024-34108,CPE:cpe:2.3:a:adobe:commerce:2.4.5:-:*:*:*:*:*:*,AFFECTS
CVE:CVE-2024-34108,CPE:cpe:2.3:a:adobe:commerce:2.4.5:p1:*:*:*:*:*:*,AFFECTS
CVE:CVE-2024-34108,CPE:cpe:2.3:a:adobe:commerce:2.4.5:p2:*:*:*:*:*:*,AFFECTS
CVE:CVE-2024-34108,CPE:cpe:2.3:a:adobe:commerce:2.4.5:p3:*:*:*:*:*:*,AFFECTS
CVE:CVE-2024-34108,CPE:cpe:2.3:a:adobe:commerce:2.4.5:p4:*:*:*:*:*:*,AFFECTS
CVE:CVE-2024-34108,CPE:cpe:2.3:a:adobe:commerce:2.4.5:p5:*:*:*:*:*:*,AFFECTS
CVE:CVE-2024-34108,CPE:cpe:2.3:a:adobe:commerce:2.4.6:-:*:*:*:*:*:*,AFFECTS
CVE:CVE-2024-34108,CPE:cpe:2.3:a:adobe:commerce:2.4.6:p1:*:*:*:*:*:*,AFFECTS
CVE:CVE-2024-34108,CPE:cpe:2.3:a:adobe:commerce:2.4.6:p2:*:*:*:*:*:*,AFFECTS
CVE:CVE-2024-34108,CPE:cpe:2.3:a:adobe:commerce:2.4.6:p3:*:*:*:*:*:*,AFFECTS
CVE:CVE-2024-34108,CPE:cpe:2.3:a:adobe:commerce_webhooks:*:*:*:*:*:*:*:*,AFFECTS
CVE:CVE-2024-34108,CPE:cpe:2.3:a:adobe:magento:2.4.4:-:*:*:open_source:*:*:*,AFFECTS
CVE:CVE-2024-34108,CPE:cpe:2.3:a:adobe:magento:2.4.4:p1:*:*:open_source:*:*:*,AFFECTS
CVE:CVE-2024-34108,CPE:cpe:2.3:a:adobe:magento:2.4.4:p2:*:*:open_source:*:*:*,AFFECTS
CVE:CVE-2024-34108,CPE:cpe:2.3:a:adobe:magento:2.4.4:p3:*:*:open_source:*:*:*,AFFECTS
CVE:CVE-2024-34108,CPE:cpe:2.3:a:adobe:magento:2.4.4:p4:*:*:open_source:*:*:*,AFFECTS
CVE:CVE-2024-34108,CPE:cpe:2.3:a:adobe:magento:2.4.4:p5:*:*:open_source:*:*:*,AFFECTS
CVE:CVE-2024-34108,CPE:cpe:2.3:a:adobe:magento:2.4.4:p6:*:*:open_source:*:*:*,AFFECTS
CVE:CVE-2024-34108,CPE:cpe:2.3:a:adobe:magento:2.4.4:p7:*:*:open_source:*:*:*,AFFECTS
CVE:CVE-2024-34108,CPE:cpe:2.3:a:adobe:magento:2.4.4:p8:*:*:open_source:*:*:*,AFFECTS
CVE:CVE-2024-34108,CPE:cpe:2.3:a:adobe:magento:2.4.5:-:*:*:open_source:*:*:*,AFFECTS
CVE:CVE-2024-34108,CPE:cpe:2.3:a:adobe:magento:2.4.5:p1:*:*:open_source:*:*:*,AFFECTS
CVE:CVE-2024-34108,CPE:cpe:2.3:a:adobe:magento:2.4.5:p2:*:*:open_source:*:*:*,AFFECTS
CVE:CVE-2024-34108,CPE:cpe:2.3:a:adobe:magento:2.4.5:p3:*:*:open_source:*:*:*,AFFECTS
CVE:CVE-2024-34108,CPE:cpe:2.3:a:adobe:magento:2.4.5:p4:*:*:open_source:*:*:*,AFFECTS
CVE:CVE-2024-34108,CPE:cpe:2.3:a:adobe:magento:2.4.5:p5:*:*:open_source:*:*:*,AFFECTS
CVE:CVE-2024-34108,CPE:cpe:2.3:a:adobe:magento:2.4.5:p6:*:*:open_source:*:*:*,AFFECTS
CVE:CVE-2024-34108,CPE:cpe:2.3:a:adobe:magento:2.4.5:p7:*:*:open_source:*:*:*,AFFECTS
CVE:CVE-2024-34108,CPE:cpe:2.3:a:adobe:magento:2.4.6:-:*:*:open_source:*:*:*,AFFECTS
CVE:CVE-2024-34108,CPE:cpe:2.3:a:adobe:magento:2.4.6:p1:*:*:open_source:*:*:*,AFFECTS
CVE:CVE-2024-34108,CPE:cpe:2.3:a:adobe:magento:2.4.6:p2:*:*:open_source:*:*:*,AFFECTS
CVE:CVE-2024-34108,CPE:cpe:2.3:a:adobe:magento:2.4.6:p3:*:*:open_source:*:*:*,AFFECTS
CVE:CVE-2024-34108,CPE:cpe:2.3:a:adobe:magento:2.4.6:p4:*:*:open_source:*:*:*,AFFECTS
CVE:CVE-2024-34108,CPE:cpe:2.3:a:adobe:magento:2.4.6:p5:*:*:open_source:*:*:*,AFFECTS
CVE:CVE-2024-34108,CPE:cpe:2.3:a:adobe:magento:2.4.7:b1:*:*:open_source:*:*:*,AFFECTS
CVE:CVE-2024-34108,REF:CVE-2024-34108:0,REFERENCES
CVE:CVE-2024-39374,RISK:LOW,HAS_RISK
CVE:CVE-2024-39374,CWE:CWE-798,HAS_CWE
CVE:CVE-2024-39374,CPE:cpe:2.3:h:markoni:markoni-d_\(compact\):-:*:*:*:*:*:*:*,AFFECTS
CVE:CVE-2024-39374,CPE:cpe:2.3:h:markoni:markoni-dh_\(exciter\+amplifiers\):-:*:*:*:*:*:*:*,AFFECTS
CVE:CVE-2024-39374,CPE:cpe:2.3:o:markoni:markoni-d_\(compact\)_firmware:*:*:*:*:*:*:*:*,AFFECTS
CVE:CVE-2024-39374,CPE:cpe:2.3:o:markoni:markoni-dh_\(exciter\+amplifiers\)_firmware:*:*:*:*:*:*:*:*,AFFECTS
CVE:CVE-2024-39374,REF:CVE-2024-39374:0,REFERENCES
CVE:CVE-2024-38091,RISK:LOW,HAS_RISK
CVE:CVE-2024-38091,CWE:CWE-166,HAS_CWE
CVE:CVE-2024-38091,CPE:cpe:2.3:o:microsoft:windows_10_1507:*:*:*:*:*:*:*:*,AFFECTS
CVE:CVE-2024-38091,CPE:cpe:2.3:o:microsoft:windows_10_1607:*:*:*:*:*:*:*:*,AFFECTS
CVE:CVE-2024-38091,CPE:cpe:2.3:o:microsoft:windows_10_1809:*:*:*:*:*:*:*:*,AFFECTS
CVE:CVE-2024-38091,CPE:cpe:2.3:o:microsoft:windows_10_21h2:*:*:*:*:*:*:*:*,AFFECTS
CVE:CVE-2024-38091,CPE:cpe:2.3:o:microsoft:windows_10_22h2:*:*:*:*:*:*:*:*,AFFECTS
CVE:CVE-2024-38091,CPE:cpe:2.3:o:microsoft:windows_11_21h2:*:*:*:*:*:*:*:*,AFFECTS
CVE:CVE-2024-38091,CPE:cpe:2.3:o:microsoft:windows_11_22h2:*:*:*:*:*:*:*:*,AFFECTS
CVE:CVE-2024-38091,CPE:cpe:2.3:o:microsoft:windows_11_23h2:*:*:*:*:*:*:*:*,AFFECTS
CVE:CVE-2024-38091,CPE:cpe:2.3:o:microsoft:windows_server_2008:-:sp2:*:*:*:*:x64:*,AFFECTS
CVE:CVE-2024-38091,CPE:cpe:2.3:o:microsoft:windows_server_2008:-:sp2:*:*:*:*:x86:*,AFFECTS
CVE:CVE-2024-38091,CPE:cpe:2.3:o:microsoft:windows_server_2008:r2:sp1:*:*:*:*:x64:*,AFFECTS
CVE:CVE-2024-38091,CPE:cpe:2.3:o:microsoft:windows_server_2012:-:*:*:*:*:*:*:*,AFFECTS
CVE:CVE-2024-38091,CPE:cpe:2.3:o:microsoft:windows_server_2012:r2:*:*:*:*:*:*:*,AFFECTS
CVE:CVE-2024-38091,CPE:cpe:2.3:o:microsoft:windows_server_2016:*:*:*:*:*:*:*:*,AFFECTS
CVE:CVE-2024-38091,CPE:cpe:2.3:o:microsoft:windows_server_2019:*:*:*:*:*:*:*:*,AFFECTS
CVE:CVE-2024-38091,CPE:cpe:2.3:o:microsoft:windows_server_2022:*:*:*:*:*:*:*:*,AFFECTS
CVE:CVE-2024-38091,CPE:cpe:2.3:o:microsoft:windows_server_2022_23h2:*:*:*:*:*:*:*:*,AFFECTS
CVE:CVE-2024-38091,REF:CVE-2024-38091:0,REFERENCES
CVE:CVE-2024-31070,RISK:LOW,HAS_RISK
CVE:CVE-2024-31070,CWE:CWE-1188,HAS_CWE
CVE:CVE-2024-31070,CPE:cpe:2.3:h:centurysys:futurenet_nxr-1200:-:*:*:*:*:*:*:*,AFFECTS
CVE:CVE-2024-31070,CPE:cpe:2.3:h:centurysys:futurenet_nxr-120\/c:-:*:*:*:*:*:*:*,AFFECTS
CVE:CVE-2024-31070,CPE:cpe:2.3:h:centurysys:futurenet_nxr-130\/c:-:*:*:*:*:*:*:*,AFFECTS
CVE:CVE-2024-31070,CPE:cpe:2.3:h:centurysys:futurenet_nxr-160\/lw:-:*:*:*:*:*:*:*,AFFECTS
CVE:CVE-2024-31070,CPE:cpe:2.3:h:centurysys:futurenet_nxr-230\/c:-:*:*:*:*:*:*:*,AFFECTS
CVE:CVE-2024-31070,CPE:cpe:2.3:h:centurysys:futurenet_nxr-350\/c:-:*:*:*:*:*:*:*,AFFECTS
CVE:CVE-2024-31070,CPE:cpe:2.3:h:centurysys:futurenet_nxr-530:-:*:*:*:*:*:*:*,AFFECTS
CVE:CVE-2024-31070,CPE:cpe:2.3:h:centurysys:futurenet_nxr-g180\/l-ca:-:*:*:*:*:*:*:*,AFFECTS
CVE:CVE-2024-31070,CPE:cpe:2.3:h:centurysys:futurenet_wxr-250:-:*:*:*:*:*:*:*,AFFECTS
CVE:CVE-2024-31070,CPE:cpe:2.3:o:centurysys:futurenet_nxr-1200_firmware:*:*:*:*:*:*:*:*,AFFECTS
CVE:CVE-2024-31070,CPE:cpe:2.3:o:centurysys:futurenet_nxr-120\/c_firmware:*:*:*:*:*:*:*:*,AFFECTS
CVE:CVE-2024-31070,CPE:cpe:2.3:o:centurysys:futurenet_nxr-125\/cx_firmware:*:*:*:*:*:*:*:*,AFFECTS
CVE:CVE-2024-31070,CPE:cpe:2.3:o:centurysys:futurenet_nxr-1300_firmware:*:*:*:*:*:*:*:*,AFFECTS
CVE:CVE-2024-31070,CPE:cpe:2.3:o:centurysys:futurenet_nxr-130\/c_firmware:*:*:*:*:*:*:*:*,AFFECTS
CVE:CVE-2024-31070,CPE:cpe:2.3:o:centurysys:futurenet_nxr-155\/c_firmware:*:*:*:*:*:*:*:*,AFFECTS
CVE:CVE-2024-31070,CPE:cpe:2.3:o:centurysys:futurenet_nxr-160\/lw_firmware:*:*:*:*:*:*:*:*,AFFECTS
CVE:CVE-2024-31070,CPE:cpe:2.3:o:centurysys:futurenet_nxr-230\/c_firmware:*:*:*:*:*:*:*:*,AFFECTS
CVE:CVE-2024-31070,CPE:cpe:2.3:o:centurysys:futurenet_nxr-350\/c_firmware:*:*:*:*:*:*:*:*,AFFECTS
CVE:CVE-2024-31070,CPE:cpe:2.3:o:centurysys:futurenet_nxr-530_firmware:*:*:*:*:*:*:*:*,AFFECTS
CVE:CVE-2024-31070,CPE:cpe:2.3:o:centurysys:futurenet_nxr-610x_firmware:*:*:*:*:*:*:*:*,AFFECTS
CVE:CVE-2024-31070,CPE:cpe:2.3:o:centurysys:futurenet_nxr-650_firmware:*:*:*:*:*:*:*:*,AFFECTS
CVE:CVE-2024-31070,CPE:cpe:2.3:o:centurysys:futurenet_nxr-g050_firmware:*:*:*:*:*:*:*:*,AFFECTS
CVE:CVE-2024-31070,CPE:cpe:2.3:o:centurysys:futurenet_nxr-g060_firmware:*:*:*:*:*:*:*:*,AFFECTS
CVE:CVE-2024-31070,CPE:cpe:2.3:o:centurysys:futurenet_nxr-g100_firmware:*:*:*:*:*:*:*:*,AFFECTS
CVE:CVE-2024-31070,CPE:cpe:2.3:o:centurysys:futurenet_nxr-g110_firmware:*:*:*:*:*:*:*:*,AFFECTS
CVE:CVE-2024-31070,CPE:cpe:2.3:o:centurysys:futurenet_nxr-g120_firmware:*:*:*:*:*:*:*:*,AFFECTS
CVE:CVE-2024-31070,CPE:cpe:2.3:o:centurysys:futurenet_nxr-g180\/l-ca_firmware:*:*:*:*:*:*:*:*,AFFECTS
CVE:CVE-2024-31070,CPE:cpe:2.3:o:centurysys:futurenet_nxr-g200_firmware:*:*:*:*:*:*:*:*,AFFECTS
CVE:CVE-2024-31070,CPE:cpe:2.3:o:centurysys:futurenet_vxr-x64:*:*:*:*:*:*:*:*,AFFECTS
CVE:CVE-2024-31070,CPE:cpe:2.3:o:centurysys:futurenet_vxr-x86:*:*:*:*:*:*:*:*,AFFECTS
CVE:CVE-2024-31070,CPE:cpe:2.3:o:centurysys:futurenet_wxr-250_firmware:*:*:*:*:*:*:*:*,AFFECTS
CVE:CVE-2024-31070,REF:CVE-2024-31070:0,REFERENCES
CVE:CVE-2024-31070,REF:CVE-2024-31070:1,REFERENCES
CVE:CVE-2024-31070,REF:CVE-2024-31070:2,REFERENCES
CVE:CVE-2024-38131,RISK:LOW,HAS_RISK
CVE:CVE-2024-38131,CWE:CWE-591,HAS_CWE
CVE:CVE-2024-38131,CPE:cpe:2.3:a:microsoft:remote_desktop_client:*:*:*:*:*:windows:*:*,AFFECTS
CVE:CVE-2024-38131,CPE:cpe:2.3:o:microsoft:windows_10_1507:*:*:*:*:*:*:*:*,AFFECTS
CVE:CVE-2024-38131,CPE:cpe:2.3:o:microsoft:windows_10_1607:*:*:*:*:*:*:*:*,AFFECTS
CVE:CVE-2024-38131,CPE:cpe:2.3:o:microsoft:windows_10_1809:*:*:*:*:*:*:*:*,AFFECTS
CVE:CVE-2024-38131,CPE:cpe:2.3:o:microsoft:windows_10_21h2:*:*:*:*:*:*:*:*,AFFECTS
CVE:CVE-2024-38131,CPE:cpe:2.3:o:microsoft:windows_10_22h2:*:*:*:*:*:*:*:*,AFFECTS
CVE:CVE-2024-38131,CPE:cpe:2.3:o:microsoft:windows_11_21h2:*:*:*:*:*:*:*:*,AFFECTS
CVE:CVE-2024-38131,CPE:cpe:2.3:o:microsoft:windows_11_22h2:*:*:*:*:*:*:*:*,AFFECTS
CVE:CVE-2024-38131,CPE:cpe:2.3:o:microsoft:windows_11_23h2:*:*:*:*:*:*:*:*,AFFECTS
CVE:CVE-2024-38131,CPE:cpe:2.3:o:microsoft:windows_11_24h2:*:*:*:*:*:*:*:*,AFFECTS
CVE:CVE-2024-38131,CPE:cpe:2.3:o:microsoft:windows_server_2008:-:sp2:*:*:*:*:*:*,AFFECTS
CVE:CVE-2024-38131,CPE:cpe:2.3:o:microsoft:windows_server_2008:r2:sp1:*:*:*:*:x64:*,AFFECTS
CVE:CVE-2024-38131,CPE:cpe:2.3:o:microsoft:windows_server_2012:*:*:*:*:*:*:*:*,AFFECTS
CVE:CVE-2024-38131,CPE:cpe:2.3:o:microsoft:windows_server_2012:r2:*:*:*:*:*:*:*,AFFECTS
CVE:CVE-2024-38131,CPE:cpe:2.3:o:microsoft:windows_server_2016:*:*:*:*:*:*:*:*,AFFECTS
CVE:CVE-2024-38131,CPE:cpe:2.3:o:microsoft:windows_server_2019:*:*:*:*:*:*:*:*,AFFECTS
CVE:CVE-2024-38131,CPE:cpe:2.3:o:microsoft:windows_server_2022:*:*:*:*:*:*:*:*,AFFECTS
CVE:CVE-2024-38131,CPE:cpe:2.3:o:microsoft:windows_server_2022_23h2:*:*:*:*:*:*:*:*,AFFECTS
CVE:CVE-2024-38131,REF:CVE-2024-38131:0,REFERENCES
CVE:CVE-2024-44342,RISK:LOW,HAS_RISK
CVE:CVE-2024-44342,CWE:CWE-78,HAS_CWE
CVE:CVE-2024-44342,CPE:cpe:2.3:h:dlink:dir-846w:a1:*:*:*:*:*:*:*,AFFECTS
CVE:CVE-2024-44342,CPE:cpe:2.3:o:dlink:dir-846w_firmware:fw100a43:*:*:*:*:*:*:*,AFFECTS
CVE:CVE-2024-44342,REF:CVE-2024-44342:0,REFERENCES
CVE:CVE-2024-44342,REF:CVE-2024-44342:1,REFERENCES
CVE:CVE-2024-44342,REF:CVE-2024-44342:2,REFERENCES
CVE:CVE-2024-38238,RISK:LOW,HAS_RISK
CVE:CVE-2024-38238,CWE:CWE-122,HAS_CWE
CVE:CVE-2024-38238,CPE:cpe:2.3:o:microsoft:windows_10_1507:*:*:*:*:*:*:x64:*,AFFECTS
CVE:CVE-2024-38238,CPE:cpe:2.3:o:microsoft:windows_10_1507:*:*:*:*:*:*:x86:*,AFFECTS
CVE:CVE-2024-38238,CPE:cpe:2.3:o:microsoft:windows_10_1607:*:*:*:*:*:*:x64:*,AFFECTS
CVE:CVE-2024-38238,CPE:cpe:2.3:o:microsoft:windows_10_1607:*:*:*:*:*:*:x86:*,AFFECTS
CVE:CVE-2024-38238,CPE:cpe:2.3:o:microsoft:windows_10_1809:*:*:*:*:*:*:*:*,AFFECTS
CVE:CVE-2024-38238,CPE:cpe:2.3:o:microsoft:windows_10_21h2:*:*:*:*:*:*:*:*,AFFECTS
CVE:CVE-2024-38238,CPE:cpe:2.3:o:microsoft:windows_10_22h2:*:*:*:*:*:*:arm64:*,AFFECTS
CVE:CVE-2024-38238,CPE:cpe:2.3:o:microsoft:windows_10_22h2:*:*:*:*:*:*:x64:*,AFFECTS
CVE:CVE-2024-38238,CPE:cpe:2.3:o:microsoft:windows_10_22h2:*:*:*:*:*:*:x86:*,AFFECTS
CVE:CVE-2024-38238,CPE:cpe:2.3:o:microsoft:windows_11_21h2:*:*:*:*:*:*:*:*,AFFECTS
CVE:CVE-2024-38238,CPE:cpe:2.3:o:microsoft:windows_11_22h2:*:*:*:*:*:*:*:*,AFFECTS
CVE:CVE-2024-38238,CPE:cpe:2.3:o:microsoft:windows_11_23h2:*:*:*:*:*:*:arm64:*,AFFECTS
CVE:CVE-2024-38238,CPE:cpe:2.3:o:microsoft:windows_11_23h2:*:*:*:*:*:*:x64:*,AFFECTS
CVE:CVE-2024-38238,CPE:cpe:2.3:o:microsoft:windows_11_24h2:*:*:*:*:*:*:arm64:*,AFFECTS
CVE:CVE-2024-38238,CPE:cpe:2.3:o:microsoft:windows_11_24h2:*:*:*:*:*:*:x64:*,AFFECTS
CVE:CVE-2024-38238,CPE:cpe:2.3:o:microsoft:windows_server_2016:*:*:*:*:*:*:*:*,AFFECTS
CVE:CVE-2024-38238,CPE:cpe:2.3:o:microsoft:windows_server_2019:*:*:*:*:*:*:*:*,AFFECTS
CVE:CVE-2024-38238,CPE:cpe:2.3:o:microsoft:windows_server_2022:*:*:*:*:*:*:*:*,AFFECTS
CVE:CVE-2024-38238,CPE:cpe:2.3:o:microsoft:windows_server_2022_23h2:*:*:*:*:*:*:*:*,AFFECTS
CVE:CVE-2024-38238,REF:CVE-2024-38238:0,REFERENCES
CVE:CVE-2024-38241,RISK:LOW,HAS_RISK
CVE:CVE-2024-38241,CWE:CWE-20,HAS_CWE
CVE:CVE-2024-38241,CPE:cpe:2.3:o:microsoft:windows_10_1507:*:*:*:*:*:*:x64:*,AFFECTS
CVE:CVE-2024-38241,CPE:cpe:2.3:o:microsoft:windows_10_1507:*:*:*:*:*:*:x86:*,AFFECTS
CVE:CVE-2024-38241,CPE:cpe:2.3:o:microsoft:windows_10_1607:*:*:*:*:*:*:x64:*,AFFECTS
CVE:CVE-2024-38241,CPE:cpe:2.3:o:microsoft:windows_10_1607:*:*:*:*:*:*:x86:*,AFFECTS
CVE:CVE-2024-38241,CPE:cpe:2.3:o:microsoft:windows_10_1809:*:*:*:*:*:*:*:*,AFFECTS
CVE:CVE-2024-38241,CPE:cpe:2.3:o:microsoft:windows_10_21h2:*:*:*:*:*:*:*:*,AFFECTS
CVE:CVE-2024-38241,CPE:cpe:2.3:o:microsoft:windows_10_22h2:*:*:*:*:*:*:arm64:*,AFFECTS
CVE:CVE-2024-38241,CPE:cpe:2.3:o:microsoft:windows_10_22h2:*:*:*:*:*:*:x64:*,AFFECTS
CVE:CVE-2024-38241,CPE:cpe:2.3:o:microsoft:windows_10_22h2:*:*:*:*:*:*:x86:*,AFFECTS
CVE:CVE-2024-38241,CPE:cpe:2.3:o:microsoft:windows_11_21h2:*:*:*:*:*:*:*:*,AFFECTS
CVE:CVE-2024-38241,CPE:cpe:2.3:o:microsoft:windows_11_22h2:*:*:*:*:*:*:*:*,AFFECTS
CVE:CVE-2024-38241,CPE:cpe:2.3:o:microsoft:windows_11_23h2:*:*:*:*:*:*:arm64:*,AFFECTS
CVE:CVE-2024-38241,CPE:cpe:2.3:o:microsoft:windows_11_23h2:*:*:*:*:*:*:x64:*,AFFECTS
CVE:CVE-2024-38241,CPE:cpe:2.3:o:microsoft:windows_11_24h2:*:*:*:*:*:*:arm64:*,AFFECTS
CVE:CVE-2024-38241,CPE:cpe:2.3:o:microsoft:windows_11_24h2:*:*:*:*:*:*:x64:*,AFFECTS
CVE:CVE-2024-38241,CPE:cpe:2.3:o:microsoft:windows_server_2016:*:*:*:*:*:*:*:*,AFFECTS
CVE:CVE-2024-38241,CPE:cpe:2.3:o:microsoft:windows_server_2019:*:*:*:*:*:*:*:*,AFFECTS
CVE:CVE-2024-38241,CPE:cpe:2.3:o:microsoft:windows_server_2022:*:*:*:*:*:*:*:*,AFFECTS
CVE:CVE-2024-38241,CPE:cpe:2.3:o:microsoft:windows_server_2022_23h2:*:*:*:*:*:*:*:*,AFFECTS
CVE:CVE-2024-38241,REF:CVE-2024-38241:0,REFERENCES
CVE:CVE-2024-38242,RISK:LOW,HAS_RISK
CVE:CVE-2024-38242,CWE:CWE-122,HAS_CWE
CVE:CVE-2024-38242,CPE:cpe:2.3:o:microsoft:windows_10_1507:*:*:*:*:*:*:x64:*,AFFECTS
CVE:CVE-2024-38242,CPE:cpe:2.3:o:microsoft:windows_10_1507:*:*:*:*:*:*:x86:*,AFFECTS
CVE:CVE-2024-38242,CPE:cpe:2.3:o:microsoft:windows_10_1607:*:*:*:*:*:*:x64:*,AFFECTS
CVE:CVE-2024-38242,CPE:cpe:2.3:o:microsoft:windows_10_1607:*:*:*:*:*:*:x86:*,AFFECTS
CVE:CVE-2024-38242,CPE:cpe:2.3:o:microsoft:windows_10_1809:*:*:*:*:*:*:*:*,AFFECTS
CVE:CVE-2024-38242,CPE:cpe:2.3:o:microsoft:windows_10_21h2:*:*:*:*:*:*:*:*,AFFECTS
CVE:CVE-2024-38242,CPE:cpe:2.3:o:microsoft:windows_10_22h2:*:*:*:*:*:*:arm64:*,AFFECTS
CVE:CVE-2024-38242,CPE:cpe:2.3:o:microsoft:windows_10_22h2:*:*:*:*:*:*:x64:*,AFFECTS
CVE:CVE-2024-38242,CPE:cpe:2.3:o:microsoft:windows_10_22h2:*:*:*:*:*:*:x86:*,AFFECTS
CVE:CVE-2024-38242,CPE:cpe:2.3:o:microsoft:windows_11_21h2:*:*:*:*:*:*:*:*,AFFECTS
CVE:CVE-2024-38242,CPE:cpe:2.3:o:microsoft:windows_11_22h2:*:*:*:*:*:*:*:*,AFFECTS
CVE:CVE-2024-38242,CPE:cpe:2.3:o:microsoft:windows_11_23h2:*:*:*:*:*:*:arm64:*,AFFECTS
CVE:CVE-2024-38242,CPE:cpe:2.3:o:microsoft:windows_11_23h2:*:*:*:*:*:*:x64:*,AFFECTS
CVE:CVE-2024-38242,CPE:cpe:2.3:o:microsoft:windows_11_24h2:*:*:*:*:*:*:arm64:*,AFFECTS
CVE:CVE-2024-38242,CPE:cpe:2.3:o:microsoft:windows_11_24h2:*:*:*:*:*:*:x64:*,AFFECTS
CVE:CVE-2024-38242,CPE:cpe:2.3:o:microsoft:windows_server_2016:*:*:*:*:*:*:*:*,AFFECTS
CVE:CVE-2024-38242,CPE:cpe:2.3:o:microsoft:windows_server_2019:*:*:*:*:*:*:*:*,AFFECTS
CVE:CVE-2024-38242,CPE:cpe:2.3:o:microsoft:windows_server_2022:*:*:*:*:*:*:*:*,AFFECTS
CVE:CVE-2024-38242,CPE:cpe:2.3:o:microsoft:windows_server_2022_23h2:*:*:*:*:*:*:*:*,AFFECTS
CVE:CVE-2024-38242,REF:CVE-2024-38242:0,REFERENCES
CVE:CVE-2026-42511,RISK:MINIMAL,HAS_RISK
CVE:CVE-2026-42511,CWE:CWE-149,HAS_CWE
CVE:CVE-2026-42511,CPE:cpe:2.3:o:freebsd:freebsd:13.5:-:*:*:*:*:*:*,AFFECTS
CVE:CVE-2026-42511,CPE:cpe:2.3:o:freebsd:freebsd:13.5:beta3:*:*:*:*:*:*,AFFECTS
CVE:CVE-2026-42511,CPE:cpe:2.3:o:freebsd:freebsd:13.5:p10:*:*:*:*:*:*,AFFECTS
CVE:CVE-2026-42511,CPE:cpe:2.3:o:freebsd:freebsd:13.5:p11:*:*:*:*:*:*,AFFECTS
CVE:CVE-2026-42511,CPE:cpe:2.3:o:freebsd:freebsd:13.5:p12:*:*:*:*:*:*,AFFECTS
CVE:CVE-2026-42511,CPE:cpe:2.3:o:freebsd:freebsd:13.5:p1:*:*:*:*:*:*,AFFECTS
CVE:CVE-2026-42511,CPE:cpe:2.3:o:freebsd:freebsd:13.5:p2:*:*:*:*:*:*,AFFECTS
CVE:CVE-2026-42511,CPE:cpe:2.3:o:freebsd:freebsd:13.5:p3:*:*:*:*:*:*,AFFECTS
CVE:CVE-2026-42511,CPE:cpe:2.3:o:freebsd:freebsd:13.5:p4:*:*:*:*:*:*,AFFECTS
CVE:CVE-2026-42511,CPE:cpe:2.3:o:freebsd:freebsd:13.5:p5:*:*:*:*:*:*,AFFECTS
CVE:CVE-2026-42511,CPE:cpe:2.3:o:freebsd:freebsd:13.5:p6:*:*:*:*:*:*,AFFECTS
CVE:CVE-2026-42511,CPE:cpe:2.3:o:freebsd:freebsd:13.5:p7:*:*:*:*:*:*,AFFECTS
CVE:CVE-2026-42511,CPE:cpe:2.3:o:freebsd:freebsd:13.5:p8:*:*:*:*:*:*,AFFECTS
CVE:CVE-2026-42511,CPE:cpe:2.3:o:freebsd:freebsd:13.5:p9:*:*:*:*:*:*,AFFECTS
CVE:CVE-2026-42511,CPE:cpe:2.3:o:freebsd:freebsd:14.3:-:*:*:*:*:*:*,AFFECTS
CVE:CVE-2026-42511,CPE:cpe:2.3:o:freebsd:freebsd:14.3:p10:*:*:*:*:*:*,AFFECTS
CVE:CVE-2026-42511,CPE:cpe:2.3:o:freebsd:freebsd:14.3:p11:*:*:*:*:*:*,AFFECTS
CVE:CVE-2026-42511,CPE:cpe:2.3:o:freebsd:freebsd:14.3:p1:*:*:*:*:*:*,AFFECTS
CVE:CVE-2026-42511,CPE:cpe:2.3:o:freebsd:freebsd:14.3:p2:*:*:*:*:*:*,AFFECTS
CVE:CVE-2026-42511,CPE:cpe:2.3:o:freebsd:freebsd:14.3:p3:*:*:*:*:*:*,AFFECTS
CVE:CVE-2026-42511,CPE:cpe:2.3:o:freebsd:freebsd:14.3:p4:*:*:*:*:*:*,AFFECTS
CVE:CVE-2026-42511,CPE:cpe:2.3:o:freebsd:freebsd:14.3:p5:*:*:*:*:*:*,AFFECTS
CVE:CVE-2026-42511,CPE:cpe:2.3:o:freebsd:freebsd:14.3:p6:*:*:*:*:*:*,AFFECTS
CVE:CVE-2026-42511,CPE:cpe:2.3:o:freebsd:freebsd:14.3:p7:*:*:*:*:*:*,AFFECTS
CVE:CVE-2026-42511,CPE:cpe:2.3:o:freebsd:freebsd:14.3:p8:*:*:*:*:*:*,AFFECTS
CVE:CVE-2026-42511,CPE:cpe:2.3:o:freebsd:freebsd:14.3:p9:*:*:*:*:*:*,AFFECTS
CVE:CVE-2026-42511,CPE:cpe:2.3:o:freebsd:freebsd:14.4:-:*:*:*:*:*:*,AFFECTS
CVE:CVE-2026-42511,CPE:cpe:2.3:o:freebsd:freebsd:14.4:p1:*:*:*:*:*:*,AFFECTS
CVE:CVE-2026-42511,CPE:cpe:2.3:o:freebsd:freebsd:14.4:p2:*:*:*:*:*:*,AFFECTS
CVE:CVE-2026-42511,CPE:cpe:2.3:o:freebsd:freebsd:14.4:rc1:*:*:*:*:*:*,AFFECTS
CVE:CVE-2026-42511,CPE:cpe:2.3:o:freebsd:freebsd:15.0:-:*:*:*:*:*:*,AFFECTS
CVE:CVE-2026-42511,CPE:cpe:2.3:o:freebsd:freebsd:15.0:p1:*:*:*:*:*:*,AFFECTS
CVE:CVE-2026-42511,CPE:cpe:2.3:o:freebsd:freebsd:15.0:p2:*:*:*:*:*:*,AFFECTS
CVE:CVE-2026-42511,CPE:cpe:2.3:o:freebsd:freebsd:15.0:p3:*:*:*:*:*:*,AFFECTS
CVE:CVE-2026-42511,CPE:cpe:2.3:o:freebsd:freebsd:15.0:p4:*:*:*:*:*:*,AFFECTS
CVE:CVE-2026-42511,CPE:cpe:2.3:o:freebsd:freebsd:15.0:p5:*:*:*:*:*:*,AFFECTS
CVE:CVE-2026-42511,CPE:cpe:2.3:o:freebsd:freebsd:15.0:p6:*:*:*:*:*:*,AFFECTS
CVE:CVE-2026-42511,REF:CVE-2026-42511:0,REFERENCES
CVE:CVE-2026-47995,RISK:MINIMAL,HAS_RISK
CVE:CVE-2026-47995,CWE:CWE-79,HAS_CWE
CVE:CVE-2026-47995,CPE:cpe:2.3:a:adobe:commerce:2.4.4:-:*:*:*:*:*:*,AFFECTS
CVE:CVE-2026-47995,CPE:cpe:2.3:a:adobe:commerce:2.4.4:p10:*:*:*:*:*:*,AFFECTS
CVE:CVE-2026-47995,CPE:cpe:2.3:a:adobe:commerce:2.4.4:p11:*:*:*:*:*:*,AFFECTS
CVE:CVE-2026-47995,CPE:cpe:2.3:a:adobe:commerce:2.4.4:p12:*:*:*:*:*:*,AFFECTS
CVE:CVE-2026-47995,CPE:cpe:2.3:a:adobe:commerce:2.4.4:p13:*:*:*:*:*:*,AFFECTS
CVE:CVE-2026-47995,CPE:cpe:2.3:a:adobe:commerce:2.4.4:p14:*:*:*:*:*:*,AFFECTS
CVE:CVE-2026-47995,CPE:cpe:2.3:a:adobe:commerce:2.4.4:p15:*:*:*:*:*:*,AFFECTS
CVE:CVE-2026-47995,CPE:cpe:2.3:a:adobe:commerce:2.4.4:p16:*:*:*:*:*:*,AFFECTS
CVE:CVE-2026-47995,CPE:cpe:2.3:a:adobe:commerce:2.4.4:p17:*:*:*:*:*:*,AFFECTS
CVE:CVE-2026-47995,CPE:cpe:2.3:a:adobe:commerce:2.4.4:p18:*:*:*:*:*:*,AFFECTS
CVE:CVE-2026-47995,CPE:cpe:2.3:a:adobe:commerce:2.4.4:p1:*:*:*:*:*:*,AFFECTS
CVE:CVE-2026-47995,CPE:cpe:2.3:a:adobe:commerce:2.4.4:p2:*:*:*:*:*:*,AFFECTS
CVE:CVE-2026-47995,CPE:cpe:2.3:a:adobe:commerce:2.4.4:p3:*:*:*:*:*:*,AFFECTS
CVE:CVE-2026-47995,CPE:cpe:2.3:a:adobe:commerce:2.4.4:p4:*:*:*:*:*:*,AFFECTS
CVE:CVE-2026-47995,CPE:cpe:2.3:a:adobe:commerce:2.4.4:p5:*:*:*:*:*:*,AFFECTS
CVE:CVE-2026-47995,CPE:cpe:2.3:a:adobe:commerce:2.4.4:p6:*:*:*:*:*:*,AFFECTS
CVE:CVE-2026-47995,CPE:cpe:2.3:a:adobe:commerce:2.4.4:p7:*:*:*:*:*:*,AFFECTS
CVE:CVE-2026-47995,CPE:cpe:2.3:a:adobe:commerce:2.4.4:p8:*:*:*:*:*:*,AFFECTS
CVE:CVE-2026-47995,CPE:cpe:2.3:a:adobe:commerce:2.4.4:p9:*:*:*:*:*:*,AFFECTS
CVE:CVE-2026-47995,CPE:cpe:2.3:a:adobe:commerce:2.4.5:-:*:*:*:*:*:*,AFFECTS
CVE:CVE-2026-47995,CPE:cpe:2.3:a:adobe:commerce:2.4.5:p10:*:*:*:*:*:*,AFFECTS
CVE:CVE-2026-47995,CPE:cpe:2.3:a:adobe:commerce:2.4.5:p11:*:*:*:*:*:*,AFFECTS
CVE:CVE-2026-47995,CPE:cpe:2.3:a:adobe:commerce:2.4.5:p12:*:*:*:*:*:*,AFFECTS
CVE:CVE-2026-47995,CPE:cpe:2.3:a:adobe:commerce:2.4.5:p13:*:*:*:*:*:*,AFFECTS
CVE:CVE-2026-47995,CPE:cpe:2.3:a:adobe:commerce:2.4.5:p14:*:*:*:*:*:*,AFFECTS
CVE:CVE-2026-47995,CPE:cpe:2.3:a:adobe:commerce:2.4.5:p15:*:*:*:*:*:*,AFFECTS
CVE:CVE-2026-47995,CPE:cpe:2.3:a:adobe:commerce:2.4.5:p16:*:*:*:*:*:*,AFFECTS
CVE:CVE-2026-47995,CPE:cpe:2.3:a:adobe:commerce:2.4.5:p17:*:*:*:*:*:*,AFFECTS
CVE:CVE-2026-47995,CPE:cpe:2.3:a:adobe:commerce:2.4.5:p1:*:*:*:*:*:*,AFFECTS
CVE:CVE-2026-47995,CPE:cpe:2.3:a:adobe:commerce:2.4.5:p2:*:*:*:*:*:*,AFFECTS
CVE:CVE-2026-47995,CPE:cpe:2.3:a:adobe:commerce:2.4.5:p3:*:*:*:*:*:*,AFFECTS
CVE:CVE-2026-47995,CPE:cpe:2.3:a:adobe:commerce:2.4.5:p4:*:*:*:*:*:*,AFFECTS
CVE:CVE-2026-47995,CPE:cpe:2.3:a:adobe:commerce:2.4.5:p5:*:*:*:*:*:*,AFFECTS
CVE:CVE-2026-47995,CPE:cpe:2.3:a:adobe:commerce:2.4.5:p6:*:*:*:*:*:*,AFFECTS
CVE:CVE-2026-47995,CPE:cpe:2.3:a:adobe:commerce:2.4.5:p7:*:*:*:*:*:*,AFFECTS
CVE:CVE-2026-47995,CPE:cpe:2.3:a:adobe:commerce:2.4.5:p8:*:*:*:*:*:*,AFFECTS
CVE:CVE-2026-47995,CPE:cpe:2.3:a:adobe:commerce:2.4.5:p9:*:*:*:*:*:*,AFFECTS
CVE:CVE-2026-47995,CPE:cpe:2.3:a:adobe:commerce:2.4.6:-:*:*:*:*:*:*,AFFECTS
CVE:CVE-2026-47995,CPE:cpe:2.3:a:adobe:commerce:2.4.6:p10:*:*:*:*:*:*,AFFECTS
CVE:CVE-2026-47995,CPE:cpe:2.3:a:adobe:commerce:2.4.6:p11:*:*:*:*:*:*,AFFECTS
CVE:CVE-2026-47995,CPE:cpe:2.3:a:adobe:commerce:2.4.6:p12:*:*:*:*:*:*,AFFECTS
CVE:CVE-2026-47995,CPE:cpe:2.3:a:adobe:commerce:2.4.6:p13:*:*:*:*:*:*,AFFECTS
CVE:CVE-2026-47995,CPE:cpe:2.3:a:adobe:commerce:2.4.6:p14:*:*:*:*:*:*,AFFECTS
CVE:CVE-2026-47995,CPE:cpe:2.3:a:adobe:commerce:2.4.6:p15:*:*:*:*:*:*,AFFECTS
CVE:CVE-2026-47995,CPE:cpe:2.3:a:adobe:commerce:2.4.6:p1:*:*:*:*:*:*,AFFECTS
CVE:CVE-2026-47995,CPE:cpe:2.3:a:adobe:commerce:2.4.6:p2:*:*:*:*:*:*,AFFECTS
CVE:CVE-2026-47995,CPE:cpe:2.3:a:adobe:commerce:2.4.6:p3:*:*:*:*:*:*,AFFECTS
CVE:CVE-2026-47995,CPE:cpe:2.3:a:adobe:commerce:2.4.6:p4:*:*:*:*:*:*,AFFECTS
CVE:CVE-2026-47995,CPE:cpe:2.3:a:adobe:commerce:2.4.6:p5:*:*:*:*:*:*,AFFECTS
CVE:CVE-2026-47995,CPE:cpe:2.3:a:adobe:commerce:2.4.6:p6:*:*:*:*:*:*,AFFECTS
CVE:CVE-2026-47995,CPE:cpe:2.3:a:adobe:commerce:2.4.6:p7:*:*:*:*:*:*,AFFECTS
CVE:CVE-2026-47995,CPE:cpe:2.3:a:adobe:commerce:2.4.6:p8:*:*:*:*:*:*,AFFECTS
CVE:CVE-2026-47995,CPE:cpe:2.3:a:adobe:commerce:2.4.6:p9:*:*:*:*:*:*,AFFECTS
CVE:CVE-2026-47995,CPE:cpe:2.3:a:adobe:commerce:2.4.7:-:*:*:*:*:*:*,AFFECTS
CVE:CVE-2026-47995,CPE:cpe:2.3:a:adobe:commerce:2.4.7:b1:*:*:*:*:*:*,AFFECTS
CVE:CVE-2026-47995,CPE:cpe:2.3:a:adobe:commerce:2.4.7:b2:*:*:*:*:*:*,AFFECTS
CVE:CVE-2026-47995,CPE:cpe:2.3:a:adobe:commerce:2.4.7:beta3:*:*:*:*:*:*,AFFECTS
CVE:CVE-2026-47995,CPE:cpe:2.3:a:adobe:commerce:2.4.7:p10:*:*:*:*:*:*,AFFECTS
CVE:CVE-2026-47995,CPE:cpe:2.3:a:adobe:commerce:2.4.7:p1:*:*:*:*:*:*,AFFECTS
CVE:CVE-2026-47995,CPE:cpe:2.3:a:adobe:commerce:2.4.7:p2:*:*:*:*:*:*,AFFECTS
CVE:CVE-2026-47995,CPE:cpe:2.3:a:adobe:commerce:2.4.7:p3:*:*:*:*:*:*,AFFECTS
CVE:CVE-2026-47995,CPE:cpe:2.3:a:adobe:commerce:2.4.7:p4:*:*:*:*:*:*,AFFECTS
CVE:CVE-2026-47995,CPE:cpe:2.3:a:adobe:commerce:2.4.7:p5:*:*:*:*:*:*,AFFECTS
CVE:CVE-2026-47995,CPE:cpe:2.3:a:adobe:commerce:2.4.7:p6:*:*:*:*:*:*,AFFECTS
CVE:CVE-2026-47995,CPE:cpe:2.3:a:adobe:commerce:2.4.7:p7:*:*:*:*:*:*,AFFECTS
CVE:CVE-2026-47995,CPE:cpe:2.3:a:adobe:commerce:2.4.7:p8:*:*:*:*:*:*,AFFECTS
CVE:CVE-2026-47995,CPE:cpe:2.3:a:adobe:commerce:2.4.7:p9:*:*:*:*:*:*,AFFECTS
CVE:CVE-2026-47995,CPE:cpe:2.3:a:adobe:commerce:2.4.8:-:*:*:*:*:*:*,AFFECTS
CVE:CVE-2026-47995,CPE:cpe:2.3:a:adobe:commerce:2.4.8:beta1:*:*:*:*:*:*,AFFECTS
CVE:CVE-2026-47995,CPE:cpe:2.3:a:adobe:commerce:2.4.8:beta2:*:*:*:*:*:*,AFFECTS
CVE:CVE-2026-47995,CPE:cpe:2.3:a:adobe:commerce:2.4.8:p1:*:*:*:*:*:*,AFFECTS
CVE:CVE-2026-47995,CPE:cpe:2.3:a:adobe:commerce:2.4.8:p2:*:*:*:*:*:*,AFFECTS
CVE:CVE-2026-47995,CPE:cpe:2.3:a:adobe:commerce:2.4.8:p3:*:*:*:*:*:*,AFFECTS
CVE:CVE-2026-47995,CPE:cpe:2.3:a:adobe:commerce:2.4.8:p4:*:*:*:*:*:*,AFFECTS
CVE:CVE-2026-47995,CPE:cpe:2.3:a:adobe:commerce:2.4.8:p5:*:*:*:*:*:*,AFFECTS
CVE:CVE-2026-47995,CPE:cpe:2.3:a:adobe:commerce:2.4.9:-:*:*:*:*:*:*,AFFECTS
CVE:CVE-2026-47995,CPE:cpe:2.3:a:adobe:commerce_b2b:1.3.3:-:*:*:*:*:*:*,AFFECTS
CVE:CVE-2026-47995,CPE:cpe:2.3:a:adobe:commerce_b2b:1.3.3:p10:*:*:*:*:*:*,AFFECTS
CVE:CVE-2026-47995,CPE:cpe:2.3:a:adobe:commerce_b2b:1.3.3:p11:*:*:*:*:*:*,AFFECTS
CVE:CVE-2026-47995,CPE:cpe:2.3:a:adobe:commerce_b2b:1.3.3:p12:*:*:*:*:*:*,AFFECTS
CVE:CVE-2026-47995,CPE:cpe:2.3:a:adobe:commerce_b2b:1.3.3:p13:*:*:*:*:*:*,AFFECTS
CVE:CVE-2026-47995,CPE:cpe:2.3:a:adobe:commerce_b2b:1.3.3:p14:*:*:*:*:*:*,AFFECTS
CVE:CVE-2026-47995,CPE:cpe:2.3:a:adobe:commerce_b2b:1.3.3:p15:*:*:*:*:*:*,AFFECTS
CVE:CVE-2026-47995,CPE:cpe:2.3:a:adobe:commerce_b2b:1.3.3:p16:*:*:*:*:*:*,AFFECTS
CVE:CVE-2026-47995,CPE:cpe:2.3:a:adobe:commerce_b2b:1.3.3:p17:*:*:*:*:*:*,AFFECTS
CVE:CVE-2026-47995,CPE:cpe:2.3:a:adobe:commerce_b2b:1.3.3:p18:*:*:*:*:*:*,AFFECTS
CVE:CVE-2026-47995,CPE:cpe:2.3:a:adobe:commerce_b2b:1.3.3:p1:*:*:*:*:*:*,AFFECTS
CVE:CVE-2026-47995,CPE:cpe:2.3:a:adobe:commerce_b2b:1.3.3:p2:*:*:*:*:*:*,AFFECTS
CVE:CVE-2026-47995,CPE:cpe:2.3:a:adobe:commerce_b2b:1.3.3:p3:*:*:*:*:*:*,AFFECTS
CVE:CVE-2026-47995,CPE:cpe:2.3:a:adobe:commerce_b2b:1.3.3:p4:*:*:*:*:*:*,AFFECTS
CVE:CVE-2026-47995,CPE:cpe:2.3:a:adobe:commerce_b2b:1.3.3:p5:*:*:*:*:*:*,AFFECTS
CVE:CVE-2026-47995,CPE:cpe:2.3:a:adobe:commerce_b2b:1.3.3:p6:*:*:*:*:*:*,AFFECTS
CVE:CVE-2026-47995,CPE:cpe:2.3:a:adobe:commerce_b2b:1.3.3:p7:*:*:*:*:*:*,AFFECTS
CVE:CVE-2026-47995,CPE:cpe:2.3:a:adobe:commerce_b2b:1.3.3:p8:*:*:*:*:*:*,AFFECTS
CVE:CVE-2026-47995,CPE:cpe:2.3:a:adobe:commerce_b2b:1.3.3:p9:*:*:*:*:*:*,AFFECTS
CVE:CVE-2026-47995,CPE:cpe:2.3:a:adobe:commerce_b2b:1.3.4:-:*:*:*:*:*:*,AFFECTS
CVE:CVE-2026-47995,CPE:cpe:2.3:a:adobe:commerce_b2b:1.3.4:p10:*:*:*:*:*:*,AFFECTS
CVE:CVE-2026-47995,CPE:cpe:2.3:a:adobe:commerce_b2b:1.3.4:p11:*:*:*:*:*:*,AFFECTS
CVE:CVE-2026-47995,CPE:cpe:2.3:a:adobe:commerce_b2b:1.3.4:p12:*:*:*:*:*:*,AFFECTS
CVE:CVE-2026-47995,CPE:cpe:2.3:a:adobe:commerce_b2b:1.3.4:p13:*:*:*:*:*:*,AFFECTS
CVE:CVE-2026-47995,CPE:cpe:2.3:a:adobe:commerce_b2b:1.3.4:p14:*:*:*:*:*:*,AFFECTS
CVE:CVE-2026-47995,CPE:cpe:2.3:a:adobe:commerce_b2b:1.3.4:p15:*:*:*:*:*:*,AFFECTS
CVE:CVE-2026-47995,CPE:cpe:2.3:a:adobe:commerce_b2b:1.3.4:p16:*:*:*:*:*:*,AFFECTS
CVE:CVE-2026-47995,CPE:cpe:2.3:a:adobe:commerce_b2b:1.3.4:p17:*:*:*:*:*:*,AFFECTS
CVE:CVE-2026-47995,CPE:cpe:2.3:a:adobe:commerce_b2b:1.3.4:p1:*:*:*:*:*:*,AFFECTS
CVE:CVE-2026-47995,CPE:cpe:2.3:a:adobe:commerce_b2b:1.3.4:p2:*:*:*:*:*:*,AFFECTS
CVE:CVE-2026-47995,CPE:cpe:2.3:a:adobe:commerce_b2b:1.3.4:p3:*:*:*:*:*:*,AFFECTS
CVE:CVE-2026-47995,CPE:cpe:2.3:a:adobe:commerce_b2b:1.3.4:p4:*:*:*:*:*:*,AFFECTS
CVE:CVE-2026-47995,CPE:cpe:2.3:a:adobe:commerce_b2b:1.3.4:p5:*:*:*:*:*:*,AFFECTS
CVE:CVE-2026-47995,CPE:cpe:2.3:a:adobe:commerce_b2b:1.3.4:p6:*:*:*:*:*:*,AFFECTS
CVE:CVE-2026-47995,CPE:cpe:2.3:a:adobe:commerce_b2b:1.3.4:p7:*:*:*:*:*:*,AFFECTS
CVE:CVE-2026-47995,CPE:cpe:2.3:a:adobe:commerce_b2b:1.3.4:p8:*:*:*:*:*:*,AFFECTS
CVE:CVE-2026-47995,CPE:cpe:2.3:a:adobe:commerce_b2b:1.3.4:p9:*:*:*:*:*:*,AFFECTS
CVE:CVE-2026-47995,CPE:cpe:2.3:a:adobe:commerce_b2b:1.4.2:-:*:*:*:*:*:*,AFFECTS
CVE:CVE-2026-47995,CPE:cpe:2.3:a:adobe:commerce_b2b:1.4.2:p10:*:*:*:*:*:*,AFFECTS
CVE:CVE-2026-47995,CPE:cpe:2.3:a:adobe:commerce_b2b:1.4.2:p1:*:*:*:*:*:*,AFFECTS
CVE:CVE-2026-47995,CPE:cpe:2.3:a:adobe:commerce_b2b:1.4.2:p2:*:*:*:*:*:*,AFFECTS
CVE:CVE-2026-47995,CPE:cpe:2.3:a:adobe:commerce_b2b:1.4.2:p3:*:*:*:*:*:*,AFFECTS
CVE:CVE-2026-47995,CPE:cpe:2.3:a:adobe:commerce_b2b:1.4.2:p4:*:*:*:*:*:*,AFFECTS
CVE:CVE-2026-47995,CPE:cpe:2.3:a:adobe:commerce_b2b:1.4.2:p5:*:*:*:*:*:*,AFFECTS
CVE:CVE-2026-47995,CPE:cpe:2.3:a:adobe:commerce_b2b:1.4.2:p6:*:*:*:*:*:*,AFFECTS
CVE:CVE-2026-47995,CPE:cpe:2.3:a:adobe:commerce_b2b:1.4.2:p7:*:*:*:*:*:*,AFFECTS
CVE:CVE-2026-47995,CPE:cpe:2.3:a:adobe:commerce_b2b:1.4.2:p8:*:*:*:*:*:*,AFFECTS
CVE:CVE-2026-47995,CPE:cpe:2.3:a:adobe:commerce_b2b:1.4.2:p9:*:*:*:*:*:*,AFFECTS
CVE:CVE-2026-47995,CPE:cpe:2.3:a:adobe:commerce_b2b:1.5.2:-:*:*:*:*:*:*,AFFECTS
CVE:CVE-2026-47995,CPE:cpe:2.3:a:adobe:commerce_b2b:1.5.2:p1:*:*:*:*:*:*,AFFECTS
CVE:CVE-2026-47995,CPE:cpe:2.3:a:adobe:commerce_b2b:1.5.2:p2:*:*:*:*:*:*,AFFECTS
CVE:CVE-2026-47995,CPE:cpe:2.3:a:adobe:commerce_b2b:1.5.2:p3:*:*:*:*:*:*,AFFECTS
CVE:CVE-2026-47995,CPE:cpe:2.3:a:adobe:commerce_b2b:1.5.2:p4:*:*:*:*:*:*,AFFECTS
CVE:CVE-2026-47995,CPE:cpe:2.3:a:adobe:commerce_b2b:1.5.2:p5:*:*:*:*:*:*,AFFECTS
CVE:CVE-2026-47995,CPE:cpe:2.3:a:adobe:commerce_b2b:1.5.3:-:*:*:*:*:*:*,AFFECTS
CVE:CVE-2026-47995,CPE:cpe:2.3:a:adobe:i\/o_events:*:*:*:*:*:commerce:*:*,AFFECTS
CVE:CVE-2026-47995,CPE:cpe:2.3:a:adobe:magento:2.4.6:-:*:*:open_source:*:*:*,AFFECTS
CVE:CVE-2026-47995,CPE:cpe:2.3:a:adobe:magento:2.4.6:p10:*:*:open_source:*:*:*,AFFECTS
CVE:CVE-2026-47995,CPE:cpe:2.3:a:adobe:magento:2.4.6:p11:*:*:open_source:*:*:*,AFFECTS
CVE:CVE-2026-47995,CPE:cpe:2.3:a:adobe:magento:2.4.6:p12:*:*:open_source:*:*:*,AFFECTS
CVE:CVE-2026-47995,CPE:cpe:2.3:a:adobe:magento:2.4.6:p13:*:*:open_source:*:*:*,AFFECTS
CVE:CVE-2026-47995,CPE:cpe:2.3:a:adobe:magento:2.4.6:p14:*:*:open_source:*:*:*,AFFECTS
CVE:CVE-2026-47995,CPE:cpe:2.3:a:adobe:magento:2.4.6:p15:*:*:open_source:*:*:*,AFFECTS
CVE:CVE-2026-47995,CPE:cpe:2.3:a:adobe:magento:2.4.6:p1:*:*:open_source:*:*:*,AFFECTS
CVE:CVE-2026-47995,CPE:cpe:2.3:a:adobe:magento:2.4.6:p2:*:*:open_source:*:*:*,AFFECTS
CVE:CVE-2026-47995,CPE:cpe:2.3:a:adobe:magento:2.4.6:p3:*:*:open_source:*:*:*,AFFECTS
CVE:CVE-2026-47995,CPE:cpe:2.3:a:adobe:magento:2.4.6:p4:*:*:open_source:*:*:*,AFFECTS
CVE:CVE-2026-47995,CPE:cpe:2.3:a:adobe:magento:2.4.6:p5:*:*:open_source:*:*:*,AFFECTS
CVE:CVE-2026-47995,CPE:cpe:2.3:a:adobe:magento:2.4.6:p6:*:*:open_source:*:*:*,AFFECTS
CVE:CVE-2026-47995,CPE:cpe:2.3:a:adobe:magento:2.4.6:p7:*:*:open_source:*:*:*,AFFECTS
CVE:CVE-2026-47995,CPE:cpe:2.3:a:adobe:magento:2.4.6:p8:*:*:open_source:*:*:*,AFFECTS
CVE:CVE-2026-47995,CPE:cpe:2.3:a:adobe:magento:2.4.6:p9:*:*:open_source:*:*:*,AFFECTS
CVE:CVE-2026-47995,CPE:cpe:2.3:a:adobe:magento:2.4.7:-:*:*:open_source:*:*:*,AFFECTS
CVE:CVE-2026-47995,CPE:cpe:2.3:a:adobe:magento:2.4.7:b1:*:*:open_source:*:*:*,AFFECTS
CVE:CVE-2026-47995,CPE:cpe:2.3:a:adobe:magento:2.4.7:b2:*:*:open_source:*:*:*,AFFECTS
CVE:CVE-2026-47995,CPE:cpe:2.3:a:adobe:magento:2.4.7:beta3:*:*:open_source:*:*:*,AFFECTS
CVE:CVE-2026-47995,CPE:cpe:2.3:a:adobe:magento:2.4.7:p10:*:*:open_source:*:*:*,AFFECTS
CVE:CVE-2026-47995,CPE:cpe:2.3:a:adobe:magento:2.4.7:p1:*:*:open_source:*:*:*,AFFECTS
CVE:CVE-2026-47995,CPE:cpe:2.3:a:adobe:magento:2.4.7:p2:*:*:open_source:*:*:*,AFFECTS
CVE:CVE-2026-47995,CPE:cpe:2.3:a:adobe:magento:2.4.7:p3:*:*:open_source:*:*:*,AFFECTS
CVE:CVE-2026-47995,CPE:cpe:2.3:a:adobe:magento:2.4.7:p4:*:*:open_source:*:*:*,AFFECTS
CVE:CVE-2026-47995,CPE:cpe:2.3:a:adobe:magento:2.4.7:p5:*:*:open_source:*:*:*,AFFECTS
CVE:CVE-2026-47995,CPE:cpe:2.3:a:adobe:magento:2.4.7:p6:*:*:open_source:*:*:*,AFFECTS
CVE:CVE-2026-47995,CPE:cpe:2.3:a:adobe:magento:2.4.7:p7:*:*:open_source:*:*:*,AFFECTS
CVE:CVE-2026-47995,CPE:cpe:2.3:a:adobe:magento:2.4.7:p8:*:*:open_source:*:*:*,AFFECTS
CVE:CVE-2026-47995,CPE:cpe:2.3:a:adobe:magento:2.4.7:p9:*:*:open_source:*:*:*,AFFECTS
CVE:CVE-2026-47995,CPE:cpe:2.3:a:adobe:magento:2.4.8:-:*:*:open_source:*:*:*,AFFECTS
CVE:CVE-2026-47995,CPE:cpe:2.3:a:adobe:magento:2.4.8:beta1:*:*:open_source:*:*:*,AFFECTS
CVE:CVE-2026-47995,CPE:cpe:2.3:a:adobe:magento:2.4.8:beta2:*:*:open_source:*:*:*,AFFECTS
CVE:CVE-2026-47995,CPE:cpe:2.3:a:adobe:magento:2.4.8:p1:*:*:open_source:*:*:*,AFFECTS
CVE:CVE-2026-47995,CPE:cpe:2.3:a:adobe:magento:2.4.8:p2:*:*:open_source:*:*:*,AFFECTS
CVE:CVE-2026-47995,CPE:cpe:2.3:a:adobe:magento:2.4.8:p3:*:*:open_source:*:*:*,AFFECTS
CVE:CVE-2026-47995,CPE:cpe:2.3:a:adobe:magento:2.4.8:p4:*:*:open_source:*:*:*,AFFECTS
CVE:CVE-2026-47995,CPE:cpe:2.3:a:adobe:magento:2.4.8:p5:*:*:open_source:*:*:*,AFFECTS
CVE:CVE-2026-47995,CPE:cpe:2.3:a:adobe:magento:2.4.9:-:*:*:open_source:*:*:*,AFFECTS
CVE:CVE-2026-47995,REF:CVE-2026-47995:0,REFERENCES
CVE:CVE-2024-57099,RISK:MINIMAL,HAS_RISK
CVE:CVE-2024-57099,CWE:CWE-94,HAS_CWE
CVE:CVE-2024-57099,CPE:cpe:2.3:a:classcms:classcms:4.8:*:*:*:*:*:*:*,AFFECTS
CVE:CVE-2024-57099,REF:CVE-2024-57099:0,REFERENCES
CVE:CVE-2024-43088,RISK:MINIMAL,HAS_RISK
CVE:CVE-2024-43088,CWE:CWE-862,HAS_CWE
CVE:CVE-2024-43088,CPE:cpe:2.3:o:google:android:12.0:*:*:*:*:*:*:*,AFFECTS
CVE:CVE-2024-43088,CPE:cpe:2.3:o:google:android:12.1:*:*:*:*:*:*:*,AFFECTS
CVE:CVE-2024-43088,CPE:cpe:2.3:o:google:android:13.0:*:*:*:*:*:*:*,AFFECTS
CVE:CVE-2024-43088,CPE:cpe:2.3:o:google:android:14.0:*:*:*:*:*:*:*,AFFECTS
CVE:CVE-2024-43088,CPE:cpe:2.3:o:google:android:15.0:*:*:*:*:*:*:*,AFFECTS
CVE:CVE-2024-43088,REF:CVE-2024-43088:0,REFERENCES
CVE:CVE-2024-43088,REF:CVE-2024-43088:1,REFERENCES
CVE:CVE-2026-27174,RISK:MINIMAL,HAS_RISK
CVE:CVE-2026-27174,CWE:CWE-94,HAS_CWE
CVE:CVE-2026-27174,CPE:cpe:2.3:a:mjdm:majordomo:-:*:*:*:*:*:*:*,AFFECTS
CVE:CVE-2026-27174,REF:CVE-2026-27174:0,REFERENCES
CVE:CVE-2026-27174,REF:CVE-2026-27174:1,REFERENCES
CVE:CVE-2026-27174,REF:CVE-2026-27174:2,REFERENCES
CVE:CVE-2026-14890,RISK:MINIMAL,HAS_RISK
CVE:CVE-2026-14890,CWE:CWE-502,HAS_CWE
CVE:CVE-2026-14890,CPE:cpe:2.3:a:lmsys:sglang:*:*:*:*:*:*:*:*,AFFECTS
CVE:CVE-2026-14890,REF:CVE-2026-14890:0,REFERENCES
CVE:CVE-2026-14890,REF:CVE-2026-14890:1,REFERENCES
CVE:CVE-2026-14890,REF:CVE-2026-14890:2,REFERENCES
CVE:CVE-2024-26288,RISK:MINIMAL,HAS_RISK
CVE:CVE-2024-26288,CWE:CWE-319,HAS_CWE
CVE:CVE-2024-26288,CPE:cpe:2.3:h:phoenixcontact:charx_sec-3000:-:*:*:*:*:*:*:*,AFFECTS
CVE:CVE-2024-26288,CPE:cpe:2.3:h:phoenixcontact:charx_sec-3050:-:*:*:*:*:*:*:*,AFFECTS
CVE:CVE-2024-26288,CPE:cpe:2.3:h:phoenixcontact:charx_sec-3100:-:*:*:*:*:*:*:*,AFFECTS
CVE:CVE-2024-26288,CPE:cpe:2.3:h:phoenixcontact:charx_sec-3150:-:*:*:*:*:*:*:*,AFFECTS
CVE:CVE-2024-26288,CPE:cpe:2.3:o:phoenixcontact:charx_sec-3000_firmware:*:*:*:*:*:*:*:*,AFFECTS
CVE:CVE-2024-26288,CPE:cpe:2.3:o:phoenixcontact:charx_sec-3050_firmware:*:*:*:*:*:*:*:*,AFFECTS
CVE:CVE-2024-26288,CPE:cpe:2.3:o:phoenixcontact:charx_sec-3100_firmware:*:*:*:*:*:*:*:*,AFFECTS
CVE:CVE-2024-26288,CPE:cpe:2.3:o:phoenixcontact:charx_sec-3150_firmware:*:*:*:*:*:*:*:*,AFFECTS
CVE:CVE-2024-26288,REF:CVE-2024-26288:0,REFERENCES
CVE:CVE-2024-13448,RISK:MINIMAL,HAS_RISK
CVE:CVE-2024-13448,CWE:CWE-434,HAS_CWE
CVE:CVE-2024-13448,CPE:cpe:2.3:a:themerex:addons:*:*:*:*:*:wordpress:*:*,AFFECTS
CVE:CVE-2024-13448,REF:CVE-2024-13448:0,REFERENCES
CVE:CVE-2024-13448,REF:CVE-2024-13448:1,REFERENCES
CVE:CVE-2023-54335,RISK:MINIMAL,HAS_RISK
CVE:CVE-2023-54335,CWE:CWE-306,HAS_CWE
CVE:CVE-2023-54335,CPE:cpe:2.3:a:extplorer:extplorer:*:*:*:*:*:*:*:*,AFFECTS
CVE:CVE-2023-54335,REF:CVE-2023-54335:0,REFERENCES
CVE:CVE-2023-54335,REF:CVE-2023-54335:1,REFERENCES
CVE:CVE-2023-54335,REF:CVE-2023-54335:2,REFERENCES
CVE:CVE-2025-1712,RISK:MINIMAL,HAS_RISK
CVE:CVE-2025-1712,CWE:CWE-88,HAS_CWE
CVE:CVE-2025-1712,CPE:cpe:2.3:a:checkmk:checkmk:*:*:*:*:*:*:*:*,AFFECTS
CVE:CVE-2025-1712,CPE:cpe:2.3:a:checkmk:checkmk:2.2.0:-:*:*:*:*:*:*,AFFECTS
CVE:CVE-2025-1712,CPE:cpe:2.3:a:checkmk:checkmk:2.2.0:b1:*:*:*:*:*:*,AFFECTS
CVE:CVE-2025-1712,CPE:cpe:2.3:a:checkmk:checkmk:2.2.0:b2:*:*:*:*:*:*,AFFECTS
CVE:CVE-2025-1712,CPE:cpe:2.3:a:checkmk:checkmk:2.2.0:b3:*:*:*:*:*:*,AFFECTS
CVE:CVE-2025-1712,CPE:cpe:2.3:a:checkmk:checkmk:2.2.0:b4:*:*:*:*:*:*,AFFECTS
CVE:CVE-2025-1712,CPE:cpe:2.3:a:checkmk:checkmk:2.2.0:b5:*:*:*:*:*:*,AFFECTS
CVE:CVE-2025-1712,CPE:cpe:2.3:a:checkmk:checkmk:2.2.0:b6:*:*:*:*:*:*,AFFECTS
CVE:CVE-2025-1712,CPE:cpe:2.3:a:checkmk:checkmk:2.2.0:b7:*:*:*:*:*:*,AFFECTS
CVE:CVE-2025-1712,CPE:cpe:2.3:a:checkmk:checkmk:2.2.0:b8:*:*:*:*:*:*,AFFECTS
CVE:CVE-2025-1712,CPE:cpe:2.3:a:checkmk:checkmk:2.2.0:i1:*:*:*:*:*:*,AFFECTS
CVE:CVE-2025-1712,CPE:cpe:2.3:a:checkmk:checkmk:2.2.0:p10:*:*:*:*:*:*,AFFECTS
CVE:CVE-2025-1712,CPE:cpe:2.3:a:checkmk:checkmk:2.2.0:p11:*:*:*:*:*:*,AFFECTS
CVE:CVE-2025-1712,CPE:cpe:2.3:a:checkmk:checkmk:2.2.0:p12:*:*:*:*:*:*,AFFECTS
CVE:CVE-2025-1712,CPE:cpe:2.3:a:checkmk:checkmk:2.2.0:p13:*:*:*:*:*:*,AFFECTS
CVE:CVE-2025-1712,CPE:cpe:2.3:a:checkmk:checkmk:2.2.0:p14:*:*:*:*:*:*,AFFECTS
CVE:CVE-2025-1712,CPE:cpe:2.3:a:checkmk:checkmk:2.2.0:p15:*:*:*:*:*:*,AFFECTS
CVE:CVE-2025-1712,CPE:cpe:2.3:a:checkmk:checkmk:2.2.0:p16:*:*:*:*:*:*,AFFECTS
CVE:CVE-2025-1712,CPE:cpe:2.3:a:checkmk:checkmk:2.2.0:p17:*:*:*:*:*:*,AFFECTS
CVE:CVE-2025-1712,CPE:cpe:2.3:a:checkmk:checkmk:2.2.0:p18:*:*:*:*:*:*,AFFECTS
CVE:CVE-2025-1712,CPE:cpe:2.3:a:checkmk:checkmk:2.2.0:p19:*:*:*:*:*:*,AFFECTS
CVE:CVE-2025-1712,CPE:cpe:2.3:a:checkmk:checkmk:2.2.0:p1:*:*:*:*:*:*,AFFECTS
CVE:CVE-2025-1712,CPE:cpe:2.3:a:checkmk:checkmk:2.2.0:p20:*:*:*:*:*:*,AFFECTS
CVE:CVE-2025-1712,CPE:cpe:2.3:a:checkmk:checkmk:2.2.0:p21:*:*:*:*:*:*,AFFECTS
CVE:CVE-2025-1712,CPE:cpe:2.3:a:checkmk:checkmk:2.2.0:p22:*:*:*:*:*:*,AFFECTS
CVE:CVE-2025-1712,CPE:cpe:2.3:a:checkmk:checkmk:2.2.0:p23:*:*:*:*:*:*,AFFECTS
CVE:CVE-2025-1712,CPE:cpe:2.3:a:checkmk:checkmk:2.2.0:p24:*:*:*:*:*:*,AFFECTS
CVE:CVE-2025-1712,CPE:cpe:2.3:a:checkmk:checkmk:2.2.0:p25:*:*:*:*:*:*,AFFECTS
CVE:CVE-2025-1712,CPE:cpe:2.3:a:checkmk:checkmk:2.2.0:p26:*:*:*:*:*:*,AFFECTS
CVE:CVE-2025-1712,CPE:cpe:2.3:a:checkmk:checkmk:2.2.0:p27:*:*:*:*:*:*,AFFECTS
CVE:CVE-2025-1712,CPE:cpe:2.3:a:checkmk:checkmk:2.2.0:p28:*:*:*:*:*:*,AFFECTS
CVE:CVE-2025-1712,CPE:cpe:2.3:a:checkmk:checkmk:2.2.0:p29:*:*:*:*:*:*,AFFECTS
CVE:CVE-2025-1712,CPE:cpe:2.3:a:checkmk:checkmk:2.2.0:p2:*:*:*:*:*:*,AFFECTS
CVE:CVE-2025-1712,CPE:cpe:2.3:a:checkmk:checkmk:2.2.0:p30:*:*:*:*:*:*,AFFECTS
CVE:CVE-2025-1712,CPE:cpe:2.3:a:checkmk:checkmk:2.2.0:p31:*:*:*:*:*:*,AFFECTS
CVE:CVE-2025-1712,CPE:cpe:2.3:a:checkmk:checkmk:2.2.0:p32:*:*:*:*:*:*,AFFECTS
CVE:CVE-2025-1712,CPE:cpe:2.3:a:checkmk:checkmk:2.2.0:p33:*:*:*:*:*:*,AFFECTS
CVE:CVE-2025-1712,CPE:cpe:2.3:a:checkmk:checkmk:2.2.0:p34:*:*:*:*:*:*,AFFECTS
CVE:CVE-2025-1712,CPE:cpe:2.3:a:checkmk:checkmk:2.2.0:p35:*:*:*:*:*:*,AFFECTS
CVE:CVE-2025-1712,CPE:cpe:2.3:a:checkmk:checkmk:2.2.0:p36:*:*:*:*:*:*,AFFECTS
CVE:CVE-2025-1712,CPE:cpe:2.3:a:checkmk:checkmk:2.2.0:p37:*:*:*:*:*:*,AFFECTS
CVE:CVE-2025-1712,CPE:cpe:2.3:a:checkmk:checkmk:2.2.0:p38:*:*:*:*:*:*,AFFECTS
CVE:CVE-2025-1712,CPE:cpe:2.3:a:checkmk:checkmk:2.2.0:p39:*:*:*:*:*:*,AFFECTS
CVE:CVE-2025-1712,CPE:cpe:2.3:a:checkmk:checkmk:2.2.0:p3:*:*:*:*:*:*,AFFECTS
CVE:CVE-2025-1712,CPE:cpe:2.3:a:checkmk:checkmk:2.2.0:p40:*:*:*:*:*:*,AFFECTS
CVE:CVE-2025-1712,CPE:cpe:2.3:a:checkmk:checkmk:2.2.0:p41:*:*:*:*:*:*,AFFECTS
CVE:CVE-2025-1712,CPE:cpe:2.3:a:checkmk:checkmk:2.2.0:p4:*:*:*:*:*:*,AFFECTS
CVE:CVE-2025-1712,CPE:cpe:2.3:a:checkmk:checkmk:2.2.0:p5:*:*:*:*:*:*,AFFECTS
CVE:CVE-2025-1712,CPE:cpe:2.3:a:checkmk:checkmk:2.2.0:p6:*:*:*:*:*:*,AFFECTS
CVE:CVE-2025-1712,CPE:cpe:2.3:a:checkmk:checkmk:2.2.0:p7:*:*:*:*:*:*,AFFECTS
CVE:CVE-2025-1712,CPE:cpe:2.3:a:checkmk:checkmk:2.2.0:p8:*:*:*:*:*:*,AFFECTS
CVE:CVE-2025-1712,CPE:cpe:2.3:a:checkmk:checkmk:2.2.0:p9:*:*:*:*:*:*,AFFECTS
CVE:CVE-2025-1712,CPE:cpe:2.3:a:checkmk:checkmk:2.3.0:*:*:*:*:*:*:*,AFFECTS
CVE:CVE-2025-1712,CPE:cpe:2.3:a:checkmk:checkmk:2.3.0:-:*:*:*:*:*:*,AFFECTS
CVE:CVE-2025-1712,CPE:cpe:2.3:a:checkmk:checkmk:2.3.0:b1:*:*:*:*:*:*,AFFECTS
CVE:CVE-2025-1712,CPE:cpe:2.3:a:checkmk:checkmk:2.3.0:b2:*:*:*:*:*:*,AFFECTS
CVE:CVE-2025-1712,CPE:cpe:2.3:a:checkmk:checkmk:2.3.0:b3:*:*:*:*:*:*,AFFECTS
CVE:CVE-2025-1712,CPE:cpe:2.3:a:checkmk:checkmk:2.3.0:b4:*:*:*:*:*:*,AFFECTS
CVE:CVE-2025-1712,CPE:cpe:2.3:a:checkmk:checkmk:2.3.0:b5:*:*:*:*:*:*,AFFECTS
CVE:CVE-2025-1712,CPE:cpe:2.3:a:checkmk:checkmk:2.3.0:b6:*:*:*:*:*:*,AFFECTS
CVE:CVE-2025-1712,CPE:cpe:2.3:a:checkmk:checkmk:2.3.0:p10:*:*:*:*:*:*,AFFECTS
CVE:CVE-2025-1712,CPE:cpe:2.3:a:checkmk:checkmk:2.3.0:p11:*:*:*:*:*:*,AFFECTS
CVE:CVE-2025-1712,CPE:cpe:2.3:a:checkmk:checkmk:2.3.0:p12:*:*:*:*:*:*,AFFECTS
CVE:CVE-2025-1712,CPE:cpe:2.3:a:checkmk:checkmk:2.3.0:p13:*:*:*:*:*:*,AFFECTS
CVE:CVE-2025-1712,CPE:cpe:2.3:a:checkmk:checkmk:2.3.0:p14:*:*:*:*:*:*,AFFECTS
CVE:CVE-2025-1712,CPE:cpe:2.3:a:checkmk:checkmk:2.3.0:p15:*:*:*:*:*:*,AFFECTS
CVE:CVE-2025-1712,CPE:cpe:2.3:a:checkmk:checkmk:2.3.0:p16:*:*:*:*:*:*,AFFECTS
CVE:CVE-2025-1712,CPE:cpe:2.3:a:checkmk:checkmk:2.3.0:p17:*:*:*:*:*:*,AFFECTS
CVE:CVE-2025-1712,CPE:cpe:2.3:a:checkmk:checkmk:2.3.0:p18:*:*:*:*:*:*,AFFECTS
CVE:CVE-2025-1712,CPE:cpe:2.3:a:checkmk:checkmk:2.3.0:p19:*:*:*:*:*:*,AFFECTS
CVE:CVE-2025-1712,CPE:cpe:2.3:a:checkmk:checkmk:2.3.0:p1:*:*:*:*:*:*,AFFECTS
CVE:CVE-2025-1712,CPE:cpe:2.3:a:checkmk:checkmk:2.3.0:p20:*:*:*:*:*:*,AFFECTS
CVE:CVE-2025-1712,CPE:cpe:2.3:a:checkmk:checkmk:2.3.0:p21:*:*:*:*:*:*,AFFECTS
CVE:CVE-2025-1712,CPE:cpe:2.3:a:checkmk:checkmk:2.3.0:p22:*:*:*:*:*:*,AFFECTS
CVE:CVE-2025-1712,CPE:cpe:2.3:a:checkmk:checkmk:2.3.0:p23:*:*:*:*:*:*,AFFECTS
CVE:CVE-2025-1712,CPE:cpe:2.3:a:checkmk:checkmk:2.3.0:p24:*:*:*:*:*:*,AFFECTS
CVE:CVE-2025-1712,CPE:cpe:2.3:a:checkmk:checkmk:2.3.0:p25:*:*:*:*:*:*,AFFECTS
CVE:CVE-2025-1712,CPE:cpe:2.3:a:checkmk:checkmk:2.3.0:p26:*:*:*:*:*:*,AFFECTS
CVE:CVE-2025-1712,CPE:cpe:2.3:a:checkmk:checkmk:2.3.0:p27:*:*:*:*:*:*,AFFECTS
CVE:CVE-2025-1712,CPE:cpe:2.3:a:checkmk:checkmk:2.3.0:p28:*:*:*:*:*:*,AFFECTS
CVE:CVE-2025-1712,CPE:cpe:2.3:a:checkmk:checkmk:2.3.0:p29:*:*:*:*:*:*,AFFECTS
CVE:CVE-2025-1712,CPE:cpe:2.3:a:checkmk:checkmk:2.3.0:p2:*:*:*:*:*:*,AFFECTS
CVE:CVE-2025-1712,CPE:cpe:2.3:a:checkmk:checkmk:2.3.0:p30:*:*:*:*:*:*,AFFECTS
CVE:CVE-2025-1712,CPE:cpe:2.3:a:checkmk:checkmk:2.3.0:p31:*:*:*:*:*:*,AFFECTS
CVE:CVE-2025-1712,CPE:cpe:2.3:a:checkmk:checkmk:2.3.0:p3:*:*:*:*:*:*,AFFECTS
CVE:CVE-2025-1712,CPE:cpe:2.3:a:checkmk:checkmk:2.3.0:p4:*:*:*:*:*:*,AFFECTS
CVE:CVE-2025-1712,CPE:cpe:2.3:a:checkmk:checkmk:2.3.0:p5:*:*:*:*:*:*,AFFECTS
CVE:CVE-2025-1712,CPE:cpe:2.3:a:checkmk:checkmk:2.3.0:p6:*:*:*:*:*:*,AFFECTS
CVE:CVE-2025-1712,CPE:cpe:2.3:a:checkmk:checkmk:2.3.0:p7:*:*:*:*:*:*,AFFECTS
CVE:CVE-2025-1712,CPE:cpe:2.3:a:checkmk:checkmk:2.3.0:p8:*:*:*:*:*:*,AFFECTS
CVE:CVE-2025-1712,CPE:cpe:2.3:a:checkmk:checkmk:2.3.0:p9:*:*:*:*:*:*,AFFECTS
CVE:CVE-2025-1712,CPE:cpe:2.3:a:checkmk:checkmk:2.4.0:-:*:*:*:*:*:*,AFFECTS
CVE:CVE-2025-1712,CPE:cpe:2.3:a:checkmk:checkmk:2.4.0:b1:*:*:*:*:*:*,AFFECTS
CVE:CVE-2025-1712,CPE:cpe:2.3:a:checkmk:checkmk:2.4.0:b2:*:*:*:*:*:*,AFFECTS
CVE:CVE-2025-1712,CPE:cpe:2.3:a:checkmk:checkmk:2.4.0:b3:*:*:*:*:*:*,AFFECTS
CVE:CVE-2025-1712,CPE:cpe:2.3:a:checkmk:checkmk:2.4.0:b4:*:*:*:*:*:*,AFFECTS
CVE:CVE-2025-1712,CPE:cpe:2.3:a:checkmk:checkmk:2.4.0:b5:*:*:*:*:*:*,AFFECTS
CVE:CVE-2025-1712,CPE:cpe:2.3:a:checkmk:checkmk:2.4.0:b6:*:*:*:*:*:*,AFFECTS
CVE:CVE-2025-1712,REF:CVE-2025-1712:0,REFERENCES
CVE:CVE-2026-28312,RISK:MINIMAL,HAS_RISK
CVE:CVE-2026-28312,CWE:CWE-285,HAS_CWE
CVE:CVE-2026-28312,CPE:cpe:2.3:a:solarwinds:serv-u:*:*:*:*:*:*:*:*,AFFECTS
CVE:CVE-2026-28312,REF:CVE-2026-28312:0,REFERENCES
CVE:CVE-2026-28312,REF:CVE-2026-28312:1,REFERENCES
CVE:CVE-2024-24851,RISK:MINIMAL,HAS_RISK
CVE:CVE-2024-24851,CWE:CWE-787,HAS_CWE
CVE:CVE-2024-24851,CWE:CWE-805,HAS_CWE
CVE:CVE-2024-24851,CPE:cpe:2.3:h:automationdirect:p1-540:-:*:*:*:*:*:*:*,AFFECTS
CVE:CVE-2024-24851,CPE:cpe:2.3:h:automationdirect:p1-550:-:*:*:*:*:*:*:*,AFFECTS
CVE:CVE-2024-24851,CPE:cpe:2.3:h:automationdirect:p2-550:-:*:*:*:*:*:*:*,AFFECTS
CVE:CVE-2024-24851,CPE:cpe:2.3:h:automationdirect:p3-530:-:*:*:*:*:*:*:*,AFFECTS
CVE:CVE-2024-24851,CPE:cpe:2.3:h:automationdirect:p3-550:-:*:*:*:*:*:*:*,AFFECTS
CVE:CVE-2024-24851,CPE:cpe:2.3:h:automationdirect:p3-550e:-:*:*:*:*:*:*:*,AFFECTS
CVE:CVE-2024-24851,CPE:cpe:2.3:o:automationdirect:p1-540_firmware:1.2.10.10:*:*:*:*:*:*:*,AFFECTS
CVE:CVE-2024-24851,CPE:cpe:2.3:o:automationdirect:p1-540_firmware:4.1.1.10:*:*:*:*:*:*:*,AFFECTS
CVE:CVE-2024-24851,CPE:cpe:2.3:o:automationdirect:p1-550_firmware:1.2.10.10:*:*:*:*:*:*:*,AFFECTS
CVE:CVE-2024-24851,CPE:cpe:2.3:o:automationdirect:p1-550_firmware:4.1.1.10:*:*:*:*:*:*:*,AFFECTS
CVE:CVE-2024-24851,CPE:cpe:2.3:o:automationdirect:p2-550_firmware:1.2.10.10:*:*:*:*:*:*:*,AFFECTS
CVE:CVE-2024-24851,CPE:cpe:2.3:o:automationdirect:p2-550_firmware:4.1.1.10:*:*:*:*:*:*:*,AFFECTS
CVE:CVE-2024-24851,CPE:cpe:2.3:o:automationdirect:p3-530_firmware:1.2.10.9:*:*:*:*:*:*:*,AFFECTS
CVE:CVE-2024-24851,CPE:cpe:2.3:o:automationdirect:p3-530_firmware:4.1.1.10:*:*:*:*:*:*:*,AFFECTS
CVE:CVE-2024-24851,CPE:cpe:2.3:o:automationdirect:p3-550_firmware:1.2.10.9:*:*:*:*:*:*:*,AFFECTS
CVE:CVE-2024-24851,CPE:cpe:2.3:o:automationdirect:p3-550_firmware:4.1.1.10:*:*:*:*:*:*:*,AFFECTS
CVE:CVE-2024-24851,CPE:cpe:2.3:o:automationdirect:p3-550e_firmware:1.2.10.9:*:*:*:*:*:*:*,AFFECTS
CVE:CVE-2024-24851,CPE:cpe:2.3:o:automationdirect:p3-550e_firmware:4.1.1.10:*:*:*:*:*:*:*,AFFECTS
CVE:CVE-2024-24851,REF:CVE-2024-24851:0,REFERENCES
CVE:CVE-2024-24851,REF:CVE-2024-24851:1,REFERENCES
CVE:CVE-2024-24851,REF:CVE-2024-24851:2,REFERENCES
CVE:CVE-2023-50333,RISK:MINIMAL,HAS_RISK
CVE:CVE-2023-50333,CWE:CWE-284,HAS_CWE
CVE:CVE-2023-50333,CPE:cpe:2.3:a:mattermost:mattermost_server:*:*:*:*:*:*:*:*,AFFECTS
CVE:CVE-2023-50333,REF:CVE-2023-50333:0,REFERENCES
CVE:CVE-2023-48418,RISK:MINIMAL,HAS_RISK
CVE:CVE-2023-48418,CWE:CWE-269,HAS_CWE
CVE:CVE-2023-48418,CPE:cpe:2.3:h:google:pixel_watch:11:*:*:*:*:*:*:*,AFFECTS
CVE:CVE-2023-48418,CPE:cpe:2.3:o:google:pixel_watch_firmware:-:*:*:*:*:*:*:*,AFFECTS
CVE:CVE-2023-48418,REF:CVE-2023-48418:0,REFERENCES
CVE:CVE-2023-48418,REF:CVE-2023-48418:1,REFERENCES
CVE:CVE-2023-50350,RISK:MINIMAL,HAS_RISK
CVE:CVE-2023-50350,CWE:CWE-327,HAS_CWE
CVE:CVE-2023-50350,CPE:cpe:2.3:a:hcltech:dryice_myxalytics:5.9:*:*:*:*:*:*:*,AFFECTS
CVE:CVE-2023-50350,CPE:cpe:2.3:a:hcltech:dryice_myxalytics:6.0:*:*:*:*:*:*:*,AFFECTS
CVE:CVE-2023-50350,CPE:cpe:2.3:a:hcltech:dryice_myxalytics:6.1:*:*:*:*:*:*:*,AFFECTS
CVE:CVE-2023-50350,REF:CVE-2023-50350:0,REFERENCES
CVE:CVE-2023-45724,RISK:MINIMAL,HAS_RISK
CVE:CVE-2023-45724,CWE:CWE-434,HAS_CWE
CVE:CVE-2023-45724,CPE:cpe:2.3:a:hcltech:dryice_myxalytics:5.9:*:*:*:*:*:*:*,AFFECTS
CVE:CVE-2023-45724,CPE:cpe:2.3:a:hcltech:dryice_myxalytics:6.0:*:*:*:*:*:*:*,AFFECTS
CVE:CVE-2023-45724,CPE:cpe:2.3:a:hcltech:dryice_myxalytics:6.1:*:*:*:*:*:*:*,AFFECTS
CVE:CVE-2023-45724,REF:CVE-2023-45724:0,REFERENCES
CVE:CVE-2023-50343,RISK:MINIMAL,HAS_RISK
CVE:CVE-2023-50343,CWE:CWE-284,HAS_CWE
CVE:CVE-2023-50343,CPE:cpe:2.3:a:hcltech:dryice_myxalytics:5.9:*:*:*:*:*:*:*,AFFECTS
CVE:CVE-2023-50343,CPE:cpe:2.3:a:hcltech:dryice_myxalytics:6.0:*:*:*:*:*:*:*,AFFECTS
CVE:CVE-2023-50343,CPE:cpe:2.3:a:hcltech:dryice_myxalytics:6.1:*:*:*:*:*:*:*,AFFECTS
CVE:CVE-2023-50343,REF:CVE-2023-50343:0,REFERENCES
CVE:CVE-2023-51784,RISK:MINIMAL,HAS_RISK
CVE:CVE-2023-51784,CWE:CWE-94,HAS_CWE
CVE:CVE-2023-51784,CPE:cpe:2.3:a:apache:inlong:*:*:*:*:*:*:*:*,AFFECTS
CVE:CVE-2023-51784,REF:CVE-2023-51784:0,REFERENCES
CVE:CVE-2023-51784,REF:CVE-2023-51784:1,REFERENCES
CVE:CVE-2023-5881,RISK:MINIMAL,HAS_RISK
CVE:CVE-2023-5881,CWE:CWE-306,HAS_CWE
CVE:CVE-2023-5881,CPE:cpe:2.3:h:geniecompany:aladdin_connect_garage_door_opener:-:*:*:*:*:*:*:*,AFFECTS
CVE:CVE-2023-5881,CPE:cpe:2.3:o:geniecompany:aladdin_connect_garage_door_opener_firmware:*:*:*:*:*:*:*:*,AFFECTS
CVE:CVE-2023-5881,REF:CVE-2023-5881:0,REFERENCES
CVE:CVE-2024-0222,RISK:MINIMAL,HAS_RISK
CVE:CVE-2024-0222,CWE:CWE-416,HAS_CWE
CVE:CVE-2024-0222,CPE:cpe:2.3:a:google:chrome:*:*:*:*:*:*:*:*,AFFECTS
CVE:CVE-2024-0222,CPE:cpe:2.3:o:fedoraproject:fedora:38:*:*:*:*:*:*:*,AFFECTS
CVE:CVE-2024-0222,CPE:cpe:2.3:o:fedoraproject:fedora:39:*:*:*:*:*:*:*,AFFECTS
CVE:CVE-2024-0222,REF:CVE-2024-0222:0,REFERENCES
CVE:CVE-2024-0222,REF:CVE-2024-0222:1,REFERENCES
CVE:CVE-2024-0222,REF:CVE-2024-0222:2,REFERENCES
CVE:CVE-2024-0222,REF:CVE-2024-0222:3,REFERENCES
CVE:CVE-2024-0222,REF:CVE-2024-0222:4,REFERENCES
CVE:CVE-2024-0225,RISK:MINIMAL,HAS_RISK
CVE:CVE-2024-0225,CWE:CWE-416,HAS_CWE
CVE:CVE-2024-0225,CPE:cpe:2.3:a:google:chrome:*:*:*:*:*:*:*:*,AFFECTS
CVE:CVE-2024-0225,CPE:cpe:2.3:o:fedoraproject:fedora:38:*:*:*:*:*:*:*,AFFECTS
CVE:CVE-2024-0225,CPE:cpe:2.3:o:fedoraproject:fedora:39:*:*:*:*:*:*:*,AFFECTS
CVE:CVE-2024-0225,REF:CVE-2024-0225:0,REFERENCES
CVE:CVE-2024-0225,REF:CVE-2024-0225:1,REFERENCES
CVE:CVE-2024-0225,REF:CVE-2024-0225:2,REFERENCES
CVE:CVE-2024-0225,REF:CVE-2024-0225:3,REFERENCES
CVE:CVE-2024-0225,REF:CVE-2024-0225:4,REFERENCES
CVE:CVE-2022-46839,RISK:MINIMAL,HAS_RISK
CVE:CVE-2022-46839,CWE:CWE-434,HAS_CWE
CVE:CVE-2022-46839,CPE:cpe:2.3:a:wiselyhub:js_help_desk:*:*:*:*:*:wordpress:*:*,AFFECTS
CVE:CVE-2022-46839,REF:CVE-2022-46839:0,REFERENCES
CVE:CVE-2022-3328,RISK:MINIMAL,HAS_RISK
CVE:CVE-2022-3328,CWE:CWE-362,HAS_CWE
CVE:CVE-2022-3328,CPE:cpe:2.3:a:canonical:snapd:*:*:*:*:*:*:*:*,AFFECTS
CVE:CVE-2022-3328,CPE:cpe:2.3:o:canonical:ubuntu_linux:16.04:*:*:*:esm:*:*:*,AFFECTS
CVE:CVE-2022-3328,CPE:cpe:2.3:o:canonical:ubuntu_linux:18.04:*:*:*:esm:*:*:*,AFFECTS
CVE:CVE-2022-3328,CPE:cpe:2.3:o:canonical:ubuntu_linux:20.04:*:*:*:lts:*:*:*,AFFECTS
CVE:CVE-2022-3328,CPE:cpe:2.3:o:canonical:ubuntu_linux:22.04:*:*:*:lts:*:*:*,AFFECTS
CVE:CVE-2022-3328,CPE:cpe:2.3:o:canonical:ubuntu_linux:22.10:*:*:*:-:*:*:*,AFFECTS
CVE:CVE-2022-3328,REF:CVE-2022-3328:0,REFERENCES
CVE:CVE-2022-3328,REF:CVE-2022-3328:1,REFERENCES
CVE:CVE-2023-50982,RISK:MINIMAL,HAS_RISK
CVE:CVE-2023-50982,CWE:CWE-434,HAS_CWE
CVE:CVE-2023-50982,CWE:CWE-79,HAS_CWE
CVE:CVE-2023-50982,CPE:cpe:2.3:a:studip:stud.ip:*:*:*:*:*:*:*:*,AFFECTS
CVE:CVE-2023-50982,REF:CVE-2023-50982:0,REFERENCES
CVE:CVE-2023-50982,REF:CVE-2023-50982:1,REFERENCES
CVE:CVE-2023-50982,REF:CVE-2023-50982:2,REFERENCES
CVE:CVE-2023-49961,RISK:MINIMAL,HAS_RISK
CVE:CVE-2023-49961,CWE:CWE-284,HAS_CWE
CVE:CVE-2023-49961,CPE:cpe:2.3:a:wallix:bastion:*:*:*:*:*:*:*:*,AFFECTS
CVE:CVE-2023-49961,CPE:cpe:2.3:a:wallix:bastion_access_manager:*:*:*:*:*:*:*:*,AFFECTS
CVE:CVE-2023-49961,REF:CVE-2023-49961:0,REFERENCES
CVE:CVE-2024-20656,RISK:MINIMAL,HAS_RISK
CVE:CVE-2024-20656,CWE:CWE-59,HAS_CWE
CVE:CVE-2024-20656,CPE:cpe:2.3:a:microsoft:visual_studio:2015:update3:*:*:*:*:*:*,AFFECTS
CVE:CVE-2024-20656,CPE:cpe:2.3:a:microsoft:visual_studio_2017:*:*:*:*:*:*:*:*,AFFECTS
CVE:CVE-2024-20656,CPE:cpe:2.3:a:microsoft:visual_studio_2019:*:*:*:*:*:*:*:*,AFFECTS
CVE:CVE-2024-20656,CPE:cpe:2.3:a:microsoft:visual_studio_2022:*:*:*:*:*:*:*:*,AFFECTS
CVE:CVE-2024-20656,REF:CVE-2024-20656:0,REFERENCES
CVE:CVE-2024-20661,RISK:MINIMAL,HAS_RISK
CVE:CVE-2024-20661,CWE:CWE-400,HAS_CWE
CVE:CVE-2024-20661,CWE:CWE-476,HAS_CWE
CVE:CVE-2024-20661,CPE:cpe:2.3:o:microsoft:windows_10_1507:*:*:*:*:*:*:x64:*,AFFECTS
CVE:CVE-2024-20661,CPE:cpe:2.3:o:microsoft:windows_10_1507:*:*:*:*:*:*:x86:*,AFFECTS
CVE:CVE-2024-20661,CPE:cpe:2.3:o:microsoft:windows_10_1607:*:*:*:*:*:*:x64:*,AFFECTS
CVE:CVE-2024-20661,CPE:cpe:2.3:o:microsoft:windows_10_1607:*:*:*:*:*:*:x86:*,AFFECTS
CVE:CVE-2024-20661,CPE:cpe:2.3:o:microsoft:windows_10_1809:*:*:*:*:*:*:*:*,AFFECTS
CVE:CVE-2024-20661,CPE:cpe:2.3:o:microsoft:windows_10_21h2:*:*:*:*:*:*:*:*,AFFECTS
CVE:CVE-2024-20661,CPE:cpe:2.3:o:microsoft:windows_10_22h2:*:*:*:*:*:*:*:*,AFFECTS
CVE:CVE-2024-20661,CPE:cpe:2.3:o:microsoft:windows_11_21h2:*:*:*:*:*:*:arm64:*,AFFECTS
CVE:CVE-2024-20661,CPE:cpe:2.3:o:microsoft:windows_11_21h2:*:*:*:*:*:*:x64:*,AFFECTS
CVE:CVE-2024-20661,CPE:cpe:2.3:o:microsoft:windows_11_22h2:*:*:*:*:*:*:arm64:*,AFFECTS
CVE:CVE-2024-20661,CPE:cpe:2.3:o:microsoft:windows_11_22h2:*:*:*:*:*:*:x64:*,AFFECTS
CVE:CVE-2024-20661,CPE:cpe:2.3:o:microsoft:windows_11_23h2:*:*:*:*:*:*:arm64:*,AFFECTS
CVE:CVE-2024-20661,CPE:cpe:2.3:o:microsoft:windows_11_23h2:*:*:*:*:*:*:x64:*,AFFECTS
CVE:CVE-2024-20661,CPE:cpe:2.3:o:microsoft:windows_server_2008:-:sp2:*:*:*:*:x64:*,AFFECTS
CVE:CVE-2024-20661,CPE:cpe:2.3:o:microsoft:windows_server_2008:-:sp2:*:*:*:*:x86:*,AFFECTS
CVE:CVE-2024-20661,CPE:cpe:2.3:o:microsoft:windows_server_2012:-:*:*:*:*:*:*:*,AFFECTS
CVE:CVE-2024-20661,CPE:cpe:2.3:o:microsoft:windows_server_2012:r2:*:*:*:*:*:*:*,AFFECTS
CVE:CVE-2024-20661,CPE:cpe:2.3:o:microsoft:windows_server_2016:-:*:*:*:*:*:*:*,AFFECTS
CVE:CVE-2024-20661,CPE:cpe:2.3:o:microsoft:windows_server_2019:-:*:*:*:*:*:*:*,AFFECTS
CVE:CVE-2024-20661,CPE:cpe:2.3:o:microsoft:windows_server_2022:-:*:*:*:*:*:*:*,AFFECTS
CVE:CVE-2024-20661,REF:CVE-2024-20661:0,REFERENCES
CVE:CVE-2024-20697,RISK:MINIMAL,HAS_RISK
CVE:CVE-2024-20697,CWE:CWE-122,HAS_CWE
CVE:CVE-2024-20697,CPE:cpe:2.3:o:microsoft:windows_11_22h2:*:*:*:*:*:*:arm64:*,AFFECTS
CVE:CVE-2024-20697,CPE:cpe:2.3:o:microsoft:windows_11_22h2:*:*:*:*:*:*:x64:*,AFFECTS
CVE:CVE-2024-20697,CPE:cpe:2.3:o:microsoft:windows_11_23h2:*:*:*:*:*:*:arm64:*,AFFECTS
CVE:CVE-2024-20697,CPE:cpe:2.3:o:microsoft:windows_11_23h2:*:*:*:*:*:*:x64:*,AFFECTS
CVE:CVE-2024-20697,CPE:cpe:2.3:o:microsoft:windows_server_2022_23h2:-:*:*:*:*:*:*:*,AFFECTS
CVE:CVE-2024-20697,REF:CVE-2024-20697:0,REFERENCES
CVE:CVE-2024-20697,REF:CVE-2024-20697:1,REFERENCES
CVE:CVE-2024-20697,REF:CVE-2024-20697:2,REFERENCES
CVE:CVE-2024-20697,REF:CVE-2024-20697:3,REFERENCES
CVE:CVE-2024-20697,REF:CVE-2024-20697:4,REFERENCES
CVE:CVE-2024-20700,RISK:MINIMAL,HAS_RISK
CVE:CVE-2024-20700,CWE:CWE-362,HAS_CWE
CVE:CVE-2024-20700,CPE:cpe:2.3:o:microsoft:windows_10_1809:*:*:*:*:*:*:x64:*,AFFECTS
CVE:CVE-2024-20700,CPE:cpe:2.3:o:microsoft:windows_10_21h2:*:*:*:*:*:*:x64:*,AFFECTS
CVE:CVE-2024-20700,CPE:cpe:2.3:o:microsoft:windows_10_22h2:*:*:*:*:*:*:x64:*,AFFECTS
CVE:CVE-2024-20700,CPE:cpe:2.3:o:microsoft:windows_11_21h2:*:*:*:*:*:*:arm64:*,AFFECTS
CVE:CVE-2024-20700,CPE:cpe:2.3:o:microsoft:windows_11_21h2:*:*:*:*:*:*:x64:*,AFFECTS
CVE:CVE-2024-20700,CPE:cpe:2.3:o:microsoft:windows_11_22h2:*:*:*:*:*:*:arm64:*,AFFECTS
CVE:CVE-2024-20700,CPE:cpe:2.3:o:microsoft:windows_11_22h2:*:*:*:*:*:*:x64:*,AFFECTS
CVE:CVE-2024-20700,CPE:cpe:2.3:o:microsoft:windows_11_23h2:*:*:*:*:*:*:*:*,AFFECTS
CVE:CVE-2024-20700,CPE:cpe:2.3:o:microsoft:windows_server_2019:*:*:*:*:*:*:*:*,AFFECTS
CVE:CVE-2024-20700,CPE:cpe:2.3:o:microsoft:windows_server_2022:*:*:*:*:*:*:*:*,AFFECTS
CVE:CVE-2024-20700,CPE:cpe:2.3:o:microsoft:windows_server_2022_23h2:*:*:*:*:*:*:*:*,AFFECTS
CVE:CVE-2024-20700,REF:CVE-2024-20700:0,REFERENCES
CVE:CVE-2024-21311,RISK:MINIMAL,HAS_RISK
CVE:CVE-2024-21311,CWE:CWE-125,HAS_CWE
CVE:CVE-2024-21311,CPE:cpe:2.3:o:microsoft:windows_10_1507:*:*:*:*:*:*:*:*,AFFECTS
CVE:CVE-2024-21311,CPE:cpe:2.3:o:microsoft:windows_10_1607:*:*:*:*:*:*:*:*,AFFECTS
CVE:CVE-2024-21311,CPE:cpe:2.3:o:microsoft:windows_10_1809:*:*:*:*:*:*:*:*,AFFECTS
CVE:CVE-2024-21311,CPE:cpe:2.3:o:microsoft:windows_10_21h2:*:*:*:*:*:*:*:*,AFFECTS
CVE:CVE-2024-21311,CPE:cpe:2.3:o:microsoft:windows_10_22h2:*:*:*:*:*:*:*:*,AFFECTS
CVE:CVE-2024-21311,CPE:cpe:2.3:o:microsoft:windows_11_21h2:*:*:*:*:*:*:*:*,AFFECTS
CVE:CVE-2024-21311,CPE:cpe:2.3:o:microsoft:windows_11_22h2:*:*:*:*:*:*:*:*,AFFECTS
CVE:CVE-2024-21311,CPE:cpe:2.3:o:microsoft:windows_11_23h2:*:*:*:*:*:*:*:*,AFFECTS
CVE:CVE-2024-21311,CPE:cpe:2.3:o:microsoft:windows_server_2008:-:sp2:*:*:*:*:*:*,AFFECTS
CVE:CVE-2024-21311,CPE:cpe:2.3:o:microsoft:windows_server_2008:r2:sp1:*:*:*:*:x64:*,AFFECTS
CVE:CVE-2024-21311,CPE:cpe:2.3:o:microsoft:windows_server_2012:-:*:*:*:*:*:*:*,AFFECTS
CVE:CVE-2024-21311,CPE:cpe:2.3:o:microsoft:windows_server_2012:r2:*:*:*:*:*:*:*,AFFECTS
CVE:CVE-2024-21311,CPE:cpe:2.3:o:microsoft:windows_server_2016:*:*:*:*:*:*:*:*,AFFECTS
CVE:CVE-2024-21311,CPE:cpe:2.3:o:microsoft:windows_server_2019:*:*:*:*:*:*:*:*,AFFECTS
CVE:CVE-2024-21311,CPE:cpe:2.3:o:microsoft:windows_server_2022:*:*:*:*:*:*:*:*,AFFECTS
CVE:CVE-2024-21311,CPE:cpe:2.3:o:microsoft:windows_server_2022_23h2:*:*:*:*:*:*:*:*,AFFECTS
CVE:CVE-2024-21311,REF:CVE-2024-21311:0,REFERENCES
CVE:CVE-2023-31488,RISK:MINIMAL,HAS_RISK
CVE:CVE-2023-31488,CWE:CWE-787,HAS_CWE
CVE:CVE-2023-31488,CPE:cpe:2.3:a:cisco:ironport_email_security_appliance:-:*:*:*:*:*:*:*,AFFECTS
CVE:CVE-2023-31488,CPE:cpe:2.3:h:cisco:secure_email_gateway:-:*:*:*:*:*:*:*,AFFECTS
CVE:CVE-2023-31488,CPE:cpe:2.3:o:cisco:secure_email_gateway_firmware:-:*:*:*:*:*:*:*,AFFECTS
CVE:CVE-2023-31488,REF:CVE-2023-31488:0,REFERENCES
CVE:CVE-2023-40414,RISK:MINIMAL,HAS_RISK
CVE:CVE-2023-40414,CWE:CWE-416,HAS_CWE
CVE:CVE-2023-40414,CPE:cpe:2.3:a:apple:safari:*:*:*:*:*:*:*:*,AFFECTS
CVE:CVE-2023-40414,CPE:cpe:2.3:o:apple:ipados:*:*:*:*:*:*:*:*,AFFECTS
CVE:CVE-2023-40414,CPE:cpe:2.3:o:apple:iphone_os:*:*:*:*:*:*:*:*,AFFECTS
CVE:CVE-2023-40414,CPE:cpe:2.3:o:apple:macos:*:*:*:*:*:*:*:*,AFFECTS
CVE:CVE-2023-40414,CPE:cpe:2.3:o:apple:tvos:*:*:*:*:*:*:*:*,AFFECTS
CVE:CVE-2023-40414,CPE:cpe:2.3:o:apple:watchos:*:*:*:*:*:*:*:*,AFFECTS
CVE:CVE-2023-40414,REF:CVE-2023-40414:0,REFERENCES
CVE:CVE-2023-40414,REF:CVE-2023-40414:1,REFERENCES
CVE:CVE-2023-40414,REF:CVE-2023-40414:2,REFERENCES
CVE:CVE-2023-40414,REF:CVE-2023-40414:3,REFERENCES
CVE:CVE-2023-40414,REF:CVE-2023-40414:4,REFERENCES
CVE:CVE-2023-40414,REF:CVE-2023-40414:5,REFERENCES
CVE:CVE-2023-42870,RISK:MINIMAL,HAS_RISK
CVE:CVE-2023-42870,CWE:CWE-416,HAS_CWE
CVE:CVE-2023-42870,CPE:cpe:2.3:o:apple:ipados:*:*:*:*:*:*:*:*,AFFECTS
CVE:CVE-2023-42870,CPE:cpe:2.3:o:apple:iphone_os:*:*:*:*:*:*:*:*,AFFECTS
CVE:CVE-2023-42870,CPE:cpe:2.3:o:apple:macos:*:*:*:*:*:*:*:*,AFFECTS
CVE:CVE-2023-42870,REF:CVE-2023-42870:0,REFERENCES
CVE:CVE-2023-42870,REF:CVE-2023-42870:1,REFERENCES
CVE:CVE-2023-42870,REF:CVE-2023-42870:2,REFERENCES
CVE:CVE-2023-42870,REF:CVE-2023-42870:3,REFERENCES
CVE:CVE-2023-42871,RISK:MINIMAL,HAS_RISK
CVE:CVE-2023-42871,CWE:CWE-787,HAS_CWE
CVE:CVE-2023-42871,CPE:cpe:2.3:o:apple:ipados:*:*:*:*:*:*:*:*,AFFECTS
CVE:CVE-2023-42871,CPE:cpe:2.3:o:apple:iphone_os:*:*:*:*:*:*:*:*,AFFECTS
CVE:CVE-2023-42871,CPE:cpe:2.3:o:apple:macos:*:*:*:*:*:*:*:*,AFFECTS
CVE:CVE-2023-42871,REF:CVE-2023-42871:0,REFERENCES
CVE:CVE-2023-42871,REF:CVE-2023-42871:1,REFERENCES
CVE:CVE-2023-42871,REF:CVE-2023-42871:2,REFERENCES
CVE:CVE-2023-42871,REF:CVE-2023-42871:3,REFERENCES
CVE:CVE-2022-45794,RISK:MINIMAL,HAS_RISK
CVE:CVE-2022-45794,CWE:CWE-306,HAS_CWE
CVE:CVE-2022-45794,CPE:cpe:2.3:h:omron:sysmac_cj1g-cpu42p:-:*:*:*:*:*:*:*,AFFECTS
CVE:CVE-2022-45794,CPE:cpe:2.3:h:omron:sysmac_cj1g-cpu43p:-:*:*:*:*:*:*:*,AFFECTS
CVE:CVE-2022-45794,CPE:cpe:2.3:h:omron:sysmac_cj1g-cpu44p:-:*:*:*:*:*:*:*,AFFECTS
CVE:CVE-2022-45794,CPE:cpe:2.3:h:omron:sysmac_cj1g-cpu45p:-:*:*:*:*:*:*:*,AFFECTS
CVE:CVE-2022-45794,CPE:cpe:2.3:h:omron:sysmac_cj2h-cpu64-eip:-:*:*:*:*:*:*:*,AFFECTS
CVE:CVE-2022-45794,CPE:cpe:2.3:h:omron:sysmac_cj2h-cpu64:-:*:*:*:*:*:*:*,AFFECTS
CVE:CVE-2022-45794,CPE:cpe:2.3:h:omron:sysmac_cj2h-cpu65-eip:-:*:*:*:*:*:*:*,AFFECTS
CVE:CVE-2022-45794,CPE:cpe:2.3:h:omron:sysmac_cj2h-cpu65:-:*:*:*:*:*:*:*,AFFECTS
CVE:CVE-2022-45794,CPE:cpe:2.3:h:omron:sysmac_cj2h-cpu66-eip:-:*:*:*:*:*:*:*,AFFECTS
CVE:CVE-2022-45794,CPE:cpe:2.3:h:omron:sysmac_cj2h-cpu66:-:*:*:*:*:*:*:*,AFFECTS
CVE:CVE-2022-45794,CPE:cpe:2.3:h:omron:sysmac_cj2h-cpu67-eip:-:*:*:*:*:*:*:*,AFFECTS
CVE:CVE-2022-45794,CPE:cpe:2.3:h:omron:sysmac_cj2h-cpu67:-:*:*:*:*:*:*:*,AFFECTS
CVE:CVE-2022-45794,CPE:cpe:2.3:h:omron:sysmac_cj2h-cpu68-eip:-:*:*:*:*:*:*:*,AFFECTS
CVE:CVE-2022-45794,CPE:cpe:2.3:h:omron:sysmac_cj2h-cpu68:-:*:*:*:*:*:*:*,AFFECTS
CVE:CVE-2022-45794,CPE:cpe:2.3:h:omron:sysmac_cj2m-cpu11:-:*:*:*:*:*:*:*,AFFECTS
CVE:CVE-2022-45794,CPE:cpe:2.3:h:omron:sysmac_cj2m-cpu12:-:*:*:*:*:*:*:*,AFFECTS
CVE:CVE-2022-45794,CPE:cpe:2.3:h:omron:sysmac_cj2m-cpu13:-:*:*:*:*:*:*:*,AFFECTS
CVE:CVE-2022-45794,CPE:cpe:2.3:h:omron:sysmac_cj2m-cpu14:-:*:*:*:*:*:*:*,AFFECTS
CVE:CVE-2022-45794,CPE:cpe:2.3:h:omron:sysmac_cj2m-cpu15:-:*:*:*:*:*:*:*,AFFECTS
CVE:CVE-2022-45794,CPE:cpe:2.3:h:omron:sysmac_cj2m-cpu31:-:*:*:*:*:*:*:*,AFFECTS
CVE:CVE-2022-45794,CPE:cpe:2.3:h:omron:sysmac_cj2m-cpu32:-:*:*:*:*:*:*:*,AFFECTS
CVE:CVE-2022-45794,CPE:cpe:2.3:h:omron:sysmac_cj2m-cpu33:-:*:*:*:*:*:*:*,AFFECTS
CVE:CVE-2022-45794,CPE:cpe:2.3:h:omron:sysmac_cj2m-cpu34:-:*:*:*:*:*:*:*,AFFECTS
CVE:CVE-2022-45794,CPE:cpe:2.3:h:omron:sysmac_cj2m-cpu35:-:*:*:*:*:*:*:*,AFFECTS
CVE:CVE-2022-45794,CPE:cpe:2.3:h:omron:sysmac_cs1d-cpu44sa:-:*:*:*:*:*:*:*,AFFECTS
CVE:CVE-2022-45794,CPE:cpe:2.3:h:omron:sysmac_cs1d-cpu65h:-:*:*:*:*:*:*:*,AFFECTS
CVE:CVE-2022-45794,CPE:cpe:2.3:h:omron:sysmac_cs1d-cpu65p:-:*:*:*:*:*:*:*,AFFECTS
CVE:CVE-2022-45794,CPE:cpe:2.3:h:omron:sysmac_cs1d-cpu67h:-:*:*:*:*:*:*:*,AFFECTS
CVE:CVE-2022-45794,CPE:cpe:2.3:h:omron:sysmac_cs1d-cpu67ha:-:*:*:*:*:*:*:*,AFFECTS
CVE:CVE-2022-45794,CPE:cpe:2.3:h:omron:sysmac_cs1d-cpu67p:-:*:*:*:*:*:*:*,AFFECTS
CVE:CVE-2022-45794,CPE:cpe:2.3:h:omron:sysmac_cs1d-cpu67sa:-:*:*:*:*:*:*:*,AFFECTS
CVE:CVE-2022-45794,CPE:cpe:2.3:h:omron:sysmac_cs1d-cpu68ha:-:*:*:*:*:*:*:*,AFFECTS
CVE:CVE-2022-45794,CPE:cpe:2.3:h:omron:sysmac_cs1g-cpu42h:-:*:*:*:*:*:*:*,AFFECTS
CVE:CVE-2022-45794,CPE:cpe:2.3:h:omron:sysmac_cs1g-cpu43h:-:*:*:*:*:*:*:*,AFFECTS
CVE:CVE-2022-45794,CPE:cpe:2.3:h:omron:sysmac_cs1g-cpu44h:-:*:*:*:*:*:*:*,AFFECTS
CVE:CVE-2022-45794,CPE:cpe:2.3:h:omron:sysmac_cs1g-cpu45h:-:*:*:*:*:*:*:*,AFFECTS
CVE:CVE-2022-45794,CPE:cpe:2.3:h:omron:sysmac_cs1h-cpu63h:-:*:*:*:*:*:*:*,AFFECTS
CVE:CVE-2022-45794,CPE:cpe:2.3:h:omron:sysmac_cs1h-cpu64h:-:*:*:*:*:*:*:*,AFFECTS
CVE:CVE-2022-45794,CPE:cpe:2.3:h:omron:sysmac_cs1h-cpu65h:-:*:*:*:*:*:*:*,AFFECTS
CVE:CVE-2022-45794,CPE:cpe:2.3:h:omron:sysmac_cs1h-cpu66h:-:*:*:*:*:*:*:*,AFFECTS
CVE:CVE-2022-45794,CPE:cpe:2.3:h:omron:sysmac_cs1h-cpu67h:-:*:*:*:*:*:*:*,AFFECTS
CVE:CVE-2022-45794,CPE:cpe:2.3:o:omron:sysmac_cj1g-cpu42p_firmware:-:*:*:*:*:*:*:*,AFFECTS
CVE:CVE-2022-45794,CPE:cpe:2.3:o:omron:sysmac_cj1g-cpu43p_firmware:-:*:*:*:*:*:*:*,AFFECTS
CVE:CVE-2022-45794,CPE:cpe:2.3:o:omron:sysmac_cj1g-cpu44p_firmware:-:*:*:*:*:*:*:*,AFFECTS
CVE:CVE-2022-45794,CPE:cpe:2.3:o:omron:sysmac_cj1g-cpu45p_firmware:-:*:*:*:*:*:*:*,AFFECTS
CVE:CVE-2022-45794,CPE:cpe:2.3:o:omron:sysmac_cj2h-cpu64-eip_firmware:-:*:*:*:*:*:*:*,AFFECTS
CVE:CVE-2022-45794,CPE:cpe:2.3:o:omron:sysmac_cj2h-cpu64_firmware:-:*:*:*:*:*:*:*,AFFECTS
CVE:CVE-2022-45794,CPE:cpe:2.3:o:omron:sysmac_cj2h-cpu65-eip_firmware:-:*:*:*:*:*:*:*,AFFECTS
CVE:CVE-2022-45794,CPE:cpe:2.3:o:omron:sysmac_cj2h-cpu65_firmware:-:*:*:*:*:*:*:*,AFFECTS
CVE:CVE-2022-45794,CPE:cpe:2.3:o:omron:sysmac_cj2h-cpu66-eip_firmware:-:*:*:*:*:*:*:*,AFFECTS
CVE:CVE-2022-45794,CPE:cpe:2.3:o:omron:sysmac_cj2h-cpu66_firmware:-:*:*:*:*:*:*:*,AFFECTS
CVE:CVE-2022-45794,CPE:cpe:2.3:o:omron:sysmac_cj2h-cpu67-eip_firmware:-:*:*:*:*:*:*:*,AFFECTS
CVE:CVE-2022-45794,CPE:cpe:2.3:o:omron:sysmac_cj2h-cpu67_firmware:-:*:*:*:*:*:*:*,AFFECTS
CVE:CVE-2022-45794,CPE:cpe:2.3:o:omron:sysmac_cj2h-cpu68-eip_firmware:-:*:*:*:*:*:*:*,AFFECTS
CVE:CVE-2022-45794,CPE:cpe:2.3:o:omron:sysmac_cj2h-cpu68_firmware:-:*:*:*:*:*:*:*,AFFECTS
CVE:CVE-2022-45794,CPE:cpe:2.3:o:omron:sysmac_cj2m-cpu11_firmware:-:*:*:*:*:*:*:*,AFFECTS
CVE:CVE-2022-45794,CPE:cpe:2.3:o:omron:sysmac_cj2m-cpu12_firmware:-:*:*:*:*:*:*:*,AFFECTS
CVE:CVE-2022-45794,CPE:cpe:2.3:o:omron:sysmac_cj2m-cpu13_firmware:-:*:*:*:*:*:*:*,AFFECTS
CVE:CVE-2022-45794,CPE:cpe:2.3:o:omron:sysmac_cj2m-cpu14_firmware:-:*:*:*:*:*:*:*,AFFECTS
CVE:CVE-2022-45794,CPE:cpe:2.3:o:omron:sysmac_cj2m-cpu15_firmware:-:*:*:*:*:*:*:*,AFFECTS
CVE:CVE-2022-45794,CPE:cpe:2.3:o:omron:sysmac_cj2m-cpu31_firmware:-:*:*:*:*:*:*:*,AFFECTS
CVE:CVE-2022-45794,CPE:cpe:2.3:o:omron:sysmac_cj2m-cpu32_firmware:-:*:*:*:*:*:*:*,AFFECTS
CVE:CVE-2022-45794,CPE:cpe:2.3:o:omron:sysmac_cj2m-cpu33_firmware:-:*:*:*:*:*:*:*,AFFECTS
CVE:CVE-2022-45794,CPE:cpe:2.3:o:omron:sysmac_cj2m-cpu34_firmware:-:*:*:*:*:*:*:*,AFFECTS
CVE:CVE-2022-45794,CPE:cpe:2.3:o:omron:sysmac_cj2m-cpu35_firmware:-:*:*:*:*:*:*:*,AFFECTS
CVE:CVE-2022-45794,CPE:cpe:2.3:o:omron:sysmac_cs1d-cpu44sa_firmware:-:*:*:*:*:*:*:*,AFFECTS
CVE:CVE-2022-45794,CPE:cpe:2.3:o:omron:sysmac_cs1d-cpu65h_firmware:-:*:*:*:*:*:*:*,AFFECTS
CVE:CVE-2022-45794,CPE:cpe:2.3:o:omron:sysmac_cs1d-cpu65p_firmware:-:*:*:*:*:*:*:*,AFFECTS
CVE:CVE-2022-45794,CPE:cpe:2.3:o:omron:sysmac_cs1d-cpu67h_firmware:-:*:*:*:*:*:*:*,AFFECTS
CVE:CVE-2022-45794,CPE:cpe:2.3:o:omron:sysmac_cs1d-cpu67ha_firmware:-:*:*:*:*:*:*:*,AFFECTS
CVE:CVE-2022-45794,CPE:cpe:2.3:o:omron:sysmac_cs1d-cpu67p_firmware:-:*:*:*:*:*:*:*,AFFECTS
CVE:CVE-2022-45794,CPE:cpe:2.3:o:omron:sysmac_cs1d-cpu67sa_firmware:-:*:*:*:*:*:*:*,AFFECTS
CVE:CVE-2022-45794,CPE:cpe:2.3:o:omron:sysmac_cs1d-cpu68ha_firmware:-:*:*:*:*:*:*:*,AFFECTS
CVE:CVE-2022-45794,CPE:cpe:2.3:o:omron:sysmac_cs1g-cpu42h_firmware:-:*:*:*:*:*:*:*,AFFECTS
CVE:CVE-2022-45794,CPE:cpe:2.3:o:omron:sysmac_cs1g-cpu43h_firmware:-:*:*:*:*:*:*:*,AFFECTS
CVE:CVE-2022-45794,CPE:cpe:2.3:o:omron:sysmac_cs1g-cpu44h_firmware:-:*:*:*:*:*:*:*,AFFECTS
CVE:CVE-2022-45794,CPE:cpe:2.3:o:omron:sysmac_cs1g-cpu45h_firmware:-:*:*:*:*:*:*:*,AFFECTS
CVE:CVE-2022-45794,CPE:cpe:2.3:o:omron:sysmac_cs1h-cpu63h_firmware:-:*:*:*:*:*:*:*,AFFECTS
CVE:CVE-2022-45794,CPE:cpe:2.3:o:omron:sysmac_cs1h-cpu64h_firmware:-:*:*:*:*:*:*:*,AFFECTS
CVE:CVE-2022-45794,CPE:cpe:2.3:o:omron:sysmac_cs1h-cpu65h_firmware:-:*:*:*:*:*:*:*,AFFECTS
CVE:CVE-2022-45794,CPE:cpe:2.3:o:omron:sysmac_cs1h-cpu66h_firmware:-:*:*:*:*:*:*:*,AFFECTS
CVE:CVE-2022-45794,CPE:cpe:2.3:o:omron:sysmac_cs1h-cpu67h_firmware:-:*:*:*:*:*:*:*,AFFECTS
CVE:CVE-2022-45794,REF:CVE-2022-45794:0,REFERENCES
CVE:CVE-2022-45794,REF:CVE-2022-45794:1,REFERENCES
CVE:CVE-2023-6979,RISK:MINIMAL,HAS_RISK
CVE:CVE-2023-6979,CWE:CWE-434,HAS_CWE
CVE:CVE-2023-6979,CPE:cpe:2.3:a:cusrev:customer_reviews_for_woocommerce:*:*:*:*:*:wordpress:*:*,AFFECTS
CVE:CVE-2023-6979,REF:CVE-2023-6979:0,REFERENCES
CVE:CVE-2023-6979,REF:CVE-2023-6979:1,REFERENCES
CVE:CVE-2023-6979,REF:CVE-2023-6979:2,REFERENCES
CVE:CVE-2023-6979,REF:CVE-2023-6979:3,REFERENCES
CVE:CVE-2023-6979,REF:CVE-2023-6979:4,REFERENCES
CVE:CVE-2016-20021,RISK:MINIMAL,HAS_RISK
CVE:CVE-2016-20021,CWE:CWE-347,HAS_CWE
CVE:CVE-2016-20021,CPE:cpe:2.3:a:gentoo:portage:*:*:*:*:*:*:*:*,AFFECTS
CVE:CVE-2016-20021,REF:CVE-2016-20021:0,REFERENCES
CVE:CVE-2016-20021,REF:CVE-2016-20021:1,REFERENCES
CVE:CVE-2016-20021,REF:CVE-2016-20021:2,REFERENCES
CVE:CVE-2023-49569,RISK:MINIMAL,HAS_RISK
CVE:CVE-2023-49569,CWE:CWE-22,HAS_CWE
CVE:CVE-2023-49569,CPE:cpe:2.3:a:go-git_project:go-git:*:*:*:*:*:go:*:*,AFFECTS
CVE:CVE-2023-49569,REF:CVE-2023-49569:0,REFERENCES
CVE:CVE-2023-51790,RISK:MINIMAL,HAS_RISK
CVE:CVE-2023-51790,CWE:CWE-79,HAS_CWE
CVE:CVE-2023-51790,CPE:cpe:2.3:a:piwigo:piwigo:14.0.0:*:*:*:*:*:*:*,AFFECTS
CVE:CVE-2023-51790,REF:CVE-2023-51790:0,REFERENCES
CVE:CVE-2023-51790,REF:CVE-2023-51790:1,REFERENCES
CVE:CVE-2023-4812,RISK:MINIMAL,HAS_RISK
CVE:CVE-2023-4812,CWE:CWE-863,HAS_CWE
CVE:CVE-2023-4812,CPE:cpe:2.3:a:gitlab:gitlab:*:*:*:*:community:*:*:*,AFFECTS
CVE:CVE-2023-4812,CPE:cpe:2.3:a:gitlab:gitlab:*:*:*:*:enterprise:*:*:*,AFFECTS
CVE:CVE-2023-4812,CPE:cpe:2.3:a:gitlab:gitlab:16.7.0:*:*:*:enterprise:*:*:*,AFFECTS
CVE:CVE-2023-4812,CPE:cpe:2.3:a:gitlab:gitlab:16.7.1:*:*:*:enterprise:*:*:*,AFFECTS
CVE:CVE-2023-4812,REF:CVE-2023-4812:0,REFERENCES
CVE:CVE-2023-4812,REF:CVE-2023-4812:1,REFERENCES
CVE:CVE-2023-51063,RISK:MINIMAL,HAS_RISK
CVE:CVE-2023-51063,CWE:CWE-352,HAS_CWE
CVE:CVE-2023-51063,CWE:CWE-79,HAS_CWE
CVE:CVE-2023-51063,CPE:cpe:2.3:a:qstar:archive_storage_manager:3-0:build7_patch0:*:*:*:*:*:*,AFFECTS
CVE:CVE-2023-51063,REF:CVE-2023-51063:0,REFERENCES
CVE:CVE-2023-51066,RISK:MINIMAL,HAS_RISK
CVE:CVE-2023-51066,CWE:CWE-94,HAS_CWE
CVE:CVE-2023-51066,CPE:cpe:2.3:a:qstar:archive_storage_manager:3-0:build7_patch0:*:*:*:*:*:*,AFFECTS
CVE:CVE-2023-51066,REF:CVE-2023-51066:0,REFERENCES
CVE:CVE-2024-0552,RISK:MINIMAL,HAS_RISK
CVE:CVE-2024-0552,CWE:CWE-74,HAS_CWE
CVE:CVE-2024-0552,CPE:cpe:2.3:a:intumit:smartrobot:*:*:*:*:*:*:*:*,AFFECTS
CVE:CVE-2024-0552,REF:CVE-2024-0552:0,REFERENCES
CVE:CVE-2023-6049,RISK:MINIMAL,HAS_RISK
CVE:CVE-2023-6049,CWE:CWE-502,HAS_CWE
CVE:CVE-2023-6049,CPE:cpe:2.3:a:estatik:estatik:*:*:*:*:*:wordpress:*:*,AFFECTS
CVE:CVE-2023-6049,REF:CVE-2023-6049:0,REFERENCES
CVE:CVE-2023-6395,RISK:MINIMAL,HAS_RISK
CVE:CVE-2023-6395,CWE:CWE-20,HAS_CWE
CVE:CVE-2023-6395,CWE:CWE-94,HAS_CWE
CVE:CVE-2023-6395,CPE:cpe:2.3:a:fedoraproject:extra_packages_for_enterprise_linux:7.0:*:*:*:*:*:*:*,AFFECTS
CVE:CVE-2023-6395,CPE:cpe:2.3:a:fedoraproject:extra_packages_for_enterprise_linux:8.0:*:*:*:*:*:*:*,AFFECTS
CVE:CVE-2023-6395,CPE:cpe:2.3:a:fedoraproject:extra_packages_for_enterprise_linux:9.0:*:*:*:*:*:*:*,AFFECTS
CVE:CVE-2023-6395,CPE:cpe:2.3:a:rpm-software-management:mock:-:*:*:*:*:*:*:*,AFFECTS
CVE:CVE-2023-6395,CPE:cpe:2.3:o:fedoraproject:fedora:38:*:*:*:*:*:*:*,AFFECTS
CVE:CVE-2023-6395,CPE:cpe:2.3:o:fedoraproject:fedora:39:*:*:*:*:*:*:*,AFFECTS
CVE:CVE-2023-6395,REF:CVE-2023-6395:0,REFERENCES
CVE:CVE-2023-6395,REF:CVE-2023-6395:1,REFERENCES
CVE:CVE-2023-6395,REF:CVE-2023-6395:2,REFERENCES
CVE:CVE-2023-6395,REF:CVE-2023-6395:3,REFERENCES
CVE:CVE-2023-6395,REF:CVE-2023-6395:4,REFERENCES
CVE:CVE-2023-6395,REF:CVE-2023-6395:5,REFERENCES
CVE:CVE-2023-6395,REF:CVE-2023-6395:6,REFERENCES
CVE:CVE-2023-6395,REF:CVE-2023-6395:7,REFERENCES
CVE:CVE-2023-4536,RISK:MINIMAL,HAS_RISK
CVE:CVE-2023-4536,CWE:CWE-434,HAS_CWE
CVE:CVE-2023-4536,CPE:cpe:2.3:a:koalaapps:my_account_page_editor:*:*:*:*:*:wordpress:*:*,AFFECTS
CVE:CVE-2023-4536,REF:CVE-2023-4536:0,REFERENCES
CVE:CVE-2024-20287,RISK:MINIMAL,HAS_RISK
CVE:CVE-2024-20287,CWE:CWE-77,HAS_CWE
CVE:CVE-2024-20287,CWE:CWE-88,HAS_CWE
CVE:CVE-2024-20287,CPE:cpe:2.3:h:cisco:wap371:-:*:*:*:*:*:*:*,AFFECTS
CVE:CVE-2024-20287,CPE:cpe:2.3:o:cisco:wap371_firmware:*:*:*:*:*:*:*:*,AFFECTS
CVE:CVE-2024-20287,REF:CVE-2024-20287:0,REFERENCES
CVE:CVE-2023-6816,RISK:MINIMAL,HAS_RISK
CVE:CVE-2023-6816,CWE:CWE-787,HAS_CWE
CVE:CVE-2023-6816,CPE:cpe:2.3:a:x.org:x_server:*:*:*:*:*:*:*:*,AFFECTS
CVE:CVE-2023-6816,CPE:cpe:2.3:a:x.org:xwayland:*:*:*:*:*:*:*:*,AFFECTS
CVE:CVE-2023-6816,CPE:cpe:2.3:o:debian:debian_linux:10.0:*:*:*:*:*:*:*,AFFECTS
CVE:CVE-2023-6816,CPE:cpe:2.3:o:fedoraproject:fedora:39:*:*:*:*:*:*:*,AFFECTS
CVE:CVE-2023-6816,CPE:cpe:2.3:o:redhat:enterprise_linux_desktop:7.0:*:*:*:*:*:*:*,AFFECTS
CVE:CVE-2023-6816,CPE:cpe:2.3:o:redhat:enterprise_linux_server:7.0:*:*:*:*:*:*:*,AFFECTS
CVE:CVE-2023-6816,CPE:cpe:2.3:o:redhat:enterprise_linux_workstation:7.0:*:*:*:*:*:*:*,AFFECTS
CVE:CVE-2023-6816,REF:CVE-2023-6816:0,REFERENCES
CVE:CVE-2023-6816,REF:CVE-2023-6816:1,REFERENCES
CVE:CVE-2023-6816,REF:CVE-2023-6816:2,REFERENCES
CVE:CVE-2023-6816,REF:CVE-2023-6816:3,REFERENCES
CVE:CVE-2023-6816,REF:CVE-2023-6816:4,REFERENCES
CVE:CVE-2023-6816,REF:CVE-2023-6816:5,REFERENCES
CVE:CVE-2023-6816,REF:CVE-2023-6816:6,REFERENCES
CVE:CVE-2023-6816,REF:CVE-2023-6816:7,REFERENCES
CVE:CVE-2023-6816,REF:CVE-2023-6816:8,REFERENCES
CVE:CVE-2023-6816,REF:CVE-2023-6816:9,REFERENCES
CVE:CVE-2023-6816,REF:CVE-2023-6816:10,REFERENCES
CVE:CVE-2023-6816,REF:CVE-2023-6816:11,REFERENCES
CVE:CVE-2023-6816,REF:CVE-2023-6816:12,REFERENCES
CVE:CVE-2023-6816,REF:CVE-2023-6816:13,REFERENCES
CVE:CVE-2023-6816,REF:CVE-2023-6816:14,REFERENCES
CVE:CVE-2023-6816,REF:CVE-2023-6816:15,REFERENCES
CVE:CVE-2023-6816,REF:CVE-2023-6816:16,REFERENCES
CVE:CVE-2023-6816,REF:CVE-2023-6816:17,REFERENCES
CVE:CVE-2023-6816,REF:CVE-2023-6816:18,REFERENCES
CVE:CVE-2023-6816,REF:CVE-2023-6816:19,REFERENCES
CVE:CVE-2023-6816,REF:CVE-2023-6816:20,REFERENCES
CVE:CVE-2023-6816,REF:CVE-2023-6816:21,REFERENCES
CVE:CVE-2023-6816,REF:CVE-2023-6816:22,REFERENCES
CVE:CVE-2023-6816,REF:CVE-2023-6816:23,REFERENCES
CVE:CVE-2024-22568,RISK:MINIMAL,HAS_RISK
CVE:CVE-2024-22568,CWE:CWE-352,HAS_CWE
CVE:CVE-2024-22568,CPE:cpe:2.3:a:flycms_project:flycms:1.0:*:*:*:*:*:*:*,AFFECTS
CVE:CVE-2024-22568,REF:CVE-2024-22568:0,REFERENCES
CVE:CVE-2024-0409,RISK:MINIMAL,HAS_RISK
CVE:CVE-2024-0409,CWE:CWE-787,HAS_CWE
CVE:CVE-2024-0409,CPE:cpe:2.3:a:tigervnc:tigervnc:*:*:*:*:*:*:*:*,AFFECTS
CVE:CVE-2024-0409,CPE:cpe:2.3:a:x.org:x_server:*:*:*:*:*:*:*:*,AFFECTS
CVE:CVE-2024-0409,CPE:cpe:2.3:a:x.org:xwayland:*:*:*:*:*:*:*:*,AFFECTS
CVE:CVE-2024-0409,CPE:cpe:2.3:o:fedoraproject:fedora:39:*:*:*:*:*:*:*,AFFECTS
CVE:CVE-2024-0409,CPE:cpe:2.3:o:redhat:enterprise_linux:6.0:*:*:*:*:*:*:*,AFFECTS
CVE:CVE-2024-0409,CPE:cpe:2.3:o:redhat:enterprise_linux:7.0:*:*:*:*:*:*:*,AFFECTS
CVE:CVE-2024-0409,CPE:cpe:2.3:o:redhat:enterprise_linux:8.0:*:*:*:*:*:*:*,AFFECTS
CVE:CVE-2024-0409,CPE:cpe:2.3:o:redhat:enterprise_linux:9.0:*:*:*:*:*:*:*,AFFECTS
CVE:CVE-2024-0409,CPE:cpe:2.3:o:redhat:enterprise_linux_desktop:7.0:*:*:*:*:*:*:*,AFFECTS
CVE:CVE-2024-0409,CPE:cpe:2.3:o:redhat:enterprise_linux_for_ibm_z_systems:7.0:*:*:*:*:*:*:*,AFFECTS
CVE:CVE-2024-0409,CPE:cpe:2.3:o:redhat:enterprise_linux_for_power_big_endian:7.0:*:*:*:*:*:*:*,AFFECTS
CVE:CVE-2024-0409,CPE:cpe:2.3:o:redhat:enterprise_linux_for_power_little_endian:7.0:*:*:*:*:*:*:*,AFFECTS
CVE:CVE-2024-0409,CPE:cpe:2.3:o:redhat:enterprise_linux_for_scientific_computing:7.0:*:*:*:*:*:*:*,AFFECTS
CVE:CVE-2024-0409,CPE:cpe:2.3:o:redhat:enterprise_linux_server:7.0:*:*:*:*:*:*:*,AFFECTS
CVE:CVE-2024-0409,CPE:cpe:2.3:o:redhat:enterprise_linux_workstation:7.0:*:*:*:*:*:*:*,AFFECTS
CVE:CVE-2024-0409,REF:CVE-2024-0409:0,REFERENCES
CVE:CVE-2024-0409,REF:CVE-2024-0409:1,REFERENCES
CVE:CVE-2024-0409,REF:CVE-2024-0409:2,REFERENCES
CVE:CVE-2024-0409,REF:CVE-2024-0409:3,REFERENCES
CVE:CVE-2024-0409,REF:CVE-2024-0409:4,REFERENCES
CVE:CVE-2024-0409,REF:CVE-2024-0409:5,REFERENCES
CVE:CVE-2024-0409,REF:CVE-2024-0409:6,REFERENCES
CVE:CVE-2024-0409,REF:CVE-2024-0409:7,REFERENCES
CVE:CVE-2024-0409,REF:CVE-2024-0409:8,REFERENCES
CVE:CVE-2024-0409,REF:CVE-2024-0409:9,REFERENCES
CVE:CVE-2024-0409,REF:CVE-2024-0409:10,REFERENCES
CVE:CVE-2024-0409,REF:CVE-2024-0409:11,REFERENCES
CVE:CVE-2024-0409,REF:CVE-2024-0409:12,REFERENCES
CVE:CVE-2024-22212,RISK:MINIMAL,HAS_RISK
CVE:CVE-2024-22212,CWE:CWE-306,HAS_CWE
CVE:CVE-2024-22212,CPE:cpe:2.3:a:nextcloud:global_site_selector:*:*:*:*:*:*:*:*,AFFECTS
CVE:CVE-2024-22212,REF:CVE-2024-22212:0,REFERENCES
CVE:CVE-2024-22212,REF:CVE-2024-22212:1,REFERENCES
CVE:CVE-2024-22212,REF:CVE-2024-22212:2,REFERENCES
CVE:CVE-2024-22213,RISK:MINIMAL,HAS_RISK
CVE:CVE-2024-22213,CWE:CWE-79,HAS_CWE
CVE:CVE-2024-22213,CPE:cpe:2.3:a:nextcloud:deck:*:*:*:*:*:*:*:*,AFFECTS
CVE:CVE-2024-22213,REF:CVE-2024-22213:0,REFERENCES
CVE:CVE-2024-22213,REF:CVE-2024-22213:1,REFERENCES
CVE:CVE-2024-22213,REF:CVE-2024-22213:2,REFERENCES
CVE:CVE-2023-38738,RISK:MINIMAL,HAS_RISK
CVE:CVE-2023-38738,CWE:CWE-257,HAS_CWE
CVE:CVE-2023-38738,CPE:cpe:2.3:a:ibm:openpages_with_watson:*:*:*:*:*:*:*:*,AFFECTS
CVE:CVE-2023-38738,CPE:cpe:2.3:a:ibm:openpages_with_watson:9.0:*:*:*:*:*:*:*,AFFECTS
CVE:CVE-2023-38738,CPE:cpe:2.3:o:linux:linux_kernel:-:*:*:*:*:*:*:*,AFFECTS
CVE:CVE-2023-38738,CPE:cpe:2.3:o:microsoft:windows:-:*:*:*:*:*:*:*,AFFECTS
CVE:CVE-2023-38738,REF:CVE-2023-38738:0,REFERENCES
CVE:CVE-2023-38738,REF:CVE-2023-38738:1,REFERENCES
CVE:CVE-2024-0705,RISK:MINIMAL,HAS_RISK
CVE:CVE-2024-0705,CWE:CWE-89,HAS_CWE
CVE:CVE-2024-0705,CPE:cpe:2.3:a:webtoffee:stripe_payment_plugin_for_woocommerce:*:*:*:*:*:wordpress:*:*,AFFECTS
CVE:CVE-2024-0705,REF:CVE-2024-0705:0,REFERENCES
CVE:CVE-2024-0705,REF:CVE-2024-0705:1,REFERENCES
CVE:CVE-2023-50030,RISK:MINIMAL,HAS_RISK
CVE:CVE-2023-50030,CWE:CWE-89,HAS_CWE
CVE:CVE-2023-50030,CPE:cpe:2.3:a:joommasters:jmssetting:*:*:*:*:*:prestashop:*:*,AFFECTS
CVE:CVE-2023-50030,REF:CVE-2023-50030:0,REFERENCES
CVE:CVE-2023-50030,REF:CVE-2023-50030:1,REFERENCES
CVE:CVE-2024-0714,RISK:MINIMAL,HAS_RISK
CVE:CVE-2024-0714,CWE:CWE-78,HAS_CWE
CVE:CVE-2024-0714,CPE:cpe:2.3:a:sourcefabric:phoniebox:*:*:*:*:*:*:*:*,AFFECTS
CVE:CVE-2024-0714,REF:CVE-2024-0714:0,REFERENCES
CVE:CVE-2024-0714,REF:CVE-2024-0714:1,REFERENCES
CVE:CVE-2024-0758,RISK:MINIMAL,HAS_RISK
CVE:CVE-2024-0758,CWE:CWE-79,HAS_CWE
CVE:CVE-2024-0758,CPE:cpe:2.3:a:ipb-halle:molecularfaces:*:*:*:*:*:*:*:*,AFFECTS
CVE:CVE-2024-0758,REF:CVE-2024-0758:0,REFERENCES
CVE:CVE-2024-0758,REF:CVE-2024-0758:1,REFERENCES
CVE:CVE-2024-0758,REF:CVE-2024-0758:2,REFERENCES
CVE:CVE-2024-23208,RISK:MINIMAL,HAS_RISK
CVE:CVE-2024-23208,CWE:CWE-94,HAS_CWE
CVE:CVE-2024-23208,CPE:cpe:2.3:o:apple:ipados:*:*:*:*:*:*:*:*,AFFECTS
CVE:CVE-2024-23208,CPE:cpe:2.3:o:apple:iphone_os:*:*:*:*:*:*:*:*,AFFECTS
CVE:CVE-2024-23208,CPE:cpe:2.3:o:apple:macos:*:*:*:*:*:*:*:*,AFFECTS
CVE:CVE-2024-23208,CPE:cpe:2.3:o:apple:tvos:*:*:*:*:*:*:*:*,AFFECTS
CVE:CVE-2024-23208,CPE:cpe:2.3:o:apple:watchos:*:*:*:*:*:*:*:*,AFFECTS
CVE:CVE-2024-23208,REF:CVE-2024-23208:0,REFERENCES
CVE:CVE-2024-23208,REF:CVE-2024-23208:1,REFERENCES
CVE:CVE-2024-23208,REF:CVE-2024-23208:2,REFERENCES
CVE:CVE-2024-23208,REF:CVE-2024-23208:3,REFERENCES
CVE:CVE-2024-23208,REF:CVE-2024-23208:4,REFERENCES
CVE:CVE-2024-23208,REF:CVE-2024-23208:5,REFERENCES
CVE:CVE-2024-23208,REF:CVE-2024-23208:6,REFERENCES
CVE:CVE-2024-23208,REF:CVE-2024-23208:7,REFERENCES
CVE:CVE-2024-23208,REF:CVE-2024-23208:8,REFERENCES
CVE:CVE-2024-23208,REF:CVE-2024-23208:9,REFERENCES
CVE:CVE-2024-23208,REF:CVE-2024-23208:10,REFERENCES
CVE:CVE-2024-23208,REF:CVE-2024-23208:11,REFERENCES
CVE:CVE-2024-23208,REF:CVE-2024-23208:12,REFERENCES
CVE:CVE-2024-23208,REF:CVE-2024-23208:13,REFERENCES
CVE:CVE-2024-0751,RISK:MINIMAL,HAS_RISK
CVE:CVE-2024-0751,CWE:CWE-269,HAS_CWE
CVE:CVE-2024-0751,CPE:cpe:2.3:a:mozilla:firefox:*:*:*:*:*:*:*:*,AFFECTS
CVE:CVE-2024-0751,CPE:cpe:2.3:a:mozilla:firefox_esr:*:*:*:*:*:*:*:*,AFFECTS
CVE:CVE-2024-0751,CPE:cpe:2.3:a:mozilla:thunderbird:*:*:*:*:*:*:*:*,AFFECTS
CVE:CVE-2024-0751,CPE:cpe:2.3:o:debian:debian_linux:10.0:*:*:*:*:*:*:*,AFFECTS
CVE:CVE-2024-0751,REF:CVE-2024-0751:0,REFERENCES
CVE:CVE-2024-0751,REF:CVE-2024-0751:1,REFERENCES
CVE:CVE-2024-0751,REF:CVE-2024-0751:2,REFERENCES
CVE:CVE-2024-0751,REF:CVE-2024-0751:3,REFERENCES
CVE:CVE-2024-0751,REF:CVE-2024-0751:4,REFERENCES
CVE:CVE-2024-0751,REF:CVE-2024-0751:5,REFERENCES
CVE:CVE-2021-42142,RISK:MINIMAL,HAS_RISK
CVE:CVE-2021-42142,CWE:CWE-755,HAS_CWE
CVE:CVE-2021-42142,CWE:CWE-770,HAS_CWE
CVE:CVE-2021-42142,CPE:cpe:2.3:a:contiki-ng:tinydtls:*:*:*:*:*:*:*:*,AFFECTS
CVE:CVE-2021-42142,REF:CVE-2021-42142:0,REFERENCES
CVE:CVE-2021-42142,REF:CVE-2021-42142:1,REFERENCES
CVE:CVE-2021-42142,REF:CVE-2021-42142:2,REFERENCES
CVE:CVE-2023-35835,RISK:MINIMAL,HAS_RISK
CVE:CVE-2023-35835,CPE:cpe:2.3:h:solax:pocket_wifi_3:-:*:*:*:*:*:*:*,AFFECTS
CVE:CVE-2023-35835,CPE:cpe:2.3:o:solax:pocket_wifi_3_firmware:*:*:*:*:*:*:*:*,AFFECTS
CVE:CVE-2023-35835,REF:CVE-2023-35835:0,REFERENCES
CVE:CVE-2023-35835,REF:CVE-2023-35835:1,REFERENCES
CVE:CVE-2023-35835,REF:CVE-2023-35835:2,REFERENCES
CVE:CVE-2023-35835,REF:CVE-2023-35835:3,REFERENCES
CVE:CVE-2024-0812,RISK:MINIMAL,HAS_RISK
CVE:CVE-2024-0812,CPE:cpe:2.3:a:google:chrome:*:*:*:*:*:*:*:*,AFFECTS
CVE:CVE-2024-0812,CPE:cpe:2.3:o:fedoraproject:fedora:38:*:*:*:*:*:*:*,AFFECTS
CVE:CVE-2024-0812,CPE:cpe:2.3:o:fedoraproject:fedora:39:*:*:*:*:*:*:*,AFFECTS
CVE:CVE-2024-0812,REF:CVE-2024-0812:0,REFERENCES
CVE:CVE-2024-0812,REF:CVE-2024-0812:1,REFERENCES
CVE:CVE-2024-0812,REF:CVE-2024-0812:2,REFERENCES
CVE:CVE-2024-0812,REF:CVE-2024-0812:3,REFERENCES
CVE:CVE-2023-52221,RISK:MINIMAL,HAS_RISK
CVE:CVE-2023-52221,CWE:CWE-434,HAS_CWE
CVE:CVE-2023-52221,CPE:cpe:2.3:a:ukrsolution:barcode_scanner_and_inventory_manager:*:*:*:*:*:wordpress:*:*,AFFECTS
CVE:CVE-2023-52221,REF:CVE-2023-52221:0,REFERENCES
CVE:CVE-2023-33759,RISK:MINIMAL,HAS_RISK
CVE:CVE-2023-33759,CWE:CWE-307,HAS_CWE
CVE:CVE-2023-33759,CPE:cpe:2.3:a:splicecom:maximiser_soft_pbx:*:*:*:*:*:*:*:*,AFFECTS
CVE:CVE-2023-33759,REF:CVE-2023-33759:0,REFERENCES
CVE:CVE-2024-23622,RISK:MINIMAL,HAS_RISK
CVE:CVE-2024-23622,CWE:CWE-131,HAS_CWE
CVE:CVE-2024-23622,CWE:CWE-787,HAS_CWE
CVE:CVE-2024-23622,CPE:cpe:2.3:a:ibm:merge_efilm_workstation:*:*:*:*:*:*:*:*,AFFECTS
CVE:CVE-2024-23622,REF:CVE-2024-23622:0,REFERENCES
CVE:CVE-2024-23626,RISK:MINIMAL,HAS_RISK
CVE:CVE-2024-23626,CWE:CWE-77,HAS_CWE
CVE:CVE-2024-23626,CPE:cpe:2.3:h:motorola:mr2600:-:*:*:*:*:*:*:*,AFFECTS
CVE:CVE-2024-23626,CPE:cpe:2.3:o:motorola:mr2600_firmware:-:*:*:*:*:*:*:*,AFFECTS
CVE:CVE-2024-23626,REF:CVE-2024-23626:0,REFERENCES
CVE:CVE-2024-0402,RISK:MINIMAL,HAS_RISK
CVE:CVE-2024-0402,CWE:CWE-22,HAS_CWE
CVE:CVE-2024-0402,CPE:cpe:2.3:a:gitlab:gitlab:*:*:*:*:community:*:*:*,AFFECTS
CVE:CVE-2024-0402,CPE:cpe:2.3:a:gitlab:gitlab:*:*:*:*:enterprise:*:*:*,AFFECTS
CVE:CVE-2024-0402,CPE:cpe:2.3:a:gitlab:gitlab:16.8.0:*:*:*:community:*:*:*,AFFECTS
CVE:CVE-2024-0402,CPE:cpe:2.3:a:gitlab:gitlab:16.8.0:*:*:*:enterprise:*:*:*,AFFECTS
CVE:CVE-2024-0402,REF:CVE-2024-0402:0,REFERENCES
CVE:CVE-2024-0402,REF:CVE-2024-0402:1,REFERENCES
CVE:CVE-2023-6390,RISK:MINIMAL,HAS_RISK
CVE:CVE-2023-6390,CWE:CWE-352,HAS_CWE
CVE:CVE-2023-6390,CPE:cpe:2.3:a:jonathonkemp:wordpress_users:*:*:*:*:*:wordpress:*:*,AFFECTS
CVE:CVE-2023-6390,REF:CVE-2023-6390:0,REFERENCES
CVE:CVE-2023-6390,REF:CVE-2023-6390:1,REFERENCES
CVE:CVE-2023-1705,RISK:MINIMAL,HAS_RISK
CVE:CVE-2023-1705,CWE:CWE-862,HAS_CWE
CVE:CVE-2023-1705,CPE:cpe:2.3:a:forcepoint:one_smartedge_agent:*:*:*:*:*:*:*:*,AFFECTS
CVE:CVE-2023-1705,REF:CVE-2023-1705:0,REFERENCES
CVE:CVE-2024-1069,RISK:MINIMAL,HAS_RISK
CVE:CVE-2024-1069,CWE:CWE-434,HAS_CWE
CVE:CVE-2024-1069,"CPE:cpe:2.3:a:crmperks:database_for_contact_form_7\,_wpforms\,_elementor_forms:*:*:*:*:*:wordpress:*:*",AFFECTS
CVE:CVE-2024-1069,REF:CVE-2024-1069:0,REFERENCES
CVE:CVE-2024-1069,REF:CVE-2024-1069:1,REFERENCES
CVE:CVE-2024-1069,REF:CVE-2024-1069:2,REFERENCES
CVE:CVE-2023-50357,RISK:MINIMAL,HAS_RISK
CVE:CVE-2023-50357,CWE:CWE-79,HAS_CWE
CVE:CVE-2023-50357,CPE:cpe:2.3:a:areal-topkapi:webserv1:*:*:*:*:*:*:*:*,AFFECTS
CVE:CVE-2023-50357,REF:CVE-2023-50357:0,REFERENCES
CVE:CVE-2024-23652,RISK:MINIMAL,HAS_RISK
CVE:CVE-2024-23652,CWE:CWE-22,HAS_CWE
CVE:CVE-2024-23652,CPE:cpe:2.3:a:mobyproject:buildkit:*:*:*:*:*:*:*:*,AFFECTS
CVE:CVE-2024-23652,REF:CVE-2024-23652:0,REFERENCES
CVE:CVE-2024-23652,REF:CVE-2024-23652:1,REFERENCES
CVE:CVE-2024-23652,REF:CVE-2024-23652:2,REFERENCES
CVE:CVE-2024-23832,RISK:MINIMAL,HAS_RISK
CVE:CVE-2024-23832,CWE:CWE-290,HAS_CWE
CVE:CVE-2024-23832,CPE:cpe:2.3:a:joinmastodon:mastodon:*:*:*:*:*:*:*:*,AFFECTS
CVE:CVE-2024-23832,REF:CVE-2024-23832:0,REFERENCES
CVE:CVE-2024-23832,REF:CVE-2024-23832:1,REFERENCES
CVE:CVE-2024-23832,REF:CVE-2024-23832:2,REFERENCES
CVE:CVE-2024-1039,RISK:MINIMAL,HAS_RISK
CVE:CVE-2024-1039,CWE:CWE-287,HAS_CWE
CVE:CVE-2024-1039,CWE:CWE-798,HAS_CWE
CVE:CVE-2024-1039,CPE:cpe:2.3:h:gesslergmbh:web-master:-:*:*:*:*:*:*:*,AFFECTS
CVE:CVE-2024-1039,CPE:cpe:2.3:o:gesslergmbh:web-master_firmware:7.9:*:*:*:*:*:*:*,AFFECTS
CVE:CVE-2024-1039,REF:CVE-2024-1039:0,REFERENCES
CVE:CVE-2023-36496,RISK:MINIMAL,HAS_RISK
CVE:CVE-2023-36496,CWE:CWE-269,HAS_CWE
CVE:CVE-2023-36496,CPE:cpe:2.3:a:pingidentity:pingdirectory:*:*:*:*:*:*:*:*,AFFECTS
CVE:CVE-2023-36496,CPE:cpe:2.3:a:pingidentity:pingdirectory:9.2.0.0:*:*:*:*:*:*:*,AFFECTS
CVE:CVE-2023-36496,CPE:cpe:2.3:a:pingidentity:pingdirectory:9.2.0.1:*:*:*:*:*:*:*,AFFECTS
CVE:CVE-2023-36496,CPE:cpe:2.3:a:pingidentity:pingdirectory:9.3.0.0:*:*:*:*:*:*:*,AFFECTS
CVE:CVE-2023-36496,CPE:cpe:2.3:a:pingidentity:pingdirectory:9.3.0.1:*:*:*:*:*:*:*,AFFECTS
CVE:CVE-2023-36496,REF:CVE-2023-36496:0,REFERENCES
CVE:CVE-2023-36496,REF:CVE-2023-36496:1,REFERENCES
CVE:CVE-2023-36496,REF:CVE-2023-36496:2,REFERENCES
CVE:CVE-2024-22779,RISK:MINIMAL,HAS_RISK
CVE:CVE-2024-22779,CWE:CWE-22,HAS_CWE
CVE:CVE-2024-22779,CPE:cpe:2.3:a:kihron:serverrpexposer:*:*:*:*:*:*:*:*,AFFECTS
CVE:CVE-2024-22779,REF:CVE-2024-22779:0,REFERENCES
CVE:CVE-2024-22779,REF:CVE-2024-22779:1,REFERENCES
CVE:CVE-2024-22779,REF:CVE-2024-22779:2,REFERENCES
CVE:CVE-2024-23746,RISK:MINIMAL,HAS_RISK
CVE:CVE-2024-23746,CWE:CWE-94,HAS_CWE
CVE:CVE-2024-23746,CPE:cpe:2.3:a:miro:miro:0.8.18:*:*:*:*:*:*:*,AFFECTS
CVE:CVE-2024-23746,CPE:cpe:2.3:o:apple:macos:-:*:*:*:*:*:*:*,AFFECTS
CVE:CVE-2024-23746,REF:CVE-2024-23746:0,REFERENCES
CVE:CVE-2024-23746,REF:CVE-2024-23746:1,REFERENCES
CVE:CVE-2024-23746,REF:CVE-2024-23746:2,REFERENCES
CVE:CVE-2024-23746,REF:CVE-2024-23746:3,REFERENCES
CVE:CVE-2024-22533,RISK:MINIMAL,HAS_RISK
CVE:CVE-2024-22533,CWE:CWE-94,HAS_CWE
CVE:CVE-2024-22533,CPE:cpe:2.3:a:xiandafu:beetl:3.15.12:*:*:*:*:*:*:*,AFFECTS
CVE:CVE-2024-22533,REF:CVE-2024-22533:0,REFERENCES
CVE:CVE-2023-38020,RISK:MINIMAL,HAS_RISK
CVE:CVE-2023-38020,CWE:CWE-117,HAS_CWE
CVE:CVE-2023-38020,CPE:cpe:2.3:a:ibm:soar_qradar_plugin_app:*:*:*:*:*:*:*:*,AFFECTS
CVE:CVE-2023-38020,REF:CVE-2023-38020:0,REFERENCES
CVE:CVE-2023-38020,REF:CVE-2023-38020:1,REFERENCES
CVE:CVE-2023-38263,RISK:MINIMAL,HAS_RISK
CVE:CVE-2023-38263,CWE:CWE-284,HAS_CWE
CVE:CVE-2023-38263,CPE:cpe:2.3:a:ibm:soar_qradar_plugin_app:*:*:*:*:*:*:*:*,AFFECTS
CVE:CVE-2023-38263,REF:CVE-2023-38263:0,REFERENCES
CVE:CVE-2023-38263,REF:CVE-2023-38263:1,REFERENCES
CVE:CVE-2021-22282,RISK:MINIMAL,HAS_RISK
CVE:CVE-2021-22282,CWE:CWE-94,HAS_CWE
CVE:CVE-2021-22282,CPE:cpe:2.3:a:br-automation:automation_studio:*:*:*:*:*:*:*:*,AFFECTS
CVE:CVE-2021-22282,REF:CVE-2021-22282:0,REFERENCES
CVE:CVE-2021-4435,RISK:MINIMAL,HAS_RISK
CVE:CVE-2021-4435,CWE:CWE-426,HAS_CWE
CVE:CVE-2021-4435,CPE:cpe:2.3:a:yarnpkg:yarn:*:*:*:*:*:*:*:*,AFFECTS
CVE:CVE-2021-4435,REF:CVE-2021-4435:0,REFERENCES
CVE:CVE-2021-4435,REF:CVE-2021-4435:1,REFERENCES
CVE:CVE-2021-4435,REF:CVE-2021-4435:2,REFERENCES
CVE:CVE-2021-4435,REF:CVE-2021-4435:3,REFERENCES
CVE:CVE-2024-23108,RISK:MINIMAL,HAS_RISK
CVE:CVE-2024-23108,CWE:CWE-78,HAS_CWE
CVE:CVE-2024-23108,CPE:cpe:2.3:a:fortinet:fortisiem:*:*:*:*:*:*:*:*,AFFECTS
CVE:CVE-2024-23108,CPE:cpe:2.3:a:fortinet:fortisiem:7.1.0:*:*:*:*:*:*:*,AFFECTS
CVE:CVE-2024-23108,CPE:cpe:2.3:a:fortinet:fortisiem:7.1.1:*:*:*:*:*:*:*,AFFECTS
CVE:CVE-2024-23108,REF:CVE-2024-23108:0,REFERENCES
CVE:CVE-2024-23108,REF:CVE-2024-23108:1,REFERENCES
CVE:CVE-2024-23109,RISK:MINIMAL,HAS_RISK
CVE:CVE-2024-23109,CWE:CWE-78,HAS_CWE
CVE:CVE-2024-23109,CPE:cpe:2.3:a:fortinet:fortisiem:*:*:*:*:*:*:*:*,AFFECTS
CVE:CVE-2024-23109,CPE:cpe:2.3:a:fortinet:fortisiem:7.1.0:*:*:*:*:*:*:*,AFFECTS
CVE:CVE-2024-23109,CPE:cpe:2.3:a:fortinet:fortisiem:7.1.1:*:*:*:*:*:*:*,AFFECTS
CVE:CVE-2024-23109,REF:CVE-2024-23109:0,REFERENCES
CVE:CVE-2024-24398,RISK:MINIMAL,HAS_RISK
CVE:CVE-2024-24398,CWE:CWE-22,HAS_CWE
CVE:CVE-2024-24398,CPE:cpe:2.3:a:stimulsoft:dashboards.php:*:*:*:*:*:*:*:*,AFFECTS
CVE:CVE-2024-24398,REF:CVE-2024-24398:0,REFERENCES
CVE:CVE-2024-24398,REF:CVE-2024-24398:1,REFERENCES
CVE:CVE-2023-46360,RISK:MINIMAL,HAS_RISK
CVE:CVE-2023-46360,CWE:CWE-250,HAS_CWE
CVE:CVE-2023-46360,CPE:cpe:2.3:h:hardy-barth:cph2_echarge:-:*:*:*:*:*:*:*,AFFECTS
CVE:CVE-2023-46360,CPE:cpe:2.3:o:hardy-barth:cph2_echarge_firmware:*:*:*:*:*:*:*:*,AFFECTS
CVE:CVE-2023-46360,REF:CVE-2023-46360:0,REFERENCES
CVE:CVE-2024-22773,RISK:MINIMAL,HAS_RISK
CVE:CVE-2024-22773,CWE:CWE-922,HAS_CWE
CVE:CVE-2024-22773,CPE:cpe:2.3:h:intelbras:action_rf_1200:-:*:*:*:*:*:*:*,AFFECTS
CVE:CVE-2024-22773,CPE:cpe:2.3:o:intelbras:action_rf_1200_firmware:1.2.2:*:*:*:*:*:*:*,AFFECTS
CVE:CVE-2024-22773,REF:CVE-2024-22773:0,REFERENCES
CVE:CVE-2024-22773,REF:CVE-2024-22773:1,REFERENCES
CVE:CVE-2024-22773,REF:CVE-2024-22773:2,REFERENCES
CVE:CVE-2024-22773,REF:CVE-2024-22773:3,REFERENCES
CVE:CVE-2024-24112,RISK:MINIMAL,HAS_RISK
CVE:CVE-2024-24112,CWE:CWE-89,HAS_CWE
CVE:CVE-2024-24112,CPE:cpe:2.3:a:exrick:xmall:1.1:*:*:*:*:*:*:*,AFFECTS
CVE:CVE-2024-24112,REF:CVE-2024-24112:0,REFERENCES
CVE:CVE-2024-20812,RISK:MINIMAL,HAS_RISK
CVE:CVE-2024-20812,CWE:CWE-787,HAS_CWE
CVE:CVE-2024-20812,CPE:cpe:2.3:o:samsung:android:11.0:-:*:*:*:*:*:*,AFFECTS
CVE:CVE-2024-20812,CPE:cpe:2.3:o:samsung:android:11.0:smr-apr-2021-r1:*:*:*:*:*:*,AFFECTS
CVE:CVE-2024-20812,CPE:cpe:2.3:o:samsung:android:11.0:smr-apr-2022-r1:*:*:*:*:*:*,AFFECTS
CVE:CVE-2024-20812,CPE:cpe:2.3:o:samsung:android:11.0:smr-apr-2023-r1:*:*:*:*:*:*,AFFECTS
CVE:CVE-2024-20812,CPE:cpe:2.3:o:samsung:android:11.0:smr-aug-2021-r1:*:*:*:*:*:*,AFFECTS
CVE:CVE-2024-20812,CPE:cpe:2.3:o:samsung:android:11.0:smr-aug-2022-r1:*:*:*:*:*:*,AFFECTS
CVE:CVE-2024-20812,CPE:cpe:2.3:o:samsung:android:11.0:smr-aug-2023-r1:*:*:*:*:*:*,AFFECTS
CVE:CVE-2024-20812,CPE:cpe:2.3:o:samsung:android:11.0:smr-dec-2020-r1:*:*:*:*:*:*,AFFECTS
CVE:CVE-2024-20812,CPE:cpe:2.3:o:samsung:android:11.0:smr-dec-2021-r1:*:*:*:*:*:*,AFFECTS
CVE:CVE-2024-20812,CPE:cpe:2.3:o:samsung:android:11.0:smr-dec-2022-r1:*:*:*:*:*:*,AFFECTS
CVE:CVE-2024-20812,CPE:cpe:2.3:o:samsung:android:11.0:smr-dec-2023-r1:*:*:*:*:*:*,AFFECTS
CVE:CVE-2024-20812,CPE:cpe:2.3:o:samsung:android:11.0:smr-feb-2021-r1:*:*:*:*:*:*,AFFECTS
CVE:CVE-2024-20812,CPE:cpe:2.3:o:samsung:android:11.0:smr-feb-2022-r1:*:*:*:*:*:*,AFFECTS
CVE:CVE-2024-20812,CPE:cpe:2.3:o:samsung:android:11.0:smr-feb-2023-r1:*:*:*:*:*:*,AFFECTS
CVE:CVE-2024-20812,CPE:cpe:2.3:o:samsung:android:11.0:smr-jan-2021-r1:*:*:*:*:*:*,AFFECTS
CVE:CVE-2024-20812,CPE:cpe:2.3:o:samsung:android:11.0:smr-jan-2022-r1:*:*:*:*:*:*,AFFECTS
CVE:CVE-2024-20812,CPE:cpe:2.3:o:samsung:android:11.0:smr-jan-2023-r1:*:*:*:*:*:*,AFFECTS
CVE:CVE-2024-20812,CPE:cpe:2.3:o:samsung:android:11.0:smr-jan-2024-r1:*:*:*:*:*:*,AFFECTS
CVE:CVE-2024-20812,CPE:cpe:2.3:o:samsung:android:11.0:smr-jul-2021-r1:*:*:*:*:*:*,AFFECTS
CVE:CVE-2024-20812,CPE:cpe:2.3:o:samsung:android:11.0:smr-jul-2022-r1:*:*:*:*:*:*,AFFECTS
CVE:CVE-2024-20812,CPE:cpe:2.3:o:samsung:android:11.0:smr-jul-2023-r1:*:*:*:*:*:*,AFFECTS
CVE:CVE-2024-20812,CPE:cpe:2.3:o:samsung:android:11.0:smr-jun-2021-r1:*:*:*:*:*:*,AFFECTS
CVE:CVE-2024-20812,CPE:cpe:2.3:o:samsung:android:11.0:smr-jun-2022-r1:*:*:*:*:*:*,AFFECTS
CVE:CVE-2024-20812,CPE:cpe:2.3:o:samsung:android:11.0:smr-jun-2023-r1:*:*:*:*:*:*,AFFECTS
CVE:CVE-2024-20812,CPE:cpe:2.3:o:samsung:android:11.0:smr-mar-2021-r1:*:*:*:*:*:*,AFFECTS
CVE:CVE-2024-20812,CPE:cpe:2.3:o:samsung:android:11.0:smr-mar-2022-r1:*:*:*:*:*:*,AFFECTS
CVE:CVE-2024-20812,CPE:cpe:2.3:o:samsung:android:11.0:smr-mar-2023-r1:*:*:*:*:*:*,AFFECTS
CVE:CVE-2024-20812,CPE:cpe:2.3:o:samsung:android:11.0:smr-may-2021-r1:*:*:*:*:*:*,AFFECTS
CVE:CVE-2024-20812,CPE:cpe:2.3:o:samsung:android:11.0:smr-may-2022-r1:*:*:*:*:*:*,AFFECTS
CVE:CVE-2024-20812,CPE:cpe:2.3:o:samsung:android:11.0:smr-may-2023-r1:*:*:*:*:*:*,AFFECTS
CVE:CVE-2024-20812,CPE:cpe:2.3:o:samsung:android:11.0:smr-nov-2021-r1:*:*:*:*:*:*,AFFECTS
CVE:CVE-2024-20812,CPE:cpe:2.3:o:samsung:android:11.0:smr-nov-2022-r1:*:*:*:*:*:*,AFFECTS
CVE:CVE-2024-20812,CPE:cpe:2.3:o:samsung:android:11.0:smr-nov-2023-r1:*:*:*:*:*:*,AFFECTS
CVE:CVE-2024-20812,CPE:cpe:2.3:o:samsung:android:11.0:smr-oct-2021-r1:*:*:*:*:*:*,AFFECTS
CVE:CVE-2024-20812,CPE:cpe:2.3:o:samsung:android:11.0:smr-oct-2022-r1:*:*:*:*:*:*,AFFECTS
CVE:CVE-2024-20812,CPE:cpe:2.3:o:samsung:android:11.0:smr-oct-2023-r1:*:*:*:*:*:*,AFFECTS
CVE:CVE-2024-20812,CPE:cpe:2.3:o:samsung:android:11.0:smr-sep-2021-r1:*:*:*:*:*:*,AFFECTS
CVE:CVE-2024-20812,CPE:cpe:2.3:o:samsung:android:11.0:smr-sep-2022-r1:*:*:*:*:*:*,AFFECTS
CVE:CVE-2024-20812,CPE:cpe:2.3:o:samsung:android:11.0:smr-sep-2023-r1:*:*:*:*:*:*,AFFECTS
CVE:CVE-2024-20812,CPE:cpe:2.3:o:samsung:android:12.0:-:*:*:*:*:*:*,AFFECTS
CVE:CVE-2024-20812,CPE:cpe:2.3:o:samsung:android:12.0:smr-apr-2022-r1:*:*:*:*:*:*,AFFECTS
CVE:CVE-2024-20812,CPE:cpe:2.3:o:samsung:android:12.0:smr-apr-2023-r1:*:*:*:*:*:*,AFFECTS
CVE:CVE-2024-20812,CPE:cpe:2.3:o:samsung:android:12.0:smr-aug-2022-r1:*:*:*:*:*:*,AFFECTS
CVE:CVE-2024-20812,CPE:cpe:2.3:o:samsung:android:12.0:smr-aug-2023-r1:*:*:*:*:*:*,AFFECTS
CVE:CVE-2024-20812,CPE:cpe:2.3:o:samsung:android:12.0:smr-dec-2021-r1:*:*:*:*:*:*,AFFECTS
CVE:CVE-2024-20812,CPE:cpe:2.3:o:samsung:android:12.0:smr-dec-2022-r1:*:*:*:*:*:*,AFFECTS
CVE:CVE-2024-20812,CPE:cpe:2.3:o:samsung:android:12.0:smr-dec-2023-r1:*:*:*:*:*:*,AFFECTS
CVE:CVE-2024-20812,CPE:cpe:2.3:o:samsung:android:12.0:smr-feb-2022-r1:*:*:*:*:*:*,AFFECTS
CVE:CVE-2024-20812,CPE:cpe:2.3:o:samsung:android:12.0:smr-feb-2023-r1:*:*:*:*:*:*,AFFECTS
CVE:CVE-2024-20812,CPE:cpe:2.3:o:samsung:android:12.0:smr-jan-2022-r1:*:*:*:*:*:*,AFFECTS
CVE:CVE-2024-20812,CPE:cpe:2.3:o:samsung:android:12.0:smr-jan-2023-r1:*:*:*:*:*:*,AFFECTS
CVE:CVE-2024-20812,CPE:cpe:2.3:o:samsung:android:12.0:smr-jan-2024-r1:*:*:*:*:*:*,AFFECTS
CVE:CVE-2024-20812,CPE:cpe:2.3:o:samsung:android:12.0:smr-jul-2022-r1:*:*:*:*:*:*,AFFECTS
CVE:CVE-2024-20812,CPE:cpe:2.3:o:samsung:android:12.0:smr-jul-2023-r1:*:*:*:*:*:*,AFFECTS
CVE:CVE-2024-20812,CPE:cpe:2.3:o:samsung:android:12.0:smr-jun-2022-r1:*:*:*:*:*:*,AFFECTS
CVE:CVE-2024-20812,CPE:cpe:2.3:o:samsung:android:12.0:smr-jun-2023-r1:*:*:*:*:*:*,AFFECTS
CVE:CVE-2024-20812,CPE:cpe:2.3:o:samsung:android:12.0:smr-mar-2022-r1:*:*:*:*:*:*,AFFECTS
CVE:CVE-2024-20812,CPE:cpe:2.3:o:samsung:android:12.0:smr-mar-2023-r1:*:*:*:*:*:*,AFFECTS
CVE:CVE-2024-20812,CPE:cpe:2.3:o:samsung:android:12.0:smr-may-2022-r1:*:*:*:*:*:*,AFFECTS
CVE:CVE-2024-20812,CPE:cpe:2.3:o:samsung:android:12.0:smr-may-2023-r1:*:*:*:*:*:*,AFFECTS
CVE:CVE-2024-20812,CPE:cpe:2.3:o:samsung:android:12.0:smr-nov-2021-r1:*:*:*:*:*:*,AFFECTS
CVE:CVE-2024-20812,CPE:cpe:2.3:o:samsung:android:12.0:smr-nov-2022-r1:*:*:*:*:*:*,AFFECTS
CVE:CVE-2024-20812,CPE:cpe:2.3:o:samsung:android:12.0:smr-nov-2023-r1:*:*:*:*:*:*,AFFECTS
CVE:CVE-2024-20812,CPE:cpe:2.3:o:samsung:android:12.0:smr-oct-2022-r1:*:*:*:*:*:*,AFFECTS
CVE:CVE-2024-20812,CPE:cpe:2.3:o:samsung:android:12.0:smr-oct-2023-r1:*:*:*:*:*:*,AFFECTS
CVE:CVE-2024-20812,CPE:cpe:2.3:o:samsung:android:12.0:smr-sep-2022-r1:*:*:*:*:*:*,AFFECTS
CVE:CVE-2024-20812,CPE:cpe:2.3:o:samsung:android:12.0:smr-sep-2023-r1:*:*:*:*:*:*,AFFECTS
CVE:CVE-2024-20812,CPE:cpe:2.3:o:samsung:android:13.0:-:*:*:*:*:*:*,AFFECTS
CVE:CVE-2024-20812,CPE:cpe:2.3:o:samsung:android:13.0:smr-apr-2023-r1:*:*:*:*:*:*,AFFECTS
CVE:CVE-2024-20812,CPE:cpe:2.3:o:samsung:android:13.0:smr-aug-2023-r1:*:*:*:*:*:*,AFFECTS
CVE:CVE-2024-20812,CPE:cpe:2.3:o:samsung:android:13.0:smr-dec-2022-r1:*:*:*:*:*:*,AFFECTS
CVE:CVE-2024-20812,CPE:cpe:2.3:o:samsung:android:13.0:smr-dec-2023-r1:*:*:*:*:*:*,AFFECTS
CVE:CVE-2024-20812,CPE:cpe:2.3:o:samsung:android:13.0:smr-feb-2023-r1:*:*:*:*:*:*,AFFECTS
CVE:CVE-2024-20812,CPE:cpe:2.3:o:samsung:android:13.0:smr-jan-2023-r1:*:*:*:*:*:*,AFFECTS
CVE:CVE-2024-20812,CPE:cpe:2.3:o:samsung:android:13.0:smr-jan-2024-r1:*:*:*:*:*:*,AFFECTS
CVE:CVE-2024-20812,CPE:cpe:2.3:o:samsung:android:13.0:smr-jul-2023-r1:*:*:*:*:*:*,AFFECTS
CVE:CVE-2024-20812,CPE:cpe:2.3:o:samsung:android:13.0:smr-jun-2023-r1:*:*:*:*:*:*,AFFECTS
CVE:CVE-2024-20812,CPE:cpe:2.3:o:samsung:android:13.0:smr-mar-2023-r1:*:*:*:*:*:*,AFFECTS
CVE:CVE-2024-20812,CPE:cpe:2.3:o:samsung:android:13.0:smr-may-2023-r1:*:*:*:*:*:*,AFFECTS
CVE:CVE-2024-20812,CPE:cpe:2.3:o:samsung:android:13.0:smr-nov-2022-r1:*:*:*:*:*:*,AFFECTS
CVE:CVE-2024-20812,CPE:cpe:2.3:o:samsung:android:13.0:smr-nov-2023-r1:*:*:*:*:*:*,AFFECTS
CVE:CVE-2024-20812,CPE:cpe:2.3:o:samsung:android:13.0:smr-oct-2022-r1:*:*:*:*:*:*,AFFECTS
CVE:CVE-2024-20812,CPE:cpe:2.3:o:samsung:android:13.0:smr-oct-2023-r1:*:*:*:*:*:*,AFFECTS
CVE:CVE-2024-20812,CPE:cpe:2.3:o:samsung:android:13.0:smr-sep-2023-r1:*:*:*:*:*:*,AFFECTS
CVE:CVE-2024-20812,CPE:cpe:2.3:o:samsung:android:14.0:-:*:*:*:*:*:*,AFFECTS
CVE:CVE-2024-20812,CPE:cpe:2.3:o:samsung:android:14.0:smr-dec-2023-r1:*:*:*:*:*:*,AFFECTS
CVE:CVE-2024-20812,CPE:cpe:2.3:o:samsung:android:14.0:smr-jan-2024-r1:*:*:*:*:*:*,AFFECTS
CVE:CVE-2024-20812,CPE:cpe:2.3:o:samsung:android:14.0:smr-nov-2023-r1:*:*:*:*:*:*,AFFECTS
CVE:CVE-2024-20812,CPE:cpe:2.3:o:samsung:android:14.0:smr-oct-2023-r1:*:*:*:*:*:*,AFFECTS
CVE:CVE-2024-20812,REF:CVE-2024-20812:0,REFERENCES
CVE:CVE-2024-20813,RISK:MINIMAL,HAS_RISK
CVE:CVE-2024-20813,CWE:CWE-787,HAS_CWE
CVE:CVE-2024-20813,CPE:cpe:2.3:o:samsung:android:11.0:-:*:*:*:*:*:*,AFFECTS
CVE:CVE-2024-20813,CPE:cpe:2.3:o:samsung:android:11.0:smr-apr-2021-r1:*:*:*:*:*:*,AFFECTS
CVE:CVE-2024-20813,CPE:cpe:2.3:o:samsung:android:11.0:smr-apr-2022-r1:*:*:*:*:*:*,AFFECTS
CVE:CVE-2024-20813,CPE:cpe:2.3:o:samsung:android:11.0:smr-apr-2023-r1:*:*:*:*:*:*,AFFECTS
CVE:CVE-2024-20813,CPE:cpe:2.3:o:samsung:android:11.0:smr-aug-2021-r1:*:*:*:*:*:*,AFFECTS
CVE:CVE-2024-20813,CPE:cpe:2.3:o:samsung:android:11.0:smr-aug-2022-r1:*:*:*:*:*:*,AFFECTS
CVE:CVE-2024-20813,CPE:cpe:2.3:o:samsung:android:11.0:smr-aug-2023-r1:*:*:*:*:*:*,AFFECTS
CVE:CVE-2024-20813,CPE:cpe:2.3:o:samsung:android:11.0:smr-dec-2020-r1:*:*:*:*:*:*,AFFECTS
CVE:CVE-2024-20813,CPE:cpe:2.3:o:samsung:android:11.0:smr-dec-2021-r1:*:*:*:*:*:*,AFFECTS
CVE:CVE-2024-20813,CPE:cpe:2.3:o:samsung:android:11.0:smr-dec-2022-r1:*:*:*:*:*:*,AFFECTS
CVE:CVE-2024-20813,CPE:cpe:2.3:o:samsung:android:11.0:smr-dec-2023-r1:*:*:*:*:*:*,AFFECTS
CVE:CVE-2024-20813,CPE:cpe:2.3:o:samsung:android:11.0:smr-feb-2021-r1:*:*:*:*:*:*,AFFECTS
CVE:CVE-2024-20813,CPE:cpe:2.3:o:samsung:android:11.0:smr-feb-2022-r1:*:*:*:*:*:*,AFFECTS
CVE:CVE-2024-20813,CPE:cpe:2.3:o:samsung:android:11.0:smr-feb-2023-r1:*:*:*:*:*:*,AFFECTS
CVE:CVE-2024-20813,CPE:cpe:2.3:o:samsung:android:11.0:smr-jan-2021-r1:*:*:*:*:*:*,AFFECTS
CVE:CVE-2024-20813,CPE:cpe:2.3:o:samsung:android:11.0:smr-jan-2022-r1:*:*:*:*:*:*,AFFECTS
CVE:CVE-2024-20813,CPE:cpe:2.3:o:samsung:android:11.0:smr-jan-2023-r1:*:*:*:*:*:*,AFFECTS
CVE:CVE-2024-20813,CPE:cpe:2.3:o:samsung:android:11.0:smr-jan-2024-r1:*:*:*:*:*:*,AFFECTS
CVE:CVE-2024-20813,CPE:cpe:2.3:o:samsung:android:11.0:smr-jul-2021-r1:*:*:*:*:*:*,AFFECTS
CVE:CVE-2024-20813,CPE:cpe:2.3:o:samsung:android:11.0:smr-jul-2022-r1:*:*:*:*:*:*,AFFECTS
CVE:CVE-2024-20813,CPE:cpe:2.3:o:samsung:android:11.0:smr-jul-2023-r1:*:*:*:*:*:*,AFFECTS
CVE:CVE-2024-20813,CPE:cpe:2.3:o:samsung:android:11.0:smr-jun-2021-r1:*:*:*:*:*:*,AFFECTS
CVE:CVE-2024-20813,CPE:cpe:2.3:o:samsung:android:11.0:smr-jun-2022-r1:*:*:*:*:*:*,AFFECTS
CVE:CVE-2024-20813,CPE:cpe:2.3:o:samsung:android:11.0:smr-jun-2023-r1:*:*:*:*:*:*,AFFECTS
CVE:CVE-2024-20813,CPE:cpe:2.3:o:samsung:android:11.0:smr-mar-2021-r1:*:*:*:*:*:*,AFFECTS
CVE:CVE-2024-20813,CPE:cpe:2.3:o:samsung:android:11.0:smr-mar-2022-r1:*:*:*:*:*:*,AFFECTS
CVE:CVE-2024-20813,CPE:cpe:2.3:o:samsung:android:11.0:smr-mar-2023-r1:*:*:*:*:*:*,AFFECTS
CVE:CVE-2024-20813,CPE:cpe:2.3:o:samsung:android:11.0:smr-may-2021-r1:*:*:*:*:*:*,AFFECTS
CVE:CVE-2024-20813,CPE:cpe:2.3:o:samsung:android:11.0:smr-may-2022-r1:*:*:*:*:*:*,AFFECTS
CVE:CVE-2024-20813,CPE:cpe:2.3:o:samsung:android:11.0:smr-may-2023-r1:*:*:*:*:*:*,AFFECTS
CVE:CVE-2024-20813,CPE:cpe:2.3:o:samsung:android:11.0:smr-nov-2021-r1:*:*:*:*:*:*,AFFECTS
CVE:CVE-2024-20813,CPE:cpe:2.3:o:samsung:android:11.0:smr-nov-2022-r1:*:*:*:*:*:*,AFFECTS
CVE:CVE-2024-20813,CPE:cpe:2.3:o:samsung:android:11.0:smr-nov-2023-r1:*:*:*:*:*:*,AFFECTS
CVE:CVE-2024-20813,CPE:cpe:2.3:o:samsung:android:11.0:smr-oct-2021-r1:*:*:*:*:*:*,AFFECTS
CVE:CVE-2024-20813,CPE:cpe:2.3:o:samsung:android:11.0:smr-oct-2022-r1:*:*:*:*:*:*,AFFECTS
CVE:CVE-2024-20813,CPE:cpe:2.3:o:samsung:android:11.0:smr-oct-2023-r1:*:*:*:*:*:*,AFFECTS
CVE:CVE-2024-20813,CPE:cpe:2.3:o:samsung:android:11.0:smr-sep-2021-r1:*:*:*:*:*:*,AFFECTS
CVE:CVE-2024-20813,CPE:cpe:2.3:o:samsung:android:11.0:smr-sep-2022-r1:*:*:*:*:*:*,AFFECTS
CVE:CVE-2024-20813,CPE:cpe:2.3:o:samsung:android:11.0:smr-sep-2023-r1:*:*:*:*:*:*,AFFECTS
CVE:CVE-2024-20813,CPE:cpe:2.3:o:samsung:android:12.0:-:*:*:*:*:*:*,AFFECTS
CVE:CVE-2024-20813,CPE:cpe:2.3:o:samsung:android:12.0:smr-apr-2022-r1:*:*:*:*:*:*,AFFECTS
CVE:CVE-2024-20813,CPE:cpe:2.3:o:samsung:android:12.0:smr-apr-2023-r1:*:*:*:*:*:*,AFFECTS
CVE:CVE-2024-20813,CPE:cpe:2.3:o:samsung:android:12.0:smr-aug-2022-r1:*:*:*:*:*:*,AFFECTS
CVE:CVE-2024-20813,CPE:cpe:2.3:o:samsung:android:12.0:smr-aug-2023-r1:*:*:*:*:*:*,AFFECTS
CVE:CVE-2024-20813,CPE:cpe:2.3:o:samsung:android:12.0:smr-dec-2021-r1:*:*:*:*:*:*,AFFECTS
CVE:CVE-2024-20813,CPE:cpe:2.3:o:samsung:android:12.0:smr-dec-2022-r1:*:*:*:*:*:*,AFFECTS
CVE:CVE-2024-20813,CPE:cpe:2.3:o:samsung:android:12.0:smr-dec-2023-r1:*:*:*:*:*:*,AFFECTS
CVE:CVE-2024-20813,CPE:cpe:2.3:o:samsung:android:12.0:smr-feb-2022-r1:*:*:*:*:*:*,AFFECTS
CVE:CVE-2024-20813,CPE:cpe:2.3:o:samsung:android:12.0:smr-feb-2023-r1:*:*:*:*:*:*,AFFECTS
CVE:CVE-2024-20813,CPE:cpe:2.3:o:samsung:android:12.0:smr-jan-2022-r1:*:*:*:*:*:*,AFFECTS
CVE:CVE-2024-20813,CPE:cpe:2.3:o:samsung:android:12.0:smr-jan-2023-r1:*:*:*:*:*:*,AFFECTS
CVE:CVE-2024-20813,CPE:cpe:2.3:o:samsung:android:12.0:smr-jan-2024-r1:*:*:*:*:*:*,AFFECTS
CVE:CVE-2024-20813,CPE:cpe:2.3:o:samsung:android:12.0:smr-jul-2022-r1:*:*:*:*:*:*,AFFECTS
CVE:CVE-2024-20813,CPE:cpe:2.3:o:samsung:android:12.0:smr-jul-2023-r1:*:*:*:*:*:*,AFFECTS
CVE:CVE-2024-20813,CPE:cpe:2.3:o:samsung:android:12.0:smr-jun-2022-r1:*:*:*:*:*:*,AFFECTS
CVE:CVE-2024-20813,CPE:cpe:2.3:o:samsung:android:12.0:smr-jun-2023-r1:*:*:*:*:*:*,AFFECTS
CVE:CVE-2024-20813,CPE:cpe:2.3:o:samsung:android:12.0:smr-mar-2022-r1:*:*:*:*:*:*,AFFECTS
CVE:CVE-2024-20813,CPE:cpe:2.3:o:samsung:android:12.0:smr-mar-2023-r1:*:*:*:*:*:*,AFFECTS
CVE:CVE-2024-20813,CPE:cpe:2.3:o:samsung:android:12.0:smr-may-2022-r1:*:*:*:*:*:*,AFFECTS
CVE:CVE-2024-20813,CPE:cpe:2.3:o:samsung:android:12.0:smr-may-2023-r1:*:*:*:*:*:*,AFFECTS
CVE:CVE-2024-20813,CPE:cpe:2.3:o:samsung:android:12.0:smr-nov-2021-r1:*:*:*:*:*:*,AFFECTS
CVE:CVE-2024-20813,CPE:cpe:2.3:o:samsung:android:12.0:smr-nov-2022-r1:*:*:*:*:*:*,AFFECTS
CVE:CVE-2024-20813,CPE:cpe:2.3:o:samsung:android:12.0:smr-nov-2023-r1:*:*:*:*:*:*,AFFECTS
CVE:CVE-2024-20813,CPE:cpe:2.3:o:samsung:android:12.0:smr-oct-2022-r1:*:*:*:*:*:*,AFFECTS
CVE:CVE-2024-20813,CPE:cpe:2.3:o:samsung:android:12.0:smr-oct-2023-r1:*:*:*:*:*:*,AFFECTS
CVE:CVE-2024-20813,CPE:cpe:2.3:o:samsung:android:12.0:smr-sep-2022-r1:*:*:*:*:*:*,AFFECTS
CVE:CVE-2024-20813,CPE:cpe:2.3:o:samsung:android:12.0:smr-sep-2023-r1:*:*:*:*:*:*,AFFECTS
CVE:CVE-2024-20813,CPE:cpe:2.3:o:samsung:android:13.0:-:*:*:*:*:*:*,AFFECTS
CVE:CVE-2024-20813,CPE:cpe:2.3:o:samsung:android:13.0:smr-apr-2023-r1:*:*:*:*:*:*,AFFECTS
CVE:CVE-2024-20813,CPE:cpe:2.3:o:samsung:android:13.0:smr-aug-2023-r1:*:*:*:*:*:*,AFFECTS
CVE:CVE-2024-20813,CPE:cpe:2.3:o:samsung:android:13.0:smr-dec-2022-r1:*:*:*:*:*:*,AFFECTS
CVE:CVE-2024-20813,CPE:cpe:2.3:o:samsung:android:13.0:smr-dec-2023-r1:*:*:*:*:*:*,AFFECTS
CVE:CVE-2024-20813,CPE:cpe:2.3:o:samsung:android:13.0:smr-feb-2023-r1:*:*:*:*:*:*,AFFECTS
CVE:CVE-2024-20813,CPE:cpe:2.3:o:samsung:android:13.0:smr-jan-2023-r1:*:*:*:*:*:*,AFFECTS
CVE:CVE-2024-20813,CPE:cpe:2.3:o:samsung:android:13.0:smr-jan-2024-r1:*:*:*:*:*:*,AFFECTS
CVE:CVE-2024-20813,CPE:cpe:2.3:o:samsung:android:13.0:smr-jul-2023-r1:*:*:*:*:*:*,AFFECTS
CVE:CVE-2024-20813,CPE:cpe:2.3:o:samsung:android:13.0:smr-jun-2023-r1:*:*:*:*:*:*,AFFECTS
CVE:CVE-2024-20813,CPE:cpe:2.3:o:samsung:android:13.0:smr-mar-2023-r1:*:*:*:*:*:*,AFFECTS
CVE:CVE-2024-20813,CPE:cpe:2.3:o:samsung:android:13.0:smr-may-2023-r1:*:*:*:*:*:*,AFFECTS
CVE:CVE-2024-20813,CPE:cpe:2.3:o:samsung:android:13.0:smr-nov-2022-r1:*:*:*:*:*:*,AFFECTS
CVE:CVE-2024-20813,CPE:cpe:2.3:o:samsung:android:13.0:smr-nov-2023-r1:*:*:*:*:*:*,AFFECTS
CVE:CVE-2024-20813,CPE:cpe:2.3:o:samsung:android:13.0:smr-oct-2022-r1:*:*:*:*:*:*,AFFECTS
CVE:CVE-2024-20813,CPE:cpe:2.3:o:samsung:android:13.0:smr-oct-2023-r1:*:*:*:*:*:*,AFFECTS
CVE:CVE-2024-20813,CPE:cpe:2.3:o:samsung:android:13.0:smr-sep-2023-r1:*:*:*:*:*:*,AFFECTS
CVE:CVE-2024-20813,CPE:cpe:2.3:o:samsung:android:14.0:-:*:*:*:*:*:*,AFFECTS
CVE:CVE-2024-20813,CPE:cpe:2.3:o:samsung:android:14.0:smr-dec-2023-r1:*:*:*:*:*:*,AFFECTS
CVE:CVE-2024-20813,CPE:cpe:2.3:o:samsung:android:14.0:smr-jan-2024-r1:*:*:*:*:*:*,AFFECTS
CVE:CVE-2024-20813,CPE:cpe:2.3:o:samsung:android:14.0:smr-nov-2023-r1:*:*:*:*:*:*,AFFECTS
CVE:CVE-2024-20813,CPE:cpe:2.3:o:samsung:android:14.0:smr-oct-2023-r1:*:*:*:*:*:*,AFFECTS
CVE:CVE-2024-20813,REF:CVE-2024-20813:0,REFERENCES
CVE:CVE-2023-43533,RISK:MINIMAL,HAS_RISK
CVE:CVE-2023-43533,CWE:CWE-125,HAS_CWE
CVE:CVE-2023-43533,CWE:CWE-126,HAS_CWE
CVE:CVE-2023-43533,CPE:cpe:2.3:h:qualcomm:315_5g_iot_modem:-:*:*:*:*:*:*:*,AFFECTS
CVE:CVE-2023-43533,CPE:cpe:2.3:h:qualcomm:aqt1000:-:*:*:*:*:*:*:*,AFFECTS
CVE:CVE-2023-43533,CPE:cpe:2.3:h:qualcomm:ar8035:-:*:*:*:*:*:*:*,AFFECTS
CVE:CVE-2023-43533,CPE:cpe:2.3:h:qualcomm:csra6620:-:*:*:*:*:*:*:*,AFFECTS
CVE:CVE-2023-43533,CPE:cpe:2.3:h:qualcomm:csra6640:-:*:*:*:*:*:*:*,AFFECTS
CVE:CVE-2023-43533,CPE:cpe:2.3:h:qualcomm:csrb31024:-:*:*:*:*:*:*:*,AFFECTS
CVE:CVE-2023-43533,CPE:cpe:2.3:h:qualcomm:fastconnect_6200:-:*:*:*:*:*:*:*,AFFECTS
CVE:CVE-2023-43533,CPE:cpe:2.3:h:qualcomm:fastconnect_6700:-:*:*:*:*:*:*:*,AFFECTS
CVE:CVE-2023-43533,CPE:cpe:2.3:h:qualcomm:fastconnect_6800:-:*:*:*:*:*:*:*,AFFECTS
CVE:CVE-2023-43533,CPE:cpe:2.3:h:qualcomm:fastconnect_6900:-:*:*:*:*:*:*:*,AFFECTS
CVE:CVE-2023-43533,CPE:cpe:2.3:h:qualcomm:fastconnect_7800:-:*:*:*:*:*:*:*,AFFECTS
CVE:CVE-2023-43533,CPE:cpe:2.3:h:qualcomm:immersive_home_3210_platform:-:*:*:*:*:*:*:*,AFFECTS
CVE:CVE-2023-43533,CPE:cpe:2.3:h:qualcomm:immersive_home_326_platform:-:*:*:*:*:*:*:*,AFFECTS
CVE:CVE-2023-43533,CPE:cpe:2.3:h:qualcomm:ipq5302:-:*:*:*:*:*:*:*,AFFECTS
CVE:CVE-2023-43533,CPE:cpe:2.3:h:qualcomm:ipq5312:-:*:*:*:*:*:*:*,AFFECTS
CVE:CVE-2023-43533,CPE:cpe:2.3:h:qualcomm:ipq5332:-:*:*:*:*:*:*:*,AFFECTS
CVE:CVE-2023-43533,CPE:cpe:2.3:h:qualcomm:qam8255p:-:*:*:*:*:*:*:*,AFFECTS
CVE:CVE-2023-43533,CPE:cpe:2.3:h:qualcomm:qam8295p:-:*:*:*:*:*:*:*,AFFECTS
CVE:CVE-2023-43533,CPE:cpe:2.3:h:qualcomm:qam8650p:-:*:*:*:*:*:*:*,AFFECTS
CVE:CVE-2023-43533,CPE:cpe:2.3:h:qualcomm:qam8775p:-:*:*:*:*:*:*:*,AFFECTS
CVE:CVE-2023-43533,CPE:cpe:2.3:h:qualcomm:qamsrv1h:-:*:*:*:*:*:*:*,AFFECTS
CVE:CVE-2023-43533,CPE:cpe:2.3:h:qualcomm:qamsrv1m:-:*:*:*:*:*:*:*,AFFECTS
CVE:CVE-2023-43533,CPE:cpe:2.3:h:qualcomm:qca1062:-:*:*:*:*:*:*:*,AFFECTS
CVE:CVE-2023-43533,CPE:cpe:2.3:h:qualcomm:qca1064:-:*:*:*:*:*:*:*,AFFECTS
CVE:CVE-2023-43533,CPE:cpe:2.3:h:qualcomm:qca2062:-:*:*:*:*:*:*:*,AFFECTS
CVE:CVE-2023-43533,CPE:cpe:2.3:h:qualcomm:qca2064:-:*:*:*:*:*:*:*,AFFECTS
CVE:CVE-2023-43533,CPE:cpe:2.3:h:qualcomm:qca2065:-:*:*:*:*:*:*:*,AFFECTS
CVE:CVE-2023-43533,CPE:cpe:2.3:h:qualcomm:qca2066:-:*:*:*:*:*:*:*,AFFECTS
CVE:CVE-2023-43533,CPE:cpe:2.3:h:qualcomm:qca6174a:-:*:*:*:*:*:*:*,AFFECTS
CVE:CVE-2023-43533,CPE:cpe:2.3:h:qualcomm:qca6310:-:*:*:*:*:*:*:*,AFFECTS
CVE:CVE-2023-43533,CPE:cpe:2.3:h:qualcomm:qca6320:-:*:*:*:*:*:*:*,AFFECTS
CVE:CVE-2023-43533,CPE:cpe:2.3:h:qualcomm:qca6335:-:*:*:*:*:*:*:*,AFFECTS
CVE:CVE-2023-43533,CPE:cpe:2.3:h:qualcomm:qca6391:-:*:*:*:*:*:*:*,AFFECTS
CVE:CVE-2023-43533,CPE:cpe:2.3:h:qualcomm:qca6420:-:*:*:*:*:*:*:*,AFFECTS
CVE:CVE-2023-43533,CPE:cpe:2.3:h:qualcomm:qca6421:-:*:*:*:*:*:*:*,AFFECTS
CVE:CVE-2023-43533,CPE:cpe:2.3:h:qualcomm:qca6426:-:*:*:*:*:*:*:*,AFFECTS
CVE:CVE-2023-43533,CPE:cpe:2.3:h:qualcomm:qca6430:-:*:*:*:*:*:*:*,AFFECTS
CVE:CVE-2023-43533,CPE:cpe:2.3:h:qualcomm:qca6431:-:*:*:*:*:*:*:*,AFFECTS
CVE:CVE-2023-43533,CPE:cpe:2.3:h:qualcomm:qca6436:-:*:*:*:*:*:*:*,AFFECTS
CVE:CVE-2023-43533,CPE:cpe:2.3:h:qualcomm:qca6554a:-:*:*:*:*:*:*:*,AFFECTS
CVE:CVE-2023-43533,CPE:cpe:2.3:h:qualcomm:qca6564a:-:*:*:*:*:*:*:*,AFFECTS
CVE:CVE-2023-43533,CPE:cpe:2.3:h:qualcomm:qca6564au:-:*:*:*:*:*:*:*,AFFECTS
CVE:CVE-2023-43533,CPE:cpe:2.3:h:qualcomm:qca6574:-:*:*:*:*:*:*:*,AFFECTS
CVE:CVE-2023-43533,CPE:cpe:2.3:h:qualcomm:qca6574a:-:*:*:*:*:*:*:*,AFFECTS
CVE:CVE-2023-43533,CPE:cpe:2.3:h:qualcomm:qca6574au:-:*:*:*:*:*:*:*,AFFECTS
CVE:CVE-2023-43533,CPE:cpe:2.3:h:qualcomm:qca6584au:-:*:*:*:*:*:*:*,AFFECTS
CVE:CVE-2023-43533,CPE:cpe:2.3:h:qualcomm:qca6595:-:*:*:*:*:*:*:*,AFFECTS
CVE:CVE-2023-43533,CPE:cpe:2.3:h:qualcomm:qca6595au:-:*:*:*:*:*:*:*,AFFECTS
CVE:CVE-2023-43533,CPE:cpe:2.3:h:qualcomm:qca6678aq:-:*:*:*:*:*:*:*,AFFECTS
CVE:CVE-2023-43533,CPE:cpe:2.3:h:qualcomm:qca6688aq:-:*:*:*:*:*:*:*,AFFECTS
CVE:CVE-2023-43533,CPE:cpe:2.3:h:qualcomm:qca6696:-:*:*:*:*:*:*:*,AFFECTS
CVE:CVE-2023-43533,CPE:cpe:2.3:h:qualcomm:qca6698aq:-:*:*:*:*:*:*:*,AFFECTS
CVE:CVE-2023-43533,CPE:cpe:2.3:h:qualcomm:qca6797aq:-:*:*:*:*:*:*:*,AFFECTS
CVE:CVE-2023-43533,CPE:cpe:2.3:h:qualcomm:qca8081:-:*:*:*:*:*:*:*,AFFECTS
CVE:CVE-2023-43533,CPE:cpe:2.3:h:qualcomm:qca8337:-:*:*:*:*:*:*:*,AFFECTS
CVE:CVE-2023-43533,CPE:cpe:2.3:h:qualcomm:qca8386:-:*:*:*:*:*:*:*,AFFECTS
CVE:CVE-2023-43533,CPE:cpe:2.3:h:qualcomm:qcc2073:-:*:*:*:*:*:*:*,AFFECTS
CVE:CVE-2023-43533,CPE:cpe:2.3:h:qualcomm:qcc2076:-:*:*:*:*:*:*:*,AFFECTS
CVE:CVE-2023-43533,CPE:cpe:2.3:h:qualcomm:qcc710:-:*:*:*:*:*:*:*,AFFECTS
CVE:CVE-2023-43533,CPE:cpe:2.3:h:qualcomm:qcf8000:-:*:*:*:*:*:*:*,AFFECTS
CVE:CVE-2023-43533,CPE:cpe:2.3:h:qualcomm:qcm2290:-:*:*:*:*:*:*:*,AFFECTS
CVE:CVE-2023-43533,CPE:cpe:2.3:h:qualcomm:qcm4290:-:*:*:*:*:*:*:*,AFFECTS
CVE:CVE-2023-43533,CPE:cpe:2.3:h:qualcomm:qcm4325:-:*:*:*:*:*:*:*,AFFECTS
CVE:CVE-2023-43533,CPE:cpe:2.3:h:qualcomm:qcm4490:-:*:*:*:*:*:*:*,AFFECTS
CVE:CVE-2023-43533,CPE:cpe:2.3:h:qualcomm:qcm6125:-:*:*:*:*:*:*:*,AFFECTS
CVE:CVE-2023-43533,CPE:cpe:2.3:h:qualcomm:qcm6490:-:*:*:*:*:*:*:*,AFFECTS
CVE:CVE-2023-43533,CPE:cpe:2.3:h:qualcomm:qcm8550:-:*:*:*:*:*:*:*,AFFECTS
CVE:CVE-2023-43533,CPE:cpe:2.3:h:qualcomm:qcn6024:-:*:*:*:*:*:*:*,AFFECTS
CVE:CVE-2023-43533,CPE:cpe:2.3:h:qualcomm:qcn6224:-:*:*:*:*:*:*:*,AFFECTS
CVE:CVE-2023-43533,CPE:cpe:2.3:h:qualcomm:qcn6274:-:*:*:*:*:*:*:*,AFFECTS
CVE:CVE-2023-43533,CPE:cpe:2.3:h:qualcomm:qcn6402:-:*:*:*:*:*:*:*,AFFECTS
CVE:CVE-2023-43533,CPE:cpe:2.3:h:qualcomm:qcn6412:-:*:*:*:*:*:*:*,AFFECTS
CVE:CVE-2023-43533,CPE:cpe:2.3:h:qualcomm:qcn6422:-:*:*:*:*:*:*:*,AFFECTS
CVE:CVE-2023-43533,CPE:cpe:2.3:h:qualcomm:qcn6432:-:*:*:*:*:*:*:*,AFFECTS
CVE:CVE-2023-43533,CPE:cpe:2.3:h:qualcomm:qcn9024:-:*:*:*:*:*:*:*,AFFECTS
CVE:CVE-2023-43533,CPE:cpe:2.3:h:qualcomm:qcn9274:-:*:*:*:*:*:*:*,AFFECTS
CVE:CVE-2023-43533,CPE:cpe:2.3:h:qualcomm:qcs2290:-:*:*:*:*:*:*:*,AFFECTS
CVE:CVE-2023-43533,CPE:cpe:2.3:h:qualcomm:qcs410:-:*:*:*:*:*:*:*,AFFECTS
CVE:CVE-2023-43533,CPE:cpe:2.3:h:qualcomm:qcs4290:-:*:*:*:*:*:*:*,AFFECTS
CVE:CVE-2023-43533,CPE:cpe:2.3:h:qualcomm:qcs4490:-:*:*:*:*:*:*:*,AFFECTS
CVE:CVE-2023-43533,CPE:cpe:2.3:h:qualcomm:qcs610:-:*:*:*:*:*:*:*,AFFECTS
CVE:CVE-2023-43533,CPE:cpe:2.3:h:qualcomm:qcs6125:-:*:*:*:*:*:*:*,AFFECTS
CVE:CVE-2023-43533,CPE:cpe:2.3:h:qualcomm:qcs6490:-:*:*:*:*:*:*:*,AFFECTS
CVE:CVE-2023-43533,CPE:cpe:2.3:h:qualcomm:qcs8550:-:*:*:*:*:*:*:*,AFFECTS
CVE:CVE-2023-43533,CPE:cpe:2.3:h:qualcomm:qep8111:-:*:*:*:*:*:*:*,AFFECTS
CVE:CVE-2023-43533,CPE:cpe:2.3:h:qualcomm:qfw7114:-:*:*:*:*:*:*:*,AFFECTS
CVE:CVE-2023-43533,CPE:cpe:2.3:h:qualcomm:qfw7124:-:*:*:*:*:*:*:*,AFFECTS
CVE:CVE-2023-43533,CPE:cpe:2.3:h:qualcomm:qsm8250:-:*:*:*:*:*:*:*,AFFECTS
CVE:CVE-2023-43533,CPE:cpe:2.3:h:qualcomm:qsm8350:-:*:*:*:*:*:*:*,AFFECTS
CVE:CVE-2023-43533,CPE:cpe:2.3:h:qualcomm:robotics_rb3_platform:-:*:*:*:*:*:*:*,AFFECTS
CVE:CVE-2023-43533,CPE:cpe:2.3:h:qualcomm:sa4150p:-:*:*:*:*:*:*:*,AFFECTS
CVE:CVE-2023-43533,CPE:cpe:2.3:h:qualcomm:sa6145p:-:*:*:*:*:*:*:*,AFFECTS
CVE:CVE-2023-43533,CPE:cpe:2.3:h:qualcomm:sa6150p:-:*:*:*:*:*:*:*,AFFECTS
CVE:CVE-2023-43533,CPE:cpe:2.3:h:qualcomm:sa6155:-:*:*:*:*:*:*:*,AFFECTS
CVE:CVE-2023-43533,CPE:cpe:2.3:h:qualcomm:sa6155p:-:*:*:*:*:*:*:*,AFFECTS
CVE:CVE-2023-43533,CPE:cpe:2.3:h:qualcomm:sa8145p:-:*:*:*:*:*:*:*,AFFECTS
CVE:CVE-2023-43533,CPE:cpe:2.3:h:qualcomm:sa8150p:-:*:*:*:*:*:*:*,AFFECTS
CVE:CVE-2023-43533,CPE:cpe:2.3:h:qualcomm:sa8155:-:*:*:*:*:*:*:*,AFFECTS
CVE:CVE-2023-43533,CPE:cpe:2.3:h:qualcomm:sa8155p:-:*:*:*:*:*:*:*,AFFECTS
CVE:CVE-2023-43533,CPE:cpe:2.3:h:qualcomm:sa8195p:-:*:*:*:*:*:*:*,AFFECTS
CVE:CVE-2023-43533,CPE:cpe:2.3:h:qualcomm:sa8255p:-:*:*:*:*:*:*:*,AFFECTS
CVE:CVE-2023-43533,CPE:cpe:2.3:h:qualcomm:sa8295p:-:*:*:*:*:*:*:*,AFFECTS
CVE:CVE-2023-43533,CPE:cpe:2.3:h:qualcomm:sa8650p:-:*:*:*:*:*:*:*,AFFECTS
CVE:CVE-2023-43533,CPE:cpe:2.3:h:qualcomm:sa8770p:-:*:*:*:*:*:*:*,AFFECTS
CVE:CVE-2023-43533,CPE:cpe:2.3:h:qualcomm:sa8775p:-:*:*:*:*:*:*:*,AFFECTS
CVE:CVE-2023-43533,CPE:cpe:2.3:h:qualcomm:sa9000p:-:*:*:*:*:*:*:*,AFFECTS
CVE:CVE-2023-43533,CPE:cpe:2.3:h:qualcomm:sc8180x\+sdx55:-:*:*:*:*:*:*:*,AFFECTS
CVE:CVE-2023-43533,CPE:cpe:2.3:h:qualcomm:sc8380xp:-:*:*:*:*:*:*:*,AFFECTS
CVE:CVE-2023-43533,CPE:cpe:2.3:h:qualcomm:sd460:-:*:*:*:*:*:*:*,AFFECTS
CVE:CVE-2023-43533,CPE:cpe:2.3:h:qualcomm:sd660:-:*:*:*:*:*:*:*,AFFECTS
CVE:CVE-2023-43533,CPE:cpe:2.3:h:qualcomm:sd662:-:*:*:*:*:*:*:*,AFFECTS
CVE:CVE-2023-43533,CPE:cpe:2.3:h:qualcomm:sd670:-:*:*:*:*:*:*:*,AFFECTS
CVE:CVE-2023-43533,CPE:cpe:2.3:h:qualcomm:sd675:-:*:*:*:*:*:*:*,AFFECTS
CVE:CVE-2023-43533,CPE:cpe:2.3:h:qualcomm:sd730:-:*:*:*:*:*:*:*,AFFECTS
CVE:CVE-2023-43533,CPE:cpe:2.3:h:qualcomm:sd835:-:*:*:*:*:*:*:*,AFFECTS
CVE:CVE-2023-43533,CPE:cpe:2.3:h:qualcomm:sd855:-:*:*:*:*:*:*:*,AFFECTS
CVE:CVE-2023-43533,CPE:cpe:2.3:h:qualcomm:sd865_5g:-:*:*:*:*:*:*:*,AFFECTS
CVE:CVE-2023-43533,CPE:cpe:2.3:h:qualcomm:sd888:-:*:*:*:*:*:*:*,AFFECTS
CVE:CVE-2023-43533,CPE:cpe:2.3:h:qualcomm:sd_455:-:*:*:*:*:*:*:*,AFFECTS
CVE:CVE-2023-43533,CPE:cpe:2.3:h:qualcomm:sd_675:-:*:*:*:*:*:*:*,AFFECTS
CVE:CVE-2023-43533,CPE:cpe:2.3:h:qualcomm:sd_8_gen1_5g:-:*:*:*:*:*:*:*,AFFECTS
CVE:CVE-2023-43533,CPE:cpe:2.3:h:qualcomm:sd_8cx:-:*:*:*:*:*:*:*,AFFECTS
CVE:CVE-2023-43533,CPE:cpe:2.3:h:qualcomm:sdx55:-:*:*:*:*:*:*:*,AFFECTS
CVE:CVE-2023-43533,CPE:cpe:2.3:h:qualcomm:sg4150p:-:*:*:*:*:*:*:*,AFFECTS
CVE:CVE-2023-43533,CPE:cpe:2.3:h:qualcomm:sm4125:-:*:*:*:*:*:*:*,AFFECTS
CVE:CVE-2023-43533,CPE:cpe:2.3:h:qualcomm:sm6250:-:*:*:*:*:*:*:*,AFFECTS
CVE:CVE-2023-43533,CPE:cpe:2.3:h:qualcomm:sm6250p:-:*:*:*:*:*:*:*,AFFECTS
CVE:CVE-2023-43533,CPE:cpe:2.3:h:qualcomm:sm7250p:-:*:*:*:*:*:*:*,AFFECTS
CVE:CVE-2023-43533,CPE:cpe:2.3:h:qualcomm:sm7315:-:*:*:*:*:*:*:*,AFFECTS
CVE:CVE-2023-43533,CPE:cpe:2.3:h:qualcomm:sm7325p:-:*:*:*:*:*:*:*,AFFECTS
CVE:CVE-2023-43533,CPE:cpe:2.3:h:qualcomm:sm8550p:-:*:*:*:*:*:*:*,AFFECTS
CVE:CVE-2023-43533,CPE:cpe:2.3:h:qualcomm:smart_audio_400_platform:-:*:*:*:*:*:*:*,AFFECTS
CVE:CVE-2023-43533,CPE:cpe:2.3:h:qualcomm:snapdragon_460_mobile_platform:-:*:*:*:*:*:*:*,AFFECTS
CVE:CVE-2023-43533,CPE:cpe:2.3:h:qualcomm:snapdragon_480\+_5g_mobile_platform:-:*:*:*:*:*:*:*,AFFECTS
CVE:CVE-2023-43533,CPE:cpe:2.3:h:qualcomm:snapdragon_480_5g_mobile_platform:-:*:*:*:*:*:*:*,AFFECTS
CVE:CVE-2023-43533,CPE:cpe:2.3:h:qualcomm:snapdragon_4_gen_1_mobile_platform:-:*:*:*:*:*:*:*,AFFECTS
CVE:CVE-2023-43533,CPE:cpe:2.3:h:qualcomm:snapdragon_4_gen_2_mobile_platform:-:*:*:*:*:*:*:*,AFFECTS
CVE:CVE-2023-43533,CPE:cpe:2.3:h:qualcomm:snapdragon_630_mobile_platform:-:*:*:*:*:*:*:*,AFFECTS
CVE:CVE-2023-43533,CPE:cpe:2.3:h:qualcomm:snapdragon_636_mobile_platform:-:*:*:*:*:*:*:*,AFFECTS
CVE:CVE-2023-43533,CPE:cpe:2.3:h:qualcomm:snapdragon_660_mobile_platform:-:*:*:*:*:*:*:*,AFFECTS
CVE:CVE-2023-43533,CPE:cpe:2.3:h:qualcomm:snapdragon_662_mobile_platform:-:*:*:*:*:*:*:*,AFFECTS
CVE:CVE-2023-43533,CPE:cpe:2.3:h:qualcomm:snapdragon_665_mobile_platform:-:*:*:*:*:*:*:*,AFFECTS
CVE:CVE-2023-43533,CPE:cpe:2.3:h:qualcomm:snapdragon_670_mobile_platform:-:*:*:*:*:*:*:*,AFFECTS
CVE:CVE-2023-43533,CPE:cpe:2.3:h:qualcomm:snapdragon_675_mobile_platform:-:*:*:*:*:*:*:*,AFFECTS
CVE:CVE-2023-43533,CPE:cpe:2.3:h:qualcomm:snapdragon_678_mobile_platform:-:*:*:*:*:*:*:*,AFFECTS
CVE:CVE-2023-43533,CPE:cpe:2.3:h:qualcomm:snapdragon_680_4g_mobile_platform:-:*:*:*:*:*:*:*,AFFECTS
CVE:CVE-2023-43533,CPE:cpe:2.3:h:qualcomm:snapdragon_685_4g_mobile_platform:-:*:*:*:*:*:*:*,AFFECTS
CVE:CVE-2023-43533,CPE:cpe:2.3:h:qualcomm:snapdragon_690_5g_mobile_platform:-:*:*:*:*:*:*:*,AFFECTS
CVE:CVE-2023-43533,CPE:cpe:2.3:h:qualcomm:snapdragon_695_5g_mobile_platform:-:*:*:*:*:*:*:*,AFFECTS
CVE:CVE-2023-43533,CPE:cpe:2.3:h:qualcomm:snapdragon_710_mobile_platform:-:*:*:*:*:*:*:*,AFFECTS
CVE:CVE-2023-43533,CPE:cpe:2.3:h:qualcomm:snapdragon_712_mobile_platform:-:*:*:*:*:*:*:*,AFFECTS
CVE:CVE-2023-43533,CPE:cpe:2.3:h:qualcomm:snapdragon_720g_mobile_platform:-:*:*:*:*:*:*:*,AFFECTS
CVE:CVE-2023-43533,CPE:cpe:2.3:h:qualcomm:snapdragon_730_mobile_platform:-:*:*:*:*:*:*:*,AFFECTS
CVE:CVE-2023-43533,CPE:cpe:2.3:h:qualcomm:snapdragon_730g_mobile_platform:-:*:*:*:*:*:*:*,AFFECTS
CVE:CVE-2023-43533,CPE:cpe:2.3:h:qualcomm:snapdragon_732g_mobile_platform:-:*:*:*:*:*:*:*,AFFECTS
CVE:CVE-2023-43533,CPE:cpe:2.3:h:qualcomm:snapdragon_750g_5g_mobile_platform:-:*:*:*:*:*:*:*,AFFECTS
CVE:CVE-2023-43533,CPE:cpe:2.3:h:qualcomm:snapdragon_765_5g_mobile_platform:-:*:*:*:*:*:*:*,AFFECTS
CVE:CVE-2023-43533,CPE:cpe:2.3:h:qualcomm:snapdragon_765g_5g_mobile_platform:-:*:*:*:*:*:*:*,AFFECTS
CVE:CVE-2023-43533,CPE:cpe:2.3:h:qualcomm:snapdragon_768g_5g_mobile_platform:-:*:*:*:*:*:*:*,AFFECTS
CVE:CVE-2023-43533,CPE:cpe:2.3:h:qualcomm:snapdragon_778g\+_5g_mobile_platform:-:*:*:*:*:*:*:*,AFFECTS
CVE:CVE-2023-43533,CPE:cpe:2.3:h:qualcomm:snapdragon_778g_5g_mobile_platform:-:*:*:*:*:*:*:*,AFFECTS
CVE:CVE-2023-43533,CPE:cpe:2.3:h:qualcomm:snapdragon_780g_5g_mobile_platform:-:*:*:*:*:*:*:*,AFFECTS
CVE:CVE-2023-43533,CPE:cpe:2.3:h:qualcomm:snapdragon_782g_mobile_platform:-:*:*:*:*:*:*:*,AFFECTS
CVE:CVE-2023-43533,CPE:cpe:2.3:h:qualcomm:snapdragon_7c\+_gen_3_compute:-:*:*:*:*:*:*:*,AFFECTS
CVE:CVE-2023-43533,CPE:cpe:2.3:h:qualcomm:snapdragon_7c_compute_platform:-:*:*:*:*:*:*:*,AFFECTS
CVE:CVE-2023-43533,CPE:cpe:2.3:h:qualcomm:snapdragon_7c_gen_2_compute_platform:-:*:*:*:*:*:*:*,AFFECTS
CVE:CVE-2023-43533,CPE:cpe:2.3:h:qualcomm:snapdragon_835_mobile_pc_platform:-:*:*:*:*:*:*:*,AFFECTS
CVE:CVE-2023-43533,CPE:cpe:2.3:h:qualcomm:snapdragon_845_mobile_platform:-:*:*:*:*:*:*:*,AFFECTS
CVE:CVE-2023-43533,CPE:cpe:2.3:h:qualcomm:snapdragon_850_mobile_compute_platform:-:*:*:*:*:*:*:*,AFFECTS
CVE:CVE-2023-43533,CPE:cpe:2.3:h:qualcomm:snapdragon_855\+\/860_mobile_platform:-:*:*:*:*:*:*:*,AFFECTS
CVE:CVE-2023-43533,CPE:cpe:2.3:h:qualcomm:snapdragon_855_mobile_platform:-:*:*:*:*:*:*:*,AFFECTS
CVE:CVE-2023-43533,CPE:cpe:2.3:h:qualcomm:snapdragon_865\+_5g_mobile_platform:-:*:*:*:*:*:*:*,AFFECTS
CVE:CVE-2023-43533,CPE:cpe:2.3:h:qualcomm:snapdragon_865_5g_mobile_platform:-:*:*:*:*:*:*:*,AFFECTS
CVE:CVE-2023-43533,CPE:cpe:2.3:h:qualcomm:snapdragon_870_5g_mobile_platform:-:*:*:*:*:*:*:*,AFFECTS
CVE:CVE-2023-43533,CPE:cpe:2.3:h:qualcomm:snapdragon_888\+_5g_mobile_platform:-:*:*:*:*:*:*:*,AFFECTS
CVE:CVE-2023-43533,CPE:cpe:2.3:h:qualcomm:snapdragon_888_5g_mobile_platform:-:*:*:*:*:*:*:*,AFFECTS
CVE:CVE-2023-43533,CPE:cpe:2.3:h:qualcomm:snapdragon_8\+_gen_1_mobile_platform:-:*:*:*:*:*:*:*,AFFECTS
CVE:CVE-2023-43533,CPE:cpe:2.3:h:qualcomm:snapdragon_8\+_gen_2_mobile_platform:-:*:*:*:*:*:*:*,AFFECTS
CVE:CVE-2023-43533,CPE:cpe:2.3:h:qualcomm:snapdragon_8_gen_1_mobile_platform:-:*:*:*:*:*:*:*,AFFECTS
CVE:CVE-2023-43533,CPE:cpe:2.3:h:qualcomm:snapdragon_8_gen_2_mobile_platform:-:*:*:*:*:*:*:*,AFFECTS
CVE:CVE-2023-43533,CPE:cpe:2.3:h:qualcomm:snapdragon_8_gen_3_mobile_platform:-:*:*:*:*:*:*:*,AFFECTS
CVE:CVE-2023-43533,CPE:cpe:2.3:h:qualcomm:snapdragon_8c_compute_platform:-:*:*:*:*:*:*:*,AFFECTS
CVE:CVE-2023-43533,CPE:cpe:2.3:h:qualcomm:snapdragon_8cx_compute_platform:-:*:*:*:*:*:*:*,AFFECTS
CVE:CVE-2023-43533,CPE:cpe:2.3:h:qualcomm:snapdragon_8cx_gen_2_5g_compute_platform:-:*:*:*:*:*:*:*,AFFECTS
CVE:CVE-2023-43533,CPE:cpe:2.3:h:qualcomm:snapdragon_8cx_gen_3_compute_platform:-:*:*:*:*:*:*:*,AFFECTS
CVE:CVE-2023-43533,CPE:cpe:2.3:h:qualcomm:snapdragon_ar2_gen_1_platform:-:*:*:*:*:*:*:*,AFFECTS
CVE:CVE-2023-43533,CPE:cpe:2.3:h:qualcomm:snapdragon_auto_4g_modem:-:*:*:*:*:*:*:*,AFFECTS
CVE:CVE-2023-43533,CPE:cpe:2.3:h:qualcomm:snapdragon_auto_5g_modem-rf:-:*:*:*:*:*:*:*,AFFECTS
CVE:CVE-2023-43533,CPE:cpe:2.3:h:qualcomm:snapdragon_auto_5g_modem-rf_gen_2:-:*:*:*:*:*:*:*,AFFECTS
CVE:CVE-2023-43533,CPE:cpe:2.3:h:qualcomm:snapdragon_w5\+_gen_1_wearable_platform:-:*:*:*:*:*:*:*,AFFECTS
CVE:CVE-2023-43533,CPE:cpe:2.3:h:qualcomm:snapdragon_x35_5g_modem-rf_system:-:*:*:*:*:*:*:*,AFFECTS
CVE:CVE-2023-43533,CPE:cpe:2.3:h:qualcomm:snapdragon_x50_5g_modem-rf_system:-:*:*:*:*:*:*:*,AFFECTS
CVE:CVE-2023-43533,CPE:cpe:2.3:h:qualcomm:snapdragon_x55_5g_modem-rf_system:-:*:*:*:*:*:*:*,AFFECTS
CVE:CVE-2023-43533,CPE:cpe:2.3:h:qualcomm:snapdragon_x65_5g_modem-rf_system:-:*:*:*:*:*:*:*,AFFECTS
CVE:CVE-2023-43533,CPE:cpe:2.3:h:qualcomm:snapdragon_x75_5g_modem-rf_system:-:*:*:*:*:*:*:*,AFFECTS
CVE:CVE-2023-43533,CPE:cpe:2.3:h:qualcomm:snapdragon_xr1_platform:-:*:*:*:*:*:*:*,AFFECTS
CVE:CVE-2023-43533,CPE:cpe:2.3:h:qualcomm:snapdragon_xr2\+_gen_1_platform:-:*:*:*:*:*:*:*,AFFECTS
CVE:CVE-2023-43533,CPE:cpe:2.3:h:qualcomm:snapdragon_xr2_5g_platform:-:*:*:*:*:*:*:*,AFFECTS
CVE:CVE-2023-43533,CPE:cpe:2.3:h:qualcomm:srv1h:-:*:*:*:*:*:*:*,AFFECTS
CVE:CVE-2023-43533,CPE:cpe:2.3:h:qualcomm:srv1m:-:*:*:*:*:*:*:*,AFFECTS
CVE:CVE-2023-43533,CPE:cpe:2.3:h:qualcomm:ssg2115p:-:*:*:*:*:*:*:*,AFFECTS
CVE:CVE-2023-43533,CPE:cpe:2.3:h:qualcomm:ssg2125p:-:*:*:*:*:*:*:*,AFFECTS
CVE:CVE-2023-43533,CPE:cpe:2.3:h:qualcomm:sw5100:-:*:*:*:*:*:*:*,AFFECTS
CVE:CVE-2023-43533,CPE:cpe:2.3:h:qualcomm:sw5100p:-:*:*:*:*:*:*:*,AFFECTS
CVE:CVE-2023-43533,CPE:cpe:2.3:h:qualcomm:sxr1120:-:*:*:*:*:*:*:*,AFFECTS
CVE:CVE-2023-43533,CPE:cpe:2.3:h:qualcomm:sxr1230p:-:*:*:*:*:*:*:*,AFFECTS
CVE:CVE-2023-43533,CPE:cpe:2.3:h:qualcomm:sxr2130:-:*:*:*:*:*:*:*,AFFECTS
CVE:CVE-2023-43533,CPE:cpe:2.3:h:qualcomm:sxr2230p:-:*:*:*:*:*:*:*,AFFECTS
CVE:CVE-2023-43533,CPE:cpe:2.3:h:qualcomm:video_collaboration_vc1_platform:-:*:*:*:*:*:*:*,AFFECTS
CVE:CVE-2023-43533,CPE:cpe:2.3:h:qualcomm:video_collaboration_vc3_platform:-:*:*:*:*:*:*:*,AFFECTS
CVE:CVE-2023-43533,CPE:cpe:2.3:h:qualcomm:vision_intelligence_300_platform:-:*:*:*:*:*:*:*,AFFECTS
CVE:CVE-2023-43533,CPE:cpe:2.3:h:qualcomm:vision_intelligence_400_platform:-:*:*:*:*:*:*:*,AFFECTS
CVE:CVE-2023-43533,CPE:cpe:2.3:h:qualcomm:wcd9326:-:*:*:*:*:*:*:*,AFFECTS
CVE:CVE-2023-43533,CPE:cpe:2.3:h:qualcomm:wcd9335:-:*:*:*:*:*:*:*,AFFECTS
CVE:CVE-2023-43533,CPE:cpe:2.3:h:qualcomm:wcd9340:-:*:*:*:*:*:*:*,AFFECTS
CVE:CVE-2023-43533,CPE:cpe:2.3:h:qualcomm:wcd9341:-:*:*:*:*:*:*:*,AFFECTS
CVE:CVE-2023-43533,CPE:cpe:2.3:h:qualcomm:wcd9360:-:*:*:*:*:*:*:*,AFFECTS
CVE:CVE-2023-43533,CPE:cpe:2.3:h:qualcomm:wcd9370:-:*:*:*:*:*:*:*,AFFECTS
CVE:CVE-2023-43533,CPE:cpe:2.3:h:qualcomm:wcd9371:-:*:*:*:*:*:*:*,AFFECTS
CVE:CVE-2023-43533,CPE:cpe:2.3:h:qualcomm:wcd9375:-:*:*:*:*:*:*:*,AFFECTS
CVE:CVE-2023-43533,CPE:cpe:2.3:h:qualcomm:wcd9380:-:*:*:*:*:*:*:*,AFFECTS
CVE:CVE-2023-43533,CPE:cpe:2.3:h:qualcomm:wcd9385:-:*:*:*:*:*:*:*,AFFECTS
CVE:CVE-2023-43533,CPE:cpe:2.3:h:qualcomm:wcd9390:-:*:*:*:*:*:*:*,AFFECTS
CVE:CVE-2023-43533,CPE:cpe:2.3:h:qualcomm:wcd9395:-:*:*:*:*:*:*:*,AFFECTS
CVE:CVE-2023-43533,CPE:cpe:2.3:h:qualcomm:wcn3910:-:*:*:*:*:*:*:*,AFFECTS
CVE:CVE-2023-43533,CPE:cpe:2.3:h:qualcomm:wcn3950:-:*:*:*:*:*:*:*,AFFECTS
CVE:CVE-2023-43533,CPE:cpe:2.3:h:qualcomm:wcn3980:-:*:*:*:*:*:*:*,AFFECTS
CVE:CVE-2023-43533,CPE:cpe:2.3:h:qualcomm:wcn3988:-:*:*:*:*:*:*:*,AFFECTS
CVE:CVE-2023-43533,CPE:cpe:2.3:h:qualcomm:wcn3990:-:*:*:*:*:*:*:*,AFFECTS
CVE:CVE-2023-43533,CPE:cpe:2.3:h:qualcomm:wcn6740:-:*:*:*:*:*:*:*,AFFECTS
CVE:CVE-2023-43533,CPE:cpe:2.3:h:qualcomm:wsa8810:-:*:*:*:*:*:*:*,AFFECTS
CVE:CVE-2023-43533,CPE:cpe:2.3:h:qualcomm:wsa8815:-:*:*:*:*:*:*:*,AFFECTS
CVE:CVE-2023-43533,CPE:cpe:2.3:h:qualcomm:wsa8830:-:*:*:*:*:*:*:*,AFFECTS
CVE:CVE-2023-43533,CPE:cpe:2.3:h:qualcomm:wsa8832:-:*:*:*:*:*:*:*,AFFECTS
CVE:CVE-2023-43533,CPE:cpe:2.3:h:qualcomm:wsa8835:-:*:*:*:*:*:*:*,AFFECTS
CVE:CVE-2023-43533,CPE:cpe:2.3:h:qualcomm:wsa8840:-:*:*:*:*:*:*:*,AFFECTS
CVE:CVE-2023-43533,CPE:cpe:2.3:h:qualcomm:wsa8845:-:*:*:*:*:*:*:*,AFFECTS
CVE:CVE-2023-43533,CPE:cpe:2.3:h:qualcomm:wsa8845h:-:*:*:*:*:*:*:*,AFFECTS
CVE:CVE-2023-43533,CPE:cpe:2.3:o:qualcomm:315_5g_iot_modem_firmware:-:*:*:*:*:*:*:*,AFFECTS
CVE:CVE-2023-43533,CPE:cpe:2.3:o:qualcomm:aqt1000_firmware:-:*:*:*:*:*:*:*,AFFECTS
CVE:CVE-2023-43533,CPE:cpe:2.3:o:qualcomm:ar8035_firmware:-:*:*:*:*:*:*:*,AFFECTS
CVE:CVE-2023-43533,CPE:cpe:2.3:o:qualcomm:csra6620_firmware:-:*:*:*:*:*:*:*,AFFECTS
CVE:CVE-2023-43533,CPE:cpe:2.3:o:qualcomm:csra6640_firmware:-:*:*:*:*:*:*:*,AFFECTS
CVE:CVE-2023-43533,CPE:cpe:2.3:o:qualcomm:csrb31024_firmware:-:*:*:*:*:*:*:*,AFFECTS
CVE:CVE-2023-43533,CPE:cpe:2.3:o:qualcomm:fastconnect_6200_firmware:-:*:*:*:*:*:*:*,AFFECTS
CVE:CVE-2023-43533,CPE:cpe:2.3:o:qualcomm:fastconnect_6700_firmware:-:*:*:*:*:*:*:*,AFFECTS
CVE:CVE-2023-43533,CPE:cpe:2.3:o:qualcomm:fastconnect_6800_firmware:-:*:*:*:*:*:*:*,AFFECTS
CVE:CVE-2023-43533,CPE:cpe:2.3:o:qualcomm:fastconnect_6900_firmware:-:*:*:*:*:*:*:*,AFFECTS
CVE:CVE-2023-43533,CPE:cpe:2.3:o:qualcomm:fastconnect_7800_firmware:-:*:*:*:*:*:*:*,AFFECTS
CVE:CVE-2023-43533,CPE:cpe:2.3:o:qualcomm:immersive_home_3210_platform_firmware:-:*:*:*:*:*:*:*,AFFECTS
CVE:CVE-2023-43533,CPE:cpe:2.3:o:qualcomm:immersive_home_326_platform_firmware:-:*:*:*:*:*:*:*,AFFECTS
CVE:CVE-2023-43533,CPE:cpe:2.3:o:qualcomm:ipq5302_firmware:-:*:*:*:*:*:*:*,AFFECTS
CVE:CVE-2023-43533,CPE:cpe:2.3:o:qualcomm:ipq5312_firmware:-:*:*:*:*:*:*:*,AFFECTS
CVE:CVE-2023-43533,CPE:cpe:2.3:o:qualcomm:ipq5332_firmware:-:*:*:*:*:*:*:*,AFFECTS
CVE:CVE-2023-43533,CPE:cpe:2.3:o:qualcomm:qam8255p_firmware:-:*:*:*:*:*:*:*,AFFECTS
CVE:CVE-2023-43533,CPE:cpe:2.3:o:qualcomm:qam8295p_firmware:-:*:*:*:*:*:*:*,AFFECTS
CVE:CVE-2023-43533,CPE:cpe:2.3:o:qualcomm:qam8650p_firmware:-:*:*:*:*:*:*:*,AFFECTS
CVE:CVE-2023-43533,CPE:cpe:2.3:o:qualcomm:qam8775p_firmware:-:*:*:*:*:*:*:*,AFFECTS
CVE:CVE-2023-43533,CPE:cpe:2.3:o:qualcomm:qamsrv1h_firmware:-:*:*:*:*:*:*:*,AFFECTS
CVE:CVE-2023-43533,CPE:cpe:2.3:o:qualcomm:qamsrv1m_firmware:-:*:*:*:*:*:*:*,AFFECTS
CVE:CVE-2023-43533,CPE:cpe:2.3:o:qualcomm:qca1062_firmware:-:*:*:*:*:*:*:*,AFFECTS
CVE:CVE-2023-43533,CPE:cpe:2.3:o:qualcomm:qca1064_firmware:-:*:*:*:*:*:*:*,AFFECTS
CVE:CVE-2023-43533,CPE:cpe:2.3:o:qualcomm:qca2062_firmware:-:*:*:*:*:*:*:*,AFFECTS
CVE:CVE-2023-43533,CPE:cpe:2.3:o:qualcomm:qca2064_firmware:-:*:*:*:*:*:*:*,AFFECTS
CVE:CVE-2023-43533,CPE:cpe:2.3:o:qualcomm:qca2065_firmware:-:*:*:*:*:*:*:*,AFFECTS
CVE:CVE-2023-43533,CPE:cpe:2.3:o:qualcomm:qca2066_firmware:-:*:*:*:*:*:*:*,AFFECTS
CVE:CVE-2023-43533,CPE:cpe:2.3:o:qualcomm:qca6174a_firmware:-:*:*:*:*:*:*:*,AFFECTS
CVE:CVE-2023-43533,CPE:cpe:2.3:o:qualcomm:qca6310_firmware:-:*:*:*:*:*:*:*,AFFECTS
CVE:CVE-2023-43533,CPE:cpe:2.3:o:qualcomm:qca6320_firmware:-:*:*:*:*:*:*:*,AFFECTS
CVE:CVE-2023-43533,CPE:cpe:2.3:o:qualcomm:qca6335_firmware:-:*:*:*:*:*:*:*,AFFECTS
CVE:CVE-2023-43533,CPE:cpe:2.3:o:qualcomm:qca6391_firmware:-:*:*:*:*:*:*:*,AFFECTS
CVE:CVE-2023-43533,CPE:cpe:2.3:o:qualcomm:qca6420_firmware:-:*:*:*:*:*:*:*,AFFECTS
CVE:CVE-2023-43533,CPE:cpe:2.3:o:qualcomm:qca6421_firmware:-:*:*:*:*:*:*:*,AFFECTS
CVE:CVE-2023-43533,CPE:cpe:2.3:o:qualcomm:qca6426_firmware:-:*:*:*:*:*:*:*,AFFECTS
CVE:CVE-2023-43533,CPE:cpe:2.3:o:qualcomm:qca6430_firmware:-:*:*:*:*:*:*:*,AFFECTS
CVE:CVE-2023-43533,CPE:cpe:2.3:o:qualcomm:qca6431_firmware:-:*:*:*:*:*:*:*,AFFECTS
CVE:CVE-2023-43533,CPE:cpe:2.3:o:qualcomm:qca6436_firmware:-:*:*:*:*:*:*:*,AFFECTS
CVE:CVE-2023-43533,CPE:cpe:2.3:o:qualcomm:qca6554a_firmware:-:*:*:*:*:*:*:*,AFFECTS
CVE:CVE-2023-43533,CPE:cpe:2.3:o:qualcomm:qca6564a_firmware:-:*:*:*:*:*:*:*,AFFECTS
CVE:CVE-2023-43533,CPE:cpe:2.3:o:qualcomm:qca6564au_firmware:-:*:*:*:*:*:*:*,AFFECTS
CVE:CVE-2023-43533,CPE:cpe:2.3:o:qualcomm:qca6574_firmware:-:*:*:*:*:*:*:*,AFFECTS
CVE:CVE-2023-43533,CPE:cpe:2.3:o:qualcomm:qca6574a_firmware:-:*:*:*:*:*:*:*,AFFECTS
CVE:CVE-2023-43533,CPE:cpe:2.3:o:qualcomm:qca6574au_firmware:-:*:*:*:*:*:*:*,AFFECTS
CVE:CVE-2023-43533,CPE:cpe:2.3:o:qualcomm:qca6584au_firmware:-:*:*:*:*:*:*:*,AFFECTS
CVE:CVE-2023-43533,CPE:cpe:2.3:o:qualcomm:qca6595_firmware:-:*:*:*:*:*:*:*,AFFECTS
CVE:CVE-2023-43533,CPE:cpe:2.3:o:qualcomm:qca6595au_firmware:-:*:*:*:*:*:*:*,AFFECTS
CVE:CVE-2023-43533,CPE:cpe:2.3:o:qualcomm:qca6678aq_firmware:-:*:*:*:*:*:*:*,AFFECTS
CVE:CVE-2023-43533,CPE:cpe:2.3:o:qualcomm:qca6688aq_firmware:-:*:*:*:*:*:*:*,AFFECTS
CVE:CVE-2023-43533,CPE:cpe:2.3:o:qualcomm:qca6696_firmware:-:*:*:*:*:*:*:*,AFFECTS
CVE:CVE-2023-43533,CPE:cpe:2.3:o:qualcomm:qca6698aq_firmware:-:*:*:*:*:*:*:*,AFFECTS
CVE:CVE-2023-43533,CPE:cpe:2.3:o:qualcomm:qca6797aq_firmware:-:*:*:*:*:*:*:*,AFFECTS
CVE:CVE-2023-43533,CPE:cpe:2.3:o:qualcomm:qca8081_firmware:-:*:*:*:*:*:*:*,AFFECTS
CVE:CVE-2023-43533,CPE:cpe:2.3:o:qualcomm:qca8337_firmware:-:*:*:*:*:*:*:*,AFFECTS
CVE:CVE-2023-43533,CPE:cpe:2.3:o:qualcomm:qca8386_firmware:-:*:*:*:*:*:*:*,AFFECTS
CVE:CVE-2023-43533,CPE:cpe:2.3:o:qualcomm:qcc2073_firmware:-:*:*:*:*:*:*:*,AFFECTS
CVE:CVE-2023-43533,CPE:cpe:2.3:o:qualcomm:qcc2076_firmware:-:*:*:*:*:*:*:*,AFFECTS
CVE:CVE-2023-43533,CPE:cpe:2.3:o:qualcomm:qcc710_firmware:-:*:*:*:*:*:*:*,AFFECTS
CVE:CVE-2023-43533,CPE:cpe:2.3:o:qualcomm:qcf8000_firmware:-:*:*:*:*:*:*:*,AFFECTS
CVE:CVE-2023-43533,CPE:cpe:2.3:o:qualcomm:qcm2290_firmware:-:*:*:*:*:*:*:*,AFFECTS
CVE:CVE-2023-43533,CPE:cpe:2.3:o:qualcomm:qcm4290_firmware:-:*:*:*:*:*:*:*,AFFECTS
CVE:CVE-2023-43533,CPE:cpe:2.3:o:qualcomm:qcm4325_firmware:-:*:*:*:*:*:*:*,AFFECTS
CVE:CVE-2023-43533,CPE:cpe:2.3:o:qualcomm:qcm4490_firmware:-:*:*:*:*:*:*:*,AFFECTS
CVE:CVE-2023-43533,CPE:cpe:2.3:o:qualcomm:qcm6125_firmware:-:*:*:*:*:*:*:*,AFFECTS
CVE:CVE-2023-43533,CPE:cpe:2.3:o:qualcomm:qcm6490_firmware:-:*:*:*:*:*:*:*,AFFECTS
CVE:CVE-2023-43533,CPE:cpe:2.3:o:qualcomm:qcm8550_firmware:-:*:*:*:*:*:*:*,AFFECTS
CVE:CVE-2023-43533,CPE:cpe:2.3:o:qualcomm:qcn6024_firmware:-:*:*:*:*:*:*:*,AFFECTS
CVE:CVE-2023-43533,CPE:cpe:2.3:o:qualcomm:qcn6224_firmware:-:*:*:*:*:*:*:*,AFFECTS
CVE:CVE-2023-43533,CPE:cpe:2.3:o:qualcomm:qcn6274_firmware:-:*:*:*:*:*:*:*,AFFECTS
CVE:CVE-2023-43533,CPE:cpe:2.3:o:qualcomm:qcn6402_firmware:-:*:*:*:*:*:*:*,AFFECTS
CVE:CVE-2023-43533,CPE:cpe:2.3:o:qualcomm:qcn6412_firmware:-:*:*:*:*:*:*:*,AFFECTS
CVE:CVE-2023-43533,CPE:cpe:2.3:o:qualcomm:qcn6422_firmware:-:*:*:*:*:*:*:*,AFFECTS
CVE:CVE-2023-43533,CPE:cpe:2.3:o:qualcomm:qcn6432_firmware:-:*:*:*:*:*:*:*,AFFECTS
CVE:CVE-2023-43533,CPE:cpe:2.3:o:qualcomm:qcn9024_firmware:-:*:*:*:*:*:*:*,AFFECTS
CVE:CVE-2023-43533,CPE:cpe:2.3:o:qualcomm:qcn9274_firmware:-:*:*:*:*:*:*:*,AFFECTS
CVE:CVE-2023-43533,CPE:cpe:2.3:o:qualcomm:qcs2290_firmware:-:*:*:*:*:*:*:*,AFFECTS
CVE:CVE-2023-43533,CPE:cpe:2.3:o:qualcomm:qcs410_firmware:-:*:*:*:*:*:*:*,AFFECTS
CVE:CVE-2023-43533,CPE:cpe:2.3:o:qualcomm:qcs4290_firmware:-:*:*:*:*:*:*:*,AFFECTS
CVE:CVE-2023-43533,CPE:cpe:2.3:o:qualcomm:qcs4490_firmware:-:*:*:*:*:*:*:*,AFFECTS
CVE:CVE-2023-43533,CPE:cpe:2.3:o:qualcomm:qcs610_firmware:-:*:*:*:*:*:*:*,AFFECTS
CVE:CVE-2023-43533,CPE:cpe:2.3:o:qualcomm:qcs6125_firmware:-:*:*:*:*:*:*:*,AFFECTS
CVE:CVE-2023-43533,CPE:cpe:2.3:o:qualcomm:qcs6490_firmware:-:*:*:*:*:*:*:*,AFFECTS
CVE:CVE-2023-43533,CPE:cpe:2.3:o:qualcomm:qcs8550_firmware:-:*:*:*:*:*:*:*,AFFECTS
CVE:CVE-2023-43533,CPE:cpe:2.3:o:qualcomm:qep8111_firmware:-:*:*:*:*:*:*:*,AFFECTS
CVE:CVE-2023-43533,CPE:cpe:2.3:o:qualcomm:qfw7114_firmware:-:*:*:*:*:*:*:*,AFFECTS
CVE:CVE-2023-43533,CPE:cpe:2.3:o:qualcomm:qfw7124_firmware:-:*:*:*:*:*:*:*,AFFECTS
CVE:CVE-2023-43533,CPE:cpe:2.3:o:qualcomm:qsm8250_firmware:-:*:*:*:*:*:*:*,AFFECTS
CVE:CVE-2023-43533,CPE:cpe:2.3:o:qualcomm:qsm8350_firmware:-:*:*:*:*:*:*:*,AFFECTS
CVE:CVE-2023-43533,CPE:cpe:2.3:o:qualcomm:robotics_rb3_platform_firmware:-:*:*:*:*:*:*:*,AFFECTS
CVE:CVE-2023-43533,CPE:cpe:2.3:o:qualcomm:sa4150p_firmware:-:*:*:*:*:*:*:*,AFFECTS
CVE:CVE-2023-43533,CPE:cpe:2.3:o:qualcomm:sa6145p_firmware:-:*:*:*:*:*:*:*,AFFECTS
CVE:CVE-2023-43533,CPE:cpe:2.3:o:qualcomm:sa6150p_firmware:-:*:*:*:*:*:*:*,AFFECTS
CVE:CVE-2023-43533,CPE:cpe:2.3:o:qualcomm:sa6155_firmware:-:*:*:*:*:*:*:*,AFFECTS
CVE:CVE-2023-43533,CPE:cpe:2.3:o:qualcomm:sa6155p_firmware:-:*:*:*:*:*:*:*,AFFECTS
CVE:CVE-2023-43533,CPE:cpe:2.3:o:qualcomm:sa8145p_firmware:-:*:*:*:*:*:*:*,AFFECTS
CVE:CVE-2023-43533,CPE:cpe:2.3:o:qualcomm:sa8150p_firmware:-:*:*:*:*:*:*:*,AFFECTS
CVE:CVE-2023-43533,CPE:cpe:2.3:o:qualcomm:sa8155_firmware:-:*:*:*:*:*:*:*,AFFECTS
CVE:CVE-2023-43533,CPE:cpe:2.3:o:qualcomm:sa8155p_firmware:-:*:*:*:*:*:*:*,AFFECTS
CVE:CVE-2023-43533,CPE:cpe:2.3:o:qualcomm:sa8195p_firmware:-:*:*:*:*:*:*:*,AFFECTS
CVE:CVE-2023-43533,CPE:cpe:2.3:o:qualcomm:sa8255p_firmware:-:*:*:*:*:*:*:*,AFFECTS
CVE:CVE-2023-43533,CPE:cpe:2.3:o:qualcomm:sa8295p_firmware:-:*:*:*:*:*:*:*,AFFECTS
CVE:CVE-2023-43533,CPE:cpe:2.3:o:qualcomm:sa8650p_firmware:-:*:*:*:*:*:*:*,AFFECTS
CVE:CVE-2023-43533,CPE:cpe:2.3:o:qualcomm:sa8770p_firmware:-:*:*:*:*:*:*:*,AFFECTS
CVE:CVE-2023-43533,CPE:cpe:2.3:o:qualcomm:sa8775p_firmware:-:*:*:*:*:*:*:*,AFFECTS
CVE:CVE-2023-43533,CPE:cpe:2.3:o:qualcomm:sa9000p_firmware:-:*:*:*:*:*:*:*,AFFECTS
CVE:CVE-2023-43533,CPE:cpe:2.3:o:qualcomm:sc8180x\+sdx55_firmware:-:*:*:*:*:*:*:*,AFFECTS
CVE:CVE-2023-43533,CPE:cpe:2.3:o:qualcomm:sc8380xp_firmware:-:*:*:*:*:*:*:*,AFFECTS
CVE:CVE-2023-43533,CPE:cpe:2.3:o:qualcomm:sd460_firmware:-:*:*:*:*:*:*:*,AFFECTS
CVE:CVE-2023-43533,CPE:cpe:2.3:o:qualcomm:sd660_firmware:-:*:*:*:*:*:*:*,AFFECTS
CVE:CVE-2023-43533,CPE:cpe:2.3:o:qualcomm:sd662_firmware:-:*:*:*:*:*:*:*,AFFECTS
CVE:CVE-2023-43533,CPE:cpe:2.3:o:qualcomm:sd670_firmware:-:*:*:*:*:*:*:*,AFFECTS
CVE:CVE-2023-43533,CPE:cpe:2.3:o:qualcomm:sd675_firmware:-:*:*:*:*:*:*:*,AFFECTS
CVE:CVE-2023-43533,CPE:cpe:2.3:o:qualcomm:sd730_firmware:-:*:*:*:*:*:*:*,AFFECTS
CVE:CVE-2023-43533,CPE:cpe:2.3:o:qualcomm:sd835_firmware:-:*:*:*:*:*:*:*,AFFECTS
CVE:CVE-2023-43533,CPE:cpe:2.3:o:qualcomm:sd855_firmware:-:*:*:*:*:*:*:*,AFFECTS
CVE:CVE-2023-43533,CPE:cpe:2.3:o:qualcomm:sd865_5g_firmware:-:*:*:*:*:*:*:*,AFFECTS
CVE:CVE-2023-43533,CPE:cpe:2.3:o:qualcomm:sd888_firmware:-:*:*:*:*:*:*:*,AFFECTS
CVE:CVE-2023-43533,CPE:cpe:2.3:o:qualcomm:sd_455_firmware:-:*:*:*:*:*:*:*,AFFECTS
CVE:CVE-2023-43533,CPE:cpe:2.3:o:qualcomm:sd_675_firmware:-:*:*:*:*:*:*:*,AFFECTS
CVE:CVE-2023-43533,CPE:cpe:2.3:o:qualcomm:sd_8_gen1_5g_firmware:-:*:*:*:*:*:*:*,AFFECTS
CVE:CVE-2023-43533,CPE:cpe:2.3:o:qualcomm:sd_8cx_firmware:-:*:*:*:*:*:*:*,AFFECTS
CVE:CVE-2023-43533,CPE:cpe:2.3:o:qualcomm:sdx55_firmware:-:*:*:*:*:*:*:*,AFFECTS
CVE:CVE-2023-43533,CPE:cpe:2.3:o:qualcomm:sg4150p_firmware:-:*:*:*:*:*:*:*,AFFECTS
CVE:CVE-2023-43533,CPE:cpe:2.3:o:qualcomm:sm4125_firmware:-:*:*:*:*:*:*:*,AFFECTS
CVE:CVE-2023-43533,CPE:cpe:2.3:o:qualcomm:sm6250_firmware:-:*:*:*:*:*:*:*,AFFECTS
CVE:CVE-2023-43533,CPE:cpe:2.3:o:qualcomm:sm6250p_firmware:-:*:*:*:*:*:*:*,AFFECTS
CVE:CVE-2023-43533,CPE:cpe:2.3:o:qualcomm:sm7250p_firmware:-:*:*:*:*:*:*:*,AFFECTS
CVE:CVE-2023-43533,CPE:cpe:2.3:o:qualcomm:sm7315_firmware:-:*:*:*:*:*:*:*,AFFECTS
CVE:CVE-2023-43533,CPE:cpe:2.3:o:qualcomm:sm7325p_firmware:-:*:*:*:*:*:*:*,AFFECTS
CVE:CVE-2023-43533,CPE:cpe:2.3:o:qualcomm:sm8550p_firmware:-:*:*:*:*:*:*:*,AFFECTS
CVE:CVE-2023-43533,CPE:cpe:2.3:o:qualcomm:smart_audio_400_platform_firmware:-:*:*:*:*:*:*:*,AFFECTS
CVE:CVE-2023-43533,CPE:cpe:2.3:o:qualcomm:snapdragon_460_mobile_platform_firmware:-:*:*:*:*:*:*:*,AFFECTS
CVE:CVE-2023-43533,CPE:cpe:2.3:o:qualcomm:snapdragon_480\+_5g_mobile_platform_firmware:-:*:*:*:*:*:*:*,AFFECTS
CVE:CVE-2023-43533,CPE:cpe:2.3:o:qualcomm:snapdragon_480_5g_mobile_platform_firmware:-:*:*:*:*:*:*:*,AFFECTS
CVE:CVE-2023-43533,CPE:cpe:2.3:o:qualcomm:snapdragon_4_gen_1_mobile_platform_firmware:-:*:*:*:*:*:*:*,AFFECTS
CVE:CVE-2023-43533,CPE:cpe:2.3:o:qualcomm:snapdragon_4_gen_2_mobile_platform_firmware:-:*:*:*:*:*:*:*,AFFECTS
CVE:CVE-2023-43533,CPE:cpe:2.3:o:qualcomm:snapdragon_630_mobile_platform_firmware:-:*:*:*:*:*:*:*,AFFECTS
CVE:CVE-2023-43533,CPE:cpe:2.3:o:qualcomm:snapdragon_636_mobile_platform_firmware:-:*:*:*:*:*:*:*,AFFECTS
CVE:CVE-2023-43533,CPE:cpe:2.3:o:qualcomm:snapdragon_660_mobile_platform_firmware:-:*:*:*:*:*:*:*,AFFECTS
CVE:CVE-2023-43533,CPE:cpe:2.3:o:qualcomm:snapdragon_662_mobile_platform_firmware:-:*:*:*:*:*:*:*,AFFECTS
CVE:CVE-2023-43533,CPE:cpe:2.3:o:qualcomm:snapdragon_665_mobile_platform_firmware:-:*:*:*:*:*:*:*,AFFECTS
CVE:CVE-2023-43533,CPE:cpe:2.3:o:qualcomm:snapdragon_670_mobile_platform_firmware:-:*:*:*:*:*:*:*,AFFECTS
CVE:CVE-2023-43533,CPE:cpe:2.3:o:qualcomm:snapdragon_675_mobile_platform_firmware:-:*:*:*:*:*:*:*,AFFECTS
CVE:CVE-2023-43533,CPE:cpe:2.3:o:qualcomm:snapdragon_678_mobile_platform_firmware:-:*:*:*:*:*:*:*,AFFECTS
CVE:CVE-2023-43533,CPE:cpe:2.3:o:qualcomm:snapdragon_680_4g_mobile_platform_firmware:-:*:*:*:*:*:*:*,AFFECTS
CVE:CVE-2023-43533,CPE:cpe:2.3:o:qualcomm:snapdragon_685_4g_mobile_platform_firmware:-:*:*:*:*:*:*:*,AFFECTS
CVE:CVE-2023-43533,CPE:cpe:2.3:o:qualcomm:snapdragon_690_5g_mobile_platform_firmware:-:*:*:*:*:*:*:*,AFFECTS
CVE:CVE-2023-43533,CPE:cpe:2.3:o:qualcomm:snapdragon_695_5g_mobile_platform_firmware:-:*:*:*:*:*:*:*,AFFECTS
CVE:CVE-2023-43533,CPE:cpe:2.3:o:qualcomm:snapdragon_710_mobile_platform_firmware:-:*:*:*:*:*:*:*,AFFECTS
CVE:CVE-2023-43533,CPE:cpe:2.3:o:qualcomm:snapdragon_712_mobile_platform_firmware:-:*:*:*:*:*:*:*,AFFECTS
CVE:CVE-2023-43533,CPE:cpe:2.3:o:qualcomm:snapdragon_720g_mobile_platform_firmware:-:*:*:*:*:*:*:*,AFFECTS
CVE:CVE-2023-43533,CPE:cpe:2.3:o:qualcomm:snapdragon_730_mobile_platform_firmware:-:*:*:*:*:*:*:*,AFFECTS
CVE:CVE-2023-43533,CPE:cpe:2.3:o:qualcomm:snapdragon_730g_mobile_platform_firmware:-:*:*:*:*:*:*:*,AFFECTS
CVE:CVE-2023-43533,CPE:cpe:2.3:o:qualcomm:snapdragon_732g_mobile_platform_firmware:-:*:*:*:*:*:*:*,AFFECTS
CVE:CVE-2023-43533,CPE:cpe:2.3:o:qualcomm:snapdragon_750g_5g_mobile_platform_firmware:-:*:*:*:*:*:*:*,AFFECTS
CVE:CVE-2023-43533,CPE:cpe:2.3:o:qualcomm:snapdragon_765_5g_mobile_platform_firmware:-:*:*:*:*:*:*:*,AFFECTS
CVE:CVE-2023-43533,CPE:cpe:2.3:o:qualcomm:snapdragon_765g_5g_mobile_platform_firmware:-:*:*:*:*:*:*:*,AFFECTS
CVE:CVE-2023-43533,CPE:cpe:2.3:o:qualcomm:snapdragon_768g_5g_mobile_platform_firmware:-:*:*:*:*:*:*:*,AFFECTS
CVE:CVE-2023-43533,CPE:cpe:2.3:o:qualcomm:snapdragon_778g\+_5g_mobile_platform_firmware:-:*:*:*:*:*:*:*,AFFECTS
CVE:CVE-2023-43533,CPE:cpe:2.3:o:qualcomm:snapdragon_778g_5g_mobile_platform_firmware:-:*:*:*:*:*:*:*,AFFECTS
CVE:CVE-2023-43533,CPE:cpe:2.3:o:qualcomm:snapdragon_780g_5g_mobile_platform_firmware:-:*:*:*:*:*:*:*,AFFECTS
CVE:CVE-2023-43533,CPE:cpe:2.3:o:qualcomm:snapdragon_782g_mobile_platform_firmware:-:*:*:*:*:*:*:*,AFFECTS
CVE:CVE-2023-43533,CPE:cpe:2.3:o:qualcomm:snapdragon_7c\+_gen_3_compute_firmware:-:*:*:*:*:*:*:*,AFFECTS
CVE:CVE-2023-43533,CPE:cpe:2.3:o:qualcomm:snapdragon_7c_compute_platform_firmware:-:*:*:*:*:*:*:*,AFFECTS
CVE:CVE-2023-43533,CPE:cpe:2.3:o:qualcomm:snapdragon_7c_gen_2_compute_platform_firmware:-:*:*:*:*:*:*:*,AFFECTS
CVE:CVE-2023-43533,CPE:cpe:2.3:o:qualcomm:snapdragon_835_mobile_pc_platform_firmware:-:*:*:*:*:*:*:*,AFFECTS
CVE:CVE-2023-43533,CPE:cpe:2.3:o:qualcomm:snapdragon_845_mobile_platform_firmware:-:*:*:*:*:*:*:*,AFFECTS
CVE:CVE-2023-43533,CPE:cpe:2.3:o:qualcomm:snapdragon_850_mobile_compute_platform_firmware:-:*:*:*:*:*:*:*,AFFECTS
CVE:CVE-2023-43533,CPE:cpe:2.3:o:qualcomm:snapdragon_855\+\/860_mobile_platform_firmware:-:*:*:*:*:*:*:*,AFFECTS
CVE:CVE-2023-43533,CPE:cpe:2.3:o:qualcomm:snapdragon_855_mobile_platform_firmware:-:*:*:*:*:*:*:*,AFFECTS
CVE:CVE-2023-43533,CPE:cpe:2.3:o:qualcomm:snapdragon_865\+_5g_mobile_platform_firmware:-:*:*:*:*:*:*:*,AFFECTS
CVE:CVE-2023-43533,CPE:cpe:2.3:o:qualcomm:snapdragon_865_5g_mobile_platform_firmware:-:*:*:*:*:*:*:*,AFFECTS
CVE:CVE-2023-43533,CPE:cpe:2.3:o:qualcomm:snapdragon_870_5g_mobile_platform_firmware:-:*:*:*:*:*:*:*,AFFECTS
CVE:CVE-2023-43533,CPE:cpe:2.3:o:qualcomm:snapdragon_888\+_5g_mobile_platform_firmware:-:*:*:*:*:*:*:*,AFFECTS
CVE:CVE-2023-43533,CPE:cpe:2.3:o:qualcomm:snapdragon_888_5g_mobile_platform_firmware:-:*:*:*:*:*:*:*,AFFECTS
CVE:CVE-2023-43533,CPE:cpe:2.3:o:qualcomm:snapdragon_8\+_gen_1_mobile_platform_firmware:-:*:*:*:*:*:*:*,AFFECTS
CVE:CVE-2023-43533,CPE:cpe:2.3:o:qualcomm:snapdragon_8\+_gen_2_mobile_platform_firmware:-:*:*:*:*:*:*:*,AFFECTS
CVE:CVE-2023-43533,CPE:cpe:2.3:o:qualcomm:snapdragon_8_gen_1_mobile_platform_firmware:-:*:*:*:*:*:*:*,AFFECTS
CVE:CVE-2023-43533,CPE:cpe:2.3:o:qualcomm:snapdragon_8_gen_2_mobile_platform_firmware:-:*:*:*:*:*:*:*,AFFECTS
CVE:CVE-2023-43533,CPE:cpe:2.3:o:qualcomm:snapdragon_8_gen_3_mobile_platform_firmware:-:*:*:*:*:*:*:*,AFFECTS
CVE:CVE-2023-43533,CPE:cpe:2.3:o:qualcomm:snapdragon_8c_compute_platform_firmware:-:*:*:*:*:*:*:*,AFFECTS
CVE:CVE-2023-43533,CPE:cpe:2.3:o:qualcomm:snapdragon_8cx_compute_platform_firmware:-:*:*:*:*:*:*:*,AFFECTS
CVE:CVE-2023-43533,CPE:cpe:2.3:o:qualcomm:snapdragon_8cx_gen_2_5g_compute_platform_firmware:-:*:*:*:*:*:*:*,AFFECTS
CVE:CVE-2023-43533,CPE:cpe:2.3:o:qualcomm:snapdragon_8cx_gen_3_compute_platform_firmware:-:*:*:*:*:*:*:*,AFFECTS
CVE:CVE-2023-43533,CPE:cpe:2.3:o:qualcomm:snapdragon_ar2_gen_1_platform_firmware:-:*:*:*:*:*:*:*,AFFECTS
CVE:CVE-2023-43533,CPE:cpe:2.3:o:qualcomm:snapdragon_auto_4g_modem_firmware:-:*:*:*:*:*:*:*,AFFECTS
CVE:CVE-2023-43533,CPE:cpe:2.3:o:qualcomm:snapdragon_auto_5g_modem-rf_firmware:-:*:*:*:*:*:*:*,AFFECTS
CVE:CVE-2023-43533,CPE:cpe:2.3:o:qualcomm:snapdragon_auto_5g_modem-rf_gen_2_firmware:-:*:*:*:*:*:*:*,AFFECTS
CVE:CVE-2023-43533,CPE:cpe:2.3:o:qualcomm:snapdragon_w5\+_gen_1_wearable_platform_firmware:-:*:*:*:*:*:*:*,AFFECTS
CVE:CVE-2023-43533,CPE:cpe:2.3:o:qualcomm:snapdragon_x35_5g_modem-rf_system_firmware:-:*:*:*:*:*:*:*,AFFECTS
CVE:CVE-2023-43533,CPE:cpe:2.3:o:qualcomm:snapdragon_x50_5g_modem-rf_system_firmware:-:*:*:*:*:*:*:*,AFFECTS
CVE:CVE-2023-43533,CPE:cpe:2.3:o:qualcomm:snapdragon_x55_5g_modem-rf_system_firmware:-:*:*:*:*:*:*:*,AFFECTS
CVE:CVE-2023-43533,CPE:cpe:2.3:o:qualcomm:snapdragon_x65_5g_modem-rf_system_firmware:-:*:*:*:*:*:*:*,AFFECTS
CVE:CVE-2023-43533,CPE:cpe:2.3:o:qualcomm:snapdragon_x75_5g_modem-rf_system_firmware:-:*:*:*:*:*:*:*,AFFECTS
CVE:CVE-2023-43533,CPE:cpe:2.3:o:qualcomm:snapdragon_xr1_platform_firmware:-:*:*:*:*:*:*:*,AFFECTS
CVE:CVE-2023-43533,CPE:cpe:2.3:o:qualcomm:snapdragon_xr2\+_gen_1_platform_firmware:-:*:*:*:*:*:*:*,AFFECTS
CVE:CVE-2023-43533,CPE:cpe:2.3:o:qualcomm:snapdragon_xr2_5g_platform_firmware:-:*:*:*:*:*:*:*,AFFECTS
CVE:CVE-2023-43533,CPE:cpe:2.3:o:qualcomm:srv1h_firmware:-:*:*:*:*:*:*:*,AFFECTS
CVE:CVE-2023-43533,CPE:cpe:2.3:o:qualcomm:srv1m_firmware:-:*:*:*:*:*:*:*,AFFECTS
CVE:CVE-2023-43533,CPE:cpe:2.3:o:qualcomm:ssg2115p_firmware:-:*:*:*:*:*:*:*,AFFECTS
CVE:CVE-2023-43533,CPE:cpe:2.3:o:qualcomm:ssg2125p_firmware:-:*:*:*:*:*:*:*,AFFECTS
CVE:CVE-2023-43533,CPE:cpe:2.3:o:qualcomm:sw5100_firmware:-:*:*:*:*:*:*:*,AFFECTS
CVE:CVE-2023-43533,CPE:cpe:2.3:o:qualcomm:sw5100p_firmware:-:*:*:*:*:*:*:*,AFFECTS
CVE:CVE-2023-43533,CPE:cpe:2.3:o:qualcomm:sxr1120_firmware:-:*:*:*:*:*:*:*,AFFECTS
CVE:CVE-2023-43533,CPE:cpe:2.3:o:qualcomm:sxr1230p_firmware:-:*:*:*:*:*:*:*,AFFECTS
CVE:CVE-2023-43533,CPE:cpe:2.3:o:qualcomm:sxr2130_firmware:-:*:*:*:*:*:*:*,AFFECTS
CVE:CVE-2023-43533,CPE:cpe:2.3:o:qualcomm:sxr2230p_firmware:-:*:*:*:*:*:*:*,AFFECTS
CVE:CVE-2023-43533,CPE:cpe:2.3:o:qualcomm:video_collaboration_vc1_platform_firmware:-:*:*:*:*:*:*:*,AFFECTS
CVE:CVE-2023-43533,CPE:cpe:2.3:o:qualcomm:video_collaboration_vc3_platform_firmware:-:*:*:*:*:*:*:*,AFFECTS
CVE:CVE-2023-43533,CPE:cpe:2.3:o:qualcomm:vision_intelligence_300_platform_firmware:-:*:*:*:*:*:*:*,AFFECTS
CVE:CVE-2023-43533,CPE:cpe:2.3:o:qualcomm:vision_intelligence_400_platform_firmware:-:*:*:*:*:*:*:*,AFFECTS
CVE:CVE-2023-43533,CPE:cpe:2.3:o:qualcomm:wcd9326_firmware:-:*:*:*:*:*:*:*,AFFECTS
CVE:CVE-2023-43533,CPE:cpe:2.3:o:qualcomm:wcd9335_firmware:-:*:*:*:*:*:*:*,AFFECTS
CVE:CVE-2023-43533,CPE:cpe:2.3:o:qualcomm:wcd9340_firmware:-:*:*:*:*:*:*:*,AFFECTS
CVE:CVE-2023-43533,CPE:cpe:2.3:o:qualcomm:wcd9341_firmware:-:*:*:*:*:*:*:*,AFFECTS
CVE:CVE-2023-43533,CPE:cpe:2.3:o:qualcomm:wcd9360_firmware:-:*:*:*:*:*:*:*,AFFECTS
CVE:CVE-2023-43533,CPE:cpe:2.3:o:qualcomm:wcd9370_firmware:-:*:*:*:*:*:*:*,AFFECTS
CVE:CVE-2023-43533,CPE:cpe:2.3:o:qualcomm:wcd9371_firmware:-:*:*:*:*:*:*:*,AFFECTS
CVE:CVE-2023-43533,CPE:cpe:2.3:o:qualcomm:wcd9375_firmware:-:*:*:*:*:*:*:*,AFFECTS
CVE:CVE-2023-43533,CPE:cpe:2.3:o:qualcomm:wcd9380_firmware:-:*:*:*:*:*:*:*,AFFECTS
CVE:CVE-2023-43533,CPE:cpe:2.3:o:qualcomm:wcd9385_firmware:-:*:*:*:*:*:*:*,AFFECTS
CVE:CVE-2023-43533,CPE:cpe:2.3:o:qualcomm:wcd9390_firmware:-:*:*:*:*:*:*:*,AFFECTS
CVE:CVE-2023-43533,CPE:cpe:2.3:o:qualcomm:wcd9395_firmware:-:*:*:*:*:*:*:*,AFFECTS
CVE:CVE-2023-43533,CPE:cpe:2.3:o:qualcomm:wcn3910_firmware:-:*:*:*:*:*:*:*,AFFECTS
CVE:CVE-2023-43533,CPE:cpe:2.3:o:qualcomm:wcn3950_firmware:-:*:*:*:*:*:*:*,AFFECTS
CVE:CVE-2023-43533,CPE:cpe:2.3:o:qualcomm:wcn3980_firmware:-:*:*:*:*:*:*:*,AFFECTS
CVE:CVE-2023-43533,CPE:cpe:2.3:o:qualcomm:wcn3988_firmware:-:*:*:*:*:*:*:*,AFFECTS
CVE:CVE-2023-43533,CPE:cpe:2.3:o:qualcomm:wcn3990_firmware:-:*:*:*:*:*:*:*,AFFECTS
CVE:CVE-2023-43533,CPE:cpe:2.3:o:qualcomm:wcn6740_firmware:-:*:*:*:*:*:*:*,AFFECTS
CVE:CVE-2023-43533,CPE:cpe:2.3:o:qualcomm:wsa8810_firmware:-:*:*:*:*:*:*:*,AFFECTS
CVE:CVE-2023-43533,CPE:cpe:2.3:o:qualcomm:wsa8815_firmware:-:*:*:*:*:*:*:*,AFFECTS
CVE:CVE-2023-43533,CPE:cpe:2.3:o:qualcomm:wsa8830_firmware:-:*:*:*:*:*:*:*,AFFECTS
CVE:CVE-2023-43533,CPE:cpe:2.3:o:qualcomm:wsa8832_firmware:-:*:*:*:*:*:*:*,AFFECTS
CVE:CVE-2023-43533,CPE:cpe:2.3:o:qualcomm:wsa8835_firmware:-:*:*:*:*:*:*:*,AFFECTS
CVE:CVE-2023-43533,CPE:cpe:2.3:o:qualcomm:wsa8840_firmware:-:*:*:*:*:*:*:*,AFFECTS
CVE:CVE-2023-43533,CPE:cpe:2.3:o:qualcomm:wsa8845_firmware:-:*:*:*:*:*:*:*,AFFECTS
CVE:CVE-2023-43533,CPE:cpe:2.3:o:qualcomm:wsa8845h_firmware:-:*:*:*:*:*:*:*,AFFECTS
CVE:CVE-2023-43533,REF:CVE-2023-43533:0,REFERENCES
CVE:CVE-2023-32451,RISK:MINIMAL,HAS_RISK
CVE:CVE-2023-32451,CWE:CWE-269,HAS_CWE
CVE:CVE-2023-32451,CWE:CWE-272,HAS_CWE
CVE:CVE-2023-32451,CPE:cpe:2.3:a:dell:display_manager:*:*:*:*:*:*:*:*,AFFECTS
CVE:CVE-2023-32451,REF:CVE-2023-32451:0,REFERENCES
CVE:CVE-2024-22237,RISK:MINIMAL,HAS_RISK
CVE:CVE-2024-22237,CWE:CWE-269,HAS_CWE
CVE:CVE-2024-22237,CPE:cpe:2.3:a:vmware:aria_operations_for_networks:*:*:*:*:*:*:*:*,AFFECTS
CVE:CVE-2024-22237,REF:CVE-2024-22237:0,REFERENCES
CVE:CVE-2024-22022,RISK:MINIMAL,HAS_RISK
CVE:CVE-2024-22022,CWE:CWE-200,HAS_CWE
CVE:CVE-2024-22022,CPE:cpe:2.3:a:veeam:recovery_orchestrator:*:*:*:*:*:*:*:*,AFFECTS
CVE:CVE-2024-22022,REF:CVE-2024-22022:0,REFERENCES
CVE:CVE-2024-24024,RISK:MINIMAL,HAS_RISK
CVE:CVE-2024-24024,CWE:CWE-434,HAS_CWE
CVE:CVE-2024-24024,CPE:cpe:2.3:a:xxyopen:novel-plus:*:*:*:*:*:*:*:*,AFFECTS
CVE:CVE-2024-24024,CPE:cpe:2.3:a:xxyopen:novel-plus:4.3.0:rc1:*:*:*:*:*:*,AFFECTS
CVE:CVE-2024-24024,REF:CVE-2024-24024:0,REFERENCES
CVE:CVE-2024-24024,REF:CVE-2024-24024:1,REFERENCES
CVE:CVE-2024-24350,RISK:MINIMAL,HAS_RISK
CVE:CVE-2024-24350,CWE:CWE-434,HAS_CWE
CVE:CVE-2024-24350,CPE:cpe:2.3:a:softwarepublico:e-sic_livre:*:*:*:*:*:*:*:*,AFFECTS
CVE:CVE-2024-24350,REF:CVE-2024-24350:0,REFERENCES
CVE:CVE-2024-24350,REF:CVE-2024-24350:1,REFERENCES
CVE:CVE-2024-24003,RISK:MINIMAL,HAS_RISK
CVE:CVE-2024-24003,CWE:CWE-89,HAS_CWE
CVE:CVE-2024-24003,CPE:cpe:2.3:a:jishenghua:jsherp:3.3:*:*:*:*:*:*:*,AFFECTS
CVE:CVE-2024-24003,REF:CVE-2024-24003:0,REFERENCES
CVE:CVE-2024-24003,REF:CVE-2024-24003:1,REFERENCES
CVE:CVE-2024-24202,RISK:MINIMAL,HAS_RISK
CVE:CVE-2024-24202,CWE:CWE-434,HAS_CWE
CVE:CVE-2024-24202,CPE:cpe:2.3:a:easycorp:zentao:18.10:*:*:*:community:*:*:*,AFFECTS
CVE:CVE-2024-24202,CPE:cpe:2.3:a:easycorp:zentao_biz:8.10:*:*:*:*:*:*:*,AFFECTS
CVE:CVE-2024-24202,CPE:cpe:2.3:a:easycorp:zentao_max:4.10:*:*:*:*:*:*:*,AFFECTS
CVE:CVE-2024-24202,REF:CVE-2024-24202:0,REFERENCES
CVE:CVE-2023-6515,RISK:MINIMAL,HAS_RISK
CVE:CVE-2023-6515,CWE:CWE-639,HAS_CWE
CVE:CVE-2023-6515,CPE:cpe:2.3:a:miateknoloji:mia-med:*:*:*:*:*:*:*:*,AFFECTS
CVE:CVE-2023-6515,REF:CVE-2023-6515:0,REFERENCES
CVE:CVE-2023-6515,REF:CVE-2023-6515:1,REFERENCES
CVE:CVE-2024-24113,RISK:MINIMAL,HAS_RISK
CVE:CVE-2024-24113,CWE:CWE-918,HAS_CWE
CVE:CVE-2024-24113,CPE:cpe:2.3:a:xuxueli:xxl-job:*:*:*:*:*:*:*:*,AFFECTS
CVE:CVE-2024-24113,REF:CVE-2024-24113:0,REFERENCES
