node_id,node_type,label,record_id,threatlens_score,risk_category,severity,known_exploited,published_date,kev_date_added,url
CVE:CVE-2025-9242,CVE,CVE-2025-9242,75640,0.822000,CRITICAL,CRITICAL,True,2025-09-17T08:15:33.960000Z,2025-11-12,
RISK:CRITICAL,RiskCategory,CRITICAL,,,,,,,,
SIGNAL:CISA_KEV,ThreatSignal,CISA Known Exploited Vulnerabilities,,,,,,,,
CWE:CWE-787,CWE,CWE-787,,,,,,,,
CPE:cpe:2.3:h:watchguard:firebox_m270:*:*:*:*:*:*:*:*,CPE,cpe:2.3:h:watchguard:firebox_m270:*:*:*:*:*:*:*:*,,,,,,,,
CPE:cpe:2.3:h:watchguard:firebox_m290:*:*:*:*:*:*:*:*,CPE,cpe:2.3:h:watchguard:firebox_m290:*:*:*:*:*:*:*:*,,,,,,,,
CPE:cpe:2.3:h:watchguard:firebox_m295:-:*:*:*:*:*:*:*,CPE,cpe:2.3:h:watchguard:firebox_m295:-:*:*:*:*:*:*:*,,,,,,,,
CPE:cpe:2.3:h:watchguard:firebox_m370:*:*:*:*:*:*:*:*,CPE,cpe:2.3:h:watchguard:firebox_m370:*:*:*:*:*:*:*:*,,,,,,,,
CPE:cpe:2.3:h:watchguard:firebox_m390:*:*:*:*:*:*:*:*,CPE,cpe:2.3:h:watchguard:firebox_m390:*:*:*:*:*:*:*:*,,,,,,,,
CPE:cpe:2.3:h:watchguard:firebox_m395:-:*:*:*:*:*:*:*,CPE,cpe:2.3:h:watchguard:firebox_m395:-:*:*:*:*:*:*:*,,,,,,,,
CPE:cpe:2.3:h:watchguard:firebox_m440:*:*:*:*:*:*:*:*,CPE,cpe:2.3:h:watchguard:firebox_m440:*:*:*:*:*:*:*:*,,,,,,,,
CPE:cpe:2.3:h:watchguard:firebox_m4600:*:*:*:*:*:*:*:*,CPE,cpe:2.3:h:watchguard:firebox_m4600:*:*:*:*:*:*:*:*,,,,,,,,
CPE:cpe:2.3:h:watchguard:firebox_m470:*:*:*:*:*:*:*:*,CPE,cpe:2.3:h:watchguard:firebox_m470:*:*:*:*:*:*:*:*,,,,,,,,
CPE:cpe:2.3:h:watchguard:firebox_m4800:*:*:*:*:*:*:*:*,CPE,cpe:2.3:h:watchguard:firebox_m4800:*:*:*:*:*:*:*:*,,,,,,,,
CPE:cpe:2.3:h:watchguard:firebox_m495:-:*:*:*:*:*:*:*,CPE,cpe:2.3:h:watchguard:firebox_m495:-:*:*:*:*:*:*:*,,,,,,,,
CPE:cpe:2.3:h:watchguard:firebox_m5600:*:*:*:*:*:*:*:*,CPE,cpe:2.3:h:watchguard:firebox_m5600:*:*:*:*:*:*:*:*,,,,,,,,
CPE:cpe:2.3:h:watchguard:firebox_m570:*:*:*:*:*:*:*:*,CPE,cpe:2.3:h:watchguard:firebox_m570:*:*:*:*:*:*:*:*,,,,,,,,
CPE:cpe:2.3:h:watchguard:firebox_m5800:*:*:*:*:*:*:*:*,CPE,cpe:2.3:h:watchguard:firebox_m5800:*:*:*:*:*:*:*:*,,,,,,,,
CPE:cpe:2.3:h:watchguard:firebox_m590:*:*:*:*:*:*:*:*,CPE,cpe:2.3:h:watchguard:firebox_m590:*:*:*:*:*:*:*:*,,,,,,,,
CPE:cpe:2.3:h:watchguard:firebox_m595:-:*:*:*:*:*:*:*,CPE,cpe:2.3:h:watchguard:firebox_m595:-:*:*:*:*:*:*:*,,,,,,,,
CPE:cpe:2.3:h:watchguard:firebox_m670:*:*:*:*:*:*:*:*,CPE,cpe:2.3:h:watchguard:firebox_m670:*:*:*:*:*:*:*:*,,,,,,,,
CPE:cpe:2.3:h:watchguard:firebox_m690:*:*:*:*:*:*:*:*,CPE,cpe:2.3:h:watchguard:firebox_m690:*:*:*:*:*:*:*:*,,,,,,,,
CPE:cpe:2.3:h:watchguard:firebox_m695:-:*:*:*:*:*:*:*,CPE,cpe:2.3:h:watchguard:firebox_m695:-:*:*:*:*:*:*:*,,,,,,,,
CPE:cpe:2.3:h:watchguard:firebox_nv5:*:*:*:*:*:*:*:*,CPE,cpe:2.3:h:watchguard:firebox_nv5:*:*:*:*:*:*:*:*,,,,,,,,
CPE:cpe:2.3:h:watchguard:firebox_t115-w:*:*:*:*:*:*:*:*,CPE,cpe:2.3:h:watchguard:firebox_t115-w:*:*:*:*:*:*:*:*,,,,,,,,
CPE:cpe:2.3:h:watchguard:firebox_t125-w:*:*:*:*:*:*:*:*,CPE,cpe:2.3:h:watchguard:firebox_t125-w:*:*:*:*:*:*:*:*,,,,,,,,
CPE:cpe:2.3:h:watchguard:firebox_t125:*:*:*:*:*:*:*:*,CPE,cpe:2.3:h:watchguard:firebox_t125:*:*:*:*:*:*:*:*,,,,,,,,
CPE:cpe:2.3:h:watchguard:firebox_t145-w:*:*:*:*:*:*:*:*,CPE,cpe:2.3:h:watchguard:firebox_t145-w:*:*:*:*:*:*:*:*,,,,,,,,
CPE:cpe:2.3:h:watchguard:firebox_t145:*:*:*:*:*:*:*:*,CPE,cpe:2.3:h:watchguard:firebox_t145:*:*:*:*:*:*:*:*,,,,,,,,
CPE:cpe:2.3:h:watchguard:firebox_t15:*:*:*:*:*:*:*:*,CPE,cpe:2.3:h:watchguard:firebox_t15:*:*:*:*:*:*:*:*,,,,,,,,
CPE:cpe:2.3:h:watchguard:firebox_t185:*:*:*:*:*:*:*:*,CPE,cpe:2.3:h:watchguard:firebox_t185:*:*:*:*:*:*:*:*,,,,,,,,
CPE:cpe:2.3:h:watchguard:firebox_t20:*:*:*:*:*:*:*:*,CPE,cpe:2.3:h:watchguard:firebox_t20:*:*:*:*:*:*:*:*,,,,,,,,
CPE:cpe:2.3:h:watchguard:firebox_t25:*:*:*:*:*:*:*:*,CPE,cpe:2.3:h:watchguard:firebox_t25:*:*:*:*:*:*:*:*,,,,,,,,
CPE:cpe:2.3:h:watchguard:firebox_t35:*:*:*:*:*:*:*:*,CPE,cpe:2.3:h:watchguard:firebox_t35:*:*:*:*:*:*:*:*,,,,,,,,
CPE:cpe:2.3:h:watchguard:firebox_t40:*:*:*:*:*:*:*:*,CPE,cpe:2.3:h:watchguard:firebox_t40:*:*:*:*:*:*:*:*,,,,,,,,
CPE:cpe:2.3:h:watchguard:firebox_t45:*:*:*:*:*:*:*:*,CPE,cpe:2.3:h:watchguard:firebox_t45:*:*:*:*:*:*:*:*,,,,,,,,
CPE:cpe:2.3:h:watchguard:firebox_t55:*:*:*:*:*:*:*:*,CPE,cpe:2.3:h:watchguard:firebox_t55:*:*:*:*:*:*:*:*,,,,,,,,
CPE:cpe:2.3:h:watchguard:firebox_t70:*:*:*:*:*:*:*:*,CPE,cpe:2.3:h:watchguard:firebox_t70:*:*:*:*:*:*:*:*,,,,,,,,
CPE:cpe:2.3:h:watchguard:firebox_t80:*:*:*:*:*:*:*:*,CPE,cpe:2.3:h:watchguard:firebox_t80:*:*:*:*:*:*:*:*,,,,,,,,
CPE:cpe:2.3:h:watchguard:firebox_t85:*:*:*:*:*:*:*:*,CPE,cpe:2.3:h:watchguard:firebox_t85:*:*:*:*:*:*:*:*,,,,,,,,
CPE:cpe:2.3:h:watchguard:fireboxcloud:*:*:*:*:*:*:*:*,CPE,cpe:2.3:h:watchguard:fireboxcloud:*:*:*:*:*:*:*:*,,,,,,,,
CPE:cpe:2.3:h:watchguard:fireboxv:*:*:*:*:*:*:*:*,CPE,cpe:2.3:h:watchguard:fireboxv:*:*:*:*:*:*:*:*,,,,,,,,
CPE:cpe:2.3:o:watchguard:fireware:*:*:*:*:*:*:*:*,CPE,cpe:2.3:o:watchguard:fireware:*:*:*:*:*:*:*:*,,,,,,,,
CPE:cpe:2.3:o:watchguard:fireware:2025.1:*:*:*:*:*:*:*,CPE,cpe:2.3:o:watchguard:fireware:2025.1:*:*:*:*:*:*:*,,,,,,,,
REF:CVE-2025-9242:0,Reference,https://github.com/watchtowrlabs/watchTowr-vs-WatchGuard-CVE-2025-9242/blob/main/watchTowr-vs-WatchGuard-CVE-2025-9242.py,,,,,,,,https://github.com/watchtowrlabs/watchTowr-vs-WatchGuard-CVE-2025-9242/blob/main/watchTowr-vs-WatchGuard-CVE-2025-9242.py
REF:CVE-2025-9242:1,Reference,https://psirt.watchguard.com/CVE-2025-9242,,,,,,,,https://psirt.watchguard.com/CVE-2025-9242
REF:CVE-2025-9242:2,Reference,https://www.cisa.gov/known-exploited-vulnerabilities-catalog?field_cve=CVE-2025-9242,,,,,,,,https://www.cisa.gov/known-exploited-vulnerabilities-catalog?field_cve=CVE-2025-9242
REF:CVE-2025-9242:3,Reference,https://www.watchguard.com/wgrd-psirt/advisory/wgsa-2025-00015,,,,,,,,https://www.watchguard.com/wgrd-psirt/advisory/wgsa-2025-00015
CVE:CVE-2026-48907,CVE,CVE-2026-48907,121203,0.818000,CRITICAL,CRITICAL,True,2026-06-05T08:16:30.797000Z,2026-06-16,
CWE:CWE-284,CWE,CWE-284,,,,,,,,
CPE:cpe:2.3:a:widgetfactorylimited:jce:*:*:*:*:*:joomla\!:*:*,CPE,cpe:2.3:a:widgetfactorylimited:jce:*:*:*:*:*:joomla\!:*:*,,,,,,,,
REF:CVE-2026-48907:0,Reference,https://www.cisa.gov/known-exploited-vulnerabilities-catalog?field_cve=CVE-2026-48907,,,,,,,,https://www.cisa.gov/known-exploited-vulnerabilities-catalog?field_cve=CVE-2026-48907
REF:CVE-2026-48907:1,Reference,https://www.joomlacontenteditor.net/,,,,,,,,https://www.joomlacontenteditor.net/
REF:CVE-2026-48907:2,Reference,https://www.joomlacontenteditor.net/news/jce-security-update-and-a-free-patch-for-older-sites,,,,,,,,https://www.joomlacontenteditor.net/news/jce-security-update-and-a-free-patch-for-older-sites
CVE:CVE-2024-4879,CVE,CVE-2024-4879,21975,0.814000,CRITICAL,CRITICAL,True,2024-07-10T17:15:12.117000Z,2024-07-29,
CWE:CWE-1287,CWE,CWE-1287,,,,,,,,
CPE:cpe:2.3:a:servicenow:servicenow:utah:-:*:*:*:*:*:*,CPE,cpe:2.3:a:servicenow:servicenow:utah:-:*:*:*:*:*:*,,,,,,,,
CPE:cpe:2.3:a:servicenow:servicenow:utah:early_availability:*:*:*:*:*:*,CPE,cpe:2.3:a:servicenow:servicenow:utah:early_availability:*:*:*:*:*:*,,,,,,,,
CPE:cpe:2.3:a:servicenow:servicenow:utah:patch_10:*:*:*:*:*:*,CPE,cpe:2.3:a:servicenow:servicenow:utah:patch_10:*:*:*:*:*:*,,,,,,,,
CPE:cpe:2.3:a:servicenow:servicenow:utah:patch_10_hotfix_1:*:*:*:*:*:*,CPE,cpe:2.3:a:servicenow:servicenow:utah:patch_10_hotfix_1:*:*:*:*:*:*,,,,,,,,
CPE:cpe:2.3:a:servicenow:servicenow:utah:patch_10_hotfix_2:*:*:*:*:*:*,CPE,cpe:2.3:a:servicenow:servicenow:utah:patch_10_hotfix_2:*:*:*:*:*:*,,,,,,,,
CPE:cpe:2.3:a:servicenow:servicenow:utah:patch_10a:*:*:*:*:*:*,CPE,cpe:2.3:a:servicenow:servicenow:utah:patch_10a:*:*:*:*:*:*,,,,,,,,
CPE:cpe:2.3:a:servicenow:servicenow:utah:patch_10a_hotfix_1:*:*:*:*:*:*,CPE,cpe:2.3:a:servicenow:servicenow:utah:patch_10a_hotfix_1:*:*:*:*:*:*,,,,,,,,
CPE:cpe:2.3:a:servicenow:servicenow:utah:patch_1:*:*:*:*:*:*,CPE,cpe:2.3:a:servicenow:servicenow:utah:patch_1:*:*:*:*:*:*,,,,,,,,
CPE:cpe:2.3:a:servicenow:servicenow:utah:patch_1_hotfix_1:*:*:*:*:*:*,CPE,cpe:2.3:a:servicenow:servicenow:utah:patch_1_hotfix_1:*:*:*:*:*:*,,,,,,,,
CPE:cpe:2.3:a:servicenow:servicenow:utah:patch_1_hotfix_1a:*:*:*:*:*:*,CPE,cpe:2.3:a:servicenow:servicenow:utah:patch_1_hotfix_1a:*:*:*:*:*:*,,,,,,,,
CPE:cpe:2.3:a:servicenow:servicenow:utah:patch_1_hotfix_1b:*:*:*:*:*:*,CPE,cpe:2.3:a:servicenow:servicenow:utah:patch_1_hotfix_1b:*:*:*:*:*:*,,,,,,,,
CPE:cpe:2.3:a:servicenow:servicenow:utah:patch_1_hotfix_2:*:*:*:*:*:*,CPE,cpe:2.3:a:servicenow:servicenow:utah:patch_1_hotfix_2:*:*:*:*:*:*,,,,,,,,
CPE:cpe:2.3:a:servicenow:servicenow:utah:patch_2:*:*:*:*:*:*,CPE,cpe:2.3:a:servicenow:servicenow:utah:patch_2:*:*:*:*:*:*,,,,,,,,
CPE:cpe:2.3:a:servicenow:servicenow:utah:patch_2_hotfix_1:*:*:*:*:*:*,CPE,cpe:2.3:a:servicenow:servicenow:utah:patch_2_hotfix_1:*:*:*:*:*:*,,,,,,,,
CPE:cpe:2.3:a:servicenow:servicenow:utah:patch_2_hotfix_2:*:*:*:*:*:*,CPE,cpe:2.3:a:servicenow:servicenow:utah:patch_2_hotfix_2:*:*:*:*:*:*,,,,,,,,
CPE:cpe:2.3:a:servicenow:servicenow:utah:patch_2_hotfix_3:*:*:*:*:*:*,CPE,cpe:2.3:a:servicenow:servicenow:utah:patch_2_hotfix_3:*:*:*:*:*:*,,,,,,,,
CPE:cpe:2.3:a:servicenow:servicenow:utah:patch_2_hotfix_4:*:*:*:*:*:*,CPE,cpe:2.3:a:servicenow:servicenow:utah:patch_2_hotfix_4:*:*:*:*:*:*,,,,,,,,
CPE:cpe:2.3:a:servicenow:servicenow:utah:patch_3:*:*:*:*:*:*,CPE,cpe:2.3:a:servicenow:servicenow:utah:patch_3:*:*:*:*:*:*,,,,,,,,
CPE:cpe:2.3:a:servicenow:servicenow:utah:patch_3_hotfix_1:*:*:*:*:*:*,CPE,cpe:2.3:a:servicenow:servicenow:utah:patch_3_hotfix_1:*:*:*:*:*:*,,,,,,,,
CPE:cpe:2.3:a:servicenow:servicenow:utah:patch_3_hotfix_1b:*:*:*:*:*:*,CPE,cpe:2.3:a:servicenow:servicenow:utah:patch_3_hotfix_1b:*:*:*:*:*:*,,,,,,,,
CPE:cpe:2.3:a:servicenow:servicenow:utah:patch_4:*:*:*:*:*:*,CPE,cpe:2.3:a:servicenow:servicenow:utah:patch_4:*:*:*:*:*:*,,,,,,,,
CPE:cpe:2.3:a:servicenow:servicenow:utah:patch_4_hotfix_1:*:*:*:*:*:*,CPE,cpe:2.3:a:servicenow:servicenow:utah:patch_4_hotfix_1:*:*:*:*:*:*,,,,,,,,
CPE:cpe:2.3:a:servicenow:servicenow:utah:patch_4_hotfix_2:*:*:*:*:*:*,CPE,cpe:2.3:a:servicenow:servicenow:utah:patch_4_hotfix_2:*:*:*:*:*:*,,,,,,,,
CPE:cpe:2.3:a:servicenow:servicenow:utah:patch_4_hotfix_2a:*:*:*:*:*:*,CPE,cpe:2.3:a:servicenow:servicenow:utah:patch_4_hotfix_2a:*:*:*:*:*:*,,,,,,,,
CPE:cpe:2.3:a:servicenow:servicenow:utah:patch_4_hotfix_2b:*:*:*:*:*:*,CPE,cpe:2.3:a:servicenow:servicenow:utah:patch_4_hotfix_2b:*:*:*:*:*:*,,,,,,,,
CPE:cpe:2.3:a:servicenow:servicenow:utah:patch_4_hotfix_3:*:*:*:*:*:*,CPE,cpe:2.3:a:servicenow:servicenow:utah:patch_4_hotfix_3:*:*:*:*:*:*,,,,,,,,
CPE:cpe:2.3:a:servicenow:servicenow:utah:patch_4_hotfix_3b:*:*:*:*:*:*,CPE,cpe:2.3:a:servicenow:servicenow:utah:patch_4_hotfix_3b:*:*:*:*:*:*,,,,,,,,
CPE:cpe:2.3:a:servicenow:servicenow:utah:patch_4_hotfix_4:*:*:*:*:*:*,CPE,cpe:2.3:a:servicenow:servicenow:utah:patch_4_hotfix_4:*:*:*:*:*:*,,,,,,,,
CPE:cpe:2.3:a:servicenow:servicenow:utah:patch_4_hotfix_4b:*:*:*:*:*:*,CPE,cpe:2.3:a:servicenow:servicenow:utah:patch_4_hotfix_4b:*:*:*:*:*:*,,,,,,,,
CPE:cpe:2.3:a:servicenow:servicenow:utah:patch_4_hotfix_5:*:*:*:*:*:*,CPE,cpe:2.3:a:servicenow:servicenow:utah:patch_4_hotfix_5:*:*:*:*:*:*,,,,,,,,
CPE:cpe:2.3:a:servicenow:servicenow:utah:patch_5:*:*:*:*:*:*,CPE,cpe:2.3:a:servicenow:servicenow:utah:patch_5:*:*:*:*:*:*,,,,,,,,
CPE:cpe:2.3:a:servicenow:servicenow:utah:patch_5_hotfix_1:*:*:*:*:*:*,CPE,cpe:2.3:a:servicenow:servicenow:utah:patch_5_hotfix_1:*:*:*:*:*:*,,,,,,,,
CPE:cpe:2.3:a:servicenow:servicenow:utah:patch_6:*:*:*:*:*:*,CPE,cpe:2.3:a:servicenow:servicenow:utah:patch_6:*:*:*:*:*:*,,,,,,,,
CPE:cpe:2.3:a:servicenow:servicenow:utah:patch_6_hotfix_1:*:*:*:*:*:*,CPE,cpe:2.3:a:servicenow:servicenow:utah:patch_6_hotfix_1:*:*:*:*:*:*,,,,,,,,
CPE:cpe:2.3:a:servicenow:servicenow:utah:patch_6_hotfix_2:*:*:*:*:*:*,CPE,cpe:2.3:a:servicenow:servicenow:utah:patch_6_hotfix_2:*:*:*:*:*:*,,,,,,,,
CPE:cpe:2.3:a:servicenow:servicenow:utah:patch_7:*:*:*:*:*:*,CPE,cpe:2.3:a:servicenow:servicenow:utah:patch_7:*:*:*:*:*:*,,,,,,,,
CPE:cpe:2.3:a:servicenow:servicenow:utah:patch_7_hotfix_1:*:*:*:*:*:*,CPE,cpe:2.3:a:servicenow:servicenow:utah:patch_7_hotfix_1:*:*:*:*:*:*,,,,,,,,
CPE:cpe:2.3:a:servicenow:servicenow:utah:patch_7_hotfix_2:*:*:*:*:*:*,CPE,cpe:2.3:a:servicenow:servicenow:utah:patch_7_hotfix_2:*:*:*:*:*:*,,,,,,,,
CPE:cpe:2.3:a:servicenow:servicenow:utah:patch_7a:*:*:*:*:*:*,CPE,cpe:2.3:a:servicenow:servicenow:utah:patch_7a:*:*:*:*:*:*,,,,,,,,
CPE:cpe:2.3:a:servicenow:servicenow:utah:patch_7b:*:*:*:*:*:*,CPE,cpe:2.3:a:servicenow:servicenow:utah:patch_7b:*:*:*:*:*:*,,,,,,,,
CPE:cpe:2.3:a:servicenow:servicenow:utah:patch_8:*:*:*:*:*:*,CPE,cpe:2.3:a:servicenow:servicenow:utah:patch_8:*:*:*:*:*:*,,,,,,,,
CPE:cpe:2.3:a:servicenow:servicenow:utah:patch_8_hotfix_2:*:*:*:*:*:*,CPE,cpe:2.3:a:servicenow:servicenow:utah:patch_8_hotfix_2:*:*:*:*:*:*,,,,,,,,
CPE:cpe:2.3:a:servicenow:servicenow:utah:patch_9:*:*:*:*:*:*,CPE,cpe:2.3:a:servicenow:servicenow:utah:patch_9:*:*:*:*:*:*,,,,,,,,
CPE:cpe:2.3:a:servicenow:servicenow:utah:patch_9_hotfix_1:*:*:*:*:*:*,CPE,cpe:2.3:a:servicenow:servicenow:utah:patch_9_hotfix_1:*:*:*:*:*:*,,,,,,,,
CPE:cpe:2.3:a:servicenow:servicenow:utah:patch_9_hotfix_1a:*:*:*:*:*:*,CPE,cpe:2.3:a:servicenow:servicenow:utah:patch_9_hotfix_1a:*:*:*:*:*:*,,,,,,,,
CPE:cpe:2.3:a:servicenow:servicenow:utah:patch_9_hotfix_1b:*:*:*:*:*:*,CPE,cpe:2.3:a:servicenow:servicenow:utah:patch_9_hotfix_1b:*:*:*:*:*:*,,,,,,,,
CPE:cpe:2.3:a:servicenow:servicenow:vancouver:-:*:*:*:*:*:*,CPE,cpe:2.3:a:servicenow:servicenow:vancouver:-:*:*:*:*:*:*,,,,,,,,
CPE:cpe:2.3:a:servicenow:servicenow:vancouver:patch_10:*:*:*:*:*:*,CPE,cpe:2.3:a:servicenow:servicenow:vancouver:patch_10:*:*:*:*:*:*,,,,,,,,
CPE:cpe:2.3:a:servicenow:servicenow:vancouver:patch_1:*:*:*:*:*:*,CPE,cpe:2.3:a:servicenow:servicenow:vancouver:patch_1:*:*:*:*:*:*,,,,,,,,
CPE:cpe:2.3:a:servicenow:servicenow:vancouver:patch_1_hotfix_1:*:*:*:*:*:*,CPE,cpe:2.3:a:servicenow:servicenow:vancouver:patch_1_hotfix_1:*:*:*:*:*:*,,,,,,,,
CPE:cpe:2.3:a:servicenow:servicenow:vancouver:patch_2:*:*:*:*:*:*,CPE,cpe:2.3:a:servicenow:servicenow:vancouver:patch_2:*:*:*:*:*:*,,,,,,,,
CPE:cpe:2.3:a:servicenow:servicenow:vancouver:patch_2_hotfix1a:*:*:*:*:*:*,CPE,cpe:2.3:a:servicenow:servicenow:vancouver:patch_2_hotfix1a:*:*:*:*:*:*,,,,,,,,
CPE:cpe:2.3:a:servicenow:servicenow:vancouver:patch_2_hotfix_1:*:*:*:*:*:*,CPE,cpe:2.3:a:servicenow:servicenow:vancouver:patch_2_hotfix_1:*:*:*:*:*:*,,,,,,,,
CPE:cpe:2.3:a:servicenow:servicenow:vancouver:patch_2_hotfix_1a:*:*:*:*:*:*,CPE,cpe:2.3:a:servicenow:servicenow:vancouver:patch_2_hotfix_1a:*:*:*:*:*:*,,,,,,,,
CPE:cpe:2.3:a:servicenow:servicenow:vancouver:patch_2_hotfix_2:*:*:*:*:*:*,CPE,cpe:2.3:a:servicenow:servicenow:vancouver:patch_2_hotfix_2:*:*:*:*:*:*,,,,,,,,
CPE:cpe:2.3:a:servicenow:servicenow:vancouver:patch_2_hotfix_3:*:*:*:*:*:*,CPE,cpe:2.3:a:servicenow:servicenow:vancouver:patch_2_hotfix_3:*:*:*:*:*:*,,,,,,,,
CPE:cpe:2.3:a:servicenow:servicenow:vancouver:patch_3:*:*:*:*:*:*,CPE,cpe:2.3:a:servicenow:servicenow:vancouver:patch_3:*:*:*:*:*:*,,,,,,,,
CPE:cpe:2.3:a:servicenow:servicenow:vancouver:patch_3_hotfix_1:*:*:*:*:*:*,CPE,cpe:2.3:a:servicenow:servicenow:vancouver:patch_3_hotfix_1:*:*:*:*:*:*,,,,,,,,
CPE:cpe:2.3:a:servicenow:servicenow:vancouver:patch_3_hotfix_2:*:*:*:*:*:*,CPE,cpe:2.3:a:servicenow:servicenow:vancouver:patch_3_hotfix_2:*:*:*:*:*:*,,,,,,,,
CPE:cpe:2.3:a:servicenow:servicenow:vancouver:patch_3_hotfix_3:*:*:*:*:*:*,CPE,cpe:2.3:a:servicenow:servicenow:vancouver:patch_3_hotfix_3:*:*:*:*:*:*,,,,,,,,
CPE:cpe:2.3:a:servicenow:servicenow:vancouver:patch_3_hotfix_4:*:*:*:*:*:*,CPE,cpe:2.3:a:servicenow:servicenow:vancouver:patch_3_hotfix_4:*:*:*:*:*:*,,,,,,,,
CPE:cpe:2.3:a:servicenow:servicenow:vancouver:patch_4:*:*:*:*:*:*,CPE,cpe:2.3:a:servicenow:servicenow:vancouver:patch_4:*:*:*:*:*:*,,,,,,,,
CPE:cpe:2.3:a:servicenow:servicenow:vancouver:patch_4_hotfix_1:*:*:*:*:*:*,CPE,cpe:2.3:a:servicenow:servicenow:vancouver:patch_4_hotfix_1:*:*:*:*:*:*,,,,,,,,
CPE:cpe:2.3:a:servicenow:servicenow:vancouver:patch_4_hotfix_1a:*:*:*:*:*:*,CPE,cpe:2.3:a:servicenow:servicenow:vancouver:patch_4_hotfix_1a:*:*:*:*:*:*,,,,,,,,
CPE:cpe:2.3:a:servicenow:servicenow:vancouver:patch_4_hotfix_1b:*:*:*:*:*:*,CPE,cpe:2.3:a:servicenow:servicenow:vancouver:patch_4_hotfix_1b:*:*:*:*:*:*,,,,,,,,
CPE:cpe:2.3:a:servicenow:servicenow:vancouver:patch_4_hotfix_2b:*:*:*:*:*:*,CPE,cpe:2.3:a:servicenow:servicenow:vancouver:patch_4_hotfix_2b:*:*:*:*:*:*,,,,,,,,
CPE:cpe:2.3:a:servicenow:servicenow:vancouver:patch_5:*:*:*:*:*:*,CPE,cpe:2.3:a:servicenow:servicenow:vancouver:patch_5:*:*:*:*:*:*,,,,,,,,
CPE:cpe:2.3:a:servicenow:servicenow:vancouver:patch_5_hotfix_1:*:*:*:*:*:*,CPE,cpe:2.3:a:servicenow:servicenow:vancouver:patch_5_hotfix_1:*:*:*:*:*:*,,,,,,,,
CPE:cpe:2.3:a:servicenow:servicenow:vancouver:patch_6:*:*:*:*:*:*,CPE,cpe:2.3:a:servicenow:servicenow:vancouver:patch_6:*:*:*:*:*:*,,,,,,,,
CPE:cpe:2.3:a:servicenow:servicenow:vancouver:patch_6_hotfix_1:*:*:*:*:*:*,CPE,cpe:2.3:a:servicenow:servicenow:vancouver:patch_6_hotfix_1:*:*:*:*:*:*,,,,,,,,
CPE:cpe:2.3:a:servicenow:servicenow:vancouver:patch_7:*:*:*:*:*:*,CPE,cpe:2.3:a:servicenow:servicenow:vancouver:patch_7:*:*:*:*:*:*,,,,,,,,
CPE:cpe:2.3:a:servicenow:servicenow:vancouver:patch_7_hotfix_1:*:*:*:*:*:*,CPE,cpe:2.3:a:servicenow:servicenow:vancouver:patch_7_hotfix_1:*:*:*:*:*:*,,,,,,,,
CPE:cpe:2.3:a:servicenow:servicenow:vancouver:patch_7_hotfix_1a:*:*:*:*:*:*,CPE,cpe:2.3:a:servicenow:servicenow:vancouver:patch_7_hotfix_1a:*:*:*:*:*:*,,,,,,,,
CPE:cpe:2.3:a:servicenow:servicenow:vancouver:patch_7_hotfix_2:*:*:*:*:*:*,CPE,cpe:2.3:a:servicenow:servicenow:vancouver:patch_7_hotfix_2:*:*:*:*:*:*,,,,,,,,
CPE:cpe:2.3:a:servicenow:servicenow:vancouver:patch_7_hotfix_2a:*:*:*:*:*:*,CPE,cpe:2.3:a:servicenow:servicenow:vancouver:patch_7_hotfix_2a:*:*:*:*:*:*,,,,,,,,
CPE:cpe:2.3:a:servicenow:servicenow:vancouver:patch_7_hotfix_2b:*:*:*:*:*:*,CPE,cpe:2.3:a:servicenow:servicenow:vancouver:patch_7_hotfix_2b:*:*:*:*:*:*,,,,,,,,
CPE:cpe:2.3:a:servicenow:servicenow:vancouver:patch_7_hotfix_3a:*:*:*:*:*:*,CPE,cpe:2.3:a:servicenow:servicenow:vancouver:patch_7_hotfix_3a:*:*:*:*:*:*,,,,,,,,
CPE:cpe:2.3:a:servicenow:servicenow:vancouver:patch_8:*:*:*:*:*:*,CPE,cpe:2.3:a:servicenow:servicenow:vancouver:patch_8:*:*:*:*:*:*,,,,,,,,
CPE:cpe:2.3:a:servicenow:servicenow:vancouver:patch_8_hotfix_1:*:*:*:*:*:*,CPE,cpe:2.3:a:servicenow:servicenow:vancouver:patch_8_hotfix_1:*:*:*:*:*:*,,,,,,,,
CPE:cpe:2.3:a:servicenow:servicenow:vancouver:patch_8_hotfix_2:*:*:*:*:*:*,CPE,cpe:2.3:a:servicenow:servicenow:vancouver:patch_8_hotfix_2:*:*:*:*:*:*,,,,,,,,
CPE:cpe:2.3:a:servicenow:servicenow:vancouver:patch_8_hotfix_3:*:*:*:*:*:*,CPE,cpe:2.3:a:servicenow:servicenow:vancouver:patch_8_hotfix_3:*:*:*:*:*:*,,,,,,,,
CPE:cpe:2.3:a:servicenow:servicenow:vancouver:patch_9:*:*:*:*:*:*,CPE,cpe:2.3:a:servicenow:servicenow:vancouver:patch_9:*:*:*:*:*:*,,,,,,,,
CPE:cpe:2.3:a:servicenow:servicenow:washington_dc:-:*:*:*:*:*:*,CPE,cpe:2.3:a:servicenow:servicenow:washington_dc:-:*:*:*:*:*:*,,,,,,,,
CPE:cpe:2.3:a:servicenow:servicenow:washington_dc:patch_1:*:*:*:*:*:*,CPE,cpe:2.3:a:servicenow:servicenow:washington_dc:patch_1:*:*:*:*:*:*,,,,,,,,
CPE:cpe:2.3:a:servicenow:servicenow:washington_dc:patch_1_hotfix_1:*:*:*:*:*:*,CPE,cpe:2.3:a:servicenow:servicenow:washington_dc:patch_1_hotfix_1:*:*:*:*:*:*,,,,,,,,
CPE:cpe:2.3:a:servicenow:servicenow:washington_dc:patch_1_hotfix_2:*:*:*:*:*:*,CPE,cpe:2.3:a:servicenow:servicenow:washington_dc:patch_1_hotfix_2:*:*:*:*:*:*,,,,,,,,
CPE:cpe:2.3:a:servicenow:servicenow:washington_dc:patch_1_hotfix_2a:*:*:*:*:*:*,CPE,cpe:2.3:a:servicenow:servicenow:washington_dc:patch_1_hotfix_2a:*:*:*:*:*:*,,,,,,,,
CPE:cpe:2.3:a:servicenow:servicenow:washington_dc:patch_2:*:*:*:*:*:*,CPE,cpe:2.3:a:servicenow:servicenow:washington_dc:patch_2:*:*:*:*:*:*,,,,,,,,
CPE:cpe:2.3:a:servicenow:servicenow:washington_dc:patch_2_hotfix_1:*:*:*:*:*:*,CPE,cpe:2.3:a:servicenow:servicenow:washington_dc:patch_2_hotfix_1:*:*:*:*:*:*,,,,,,,,
CPE:cpe:2.3:a:servicenow:servicenow:washington_dc:patch_3:*:*:*:*:*:*,CPE,cpe:2.3:a:servicenow:servicenow:washington_dc:patch_3:*:*:*:*:*:*,,,,,,,,
REF:CVE-2024-4879:0,Reference,https://support.servicenow.com/kb?id=kb_article_view&sysparm_article=KB1644293,,,,,,,,https://support.servicenow.com/kb?id=kb_article_view&sysparm_article=KB1644293
REF:CVE-2024-4879:1,Reference,https://support.servicenow.com/kb?id=kb_article_view&sysparm_article=KB1645154,,,,,,,,https://support.servicenow.com/kb?id=kb_article_view&sysparm_article=KB1645154
REF:CVE-2024-4879:2,Reference,https://www.cisa.gov/known-exploited-vulnerabilities-catalog?field_cve=CVE-2024-4879,,,,,,,,https://www.cisa.gov/known-exploited-vulnerabilities-catalog?field_cve=CVE-2024-4879
REF:CVE-2024-4879:3,Reference,https://www.darkreading.com/cloud-security/patchnow-servicenow-critical-rce-bugs-active-exploit,,,,,,,,https://www.darkreading.com/cloud-security/patchnow-servicenow-critical-rce-bugs-active-exploit
CVE:CVE-2026-48939,CVE,CVE-2026-48939,124921,0.814000,CRITICAL,CRITICAL,True,2026-06-20T13:16:42.433000Z,2026-07-10,
CWE:CWE-434,CWE,CWE-434,,,,,,,,
CPE:cpe:2.3:a:joomlic:icagenda:*:*:*:*:-:joomla\!:*:*,CPE,cpe:2.3:a:joomlic:icagenda:*:*:*:*:-:joomla\!:*:*,,,,,,,,
REF:CVE-2026-48939:0,Reference,https://github.com/Polosss/By-Poloss..-..CVE-2026-48939,,,,,,,,https://github.com/Polosss/By-Poloss..-..CVE-2026-48939
REF:CVE-2026-48939:1,Reference,https://mysites.guru/blog/icagenda-zero-day-file-upload-rce/,,,,,,,,https://mysites.guru/blog/icagenda-zero-day-file-upload-rce/
REF:CVE-2026-48939:2,Reference,https://www.cisa.gov/known-exploited-vulnerabilities-catalog?field_cve=CVE-2026-48939,,,,,,,,https://www.cisa.gov/known-exploited-vulnerabilities-catalog?field_cve=CVE-2026-48939
REF:CVE-2026-48939:3,Reference,https://www.icagenda.com/,,,,,,,,https://www.icagenda.com/
REF:CVE-2026-48939:4,Reference,https://www.icagenda.com/docs/changelog/icagenda-3-9-15,,,,,,,,https://www.icagenda.com/docs/changelog/icagenda-3-9-15
REF:CVE-2026-48939:5,Reference,https://www.icagenda.com/docs/changelog/icagenda-4-0-8,,,,,,,,https://www.icagenda.com/docs/changelog/icagenda-4-0-8
CVE:CVE-2026-48908,CVE,CVE-2026-48908,124919,0.798000,CRITICAL,CRITICAL,True,2026-06-20T13:16:42.080000Z,2026-07-07,
CPE:cpe:2.3:a:ollyo:sp_page_builder:*:*:*:*:-:joomla\!:*:*,CPE,cpe:2.3:a:ollyo:sp_page_builder:*:*:*:*:-:joomla\!:*:*,,,,,,,,
REF:CVE-2026-48908:0,Reference,https://extensions.joomla.org/extension/sp-page-builder/,,,,,,,,https://extensions.joomla.org/extension/sp-page-builder/
REF:CVE-2026-48908:1,Reference,https://mysites.guru/blog/sp-page-builder-zero-day-uploadcustomicon-rce/,,,,,,,,https://mysites.guru/blog/sp-page-builder-zero-day-uploadcustomicon-rce/
REF:CVE-2026-48908:2,Reference,https://www.cisa.gov/known-exploited-vulnerabilities-catalog?field_cve=CVE-2026-48908,,,,,,,,https://www.cisa.gov/known-exploited-vulnerabilities-catalog?field_cve=CVE-2026-48908
REF:CVE-2026-48908:3,Reference,https://www.joomshaper.com/forum/question/45152,,,,,,,,https://www.joomshaper.com/forum/question/45152
REF:CVE-2026-48908:4,Reference,https://www.joomshaper.com/page-builder,,,,,,,,https://www.joomshaper.com/page-builder
CVE:CVE-2026-16232,CVE,CVE-2026-16232,134824,0.754000,CRITICAL,CRITICAL,True,2026-07-22T14:17:15.513000Z,2026-07-22,
CWE:CWE-287,CWE,CWE-287,,,,,,,,
CPE:cpe:2.3:a:checkpoint:multi-domain_security_management:*:*:*:*:*:*:*:*,CPE,cpe:2.3:a:checkpoint:multi-domain_security_management:*:*:*:*:*:*:*:*,,,,,,,,
CPE:cpe:2.3:a:checkpoint:multi-domain_security_management:r81.20:-:*:*:*:*:*:*,CPE,cpe:2.3:a:checkpoint:multi-domain_security_management:r81.20:-:*:*:*:*:*:*,,,,,,,,
CPE:cpe:2.3:a:checkpoint:multi-domain_security_management:r81.20:take_101:*:*:*:*:*:*,CPE,cpe:2.3:a:checkpoint:multi-domain_security_management:r81.20:take_101:*:*:*:*:*:*,,,,,,,,
CPE:cpe:2.3:a:checkpoint:multi-domain_security_management:r81.20:take_103:*:*:*:*:*:*,CPE,cpe:2.3:a:checkpoint:multi-domain_security_management:r81.20:take_103:*:*:*:*:*:*,,,,,,,,
CPE:cpe:2.3:a:checkpoint:multi-domain_security_management:r81.20:take_105:*:*:*:*:*:*,CPE,cpe:2.3:a:checkpoint:multi-domain_security_management:r81.20:take_105:*:*:*:*:*:*,,,,,,,,
CPE:cpe:2.3:a:checkpoint:multi-domain_security_management:r81.20:take_10:*:*:*:*:*:*,CPE,cpe:2.3:a:checkpoint:multi-domain_security_management:r81.20:take_10:*:*:*:*:*:*,,,,,,,,
CPE:cpe:2.3:a:checkpoint:multi-domain_security_management:r81.20:take_111:*:*:*:*:*:*,CPE,cpe:2.3:a:checkpoint:multi-domain_security_management:r81.20:take_111:*:*:*:*:*:*,,,,,,,,
CPE:cpe:2.3:a:checkpoint:multi-domain_security_management:r81.20:take_113:*:*:*:*:*:*,CPE,cpe:2.3:a:checkpoint:multi-domain_security_management:r81.20:take_113:*:*:*:*:*:*,,,,,,,,
CPE:cpe:2.3:a:checkpoint:multi-domain_security_management:r81.20:take_115:*:*:*:*:*:*,CPE,cpe:2.3:a:checkpoint:multi-domain_security_management:r81.20:take_115:*:*:*:*:*:*,,,,,,,,
CPE:cpe:2.3:a:checkpoint:multi-domain_security_management:r81.20:take_118:*:*:*:*:*:*,CPE,cpe:2.3:a:checkpoint:multi-domain_security_management:r81.20:take_118:*:*:*:*:*:*,,,,,,,,
CPE:cpe:2.3:a:checkpoint:multi-domain_security_management:r81.20:take_119:*:*:*:*:*:*,CPE,cpe:2.3:a:checkpoint:multi-domain_security_management:r81.20:take_119:*:*:*:*:*:*,,,,,,,,
CPE:cpe:2.3:a:checkpoint:multi-domain_security_management:r81.20:take_120:*:*:*:*:*:*,CPE,cpe:2.3:a:checkpoint:multi-domain_security_management:r81.20:take_120:*:*:*:*:*:*,,,,,,,,
CPE:cpe:2.3:a:checkpoint:multi-domain_security_management:r81.20:take_122:*:*:*:*:*:*,CPE,cpe:2.3:a:checkpoint:multi-domain_security_management:r81.20:take_122:*:*:*:*:*:*,,,,,,,,
CPE:cpe:2.3:a:checkpoint:multi-domain_security_management:r81.20:take_126:*:*:*:*:*:*,CPE,cpe:2.3:a:checkpoint:multi-domain_security_management:r81.20:take_126:*:*:*:*:*:*,,,,,,,,
CPE:cpe:2.3:a:checkpoint:multi-domain_security_management:r81.20:take_127:*:*:*:*:*:*,CPE,cpe:2.3:a:checkpoint:multi-domain_security_management:r81.20:take_127:*:*:*:*:*:*,,,,,,,,
CPE:cpe:2.3:a:checkpoint:multi-domain_security_management:r81.20:take_141:*:*:*:*:*:*,CPE,cpe:2.3:a:checkpoint:multi-domain_security_management:r81.20:take_141:*:*:*:*:*:*,,,,,,,,
CPE:cpe:2.3:a:checkpoint:multi-domain_security_management:r81.20:take_146:*:*:*:*:*:*,CPE,cpe:2.3:a:checkpoint:multi-domain_security_management:r81.20:take_146:*:*:*:*:*:*,,,,,,,,
CPE:cpe:2.3:a:checkpoint:multi-domain_security_management:r81.20:take_14:*:*:*:*:*:*,CPE,cpe:2.3:a:checkpoint:multi-domain_security_management:r81.20:take_14:*:*:*:*:*:*,,,,,,,,
CPE:cpe:2.3:a:checkpoint:multi-domain_security_management:r81.20:take_24:*:*:*:*:*:*,CPE,cpe:2.3:a:checkpoint:multi-domain_security_management:r81.20:take_24:*:*:*:*:*:*,,,,,,,,
CPE:cpe:2.3:a:checkpoint:multi-domain_security_management:r81.20:take_26:*:*:*:*:*:*,CPE,cpe:2.3:a:checkpoint:multi-domain_security_management:r81.20:take_26:*:*:*:*:*:*,,,,,,,,
CPE:cpe:2.3:a:checkpoint:multi-domain_security_management:r81.20:take_38:*:*:*:*:*:*,CPE,cpe:2.3:a:checkpoint:multi-domain_security_management:r81.20:take_38:*:*:*:*:*:*,,,,,,,,
CPE:cpe:2.3:a:checkpoint:multi-domain_security_management:r81.20:take_41:*:*:*:*:*:*,CPE,cpe:2.3:a:checkpoint:multi-domain_security_management:r81.20:take_41:*:*:*:*:*:*,,,,,,,,
CPE:cpe:2.3:a:checkpoint:multi-domain_security_management:r81.20:take_43:*:*:*:*:*:*,CPE,cpe:2.3:a:checkpoint:multi-domain_security_management:r81.20:take_43:*:*:*:*:*:*,,,,,,,,
CPE:cpe:2.3:a:checkpoint:multi-domain_security_management:r81.20:take_45:*:*:*:*:*:*,CPE,cpe:2.3:a:checkpoint:multi-domain_security_management:r81.20:take_45:*:*:*:*:*:*,,,,,,,,
CPE:cpe:2.3:a:checkpoint:multi-domain_security_management:r81.20:take_53:*:*:*:*:*:*,CPE,cpe:2.3:a:checkpoint:multi-domain_security_management:r81.20:take_53:*:*:*:*:*:*,,,,,,,,
CPE:cpe:2.3:a:checkpoint:multi-domain_security_management:r81.20:take_54:*:*:*:*:*:*,CPE,cpe:2.3:a:checkpoint:multi-domain_security_management:r81.20:take_54:*:*:*:*:*:*,,,,,,,,
CPE:cpe:2.3:a:checkpoint:multi-domain_security_management:r81.20:take_65:*:*:*:*:*:*,CPE,cpe:2.3:a:checkpoint:multi-domain_security_management:r81.20:take_65:*:*:*:*:*:*,,,,,,,,
CPE:cpe:2.3:a:checkpoint:multi-domain_security_management:r81.20:take_70:*:*:*:*:*:*,CPE,cpe:2.3:a:checkpoint:multi-domain_security_management:r81.20:take_70:*:*:*:*:*:*,,,,,,,,
CPE:cpe:2.3:a:checkpoint:multi-domain_security_management:r81.20:take_76:*:*:*:*:*:*,CPE,cpe:2.3:a:checkpoint:multi-domain_security_management:r81.20:take_76:*:*:*:*:*:*,,,,,,,,
CPE:cpe:2.3:a:checkpoint:multi-domain_security_management:r81.20:take_79:*:*:*:*:*:*,CPE,cpe:2.3:a:checkpoint:multi-domain_security_management:r81.20:take_79:*:*:*:*:*:*,,,,,,,,
CPE:cpe:2.3:a:checkpoint:multi-domain_security_management:r81.20:take_84:*:*:*:*:*:*,CPE,cpe:2.3:a:checkpoint:multi-domain_security_management:r81.20:take_84:*:*:*:*:*:*,,,,,,,,
CPE:cpe:2.3:a:checkpoint:multi-domain_security_management:r81.20:take_89:*:*:*:*:*:*,CPE,cpe:2.3:a:checkpoint:multi-domain_security_management:r81.20:take_89:*:*:*:*:*:*,,,,,,,,
CPE:cpe:2.3:a:checkpoint:multi-domain_security_management:r81.20:take_8:*:*:*:*:*:*,CPE,cpe:2.3:a:checkpoint:multi-domain_security_management:r81.20:take_8:*:*:*:*:*:*,,,,,,,,
CPE:cpe:2.3:a:checkpoint:multi-domain_security_management:r81.20:take_90:*:*:*:*:*:*,CPE,cpe:2.3:a:checkpoint:multi-domain_security_management:r81.20:take_90:*:*:*:*:*:*,,,,,,,,
CPE:cpe:2.3:a:checkpoint:multi-domain_security_management:r81.20:take_92:*:*:*:*:*:*,CPE,cpe:2.3:a:checkpoint:multi-domain_security_management:r81.20:take_92:*:*:*:*:*:*,,,,,,,,
CPE:cpe:2.3:a:checkpoint:multi-domain_security_management:r81.20:take_96:*:*:*:*:*:*,CPE,cpe:2.3:a:checkpoint:multi-domain_security_management:r81.20:take_96:*:*:*:*:*:*,,,,,,,,
CPE:cpe:2.3:a:checkpoint:multi-domain_security_management:r81.20:take_98:*:*:*:*:*:*,CPE,cpe:2.3:a:checkpoint:multi-domain_security_management:r81.20:take_98:*:*:*:*:*:*,,,,,,,,
CPE:cpe:2.3:a:checkpoint:multi-domain_security_management:r81.20:take_99:*:*:*:*:*:*,CPE,cpe:2.3:a:checkpoint:multi-domain_security_management:r81.20:take_99:*:*:*:*:*:*,,,,,,,,
CPE:cpe:2.3:a:checkpoint:multi-domain_security_management:r82.10:-:*:*:*:*:*:*,CPE,cpe:2.3:a:checkpoint:multi-domain_security_management:r82.10:-:*:*:*:*:*:*,,,,,,,,
CPE:cpe:2.3:a:checkpoint:multi-domain_security_management:r82.10:take_19:*:*:*:*:*:*,CPE,cpe:2.3:a:checkpoint:multi-domain_security_management:r82.10:take_19:*:*:*:*:*:*,,,,,,,,
CPE:cpe:2.3:a:checkpoint:multi-domain_security_management:r82.10:take_24:*:*:*:*:*:*,CPE,cpe:2.3:a:checkpoint:multi-domain_security_management:r82.10:take_24:*:*:*:*:*:*,,,,,,,,
CPE:cpe:2.3:a:checkpoint:multi-domain_security_management:r82.10:take_6:*:*:*:*:*:*,CPE,cpe:2.3:a:checkpoint:multi-domain_security_management:r82.10:take_6:*:*:*:*:*:*,,,,,,,,
CPE:cpe:2.3:a:checkpoint:multi-domain_security_management:r82:-:*:*:*:*:*:*,CPE,cpe:2.3:a:checkpoint:multi-domain_security_management:r82:-:*:*:*:*:*:*,,,,,,,,
CPE:cpe:2.3:a:checkpoint:multi-domain_security_management:r82:take_103:*:*:*:*:*:*,CPE,cpe:2.3:a:checkpoint:multi-domain_security_management:r82:take_103:*:*:*:*:*:*,,,,,,,,
CPE:cpe:2.3:a:checkpoint:multi-domain_security_management:r82:take_107:*:*:*:*:*:*,CPE,cpe:2.3:a:checkpoint:multi-domain_security_management:r82:take_107:*:*:*:*:*:*,,,,,,,,
CPE:cpe:2.3:a:checkpoint:multi-domain_security_management:r82:take_10:*:*:*:*:*:*,CPE,cpe:2.3:a:checkpoint:multi-domain_security_management:r82:take_10:*:*:*:*:*:*,,,,,,,,
CPE:cpe:2.3:a:checkpoint:multi-domain_security_management:r82:take_12:*:*:*:*:*:*,CPE,cpe:2.3:a:checkpoint:multi-domain_security_management:r82:take_12:*:*:*:*:*:*,,,,,,,,
CPE:cpe:2.3:a:checkpoint:multi-domain_security_management:r82:take_14:*:*:*:*:*:*,CPE,cpe:2.3:a:checkpoint:multi-domain_security_management:r82:take_14:*:*:*:*:*:*,,,,,,,,
CPE:cpe:2.3:a:checkpoint:multi-domain_security_management:r82:take_18:*:*:*:*:*:*,CPE,cpe:2.3:a:checkpoint:multi-domain_security_management:r82:take_18:*:*:*:*:*:*,,,,,,,,
CPE:cpe:2.3:a:checkpoint:multi-domain_security_management:r82:take_19:*:*:*:*:*:*,CPE,cpe:2.3:a:checkpoint:multi-domain_security_management:r82:take_19:*:*:*:*:*:*,,,,,,,,
CPE:cpe:2.3:a:checkpoint:multi-domain_security_management:r82:take_25:*:*:*:*:*:*,CPE,cpe:2.3:a:checkpoint:multi-domain_security_management:r82:take_25:*:*:*:*:*:*,,,,,,,,
CPE:cpe:2.3:a:checkpoint:multi-domain_security_management:r82:take_33:*:*:*:*:*:*,CPE,cpe:2.3:a:checkpoint:multi-domain_security_management:r82:take_33:*:*:*:*:*:*,,,,,,,,
CPE:cpe:2.3:a:checkpoint:multi-domain_security_management:r82:take_34:*:*:*:*:*:*,CPE,cpe:2.3:a:checkpoint:multi-domain_security_management:r82:take_34:*:*:*:*:*:*,,,,,,,,
CPE:cpe:2.3:a:checkpoint:multi-domain_security_management:r82:take_36:*:*:*:*:*:*,CPE,cpe:2.3:a:checkpoint:multi-domain_security_management:r82:take_36:*:*:*:*:*:*,,,,,,,,
CPE:cpe:2.3:a:checkpoint:multi-domain_security_management:r82:take_39:*:*:*:*:*:*,CPE,cpe:2.3:a:checkpoint:multi-domain_security_management:r82:take_39:*:*:*:*:*:*,,,,,,,,
CPE:cpe:2.3:a:checkpoint:multi-domain_security_management:r82:take_41:*:*:*:*:*:*,CPE,cpe:2.3:a:checkpoint:multi-domain_security_management:r82:take_41:*:*:*:*:*:*,,,,,,,,
CPE:cpe:2.3:a:checkpoint:multi-domain_security_management:r82:take_43:*:*:*:*:*:*,CPE,cpe:2.3:a:checkpoint:multi-domain_security_management:r82:take_43:*:*:*:*:*:*,,,,,,,,
CPE:cpe:2.3:a:checkpoint:multi-domain_security_management:r82:take_44:*:*:*:*:*:*,CPE,cpe:2.3:a:checkpoint:multi-domain_security_management:r82:take_44:*:*:*:*:*:*,,,,,,,,
CPE:cpe:2.3:a:checkpoint:multi-domain_security_management:r82:take_60:*:*:*:*:*:*,CPE,cpe:2.3:a:checkpoint:multi-domain_security_management:r82:take_60:*:*:*:*:*:*,,,,,,,,
CPE:cpe:2.3:a:checkpoint:multi-domain_security_management:r82:take_73:*:*:*:*:*:*,CPE,cpe:2.3:a:checkpoint:multi-domain_security_management:r82:take_73:*:*:*:*:*:*,,,,,,,,
CPE:cpe:2.3:a:checkpoint:multi-domain_security_management:r82:take_91:*:*:*:*:*:*,CPE,cpe:2.3:a:checkpoint:multi-domain_security_management:r82:take_91:*:*:*:*:*:*,,,,,,,,
CPE:cpe:2.3:a:checkpoint:quantum_security_management:*:*:*:*:*:*:*:*,CPE,cpe:2.3:a:checkpoint:quantum_security_management:*:*:*:*:*:*:*:*,,,,,,,,
CPE:cpe:2.3:a:checkpoint:quantum_security_management:r81.20:-:*:*:*:*:*:*,CPE,cpe:2.3:a:checkpoint:quantum_security_management:r81.20:-:*:*:*:*:*:*,,,,,,,,
CPE:cpe:2.3:a:checkpoint:quantum_security_management:r81.20:take_101:*:*:*:*:*:*,CPE,cpe:2.3:a:checkpoint:quantum_security_management:r81.20:take_101:*:*:*:*:*:*,,,,,,,,
CPE:cpe:2.3:a:checkpoint:quantum_security_management:r81.20:take_103:*:*:*:*:*:*,CPE,cpe:2.3:a:checkpoint:quantum_security_management:r81.20:take_103:*:*:*:*:*:*,,,,,,,,
CPE:cpe:2.3:a:checkpoint:quantum_security_management:r81.20:take_105:*:*:*:*:*:*,CPE,cpe:2.3:a:checkpoint:quantum_security_management:r81.20:take_105:*:*:*:*:*:*,,,,,,,,
CPE:cpe:2.3:a:checkpoint:quantum_security_management:r81.20:take_10:*:*:*:*:*:*,CPE,cpe:2.3:a:checkpoint:quantum_security_management:r81.20:take_10:*:*:*:*:*:*,,,,,,,,
CPE:cpe:2.3:a:checkpoint:quantum_security_management:r81.20:take_111:*:*:*:*:*:*,CPE,cpe:2.3:a:checkpoint:quantum_security_management:r81.20:take_111:*:*:*:*:*:*,,,,,,,,
CPE:cpe:2.3:a:checkpoint:quantum_security_management:r81.20:take_113:*:*:*:*:*:*,CPE,cpe:2.3:a:checkpoint:quantum_security_management:r81.20:take_113:*:*:*:*:*:*,,,,,,,,
CPE:cpe:2.3:a:checkpoint:quantum_security_management:r81.20:take_115:*:*:*:*:*:*,CPE,cpe:2.3:a:checkpoint:quantum_security_management:r81.20:take_115:*:*:*:*:*:*,,,,,,,,
CPE:cpe:2.3:a:checkpoint:quantum_security_management:r81.20:take_118:*:*:*:*:*:*,CPE,cpe:2.3:a:checkpoint:quantum_security_management:r81.20:take_118:*:*:*:*:*:*,,,,,,,,
CPE:cpe:2.3:a:checkpoint:quantum_security_management:r81.20:take_119:*:*:*:*:*:*,CPE,cpe:2.3:a:checkpoint:quantum_security_management:r81.20:take_119:*:*:*:*:*:*,,,,,,,,
CPE:cpe:2.3:a:checkpoint:quantum_security_management:r81.20:take_120:*:*:*:*:*:*,CPE,cpe:2.3:a:checkpoint:quantum_security_management:r81.20:take_120:*:*:*:*:*:*,,,,,,,,
CPE:cpe:2.3:a:checkpoint:quantum_security_management:r81.20:take_122:*:*:*:*:*:*,CPE,cpe:2.3:a:checkpoint:quantum_security_management:r81.20:take_122:*:*:*:*:*:*,,,,,,,,
CPE:cpe:2.3:a:checkpoint:quantum_security_management:r81.20:take_126:*:*:*:*:*:*,CPE,cpe:2.3:a:checkpoint:quantum_security_management:r81.20:take_126:*:*:*:*:*:*,,,,,,,,
CPE:cpe:2.3:a:checkpoint:quantum_security_management:r81.20:take_127:*:*:*:*:*:*,CPE,cpe:2.3:a:checkpoint:quantum_security_management:r81.20:take_127:*:*:*:*:*:*,,,,,,,,
CPE:cpe:2.3:a:checkpoint:quantum_security_management:r81.20:take_141:*:*:*:*:*:*,CPE,cpe:2.3:a:checkpoint:quantum_security_management:r81.20:take_141:*:*:*:*:*:*,,,,,,,,
CPE:cpe:2.3:a:checkpoint:quantum_security_management:r81.20:take_146:*:*:*:*:*:*,CPE,cpe:2.3:a:checkpoint:quantum_security_management:r81.20:take_146:*:*:*:*:*:*,,,,,,,,
CPE:cpe:2.3:a:checkpoint:quantum_security_management:r81.20:take_14:*:*:*:*:*:*,CPE,cpe:2.3:a:checkpoint:quantum_security_management:r81.20:take_14:*:*:*:*:*:*,,,,,,,,
CPE:cpe:2.3:a:checkpoint:quantum_security_management:r81.20:take_24:*:*:*:*:*:*,CPE,cpe:2.3:a:checkpoint:quantum_security_management:r81.20:take_24:*:*:*:*:*:*,,,,,,,,
CPE:cpe:2.3:a:checkpoint:quantum_security_management:r81.20:take_26:*:*:*:*:*:*,CPE,cpe:2.3:a:checkpoint:quantum_security_management:r81.20:take_26:*:*:*:*:*:*,,,,,,,,
CPE:cpe:2.3:a:checkpoint:quantum_security_management:r81.20:take_38:*:*:*:*:*:*,CPE,cpe:2.3:a:checkpoint:quantum_security_management:r81.20:take_38:*:*:*:*:*:*,,,,,,,,
CPE:cpe:2.3:a:checkpoint:quantum_security_management:r81.20:take_41:*:*:*:*:*:*,CPE,cpe:2.3:a:checkpoint:quantum_security_management:r81.20:take_41:*:*:*:*:*:*,,,,,,,,
CPE:cpe:2.3:a:checkpoint:quantum_security_management:r81.20:take_43:*:*:*:*:*:*,CPE,cpe:2.3:a:checkpoint:quantum_security_management:r81.20:take_43:*:*:*:*:*:*,,,,,,,,
CPE:cpe:2.3:a:checkpoint:quantum_security_management:r81.20:take_45:*:*:*:*:*:*,CPE,cpe:2.3:a:checkpoint:quantum_security_management:r81.20:take_45:*:*:*:*:*:*,,,,,,,,
CPE:cpe:2.3:a:checkpoint:quantum_security_management:r81.20:take_53:*:*:*:*:*:*,CPE,cpe:2.3:a:checkpoint:quantum_security_management:r81.20:take_53:*:*:*:*:*:*,,,,,,,,
CPE:cpe:2.3:a:checkpoint:quantum_security_management:r81.20:take_54:*:*:*:*:*:*,CPE,cpe:2.3:a:checkpoint:quantum_security_management:r81.20:take_54:*:*:*:*:*:*,,,,,,,,
CPE:cpe:2.3:a:checkpoint:quantum_security_management:r81.20:take_65:*:*:*:*:*:*,CPE,cpe:2.3:a:checkpoint:quantum_security_management:r81.20:take_65:*:*:*:*:*:*,,,,,,,,
CPE:cpe:2.3:a:checkpoint:quantum_security_management:r81.20:take_70:*:*:*:*:*:*,CPE,cpe:2.3:a:checkpoint:quantum_security_management:r81.20:take_70:*:*:*:*:*:*,,,,,,,,
CPE:cpe:2.3:a:checkpoint:quantum_security_management:r81.20:take_76:*:*:*:*:*:*,CPE,cpe:2.3:a:checkpoint:quantum_security_management:r81.20:take_76:*:*:*:*:*:*,,,,,,,,
CPE:cpe:2.3:a:checkpoint:quantum_security_management:r81.20:take_79:*:*:*:*:*:*,CPE,cpe:2.3:a:checkpoint:quantum_security_management:r81.20:take_79:*:*:*:*:*:*,,,,,,,,
CPE:cpe:2.3:a:checkpoint:quantum_security_management:r81.20:take_84:*:*:*:*:*:*,CPE,cpe:2.3:a:checkpoint:quantum_security_management:r81.20:take_84:*:*:*:*:*:*,,,,,,,,
CPE:cpe:2.3:a:checkpoint:quantum_security_management:r81.20:take_89:*:*:*:*:*:*,CPE,cpe:2.3:a:checkpoint:quantum_security_management:r81.20:take_89:*:*:*:*:*:*,,,,,,,,
CPE:cpe:2.3:a:checkpoint:quantum_security_management:r81.20:take_8:*:*:*:*:*:*,CPE,cpe:2.3:a:checkpoint:quantum_security_management:r81.20:take_8:*:*:*:*:*:*,,,,,,,,
CPE:cpe:2.3:a:checkpoint:quantum_security_management:r81.20:take_90:*:*:*:*:*:*,CPE,cpe:2.3:a:checkpoint:quantum_security_management:r81.20:take_90:*:*:*:*:*:*,,,,,,,,
CPE:cpe:2.3:a:checkpoint:quantum_security_management:r81.20:take_92:*:*:*:*:*:*,CPE,cpe:2.3:a:checkpoint:quantum_security_management:r81.20:take_92:*:*:*:*:*:*,,,,,,,,
CPE:cpe:2.3:a:checkpoint:quantum_security_management:r81.20:take_96:*:*:*:*:*:*,CPE,cpe:2.3:a:checkpoint:quantum_security_management:r81.20:take_96:*:*:*:*:*:*,,,,,,,,
CPE:cpe:2.3:a:checkpoint:quantum_security_management:r81.20:take_98:*:*:*:*:*:*,CPE,cpe:2.3:a:checkpoint:quantum_security_management:r81.20:take_98:*:*:*:*:*:*,,,,,,,,
CPE:cpe:2.3:a:checkpoint:quantum_security_management:r81.20:take_99:*:*:*:*:*:*,CPE,cpe:2.3:a:checkpoint:quantum_security_management:r81.20:take_99:*:*:*:*:*:*,,,,,,,,
CPE:cpe:2.3:a:checkpoint:quantum_security_management:r82.10:-:*:*:*:*:*:*,CPE,cpe:2.3:a:checkpoint:quantum_security_management:r82.10:-:*:*:*:*:*:*,,,,,,,,
CPE:cpe:2.3:a:checkpoint:quantum_security_management:r82.10:take_19:*:*:*:*:*:*,CPE,cpe:2.3:a:checkpoint:quantum_security_management:r82.10:take_19:*:*:*:*:*:*,,,,,,,,
CPE:cpe:2.3:a:checkpoint:quantum_security_management:r82.10:take_24:*:*:*:*:*:*,CPE,cpe:2.3:a:checkpoint:quantum_security_management:r82.10:take_24:*:*:*:*:*:*,,,,,,,,
CPE:cpe:2.3:a:checkpoint:quantum_security_management:r82.10:take_6:*:*:*:*:*:*,CPE,cpe:2.3:a:checkpoint:quantum_security_management:r82.10:take_6:*:*:*:*:*:*,,,,,,,,
CPE:cpe:2.3:a:checkpoint:quantum_security_management:r82:-:*:*:*:*:*:*,CPE,cpe:2.3:a:checkpoint:quantum_security_management:r82:-:*:*:*:*:*:*,,,,,,,,
CPE:cpe:2.3:a:checkpoint:quantum_security_management:r82:take_103:*:*:*:*:*:*,CPE,cpe:2.3:a:checkpoint:quantum_security_management:r82:take_103:*:*:*:*:*:*,,,,,,,,
CPE:cpe:2.3:a:checkpoint:quantum_security_management:r82:take_107:*:*:*:*:*:*,CPE,cpe:2.3:a:checkpoint:quantum_security_management:r82:take_107:*:*:*:*:*:*,,,,,,,,
CPE:cpe:2.3:a:checkpoint:quantum_security_management:r82:take_10:*:*:*:*:*:*,CPE,cpe:2.3:a:checkpoint:quantum_security_management:r82:take_10:*:*:*:*:*:*,,,,,,,,
CPE:cpe:2.3:a:checkpoint:quantum_security_management:r82:take_12:*:*:*:*:*:*,CPE,cpe:2.3:a:checkpoint:quantum_security_management:r82:take_12:*:*:*:*:*:*,,,,,,,,
CPE:cpe:2.3:a:checkpoint:quantum_security_management:r82:take_14:*:*:*:*:*:*,CPE,cpe:2.3:a:checkpoint:quantum_security_management:r82:take_14:*:*:*:*:*:*,,,,,,,,
CPE:cpe:2.3:a:checkpoint:quantum_security_management:r82:take_18:*:*:*:*:*:*,CPE,cpe:2.3:a:checkpoint:quantum_security_management:r82:take_18:*:*:*:*:*:*,,,,,,,,
CPE:cpe:2.3:a:checkpoint:quantum_security_management:r82:take_19:*:*:*:*:*:*,CPE,cpe:2.3:a:checkpoint:quantum_security_management:r82:take_19:*:*:*:*:*:*,,,,,,,,
CPE:cpe:2.3:a:checkpoint:quantum_security_management:r82:take_25:*:*:*:*:*:*,CPE,cpe:2.3:a:checkpoint:quantum_security_management:r82:take_25:*:*:*:*:*:*,,,,,,,,
CPE:cpe:2.3:a:checkpoint:quantum_security_management:r82:take_33:*:*:*:*:*:*,CPE,cpe:2.3:a:checkpoint:quantum_security_management:r82:take_33:*:*:*:*:*:*,,,,,,,,
CPE:cpe:2.3:a:checkpoint:quantum_security_management:r82:take_34:*:*:*:*:*:*,CPE,cpe:2.3:a:checkpoint:quantum_security_management:r82:take_34:*:*:*:*:*:*,,,,,,,,
CPE:cpe:2.3:a:checkpoint:quantum_security_management:r82:take_36:*:*:*:*:*:*,CPE,cpe:2.3:a:checkpoint:quantum_security_management:r82:take_36:*:*:*:*:*:*,,,,,,,,
CPE:cpe:2.3:a:checkpoint:quantum_security_management:r82:take_39:*:*:*:*:*:*,CPE,cpe:2.3:a:checkpoint:quantum_security_management:r82:take_39:*:*:*:*:*:*,,,,,,,,
CPE:cpe:2.3:a:checkpoint:quantum_security_management:r82:take_41:*:*:*:*:*:*,CPE,cpe:2.3:a:checkpoint:quantum_security_management:r82:take_41:*:*:*:*:*:*,,,,,,,,
CPE:cpe:2.3:a:checkpoint:quantum_security_management:r82:take_43:*:*:*:*:*:*,CPE,cpe:2.3:a:checkpoint:quantum_security_management:r82:take_43:*:*:*:*:*:*,,,,,,,,
CPE:cpe:2.3:a:checkpoint:quantum_security_management:r82:take_44:*:*:*:*:*:*,CPE,cpe:2.3:a:checkpoint:quantum_security_management:r82:take_44:*:*:*:*:*:*,,,,,,,,
CPE:cpe:2.3:a:checkpoint:quantum_security_management:r82:take_60:*:*:*:*:*:*,CPE,cpe:2.3:a:checkpoint:quantum_security_management:r82:take_60:*:*:*:*:*:*,,,,,,,,
CPE:cpe:2.3:a:checkpoint:quantum_security_management:r82:take_73:*:*:*:*:*:*,CPE,cpe:2.3:a:checkpoint:quantum_security_management:r82:take_73:*:*:*:*:*:*,,,,,,,,
CPE:cpe:2.3:a:checkpoint:quantum_security_management:r82:take_91:*:*:*:*:*:*,CPE,cpe:2.3:a:checkpoint:quantum_security_management:r82:take_91:*:*:*:*:*:*,,,,,,,,
REF:CVE-2026-16232:0,Reference,https://support.checkpoint.com/results/sk/sk185169,,,,,,,,https://support.checkpoint.com/results/sk/sk185169
REF:CVE-2026-16232:1,Reference,https://www.cisa.gov/known-exploited-vulnerabilities-catalog?field_cve=CVE-2026-16232,,,,,,,,https://www.cisa.gov/known-exploited-vulnerabilities-catalog?field_cve=CVE-2026-16232
CVE:CVE-2024-5217,CVE,CVE-2024-5217,21977,0.734000,CRITICAL,CRITICAL,True,2024-07-10T17:15:12.373000Z,2024-07-29,
CWE:CWE-184,CWE,CWE-184,,,,,,,,
CWE:CWE-697,CWE,CWE-697,,,,,,,,
CPE:cpe:2.3:a:servicenow:servicenow:utah:patch_10b:*:*:*:*:*:*,CPE,cpe:2.3:a:servicenow:servicenow:utah:patch_10b:*:*:*:*:*:*,,,,,,,,
CPE:cpe:2.3:a:servicenow:servicenow:vancouver:patch_7_hotfix_4:*:*:*:*:*:*,CPE,cpe:2.3:a:servicenow:servicenow:vancouver:patch_7_hotfix_4:*:*:*:*:*:*,,,,,,,,
CPE:cpe:2.3:a:servicenow:servicenow:vancouver:patch_7_hotifix_1a:*:*:*:*:*:*,CPE,cpe:2.3:a:servicenow:servicenow:vancouver:patch_7_hotifix_1a:*:*:*:*:*:*,,,,,,,,
CPE:cpe:2.3:a:servicenow:servicenow:vancouver:patch_7_hotifix_1b:*:*:*:*:*:*,CPE,cpe:2.3:a:servicenow:servicenow:vancouver:patch_7_hotifix_1b:*:*:*:*:*:*,,,,,,,,
CPE:cpe:2.3:a:servicenow:servicenow:vancouver:patch_7_hotifix_2a:*:*:*:*:*:*,CPE,cpe:2.3:a:servicenow:servicenow:vancouver:patch_7_hotifix_2a:*:*:*:*:*:*,,,,,,,,
CPE:cpe:2.3:a:servicenow:servicenow:vancouver:patch_7_hotifix_2b:*:*:*:*:*:*,CPE,cpe:2.3:a:servicenow:servicenow:vancouver:patch_7_hotifix_2b:*:*:*:*:*:*,,,,,,,,
CPE:cpe:2.3:a:servicenow:servicenow:washington_dc:patch_1_hotfix_2b:*:*:*:*:*:*,CPE,cpe:2.3:a:servicenow:servicenow:washington_dc:patch_1_hotfix_2b:*:*:*:*:*:*,,,,,,,,
CPE:cpe:2.3:a:servicenow:servicenow:washington_dc:patch_3_hotfix_1:*:*:*:*:*:*,CPE,cpe:2.3:a:servicenow:servicenow:washington_dc:patch_3_hotfix_1:*:*:*:*:*:*,,,,,,,,
CPE:cpe:2.3:a:servicenow:servicenow:washington_dc:patch_4:*:*:*:*:*:*,CPE,cpe:2.3:a:servicenow:servicenow:washington_dc:patch_4:*:*:*:*:*:*,,,,,,,,
CPE:cpe:2.3:a:servicenow:servicenow:washington_dc:patch_5:*:*:*:*:*:*,CPE,cpe:2.3:a:servicenow:servicenow:washington_dc:patch_5:*:*:*:*:*:*,,,,,,,,
REF:CVE-2024-5217:0,Reference,https://support.servicenow.com/kb?id=kb_article_view&sysparm_article=KB1644293,,,,,,,,https://support.servicenow.com/kb?id=kb_article_view&sysparm_article=KB1644293
REF:CVE-2024-5217:1,Reference,https://support.servicenow.com/kb?id=kb_article_view&sysparm_article=KB1648313,,,,,,,,https://support.servicenow.com/kb?id=kb_article_view&sysparm_article=KB1648313
REF:CVE-2024-5217:2,Reference,https://www.cisa.gov/known-exploited-vulnerabilities-catalog?field_cve=CVE-2024-5217,,,,,,,,https://www.cisa.gov/known-exploited-vulnerabilities-catalog?field_cve=CVE-2024-5217
REF:CVE-2024-5217:3,Reference,https://www.darkreading.com/cloud-security/patchnow-servicenow-critical-rce-bugs-active-exploit,,,,,,,,https://www.darkreading.com/cloud-security/patchnow-servicenow-critical-rce-bugs-active-exploit
CVE:CVE-2026-8398,CVE,CVE-2026-8398,116496,0.724000,CRITICAL,CRITICAL,True,2026-05-15T09:16:17.653000Z,2026-05-27,
CWE:CWE-506,CWE,CWE-506,,,,,,,,
CPE:cpe:2.3:a:disc-soft:daemon_tools:12.5.1:*:*:*:lite:*:*:*,CPE,cpe:2.3:a:disc-soft:daemon_tools:12.5.1:*:*:*:lite:*:*:*,,,,,,,,
CPE:cpe:2.3:o:microsoft:windows:-:*:*:*:*:*:*:*,CPE,cpe:2.3:o:microsoft:windows:-:*:*:*:*:*:*:*,,,,,,,,
REF:CVE-2026-8398:0,Reference,https://blog.daemon-tools.cc/post/security-incident,,,,,,,,https://blog.daemon-tools.cc/post/security-incident
REF:CVE-2026-8398:1,Reference,https://securelist.com/tr/daemon-tools-backdoor/119654/,,,,,,,,https://securelist.com/tr/daemon-tools-backdoor/119654/
REF:CVE-2026-8398:2,Reference,https://www.cisa.gov/known-exploited-vulnerabilities-catalog?field_cve=CVE-2026-8398,,,,,,,,https://www.cisa.gov/known-exploited-vulnerabilities-catalog?field_cve=CVE-2026-8398
CVE:CVE-2026-56291,CVE,CVE-2026-56291,129579,0.718000,CRITICAL,CRITICAL,True,2026-07-09T11:16:40.990000Z,2026-07-10,
CPE:cpe:2.3:a:balbooa:forms:*:*:*:*:*:joomla\!:*:*,CPE,cpe:2.3:a:balbooa:forms:*:*:*:*:*:joomla\!:*:*,,,,,,,,
REF:CVE-2026-56291:0,Reference,https://mysites.guru/blog/balbooa-forms-unauthenticated-file-upload-flaw/,,,,,,,,https://mysites.guru/blog/balbooa-forms-unauthenticated-file-upload-flaw/
REF:CVE-2026-56291:1,Reference,https://www.balbooa.com/joomla-forms,,,,,,,,https://www.balbooa.com/joomla-forms
REF:CVE-2026-56291:2,Reference,https://www.cisa.gov/known-exploited-vulnerabilities-catalog?field_cve=CVE-2026-56291,,,,,,,,https://www.cisa.gov/known-exploited-vulnerabilities-catalog?field_cve=CVE-2026-56291
CVE:CVE-2024-8068,CVE,CVE-2024-8068,34709,0.714000,CRITICAL,MEDIUM,True,2024-11-12T18:15:47.450000Z,2025-08-25,
CWE:CWE-269,CWE,CWE-269,,,,,,,,
CPE:cpe:2.3:a:citrix:session_recording:*:*:*:*:-:*:*:*,CPE,cpe:2.3:a:citrix:session_recording:*:*:*:*:-:*:*:*,,,,,,,,
CPE:cpe:2.3:a:citrix:session_recording:1912:-:*:*:ltsr:*:*:*,CPE,cpe:2.3:a:citrix:session_recording:1912:-:*:*:ltsr:*:*:*,,,,,,,,
CPE:cpe:2.3:a:citrix:session_recording:1912:cu1:*:*:ltsr:*:*:*,CPE,cpe:2.3:a:citrix:session_recording:1912:cu1:*:*:ltsr:*:*:*,,,,,,,,
CPE:cpe:2.3:a:citrix:session_recording:1912:cu2:*:*:ltsr:*:*:*,CPE,cpe:2.3:a:citrix:session_recording:1912:cu2:*:*:ltsr:*:*:*,,,,,,,,
CPE:cpe:2.3:a:citrix:session_recording:1912:cu3:*:*:ltsr:*:*:*,CPE,cpe:2.3:a:citrix:session_recording:1912:cu3:*:*:ltsr:*:*:*,,,,,,,,
CPE:cpe:2.3:a:citrix:session_recording:1912:cu4:*:*:ltsr:*:*:*,CPE,cpe:2.3:a:citrix:session_recording:1912:cu4:*:*:ltsr:*:*:*,,,,,,,,
CPE:cpe:2.3:a:citrix:session_recording:1912:cu5:*:*:ltsr:*:*:*,CPE,cpe:2.3:a:citrix:session_recording:1912:cu5:*:*:ltsr:*:*:*,,,,,,,,
CPE:cpe:2.3:a:citrix:session_recording:1912:cu6:*:*:ltsr:*:*:*,CPE,cpe:2.3:a:citrix:session_recording:1912:cu6:*:*:ltsr:*:*:*,,,,,,,,
CPE:cpe:2.3:a:citrix:session_recording:1912:cu7:*:*:ltsr:*:*:*,CPE,cpe:2.3:a:citrix:session_recording:1912:cu7:*:*:ltsr:*:*:*,,,,,,,,
CPE:cpe:2.3:a:citrix:session_recording:1912:cu8:*:*:ltsr:*:*:*,CPE,cpe:2.3:a:citrix:session_recording:1912:cu8:*:*:ltsr:*:*:*,,,,,,,,
CPE:cpe:2.3:a:citrix:session_recording:2203:-:*:*:ltsr:*:*:*,CPE,cpe:2.3:a:citrix:session_recording:2203:-:*:*:ltsr:*:*:*,,,,,,,,
CPE:cpe:2.3:a:citrix:session_recording:2203:cu1:*:*:ltsr:*:*:*,CPE,cpe:2.3:a:citrix:session_recording:2203:cu1:*:*:ltsr:*:*:*,,,,,,,,
CPE:cpe:2.3:a:citrix:session_recording:2203:cu2:*:*:ltsr:*:*:*,CPE,cpe:2.3:a:citrix:session_recording:2203:cu2:*:*:ltsr:*:*:*,,,,,,,,
CPE:cpe:2.3:a:citrix:session_recording:2203:cu3:*:*:ltsr:*:*:*,CPE,cpe:2.3:a:citrix:session_recording:2203:cu3:*:*:ltsr:*:*:*,,,,,,,,
CPE:cpe:2.3:a:citrix:session_recording:2203:cu4:*:*:ltsr:*:*:*,CPE,cpe:2.3:a:citrix:session_recording:2203:cu4:*:*:ltsr:*:*:*,,,,,,,,
CPE:cpe:2.3:a:citrix:session_recording:2203:cu5:*:*:ltsr:*:*:*,CPE,cpe:2.3:a:citrix:session_recording:2203:cu5:*:*:ltsr:*:*:*,,,,,,,,
CPE:cpe:2.3:a:citrix:session_recording:2402:-:*:*:ltsr:*:*:*,CPE,cpe:2.3:a:citrix:session_recording:2402:-:*:*:ltsr:*:*:*,,,,,,,,
CPE:cpe:2.3:a:citrix:session_recording:2407:-:*:*:-:*:*:*,CPE,cpe:2.3:a:citrix:session_recording:2407:-:*:*:-:*:*:*,,,,,,,,
REF:CVE-2024-8068:0,Reference,https://support.citrix.com/s/article/CTX691941-citrix-session-recording-security-bulletin-for-cve20248068-and-cve20248069?language=en_US,,,,,,,,https://support.citrix.com/s/article/CTX691941-citrix-session-recording-security-bulletin-for-cve20248068-and-cve20248069?language=en_US
REF:CVE-2024-8068:1,Reference,https://www.cisa.gov/known-exploited-vulnerabilities-catalog?field_cve=CVE-2024-8068,,,,,,,,https://www.cisa.gov/known-exploited-vulnerabilities-catalog?field_cve=CVE-2024-8068
CVE:CVE-2026-3055,CVE,CVE-2026-3055,104937,0.712000,CRITICAL,CRITICAL,True,2026-03-23T21:17:17.477000Z,2026-03-30,
CWE:CWE-125,CWE,CWE-125,,,,,,,,
CPE:cpe:2.3:a:citrix:netscaler_application_delivery_controller:*:*:*:*:-:*:*:*,CPE,cpe:2.3:a:citrix:netscaler_application_delivery_controller:*:*:*:*:-:*:*:*,,,,,,,,
CPE:cpe:2.3:a:citrix:netscaler_application_delivery_controller:*:*:*:*:fips:*:*:*,CPE,cpe:2.3:a:citrix:netscaler_application_delivery_controller:*:*:*:*:fips:*:*:*,,,,,,,,
CPE:cpe:2.3:a:citrix:netscaler_application_delivery_controller:*:*:*:*:ndcpp:*:*:*,CPE,cpe:2.3:a:citrix:netscaler_application_delivery_controller:*:*:*:*:ndcpp:*:*:*,,,,,,,,
CPE:cpe:2.3:a:citrix:netscaler_gateway:*:*:*:*:*:*:*:*,CPE,cpe:2.3:a:citrix:netscaler_gateway:*:*:*:*:*:*:*:*,,,,,,,,
REF:CVE-2026-3055:0,Reference,https://labs.watchtowr.com/please-we-beg-just-one-weekend-free-of-appliances-citrix-netscaler-cve-2026-3055-memory-overread-part-2/,,,,,,,,https://labs.watchtowr.com/please-we-beg-just-one-weekend-free-of-appliances-citrix-netscaler-cve-2026-3055-memory-overread-part-2/
REF:CVE-2026-3055:1,Reference,https://support.citrix.com/support-home/kbsearch/article?articleNumber=CTX696300,,,,,,,,https://support.citrix.com/support-home/kbsearch/article?articleNumber=CTX696300
REF:CVE-2026-3055:2,Reference,https://www.cisa.gov/known-exploited-vulnerabilities-catalog?field_cve=CVE-2026-3055,,,,,,,,https://www.cisa.gov/known-exploited-vulnerabilities-catalog?field_cve=CVE-2026-3055
CVE:CVE-2024-8069,CVE,CVE-2024-8069,34710,0.708000,CRITICAL,MEDIUM,True,2024-11-12T18:15:47.603000Z,2025-08-25,
CWE:CWE-502,CWE,CWE-502,,,,,,,,
REF:CVE-2024-8069:0,Reference,https://support.citrix.com/s/article/CTX691941-citrix-session-recording-security-bulletin-for-cve20248068-and-cve20248069?language=en_US,,,,,,,,https://support.citrix.com/s/article/CTX691941-citrix-session-recording-security-bulletin-for-cve20248068-and-cve20248069?language=en_US
REF:CVE-2024-8069:1,Reference,https://www.cisa.gov/known-exploited-vulnerabilities-catalog?field_cve=CVE-2024-8069,,,,,,,,https://www.cisa.gov/known-exploited-vulnerabilities-catalog?field_cve=CVE-2024-8069
CVE:CVE-2025-6543,CVE,CVE-2025-6543,64679,0.704000,CRITICAL,CRITICAL,True,2025-06-25T13:15:27.293000Z,2025-06-30,
CWE:CWE-119,CWE,CWE-119,,,,,,,,
REF:CVE-2025-6543:0,Reference,https://support.citrix.com/support-home/kbsearch/article?articleNumber=CTX694788,,,,,,,,https://support.citrix.com/support-home/kbsearch/article?articleNumber=CTX694788
REF:CVE-2025-6543:1,Reference,https://www.cisa.gov/known-exploited-vulnerabilities-catalog?field_cve=CVE-2025-6543,,,,,,,,https://www.cisa.gov/known-exploited-vulnerabilities-catalog?field_cve=CVE-2025-6543
CVE:CVE-2026-56290,CVE,CVE-2026-56290,127025,0.700000,CRITICAL,CRITICAL,True,2026-06-29T15:16:42.360000Z,2026-07-07,
CPE:cpe:2.3:a:joomlack:page_builder_ck:*:*:*:*:*:joomla\!:*:*,CPE,cpe:2.3:a:joomlack:page_builder_ck:*:*:*:*:*:joomla\!:*:*,,,,,,,,
REF:CVE-2026-56290:0,Reference,https://forum.joomlack.fr/index.php/page-builder-ck/21627-nouvelle-version-de-pbck-et-joomla-3,,,,,,,,https://forum.joomlack.fr/index.php/page-builder-ck/21627-nouvelle-version-de-pbck-et-joomla-3
REF:CVE-2026-56290:1,Reference,https://mysites.guru/blog/pagebuilderck-unauthenticated-file-upload-rce/,,,,,,,,https://mysites.guru/blog/pagebuilderck-unauthenticated-file-upload-rce/
REF:CVE-2026-56290:2,Reference,https://www.cisa.gov/known-exploited-vulnerabilities-catalog?field_cve=CVE-2026-56290,,,,,,,,https://www.cisa.gov/known-exploited-vulnerabilities-catalog?field_cve=CVE-2026-56290
REF:CVE-2026-56290:3,Reference,https://www.joomlack.fr/,,,,,,,,https://www.joomlack.fr/
CVE:CVE-2026-72529,CVE,CVE-2026-72529,145867,0.700000,CRITICAL,CRITICAL,True,2026-08-19T17:21:00.990000Z,2026-08-20,
CWE:CWE-306,CWE,CWE-306,,,,,,,,
CPE:cpe:2.3:a:trueconf:trueconf_server:*:*:*:*:*:linux_kernel:*:*,CPE,cpe:2.3:a:trueconf:trueconf_server:*:*:*:*:*:linux_kernel:*:*,,,,,,,,
CPE:cpe:2.3:a:trueconf:trueconf_server:*:*:*:*:*:windows:*:*,CPE,cpe:2.3:a:trueconf:trueconf_server:*:*:*:*:*:windows:*:*,,,,,,,,
REF:CVE-2026-72529:0,Reference,https://ics-cert.kaspersky.com/advisories/2026/08/11/trueconf-server-missing-authentication-for-critical-function/,,,,,,,,https://ics-cert.kaspersky.com/advisories/2026/08/11/trueconf-server-missing-authentication-for-critical-function/
REF:CVE-2026-72529:1,Reference,https://securelist.com/tr/head-mare-targets-trueconf-server-with-phantomcore/120988/,,,,,,,,https://securelist.com/tr/head-mare-targets-trueconf-server-with-phantomcore/120988/
REF:CVE-2026-72529:2,Reference,https://www.cisa.gov/known-exploited-vulnerabilities-catalog?field_cve=CVE-2026-72529,,,,,,,,https://www.cisa.gov/known-exploited-vulnerabilities-catalog?field_cve=CVE-2026-72529
CVE:CVE-2025-14733,CVE,CVE-2025-14733,88756,0.696000,CRITICAL,CRITICAL,True,2025-12-19T01:16:05.530000Z,2025-12-19,
REF:CVE-2025-14733:0,Reference,https://psirt.watchguard.com/CVE-2025-14733,,,,,,,,https://psirt.watchguard.com/CVE-2025-14733
REF:CVE-2025-14733:1,Reference,https://www.cisa.gov/known-exploited-vulnerabilities-catalog?field_cve=CVE-2025-14733,,,,,,,,https://www.cisa.gov/known-exploited-vulnerabilities-catalog?field_cve=CVE-2025-14733
REF:CVE-2025-14733:2,Reference,https://www.watchguard.com/wgrd-psirt/advisory/wgsa-2025-00027,,,,,,,,https://www.watchguard.com/wgrd-psirt/advisory/wgsa-2025-00027
CVE:CVE-2024-13159,CVE,CVE-2024-13159,42558,0.688000,CRITICAL,CRITICAL,True,2025-01-14T18:15:26.243000Z,2025-03-10,
CWE:CWE-36,CWE,CWE-36,,,,,,,,
CPE:cpe:2.3:a:ivanti:endpoint_manager:*:-:*:*:*:*:*:*,CPE,cpe:2.3:a:ivanti:endpoint_manager:*:-:*:*:*:*:*:*,,,,,,,,
CPE:cpe:2.3:a:ivanti:endpoint_manager:2022:-:*:*:*:*:*:*,CPE,cpe:2.3:a:ivanti:endpoint_manager:2022:-:*:*:*:*:*:*,,,,,,,,
CPE:cpe:2.3:a:ivanti:endpoint_manager:2022:su1:*:*:*:*:*:*,CPE,cpe:2.3:a:ivanti:endpoint_manager:2022:su1:*:*:*:*:*:*,,,,,,,,
CPE:cpe:2.3:a:ivanti:endpoint_manager:2022:su2:*:*:*:*:*:*,CPE,cpe:2.3:a:ivanti:endpoint_manager:2022:su2:*:*:*:*:*:*,,,,,,,,
CPE:cpe:2.3:a:ivanti:endpoint_manager:2022:su3:*:*:*:*:*:*,CPE,cpe:2.3:a:ivanti:endpoint_manager:2022:su3:*:*:*:*:*:*,,,,,,,,
CPE:cpe:2.3:a:ivanti:endpoint_manager:2022:su4:*:*:*:*:*:*,CPE,cpe:2.3:a:ivanti:endpoint_manager:2022:su4:*:*:*:*:*:*,,,,,,,,
CPE:cpe:2.3:a:ivanti:endpoint_manager:2022:su5:*:*:*:*:*:*,CPE,cpe:2.3:a:ivanti:endpoint_manager:2022:su5:*:*:*:*:*:*,,,,,,,,
CPE:cpe:2.3:a:ivanti:endpoint_manager:2022:su6:*:*:*:*:*:*,CPE,cpe:2.3:a:ivanti:endpoint_manager:2022:su6:*:*:*:*:*:*,,,,,,,,
CPE:cpe:2.3:a:ivanti:endpoint_manager:2024:-:*:*:*:*:*:*,CPE,cpe:2.3:a:ivanti:endpoint_manager:2024:-:*:*:*:*:*:*,,,,,,,,
REF:CVE-2024-13159:0,Reference,https://forums.ivanti.com/s/article/Security-Advisory-EPM-January-2025-for-EPM-2024-and-EPM-2022-SU6,,,,,,,,https://forums.ivanti.com/s/article/Security-Advisory-EPM-January-2025-for-EPM-2024-and-EPM-2022-SU6
REF:CVE-2024-13159:1,Reference,https://www.cisa.gov/known-exploited-vulnerabilities-catalog?field_cve=CVE-2024-13159,,,,,,,,https://www.cisa.gov/known-exploited-vulnerabilities-catalog?field_cve=CVE-2024-13159
REF:CVE-2024-13159:2,Reference,https://www.horizon3.ai/attack-research/attack-blogs/ivanti-endpoint-manager-multiple-credential-coercion-vulnerabilities/,,,,,,,,https://www.horizon3.ai/attack-research/attack-blogs/ivanti-endpoint-manager-multiple-credential-coercion-vulnerabilities/
CVE:CVE-2024-13160,CVE,CVE-2024-13160,42559,0.688000,CRITICAL,CRITICAL,True,2025-01-14T18:15:26.447000Z,2025-03-10,
REF:CVE-2024-13160:0,Reference,https://forums.ivanti.com/s/article/Security-Advisory-EPM-January-2025-for-EPM-2024-and-EPM-2022-SU6,,,,,,,,https://forums.ivanti.com/s/article/Security-Advisory-EPM-January-2025-for-EPM-2024-and-EPM-2022-SU6
REF:CVE-2024-13160:1,Reference,https://www.cisa.gov/known-exploited-vulnerabilities-catalog?field_cve=CVE-2024-13160,,,,,,,,https://www.cisa.gov/known-exploited-vulnerabilities-catalog?field_cve=CVE-2024-13160
REF:CVE-2024-13160:2,Reference,https://www.horizon3.ai/attack-research/attack-blogs/ivanti-endpoint-manager-multiple-credential-coercion-vulnerabilities/,,,,,,,,https://www.horizon3.ai/attack-research/attack-blogs/ivanti-endpoint-manager-multiple-credential-coercion-vulnerabilities/
CVE:CVE-2024-13161,CVE,CVE-2024-13161,42560,0.688000,CRITICAL,CRITICAL,True,2025-01-14T18:15:26.640000Z,2025-03-10,
REF:CVE-2024-13161:0,Reference,https://forums.ivanti.com/s/article/Security-Advisory-EPM-January-2025-for-EPM-2024-and-EPM-2022-SU6,,,,,,,,https://forums.ivanti.com/s/article/Security-Advisory-EPM-January-2025-for-EPM-2024-and-EPM-2022-SU6
REF:CVE-2024-13161:1,Reference,https://www.cisa.gov/known-exploited-vulnerabilities-catalog?field_cve=CVE-2024-13161,,,,,,,,https://www.cisa.gov/known-exploited-vulnerabilities-catalog?field_cve=CVE-2024-13161
REF:CVE-2024-13161:2,Reference,https://www.horizon3.ai/attack-research/attack-blogs/ivanti-endpoint-manager-multiple-credential-coercion-vulnerabilities/,,,,,,,,https://www.horizon3.ai/attack-research/attack-blogs/ivanti-endpoint-manager-multiple-credential-coercion-vulnerabilities/
CVE:CVE-2024-0012,CVE,CVE-2024-0012,35591,0.684000,CRITICAL,CRITICAL,True,2024-11-18T16:15:11.683000Z,2024-11-18,
CPE:cpe:2.3:o:paloaltonetworks:pan-os:10.2.0:-:*:*:*:*:*:*,CPE,cpe:2.3:o:paloaltonetworks:pan-os:10.2.0:-:*:*:*:*:*:*,,,,,,,,
CPE:cpe:2.3:o:paloaltonetworks:pan-os:10.2.0:h1:*:*:*:*:*:*,CPE,cpe:2.3:o:paloaltonetworks:pan-os:10.2.0:h1:*:*:*:*:*:*,,,,,,,,
CPE:cpe:2.3:o:paloaltonetworks:pan-os:10.2.0:h2:*:*:*:*:*:*,CPE,cpe:2.3:o:paloaltonetworks:pan-os:10.2.0:h2:*:*:*:*:*:*,,,,,,,,
CPE:cpe:2.3:o:paloaltonetworks:pan-os:10.2.0:h3:*:*:*:*:*:*,CPE,cpe:2.3:o:paloaltonetworks:pan-os:10.2.0:h3:*:*:*:*:*:*,,,,,,,,
CPE:cpe:2.3:o:paloaltonetworks:pan-os:10.2.10:-:*:*:*:*:*:*,CPE,cpe:2.3:o:paloaltonetworks:pan-os:10.2.10:-:*:*:*:*:*:*,,,,,,,,
CPE:cpe:2.3:o:paloaltonetworks:pan-os:10.2.10:h2:*:*:*:*:*:*,CPE,cpe:2.3:o:paloaltonetworks:pan-os:10.2.10:h2:*:*:*:*:*:*,,,,,,,,
CPE:cpe:2.3:o:paloaltonetworks:pan-os:10.2.10:h3:*:*:*:*:*:*,CPE,cpe:2.3:o:paloaltonetworks:pan-os:10.2.10:h3:*:*:*:*:*:*,,,,,,,,
CPE:cpe:2.3:o:paloaltonetworks:pan-os:10.2.10:h4:*:*:*:*:*:*,CPE,cpe:2.3:o:paloaltonetworks:pan-os:10.2.10:h4:*:*:*:*:*:*,,,,,,,,
CPE:cpe:2.3:o:paloaltonetworks:pan-os:10.2.10:h5:*:*:*:*:*:*,CPE,cpe:2.3:o:paloaltonetworks:pan-os:10.2.10:h5:*:*:*:*:*:*,,,,,,,,
CPE:cpe:2.3:o:paloaltonetworks:pan-os:10.2.10:h7:*:*:*:*:*:*,CPE,cpe:2.3:o:paloaltonetworks:pan-os:10.2.10:h7:*:*:*:*:*:*,,,,,,,,
CPE:cpe:2.3:o:paloaltonetworks:pan-os:10.2.11:-:*:*:*:*:*:*,CPE,cpe:2.3:o:paloaltonetworks:pan-os:10.2.11:-:*:*:*:*:*:*,,,,,,,,
CPE:cpe:2.3:o:paloaltonetworks:pan-os:10.2.11:h1:*:*:*:*:*:*,CPE,cpe:2.3:o:paloaltonetworks:pan-os:10.2.11:h1:*:*:*:*:*:*,,,,,,,,
CPE:cpe:2.3:o:paloaltonetworks:pan-os:10.2.11:h2:*:*:*:*:*:*,CPE,cpe:2.3:o:paloaltonetworks:pan-os:10.2.11:h2:*:*:*:*:*:*,,,,,,,,
CPE:cpe:2.3:o:paloaltonetworks:pan-os:10.2.11:h3:*:*:*:*:*:*,CPE,cpe:2.3:o:paloaltonetworks:pan-os:10.2.11:h3:*:*:*:*:*:*,,,,,,,,
CPE:cpe:2.3:o:paloaltonetworks:pan-os:10.2.11:h4:*:*:*:*:*:*,CPE,cpe:2.3:o:paloaltonetworks:pan-os:10.2.11:h4:*:*:*:*:*:*,,,,,,,,
CPE:cpe:2.3:o:paloaltonetworks:pan-os:10.2.12:-:*:*:*:*:*:*,CPE,cpe:2.3:o:paloaltonetworks:pan-os:10.2.12:-:*:*:*:*:*:*,,,,,,,,
CPE:cpe:2.3:o:paloaltonetworks:pan-os:10.2.12:h1:*:*:*:*:*:*,CPE,cpe:2.3:o:paloaltonetworks:pan-os:10.2.12:h1:*:*:*:*:*:*,,,,,,,,
CPE:cpe:2.3:o:paloaltonetworks:pan-os:10.2.1:-:*:*:*:*:*:*,CPE,cpe:2.3:o:paloaltonetworks:pan-os:10.2.1:-:*:*:*:*:*:*,,,,,,,,
CPE:cpe:2.3:o:paloaltonetworks:pan-os:10.2.1:h1:*:*:*:*:*:*,CPE,cpe:2.3:o:paloaltonetworks:pan-os:10.2.1:h1:*:*:*:*:*:*,,,,,,,,
CPE:cpe:2.3:o:paloaltonetworks:pan-os:10.2.1:h2:*:*:*:*:*:*,CPE,cpe:2.3:o:paloaltonetworks:pan-os:10.2.1:h2:*:*:*:*:*:*,,,,,,,,
CPE:cpe:2.3:o:paloaltonetworks:pan-os:10.2.2:-:*:*:*:*:*:*,CPE,cpe:2.3:o:paloaltonetworks:pan-os:10.2.2:-:*:*:*:*:*:*,,,,,,,,
CPE:cpe:2.3:o:paloaltonetworks:pan-os:10.2.2:h1:*:*:*:*:*:*,CPE,cpe:2.3:o:paloaltonetworks:pan-os:10.2.2:h1:*:*:*:*:*:*,,,,,,,,
CPE:cpe:2.3:o:paloaltonetworks:pan-os:10.2.2:h2:*:*:*:*:*:*,CPE,cpe:2.3:o:paloaltonetworks:pan-os:10.2.2:h2:*:*:*:*:*:*,,,,,,,,
CPE:cpe:2.3:o:paloaltonetworks:pan-os:10.2.2:h4:*:*:*:*:*:*,CPE,cpe:2.3:o:paloaltonetworks:pan-os:10.2.2:h4:*:*:*:*:*:*,,,,,,,,
CPE:cpe:2.3:o:paloaltonetworks:pan-os:10.2.2:h5:*:*:*:*:*:*,CPE,cpe:2.3:o:paloaltonetworks:pan-os:10.2.2:h5:*:*:*:*:*:*,,,,,,,,
CPE:cpe:2.3:o:paloaltonetworks:pan-os:10.2.3:-:*:*:*:*:*:*,CPE,cpe:2.3:o:paloaltonetworks:pan-os:10.2.3:-:*:*:*:*:*:*,,,,,,,,
CPE:cpe:2.3:o:paloaltonetworks:pan-os:10.2.3:h11:*:*:*:*:*:*,CPE,cpe:2.3:o:paloaltonetworks:pan-os:10.2.3:h11:*:*:*:*:*:*,,,,,,,,
CPE:cpe:2.3:o:paloaltonetworks:pan-os:10.2.3:h12:*:*:*:*:*:*,CPE,cpe:2.3:o:paloaltonetworks:pan-os:10.2.3:h12:*:*:*:*:*:*,,,,,,,,
CPE:cpe:2.3:o:paloaltonetworks:pan-os:10.2.3:h13:*:*:*:*:*:*,CPE,cpe:2.3:o:paloaltonetworks:pan-os:10.2.3:h13:*:*:*:*:*:*,,,,,,,,
CPE:cpe:2.3:o:paloaltonetworks:pan-os:10.2.3:h2:*:*:*:*:*:*,CPE,cpe:2.3:o:paloaltonetworks:pan-os:10.2.3:h2:*:*:*:*:*:*,,,,,,,,
CPE:cpe:2.3:o:paloaltonetworks:pan-os:10.2.3:h4:*:*:*:*:*:*,CPE,cpe:2.3:o:paloaltonetworks:pan-os:10.2.3:h4:*:*:*:*:*:*,,,,,,,,
CPE:cpe:2.3:o:paloaltonetworks:pan-os:10.2.3:h9:*:*:*:*:*:*,CPE,cpe:2.3:o:paloaltonetworks:pan-os:10.2.3:h9:*:*:*:*:*:*,,,,,,,,
CPE:cpe:2.3:o:paloaltonetworks:pan-os:10.2.4:-:*:*:*:*:*:*,CPE,cpe:2.3:o:paloaltonetworks:pan-os:10.2.4:-:*:*:*:*:*:*,,,,,,,,
CPE:cpe:2.3:o:paloaltonetworks:pan-os:10.2.4:h10:*:*:*:*:*:*,CPE,cpe:2.3:o:paloaltonetworks:pan-os:10.2.4:h10:*:*:*:*:*:*,,,,,,,,
CPE:cpe:2.3:o:paloaltonetworks:pan-os:10.2.4:h16:*:*:*:*:*:*,CPE,cpe:2.3:o:paloaltonetworks:pan-os:10.2.4:h16:*:*:*:*:*:*,,,,,,,,
CPE:cpe:2.3:o:paloaltonetworks:pan-os:10.2.4:h2:*:*:*:*:*:*,CPE,cpe:2.3:o:paloaltonetworks:pan-os:10.2.4:h2:*:*:*:*:*:*,,,,,,,,
CPE:cpe:2.3:o:paloaltonetworks:pan-os:10.2.4:h3:*:*:*:*:*:*,CPE,cpe:2.3:o:paloaltonetworks:pan-os:10.2.4:h3:*:*:*:*:*:*,,,,,,,,
CPE:cpe:2.3:o:paloaltonetworks:pan-os:10.2.4:h4:*:*:*:*:*:*,CPE,cpe:2.3:o:paloaltonetworks:pan-os:10.2.4:h4:*:*:*:*:*:*,,,,,,,,
CPE:cpe:2.3:o:paloaltonetworks:pan-os:10.2.5:-:*:*:*:*:*:*,CPE,cpe:2.3:o:paloaltonetworks:pan-os:10.2.5:-:*:*:*:*:*:*,,,,,,,,
CPE:cpe:2.3:o:paloaltonetworks:pan-os:10.2.5:h1:*:*:*:*:*:*,CPE,cpe:2.3:o:paloaltonetworks:pan-os:10.2.5:h1:*:*:*:*:*:*,,,,,,,,
CPE:cpe:2.3:o:paloaltonetworks:pan-os:10.2.5:h4:*:*:*:*:*:*,CPE,cpe:2.3:o:paloaltonetworks:pan-os:10.2.5:h4:*:*:*:*:*:*,,,,,,,,
CPE:cpe:2.3:o:paloaltonetworks:pan-os:10.2.5:h6:*:*:*:*:*:*,CPE,cpe:2.3:o:paloaltonetworks:pan-os:10.2.5:h6:*:*:*:*:*:*,,,,,,,,
CPE:cpe:2.3:o:paloaltonetworks:pan-os:10.2.6:-:*:*:*:*:*:*,CPE,cpe:2.3:o:paloaltonetworks:pan-os:10.2.6:-:*:*:*:*:*:*,,,,,,,,
CPE:cpe:2.3:o:paloaltonetworks:pan-os:10.2.6:h1:*:*:*:*:*:*,CPE,cpe:2.3:o:paloaltonetworks:pan-os:10.2.6:h1:*:*:*:*:*:*,,,,,,,,
CPE:cpe:2.3:o:paloaltonetworks:pan-os:10.2.6:h3:*:*:*:*:*:*,CPE,cpe:2.3:o:paloaltonetworks:pan-os:10.2.6:h3:*:*:*:*:*:*,,,,,,,,
CPE:cpe:2.3:o:paloaltonetworks:pan-os:10.2.7:-:*:*:*:*:*:*,CPE,cpe:2.3:o:paloaltonetworks:pan-os:10.2.7:-:*:*:*:*:*:*,,,,,,,,
CPE:cpe:2.3:o:paloaltonetworks:pan-os:10.2.7:h12:*:*:*:*:*:*,CPE,cpe:2.3:o:paloaltonetworks:pan-os:10.2.7:h12:*:*:*:*:*:*,,,,,,,,
CPE:cpe:2.3:o:paloaltonetworks:pan-os:10.2.7:h16:*:*:*:*:*:*,CPE,cpe:2.3:o:paloaltonetworks:pan-os:10.2.7:h16:*:*:*:*:*:*,,,,,,,,
CPE:cpe:2.3:o:paloaltonetworks:pan-os:10.2.7:h1:*:*:*:*:*:*,CPE,cpe:2.3:o:paloaltonetworks:pan-os:10.2.7:h1:*:*:*:*:*:*,,,,,,,,
CPE:cpe:2.3:o:paloaltonetworks:pan-os:10.2.7:h3:*:*:*:*:*:*,CPE,cpe:2.3:o:paloaltonetworks:pan-os:10.2.7:h3:*:*:*:*:*:*,,,,,,,,
CPE:cpe:2.3:o:paloaltonetworks:pan-os:10.2.7:h6:*:*:*:*:*:*,CPE,cpe:2.3:o:paloaltonetworks:pan-os:10.2.7:h6:*:*:*:*:*:*,,,,,,,,
CPE:cpe:2.3:o:paloaltonetworks:pan-os:10.2.7:h8:*:*:*:*:*:*,CPE,cpe:2.3:o:paloaltonetworks:pan-os:10.2.7:h8:*:*:*:*:*:*,,,,,,,,
CPE:cpe:2.3:o:paloaltonetworks:pan-os:10.2.8:-:*:*:*:*:*:*,CPE,cpe:2.3:o:paloaltonetworks:pan-os:10.2.8:-:*:*:*:*:*:*,,,,,,,,
CPE:cpe:2.3:o:paloaltonetworks:pan-os:10.2.8:h10:*:*:*:*:*:*,CPE,cpe:2.3:o:paloaltonetworks:pan-os:10.2.8:h10:*:*:*:*:*:*,,,,,,,,
CPE:cpe:2.3:o:paloaltonetworks:pan-os:10.2.8:h13:*:*:*:*:*:*,CPE,cpe:2.3:o:paloaltonetworks:pan-os:10.2.8:h13:*:*:*:*:*:*,,,,,,,,
CPE:cpe:2.3:o:paloaltonetworks:pan-os:10.2.8:h3:*:*:*:*:*:*,CPE,cpe:2.3:o:paloaltonetworks:pan-os:10.2.8:h3:*:*:*:*:*:*,,,,,,,,
CPE:cpe:2.3:o:paloaltonetworks:pan-os:10.2.8:h4:*:*:*:*:*:*,CPE,cpe:2.3:o:paloaltonetworks:pan-os:10.2.8:h4:*:*:*:*:*:*,,,,,,,,
CPE:cpe:2.3:o:paloaltonetworks:pan-os:10.2.9:-:*:*:*:*:*:*,CPE,cpe:2.3:o:paloaltonetworks:pan-os:10.2.9:-:*:*:*:*:*:*,,,,,,,,
CPE:cpe:2.3:o:paloaltonetworks:pan-os:10.2.9:h11:*:*:*:*:*:*,CPE,cpe:2.3:o:paloaltonetworks:pan-os:10.2.9:h11:*:*:*:*:*:*,,,,,,,,
CPE:cpe:2.3:o:paloaltonetworks:pan-os:10.2.9:h14:*:*:*:*:*:*,CPE,cpe:2.3:o:paloaltonetworks:pan-os:10.2.9:h14:*:*:*:*:*:*,,,,,,,,
CPE:cpe:2.3:o:paloaltonetworks:pan-os:10.2.9:h1:*:*:*:*:*:*,CPE,cpe:2.3:o:paloaltonetworks:pan-os:10.2.9:h1:*:*:*:*:*:*,,,,,,,,
CPE:cpe:2.3:o:paloaltonetworks:pan-os:10.2.9:h9:*:*:*:*:*:*,CPE,cpe:2.3:o:paloaltonetworks:pan-os:10.2.9:h9:*:*:*:*:*:*,,,,,,,,
CPE:cpe:2.3:o:paloaltonetworks:pan-os:11.0.0:-:*:*:*:*:*:*,CPE,cpe:2.3:o:paloaltonetworks:pan-os:11.0.0:-:*:*:*:*:*:*,,,,,,,,
CPE:cpe:2.3:o:paloaltonetworks:pan-os:11.0.0:h1:*:*:*:*:*:*,CPE,cpe:2.3:o:paloaltonetworks:pan-os:11.0.0:h1:*:*:*:*:*:*,,,,,,,,
CPE:cpe:2.3:o:paloaltonetworks:pan-os:11.0.0:h2:*:*:*:*:*:*,CPE,cpe:2.3:o:paloaltonetworks:pan-os:11.0.0:h2:*:*:*:*:*:*,,,,,,,,
CPE:cpe:2.3:o:paloaltonetworks:pan-os:11.0.0:h3:*:*:*:*:*:*,CPE,cpe:2.3:o:paloaltonetworks:pan-os:11.0.0:h3:*:*:*:*:*:*,,,,,,,,
CPE:cpe:2.3:o:paloaltonetworks:pan-os:11.0.1:-:*:*:*:*:*:*,CPE,cpe:2.3:o:paloaltonetworks:pan-os:11.0.1:-:*:*:*:*:*:*,,,,,,,,
CPE:cpe:2.3:o:paloaltonetworks:pan-os:11.0.1:h2:*:*:*:*:*:*,CPE,cpe:2.3:o:paloaltonetworks:pan-os:11.0.1:h2:*:*:*:*:*:*,,,,,,,,
CPE:cpe:2.3:o:paloaltonetworks:pan-os:11.0.1:h3:*:*:*:*:*:*,CPE,cpe:2.3:o:paloaltonetworks:pan-os:11.0.1:h3:*:*:*:*:*:*,,,,,,,,
CPE:cpe:2.3:o:paloaltonetworks:pan-os:11.0.1:h4:*:*:*:*:*:*,CPE,cpe:2.3:o:paloaltonetworks:pan-os:11.0.1:h4:*:*:*:*:*:*,,,,,,,,
CPE:cpe:2.3:o:paloaltonetworks:pan-os:11.0.2:-:*:*:*:*:*:*,CPE,cpe:2.3:o:paloaltonetworks:pan-os:11.0.2:-:*:*:*:*:*:*,,,,,,,,
CPE:cpe:2.3:o:paloaltonetworks:pan-os:11.0.2:h1:*:*:*:*:*:*,CPE,cpe:2.3:o:paloaltonetworks:pan-os:11.0.2:h1:*:*:*:*:*:*,,,,,,,,
CPE:cpe:2.3:o:paloaltonetworks:pan-os:11.0.2:h2:*:*:*:*:*:*,CPE,cpe:2.3:o:paloaltonetworks:pan-os:11.0.2:h2:*:*:*:*:*:*,,,,,,,,
CPE:cpe:2.3:o:paloaltonetworks:pan-os:11.0.2:h3:*:*:*:*:*:*,CPE,cpe:2.3:o:paloaltonetworks:pan-os:11.0.2:h3:*:*:*:*:*:*,,,,,,,,
CPE:cpe:2.3:o:paloaltonetworks:pan-os:11.0.2:h4:*:*:*:*:*:*,CPE,cpe:2.3:o:paloaltonetworks:pan-os:11.0.2:h4:*:*:*:*:*:*,,,,,,,,
CPE:cpe:2.3:o:paloaltonetworks:pan-os:11.0.3:-:*:*:*:*:*:*,CPE,cpe:2.3:o:paloaltonetworks:pan-os:11.0.3:-:*:*:*:*:*:*,,,,,,,,
CPE:cpe:2.3:o:paloaltonetworks:pan-os:11.0.3:h10:*:*:*:*:*:*,CPE,cpe:2.3:o:paloaltonetworks:pan-os:11.0.3:h10:*:*:*:*:*:*,,,,,,,,
CPE:cpe:2.3:o:paloaltonetworks:pan-os:11.0.3:h12:*:*:*:*:*:*,CPE,cpe:2.3:o:paloaltonetworks:pan-os:11.0.3:h12:*:*:*:*:*:*,,,,,,,,
CPE:cpe:2.3:o:paloaltonetworks:pan-os:11.0.3:h1:*:*:*:*:*:*,CPE,cpe:2.3:o:paloaltonetworks:pan-os:11.0.3:h1:*:*:*:*:*:*,,,,,,,,
CPE:cpe:2.3:o:paloaltonetworks:pan-os:11.0.3:h3:*:*:*:*:*:*,CPE,cpe:2.3:o:paloaltonetworks:pan-os:11.0.3:h3:*:*:*:*:*:*,,,,,,,,
CPE:cpe:2.3:o:paloaltonetworks:pan-os:11.0.3:h5:*:*:*:*:*:*,CPE,cpe:2.3:o:paloaltonetworks:pan-os:11.0.3:h5:*:*:*:*:*:*,,,,,,,,
CPE:cpe:2.3:o:paloaltonetworks:pan-os:11.0.4:-:*:*:*:*:*:*,CPE,cpe:2.3:o:paloaltonetworks:pan-os:11.0.4:-:*:*:*:*:*:*,,,,,,,,
CPE:cpe:2.3:o:paloaltonetworks:pan-os:11.0.4:h1:*:*:*:*:*:*,CPE,cpe:2.3:o:paloaltonetworks:pan-os:11.0.4:h1:*:*:*:*:*:*,,,,,,,,
CPE:cpe:2.3:o:paloaltonetworks:pan-os:11.0.4:h2:*:*:*:*:*:*,CPE,cpe:2.3:o:paloaltonetworks:pan-os:11.0.4:h2:*:*:*:*:*:*,,,,,,,,
CPE:cpe:2.3:o:paloaltonetworks:pan-os:11.0.4:h5:*:*:*:*:*:*,CPE,cpe:2.3:o:paloaltonetworks:pan-os:11.0.4:h5:*:*:*:*:*:*,,,,,,,,
CPE:cpe:2.3:o:paloaltonetworks:pan-os:11.0.5:-:*:*:*:*:*:*,CPE,cpe:2.3:o:paloaltonetworks:pan-os:11.0.5:-:*:*:*:*:*:*,,,,,,,,
CPE:cpe:2.3:o:paloaltonetworks:pan-os:11.0.5:h1:*:*:*:*:*:*,CPE,cpe:2.3:o:paloaltonetworks:pan-os:11.0.5:h1:*:*:*:*:*:*,,,,,,,,
CPE:cpe:2.3:o:paloaltonetworks:pan-os:11.0.6:-:*:*:*:*:*:*,CPE,cpe:2.3:o:paloaltonetworks:pan-os:11.0.6:-:*:*:*:*:*:*,,,,,,,,
CPE:cpe:2.3:o:paloaltonetworks:pan-os:11.1.0:-:*:*:*:*:*:*,CPE,cpe:2.3:o:paloaltonetworks:pan-os:11.1.0:-:*:*:*:*:*:*,,,,,,,,
CPE:cpe:2.3:o:paloaltonetworks:pan-os:11.1.0:h1:*:*:*:*:*:*,CPE,cpe:2.3:o:paloaltonetworks:pan-os:11.1.0:h1:*:*:*:*:*:*,,,,,,,,
CPE:cpe:2.3:o:paloaltonetworks:pan-os:11.1.0:h2:*:*:*:*:*:*,CPE,cpe:2.3:o:paloaltonetworks:pan-os:11.1.0:h2:*:*:*:*:*:*,,,,,,,,
CPE:cpe:2.3:o:paloaltonetworks:pan-os:11.1.0:h3:*:*:*:*:*:*,CPE,cpe:2.3:o:paloaltonetworks:pan-os:11.1.0:h3:*:*:*:*:*:*,,,,,,,,
CPE:cpe:2.3:o:paloaltonetworks:pan-os:11.1.1:-:*:*:*:*:*:*,CPE,cpe:2.3:o:paloaltonetworks:pan-os:11.1.1:-:*:*:*:*:*:*,,,,,,,,
CPE:cpe:2.3:o:paloaltonetworks:pan-os:11.1.1:h1:*:*:*:*:*:*,CPE,cpe:2.3:o:paloaltonetworks:pan-os:11.1.1:h1:*:*:*:*:*:*,,,,,,,,
CPE:cpe:2.3:o:paloaltonetworks:pan-os:11.1.2:-:*:*:*:*:*:*,CPE,cpe:2.3:o:paloaltonetworks:pan-os:11.1.2:-:*:*:*:*:*:*,,,,,,,,
CPE:cpe:2.3:o:paloaltonetworks:pan-os:11.1.2:h12:*:*:*:*:*:*,CPE,cpe:2.3:o:paloaltonetworks:pan-os:11.1.2:h12:*:*:*:*:*:*,,,,,,,,
CPE:cpe:2.3:o:paloaltonetworks:pan-os:11.1.2:h14:*:*:*:*:*:*,CPE,cpe:2.3:o:paloaltonetworks:pan-os:11.1.2:h14:*:*:*:*:*:*,,,,,,,,
CPE:cpe:2.3:o:paloaltonetworks:pan-os:11.1.2:h1:*:*:*:*:*:*,CPE,cpe:2.3:o:paloaltonetworks:pan-os:11.1.2:h1:*:*:*:*:*:*,,,,,,,,
CPE:cpe:2.3:o:paloaltonetworks:pan-os:11.1.2:h3:*:*:*:*:*:*,CPE,cpe:2.3:o:paloaltonetworks:pan-os:11.1.2:h3:*:*:*:*:*:*,,,,,,,,
CPE:cpe:2.3:o:paloaltonetworks:pan-os:11.1.2:h4:*:*:*:*:*:*,CPE,cpe:2.3:o:paloaltonetworks:pan-os:11.1.2:h4:*:*:*:*:*:*,,,,,,,,
CPE:cpe:2.3:o:paloaltonetworks:pan-os:11.1.2:h9:*:*:*:*:*:*,CPE,cpe:2.3:o:paloaltonetworks:pan-os:11.1.2:h9:*:*:*:*:*:*,,,,,,,,
CPE:cpe:2.3:o:paloaltonetworks:pan-os:11.1.3:-:*:*:*:*:*:*,CPE,cpe:2.3:o:paloaltonetworks:pan-os:11.1.3:-:*:*:*:*:*:*,,,,,,,,
CPE:cpe:2.3:o:paloaltonetworks:pan-os:11.1.3:h10:*:*:*:*:*:*,CPE,cpe:2.3:o:paloaltonetworks:pan-os:11.1.3:h10:*:*:*:*:*:*,,,,,,,,
CPE:cpe:2.3:o:paloaltonetworks:pan-os:11.1.3:h1:*:*:*:*:*:*,CPE,cpe:2.3:o:paloaltonetworks:pan-os:11.1.3:h1:*:*:*:*:*:*,,,,,,,,
CPE:cpe:2.3:o:paloaltonetworks:pan-os:11.1.3:h2:*:*:*:*:*:*,CPE,cpe:2.3:o:paloaltonetworks:pan-os:11.1.3:h2:*:*:*:*:*:*,,,,,,,,
CPE:cpe:2.3:o:paloaltonetworks:pan-os:11.1.3:h4:*:*:*:*:*:*,CPE,cpe:2.3:o:paloaltonetworks:pan-os:11.1.3:h4:*:*:*:*:*:*,,,,,,,,
CPE:cpe:2.3:o:paloaltonetworks:pan-os:11.1.3:h6:*:*:*:*:*:*,CPE,cpe:2.3:o:paloaltonetworks:pan-os:11.1.3:h6:*:*:*:*:*:*,,,,,,,,
CPE:cpe:2.3:o:paloaltonetworks:pan-os:11.1.4:-:*:*:*:*:*:*,CPE,cpe:2.3:o:paloaltonetworks:pan-os:11.1.4:-:*:*:*:*:*:*,,,,,,,,
CPE:cpe:2.3:o:paloaltonetworks:pan-os:11.1.4:h1:*:*:*:*:*:*,CPE,cpe:2.3:o:paloaltonetworks:pan-os:11.1.4:h1:*:*:*:*:*:*,,,,,,,,
CPE:cpe:2.3:o:paloaltonetworks:pan-os:11.1.4:h4:*:*:*:*:*:*,CPE,cpe:2.3:o:paloaltonetworks:pan-os:11.1.4:h4:*:*:*:*:*:*,,,,,,,,
CPE:cpe:2.3:o:paloaltonetworks:pan-os:11.1.5:-:*:*:*:*:*:*,CPE,cpe:2.3:o:paloaltonetworks:pan-os:11.1.5:-:*:*:*:*:*:*,,,,,,,,
CPE:cpe:2.3:o:paloaltonetworks:pan-os:11.2.0:-:*:*:*:*:*:*,CPE,cpe:2.3:o:paloaltonetworks:pan-os:11.2.0:-:*:*:*:*:*:*,,,,,,,,
CPE:cpe:2.3:o:paloaltonetworks:pan-os:11.2.1:-:*:*:*:*:*:*,CPE,cpe:2.3:o:paloaltonetworks:pan-os:11.2.1:-:*:*:*:*:*:*,,,,,,,,
CPE:cpe:2.3:o:paloaltonetworks:pan-os:11.2.2:-:*:*:*:*:*:*,CPE,cpe:2.3:o:paloaltonetworks:pan-os:11.2.2:-:*:*:*:*:*:*,,,,,,,,
CPE:cpe:2.3:o:paloaltonetworks:pan-os:11.2.2:h1:*:*:*:*:*:*,CPE,cpe:2.3:o:paloaltonetworks:pan-os:11.2.2:h1:*:*:*:*:*:*,,,,,,,,
CPE:cpe:2.3:o:paloaltonetworks:pan-os:11.2.3:-:*:*:*:*:*:*,CPE,cpe:2.3:o:paloaltonetworks:pan-os:11.2.3:-:*:*:*:*:*:*,,,,,,,,
CPE:cpe:2.3:o:paloaltonetworks:pan-os:11.2.4:-:*:*:*:*:*:*,CPE,cpe:2.3:o:paloaltonetworks:pan-os:11.2.4:-:*:*:*:*:*:*,,,,,,,,
REF:CVE-2024-0012:0,Reference,https://labs.watchtowr.com/pots-and-pans-aka-an-sslvpn-palo-alto-pan-os-cve-2024-0012-and-cve-2024-9474/,,,,,,,,https://labs.watchtowr.com/pots-and-pans-aka-an-sslvpn-palo-alto-pan-os-cve-2024-0012-and-cve-2024-9474/
REF:CVE-2024-0012:1,Reference,https://security.paloaltonetworks.com/CVE-2024-0012,,,,,,,,https://security.paloaltonetworks.com/CVE-2024-0012
REF:CVE-2024-0012:2,Reference,https://unit42.paloaltonetworks.com/cve-2024-0012-cve-2024-9474/,,,,,,,,https://unit42.paloaltonetworks.com/cve-2024-0012-cve-2024-9474/
REF:CVE-2024-0012:3,Reference,https://www.cisa.gov/known-exploited-vulnerabilities-catalog?field_cve=CVE-2024-0012,,,,,,,,https://www.cisa.gov/known-exploited-vulnerabilities-catalog?field_cve=CVE-2024-0012
CVE:CVE-2025-8876,CVE,CVE-2025-8876,70916,0.684000,CRITICAL,CRITICAL,True,2025-08-14T15:15:43.170000Z,2025-08-13,
CWE:CWE-20,CWE,CWE-20,,,,,,,,
CWE:CWE-78,CWE,CWE-78,,,,,,,,
CPE:cpe:2.3:a:n-able:n-central:*:*:*:*:*:*:*:*,CPE,cpe:2.3:a:n-able:n-central:*:*:*:*:*:*:*:*,,,,,,,,
REF:CVE-2025-8876:0,Reference,https://status.n-able.com/2025/08/13/announcing-the-ga-of-n-central-2025-3-1/,,,,,,,,https://status.n-able.com/2025/08/13/announcing-the-ga-of-n-central-2025-3-1/
REF:CVE-2025-8876:1,Reference,https://www.cisa.gov/known-exploited-vulnerabilities-catalog?field_cve=CVE-2025-8876,,,,,,,,https://www.cisa.gov/known-exploited-vulnerabilities-catalog?field_cve=CVE-2025-8876
CVE:CVE-2025-67038,CVE,CVE-2025-67038,102741,0.684000,CRITICAL,CRITICAL,True,2026-03-11T17:16:52.010000Z,2026-06-23,
CPE:cpe:2.3:h:lantronix:e213f102s:-:*:*:*:*:*:*:*,CPE,cpe:2.3:h:lantronix:e213f102s:-:*:*:*:*:*:*:*,,,,,,,,
CPE:cpe:2.3:h:lantronix:e214f002s:-:*:*:*:*:*:*:*,CPE,cpe:2.3:h:lantronix:e214f002s:-:*:*:*:*:*:*:*,,,,,,,,
CPE:cpe:2.3:h:lantronix:e214f00cs:-:*:*:*:*:*:*:*,CPE,cpe:2.3:h:lantronix:e214f00cs:-:*:*:*:*:*:*:*,,,,,,,,
CPE:cpe:2.3:h:lantronix:e214g000s:-:*:*:*:*:*:*:*,CPE,cpe:2.3:h:lantronix:e214g000s:-:*:*:*:*:*:*:*,,,,,,,,
CPE:cpe:2.3:h:lantronix:e214g001s:-:*:*:*:*:*:*:*,CPE,cpe:2.3:h:lantronix:e214g001s:-:*:*:*:*:*:*:*,,,,,,,,
CPE:cpe:2.3:h:lantronix:e218f004s:-:*:*:*:*:*:*:*,CPE,cpe:2.3:h:lantronix:e218f004s:-:*:*:*:*:*:*:*,,,,,,,,
CPE:cpe:2.3:h:lantronix:e218g107s:-:*:*:*:*:*:*:*,CPE,cpe:2.3:h:lantronix:e218g107s:-:*:*:*:*:*:*:*,,,,,,,,
CPE:cpe:2.3:h:lantronix:e228g002s:-:*:*:*:*:*:*:*,CPE,cpe:2.3:h:lantronix:e228g002s:-:*:*:*:*:*:*:*,,,,,,,,
CPE:cpe:2.3:h:lantronix:e228g004s:-:*:*:*:*:*:*:*,CPE,cpe:2.3:h:lantronix:e228g004s:-:*:*:*:*:*:*:*,,,,,,,,
CPE:cpe:2.3:h:lantronix:e228g00cb28:-:*:*:*:*:*:*:*,CPE,cpe:2.3:h:lantronix:e228g00cb28:-:*:*:*:*:*:*:*,,,,,,,,
CPE:cpe:2.3:h:lantronix:e228g00cs:-:*:*:*:*:*:*:*,CPE,cpe:2.3:h:lantronix:e228g00cs:-:*:*:*:*:*:*:*,,,,,,,,
CPE:cpe:2.3:h:lantronix:eds5008:-:*:*:*:*:*:*:*,CPE,cpe:2.3:h:lantronix:eds5008:-:*:*:*:*:*:*:*,,,,,,,,
CPE:cpe:2.3:h:lantronix:eds5016:-:*:*:*:*:*:*:*,CPE,cpe:2.3:h:lantronix:eds5016:-:*:*:*:*:*:*:*,,,,,,,,
CPE:cpe:2.3:h:lantronix:eds5032:-:*:*:*:*:*:*:*,CPE,cpe:2.3:h:lantronix:eds5032:-:*:*:*:*:*:*:*,,,,,,,,
CPE:cpe:2.3:h:lantronix:g526gp12s:-:*:*:*:*:*:*:*,CPE,cpe:2.3:h:lantronix:g526gp12s:-:*:*:*:*:*:*:*,,,,,,,,
CPE:cpe:2.3:h:lantronix:g526gp17s:-:*:*:*:*:*:*:*,CPE,cpe:2.3:h:lantronix:g526gp17s:-:*:*:*:*:*:*:*,,,,,,,,
CPE:cpe:2.3:h:lantronix:g526gp1as:-:*:*:*:*:*:*:*,CPE,cpe:2.3:h:lantronix:g526gp1as:-:*:*:*:*:*:*:*,,,,,,,,
CPE:cpe:2.3:h:lantronix:g526gp1asg:-:*:*:*:*:*:*:*,CPE,cpe:2.3:h:lantronix:g526gp1asg:-:*:*:*:*:*:*:*,,,,,,,,
CPE:cpe:2.3:h:lantronix:g526gp1cs:-:*:*:*:*:*:*:*,CPE,cpe:2.3:h:lantronix:g526gp1cs:-:*:*:*:*:*:*:*,,,,,,,,
CPE:cpe:2.3:h:lantronix:g527gp22s:-:*:*:*:*:*:*:*,CPE,cpe:2.3:h:lantronix:g527gp22s:-:*:*:*:*:*:*:*,,,,,,,,
CPE:cpe:2.3:h:lantronix:g527gp27s:-:*:*:*:*:*:*:*,CPE,cpe:2.3:h:lantronix:g527gp27s:-:*:*:*:*:*:*:*,,,,,,,,
CPE:cpe:2.3:h:lantronix:g527gp2as:-:*:*:*:*:*:*:*,CPE,cpe:2.3:h:lantronix:g527gp2as:-:*:*:*:*:*:*:*,,,,,,,,
CPE:cpe:2.3:h:lantronix:g527gp2asg:-:*:*:*:*:*:*:*,CPE,cpe:2.3:h:lantronix:g527gp2asg:-:*:*:*:*:*:*:*,,,,,,,,
CPE:cpe:2.3:h:lantronix:g528gp2fs:-:*:*:*:*:*:*:*,CPE,cpe:2.3:h:lantronix:g528gp2fs:-:*:*:*:*:*:*:*,,,,,,,,
CPE:cpe:2.3:h:lantronix:g528gp2fsg:-:*:*:*:*:*:*:*,CPE,cpe:2.3:h:lantronix:g528gp2fsg:-:*:*:*:*:*:*:*,,,,,,,,
CPE:cpe:2.3:h:lantronix:g528gp2fsgc:-:*:*:*:*:*:*:*,CPE,cpe:2.3:h:lantronix:g528gp2fsgc:-:*:*:*:*:*:*:*,,,,,,,,
CPE:cpe:2.3:h:lantronix:x300f202s:-:*:*:*:*:*:*:*,CPE,cpe:2.3:h:lantronix:x300f202s:-:*:*:*:*:*:*:*,,,,,,,,
CPE:cpe:2.3:h:lantronix:x303f202s:-:*:*:*:*:*:*:*,CPE,cpe:2.3:h:lantronix:x303f202s:-:*:*:*:*:*:*:*,,,,,,,,
CPE:cpe:2.3:h:lantronix:x304g000s:-:*:*:*:*:*:*:*,CPE,cpe:2.3:h:lantronix:x304g000s:-:*:*:*:*:*:*:*,,,,,,,,
CPE:cpe:2.3:h:lantronix:x304g002s:-:*:*:*:*:*:*:*,CPE,cpe:2.3:h:lantronix:x304g002s:-:*:*:*:*:*:*:*,,,,,,,,
CPE:cpe:2.3:h:lantronix:x304g007s:-:*:*:*:*:*:*:*,CPE,cpe:2.3:h:lantronix:x304g007s:-:*:*:*:*:*:*:*,,,,,,,,
CPE:cpe:2.3:h:lantronix:x304g00as:-:*:*:*:*:*:*:*,CPE,cpe:2.3:h:lantronix:x304g00as:-:*:*:*:*:*:*:*,,,,,,,,
CPE:cpe:2.3:h:lantronix:x304g00cs:-:*:*:*:*:*:*:*,CPE,cpe:2.3:h:lantronix:x304g00cs:-:*:*:*:*:*:*:*,,,,,,,,
CPE:cpe:2.3:o:lantronix:e213f102s_firmware:*:*:*:*:*:*:*:*,CPE,cpe:2.3:o:lantronix:e213f102s_firmware:*:*:*:*:*:*:*:*,,,,,,,,
CPE:cpe:2.3:o:lantronix:e214f002s_firmware:*:*:*:*:*:*:*:*,CPE,cpe:2.3:o:lantronix:e214f002s_firmware:*:*:*:*:*:*:*:*,,,,,,,,
CPE:cpe:2.3:o:lantronix:e214f00cs_firmware:*:*:*:*:*:*:*:*,CPE,cpe:2.3:o:lantronix:e214f00cs_firmware:*:*:*:*:*:*:*:*,,,,,,,,
CPE:cpe:2.3:o:lantronix:e214g000s_firmware:*:*:*:*:*:*:*:*,CPE,cpe:2.3:o:lantronix:e214g000s_firmware:*:*:*:*:*:*:*:*,,,,,,,,
CPE:cpe:2.3:o:lantronix:e214g001s_firmware:*:*:*:*:*:*:*:*,CPE,cpe:2.3:o:lantronix:e214g001s_firmware:*:*:*:*:*:*:*:*,,,,,,,,
CPE:cpe:2.3:o:lantronix:e218f004s_firmware:*:*:*:*:*:*:*:*,CPE,cpe:2.3:o:lantronix:e218f004s_firmware:*:*:*:*:*:*:*:*,,,,,,,,
CPE:cpe:2.3:o:lantronix:e218g107s_firmware:*:*:*:*:*:*:*:*,CPE,cpe:2.3:o:lantronix:e218g107s_firmware:*:*:*:*:*:*:*:*,,,,,,,,
CPE:cpe:2.3:o:lantronix:e228g002s_firmware:*:*:*:*:*:*:*:*,CPE,cpe:2.3:o:lantronix:e228g002s_firmware:*:*:*:*:*:*:*:*,,,,,,,,
CPE:cpe:2.3:o:lantronix:e228g004s_firmware:*:*:*:*:*:*:*:*,CPE,cpe:2.3:o:lantronix:e228g004s_firmware:*:*:*:*:*:*:*:*,,,,,,,,
CPE:cpe:2.3:o:lantronix:e228g00cb28_firmware:*:*:*:*:*:*:*:*,CPE,cpe:2.3:o:lantronix:e228g00cb28_firmware:*:*:*:*:*:*:*:*,,,,,,,,
CPE:cpe:2.3:o:lantronix:e228g00cs_firmware:*:*:*:*:*:*:*:*,CPE,cpe:2.3:o:lantronix:e228g00cs_firmware:*:*:*:*:*:*:*:*,,,,,,,,
CPE:cpe:2.3:o:lantronix:eds5008_firmware:*:*:*:*:*:*:*:*,CPE,cpe:2.3:o:lantronix:eds5008_firmware:*:*:*:*:*:*:*:*,,,,,,,,
CPE:cpe:2.3:o:lantronix:eds5016_firmware:*:*:*:*:*:*:*:*,CPE,cpe:2.3:o:lantronix:eds5016_firmware:*:*:*:*:*:*:*:*,,,,,,,,
CPE:cpe:2.3:o:lantronix:eds5032_firmware:*:*:*:*:*:*:*:*,CPE,cpe:2.3:o:lantronix:eds5032_firmware:*:*:*:*:*:*:*:*,,,,,,,,
CPE:cpe:2.3:o:lantronix:g526gp12s_firmware:*:*:*:*:*:*:*:*,CPE,cpe:2.3:o:lantronix:g526gp12s_firmware:*:*:*:*:*:*:*:*,,,,,,,,
CPE:cpe:2.3:o:lantronix:g526gp17s_firmware:*:*:*:*:*:*:*:*,CPE,cpe:2.3:o:lantronix:g526gp17s_firmware:*:*:*:*:*:*:*:*,,,,,,,,
CPE:cpe:2.3:o:lantronix:g526gp1as_firmware:*:*:*:*:*:*:*:*,CPE,cpe:2.3:o:lantronix:g526gp1as_firmware:*:*:*:*:*:*:*:*,,,,,,,,
CPE:cpe:2.3:o:lantronix:g526gp1asg_firmware:*:*:*:*:*:*:*:*,CPE,cpe:2.3:o:lantronix:g526gp1asg_firmware:*:*:*:*:*:*:*:*,,,,,,,,
CPE:cpe:2.3:o:lantronix:g526gp1cs_firmware:*:*:*:*:*:*:*:*,CPE,cpe:2.3:o:lantronix:g526gp1cs_firmware:*:*:*:*:*:*:*:*,,,,,,,,
CPE:cpe:2.3:o:lantronix:g527gp22s_firmware:*:*:*:*:*:*:*:*,CPE,cpe:2.3:o:lantronix:g527gp22s_firmware:*:*:*:*:*:*:*:*,,,,,,,,
CPE:cpe:2.3:o:lantronix:g527gp27s_firmware:*:*:*:*:*:*:*:*,CPE,cpe:2.3:o:lantronix:g527gp27s_firmware:*:*:*:*:*:*:*:*,,,,,,,,
CPE:cpe:2.3:o:lantronix:g527gp2as_firmware:*:*:*:*:*:*:*:*,CPE,cpe:2.3:o:lantronix:g527gp2as_firmware:*:*:*:*:*:*:*:*,,,,,,,,
CPE:cpe:2.3:o:lantronix:g527gp2asg_firmware:*:*:*:*:*:*:*:*,CPE,cpe:2.3:o:lantronix:g527gp2asg_firmware:*:*:*:*:*:*:*:*,,,,,,,,
CPE:cpe:2.3:o:lantronix:g528gp2fs_firmware:*:*:*:*:*:*:*:*,CPE,cpe:2.3:o:lantronix:g528gp2fs_firmware:*:*:*:*:*:*:*:*,,,,,,,,
CPE:cpe:2.3:o:lantronix:g528gp2fsg_firmware:*:*:*:*:*:*:*:*,CPE,cpe:2.3:o:lantronix:g528gp2fsg_firmware:*:*:*:*:*:*:*:*,,,,,,,,
CPE:cpe:2.3:o:lantronix:g528gp2fsgc_firmware:*:*:*:*:*:*:*:*,CPE,cpe:2.3:o:lantronix:g528gp2fsgc_firmware:*:*:*:*:*:*:*:*,,,,,,,,
CPE:cpe:2.3:o:lantronix:x300f202s_firmware:*:*:*:*:*:*:*:*,CPE,cpe:2.3:o:lantronix:x300f202s_firmware:*:*:*:*:*:*:*:*,,,,,,,,
CPE:cpe:2.3:o:lantronix:x303f202s_firmware:*:*:*:*:*:*:*:*,CPE,cpe:2.3:o:lantronix:x303f202s_firmware:*:*:*:*:*:*:*:*,,,,,,,,
CPE:cpe:2.3:o:lantronix:x304g000s_firmware:*:*:*:*:*:*:*:*,CPE,cpe:2.3:o:lantronix:x304g000s_firmware:*:*:*:*:*:*:*:*,,,,,,,,
CPE:cpe:2.3:o:lantronix:x304g002s_firmware:*:*:*:*:*:*:*:*,CPE,cpe:2.3:o:lantronix:x304g002s_firmware:*:*:*:*:*:*:*:*,,,,,,,,
CPE:cpe:2.3:o:lantronix:x304g007s_firmware:*:*:*:*:*:*:*:*,CPE,cpe:2.3:o:lantronix:x304g007s_firmware:*:*:*:*:*:*:*:*,,,,,,,,
CPE:cpe:2.3:o:lantronix:x304g00as_firmware:*:*:*:*:*:*:*:*,CPE,cpe:2.3:o:lantronix:x304g00as_firmware:*:*:*:*:*:*:*:*,,,,,,,,
CPE:cpe:2.3:o:lantronix:x304g00cs_firmware:*:*:*:*:*:*:*:*,CPE,cpe:2.3:o:lantronix:x304g00cs_firmware:*:*:*:*:*:*:*:*,,,,,,,,
REF:CVE-2025-67038:0,Reference,https://github.com/cisagov/CSAF/blob/develop/csaf_files/OT/white/2026/icsa-26-069-02.json,,,,,,,,https://github.com/cisagov/CSAF/blob/develop/csaf_files/OT/white/2026/icsa-26-069-02.json
REF:CVE-2025-67038:1,Reference,https://www.cisa.gov/known-exploited-vulnerabilities-catalog?field_cve=CVE-2025-67038,,,,,,,,https://www.cisa.gov/known-exploited-vulnerabilities-catalog?field_cve=CVE-2025-67038
REF:CVE-2025-67038:2,Reference,https://www.cisa.gov/news-events/ics-advisories/icsa-26-069-02,,,,,,,,https://www.cisa.gov/news-events/ics-advisories/icsa-26-069-02
REF:CVE-2025-67038:3,Reference,https://www.lantronix.com/technical-support/security-updates/vulnerability-disclosure-policy/vulnerability-library/?_gl=16c8bez_upMQ.._gaMzQwNjk5ODI5LjE3ODI5MTM3NTk._ga_M2G6RLT5L3*czE3ODI5MTM3NTgkbzEkZzAkdDE3ODI5MTM3NTgkajYwJGwwJGgw,,,,,,,,https://www.lantronix.com/technical-support/security-updates/vulnerability-disclosure-policy/vulnerability-library/?_gl=16c8bez_upMQ.._gaMzQwNjk5ODI5LjE3ODI5MTM3NTk._ga_M2G6RLT5L3*czE3ODI5MTM3NTgkbzEkZzAkdDE3ODI5MTM3NTgkajYwJGwwJGgw
CVE:CVE-2025-21334,CVE,CVE-2025-21334,42694,0.682000,CRITICAL,HIGH,True,2025-01-14T18:15:58.770000Z,2025-01-14,
CWE:CWE-416,CWE,CWE-416,,,,,,,,
CPE:cpe:2.3:o:microsoft:windows_10_21h2:*:*:*:*:*:*:x64:*,CPE,cpe:2.3:o:microsoft:windows_10_21h2:*:*:*:*:*:*:x64:*,,,,,,,,
CPE:cpe:2.3:o:microsoft:windows_10_22h2:*:*:*:*:*:*:x64:*,CPE,cpe:2.3:o:microsoft:windows_10_22h2:*:*:*:*:*:*:x64:*,,,,,,,,
CPE:cpe:2.3:o:microsoft:windows_11_22h2:*:*:*:*:*:*:arm64:*,CPE,cpe:2.3:o:microsoft:windows_11_22h2:*:*:*:*:*:*:arm64:*,,,,,,,,
CPE:cpe:2.3:o:microsoft:windows_11_22h2:*:*:*:*:*:*:x64:*,CPE,cpe:2.3:o:microsoft:windows_11_22h2:*:*:*:*:*:*:x64:*,,,,,,,,
CPE:cpe:2.3:o:microsoft:windows_11_23h2:*:*:*:*:*:*:arm64:*,CPE,cpe:2.3:o:microsoft:windows_11_23h2:*:*:*:*:*:*:arm64:*,,,,,,,,
CPE:cpe:2.3:o:microsoft:windows_11_23h2:*:*:*:*:*:*:x64:*,CPE,cpe:2.3:o:microsoft:windows_11_23h2:*:*:*:*:*:*:x64:*,,,,,,,,
CPE:cpe:2.3:o:microsoft:windows_11_24h2:*:*:*:*:*:*:arm64:*,CPE,cpe:2.3:o:microsoft:windows_11_24h2:*:*:*:*:*:*:arm64:*,,,,,,,,
CPE:cpe:2.3:o:microsoft:windows_11_24h2:*:*:*:*:*:*:x64:*,CPE,cpe:2.3:o:microsoft:windows_11_24h2:*:*:*:*:*:*:x64:*,,,,,,,,
CPE:cpe:2.3:o:microsoft:windows_server_2022_23h2:*:*:*:*:*:*:*:*,CPE,cpe:2.3:o:microsoft:windows_server_2022_23h2:*:*:*:*:*:*:*:*,,,,,,,,
CPE:cpe:2.3:o:microsoft:windows_server_2025:*:*:*:*:*:*:*:*,CPE,cpe:2.3:o:microsoft:windows_server_2025:*:*:*:*:*:*:*:*,,,,,,,,
REF:CVE-2025-21334:0,Reference,https://msrc.microsoft.com/update-guide/vulnerability/CVE-2025-21334,,,,,,,,https://msrc.microsoft.com/update-guide/vulnerability/CVE-2025-21334
REF:CVE-2025-21334:1,Reference,https://www.cisa.gov/known-exploited-vulnerabilities-catalog?field_cve=CVE-2025-21334,,,,,,,,https://www.cisa.gov/known-exploited-vulnerabilities-catalog?field_cve=CVE-2025-21334
CVE:CVE-2025-21335,CVE,CVE-2025-21335,42695,0.682000,CRITICAL,HIGH,True,2025-01-14T18:15:58.960000Z,2025-01-14,
REF:CVE-2025-21335:0,Reference,https://msrc.microsoft.com/update-guide/vulnerability/CVE-2025-21335,,,,,,,,https://msrc.microsoft.com/update-guide/vulnerability/CVE-2025-21335
REF:CVE-2025-21335:1,Reference,https://www.cisa.gov/known-exploited-vulnerabilities-catalog?field_cve=CVE-2025-21335,,,,,,,,https://www.cisa.gov/known-exploited-vulnerabilities-catalog?field_cve=CVE-2025-21335
CVE:CVE-2025-8875,CVE,CVE-2025-8875,70915,0.680000,CRITICAL,CRITICAL,True,2025-08-14T15:15:43.020000Z,2025-08-13,
REF:CVE-2025-8875:0,Reference,https://status.n-able.com/2025/08/13/announcing-the-ga-of-n-central-2025-3-1/,,,,,,,,https://status.n-able.com/2025/08/13/announcing-the-ga-of-n-central-2025-3-1/
REF:CVE-2025-8875:1,Reference,https://www.cisa.gov/known-exploited-vulnerabilities-catalog?field_cve=CVE-2025-8875,,,,,,,,https://www.cisa.gov/known-exploited-vulnerabilities-catalog?field_cve=CVE-2025-8875
CVE:CVE-2024-56145,CVE,CVE-2024-56145,39689,0.678000,CRITICAL,CRITICAL,True,2024-12-18T21:15:08.530000Z,2025-06-02,
CWE:CWE-94,CWE,CWE-94,,,,,,,,
CPE:cpe:2.3:a:craftcms:craft_cms:*:*:*:*:*:*:*:*,CPE,cpe:2.3:a:craftcms:craft_cms:*:*:*:*:*:*:*:*,,,,,,,,
REF:CVE-2024-56145:0,Reference,https://github.com/Chocapikk/CVE-2024-56145,,,,,,,,https://github.com/Chocapikk/CVE-2024-56145
REF:CVE-2024-56145:1,Reference,https://github.com/craftcms/cms/commit/82e893fb794d30563da296bca31379c0df0079b3,,,,,,,,https://github.com/craftcms/cms/commit/82e893fb794d30563da296bca31379c0df0079b3
REF:CVE-2024-56145:2,Reference,https://github.com/craftcms/cms/security/advisories/GHSA-2p6p-9rc9-62j9,,,,,,,,https://github.com/craftcms/cms/security/advisories/GHSA-2p6p-9rc9-62j9
REF:CVE-2024-56145:3,Reference,https://www.cisa.gov/known-exploited-vulnerabilities-catalog?field_cve=CVE-2024-56145,,,,,,,,https://www.cisa.gov/known-exploited-vulnerabilities-catalog?field_cve=CVE-2024-56145
CVE:CVE-2024-54085,CVE,CVE-2024-54085,50155,0.678000,CRITICAL,CRITICAL,True,2025-03-11T14:15:22.893000Z,2025-06-25,
CWE:CWE-290,CWE,CWE-290,,,,,,,,
CPE:cpe:2.3:h:netapp:h300s:-:*:*:*:*:*:*:*,CPE,cpe:2.3:h:netapp:h300s:-:*:*:*:*:*:*:*,,,,,,,,
CPE:cpe:2.3:h:netapp:h410c:-:*:*:*:*:*:*:*,CPE,cpe:2.3:h:netapp:h410c:-:*:*:*:*:*:*:*,,,,,,,,
CPE:cpe:2.3:h:netapp:h410s:-:*:*:*:*:*:*:*,CPE,cpe:2.3:h:netapp:h410s:-:*:*:*:*:*:*:*,,,,,,,,
CPE:cpe:2.3:h:netapp:h500s:-:*:*:*:*:*:*:*,CPE,cpe:2.3:h:netapp:h500s:-:*:*:*:*:*:*:*,,,,,,,,
CPE:cpe:2.3:h:netapp:h700s:-:*:*:*:*:*:*:*,CPE,cpe:2.3:h:netapp:h700s:-:*:*:*:*:*:*:*,,,,,,,,
CPE:cpe:2.3:h:netapp:sg1100:-:*:*:*:*:*:*:*,CPE,cpe:2.3:h:netapp:sg1100:-:*:*:*:*:*:*:*,,,,,,,,
CPE:cpe:2.3:h:netapp:sg110:-:*:*:*:*:*:*:*,CPE,cpe:2.3:h:netapp:sg110:-:*:*:*:*:*:*:*,,,,,,,,
CPE:cpe:2.3:h:netapp:sg6160:-:*:*:*:*:*:*:*,CPE,cpe:2.3:h:netapp:sg6160:-:*:*:*:*:*:*:*,,,,,,,,
CPE:cpe:2.3:h:netapp:sgf6112:-:*:*:*:*:*:*:*,CPE,cpe:2.3:h:netapp:sgf6112:-:*:*:*:*:*:*:*,,,,,,,,
CPE:cpe:2.3:o:ami:megarac_sp-x:*:*:*:*:*:*:*:*,CPE,cpe:2.3:o:ami:megarac_sp-x:*:*:*:*:*:*:*:*,,,,,,,,
CPE:cpe:2.3:o:netapp:h300s_firmware:-:*:*:*:*:*:*:*,CPE,cpe:2.3:o:netapp:h300s_firmware:-:*:*:*:*:*:*:*,,,,,,,,
CPE:cpe:2.3:o:netapp:h410c_firmware:-:*:*:*:*:*:*:*,CPE,cpe:2.3:o:netapp:h410c_firmware:-:*:*:*:*:*:*:*,,,,,,,,
CPE:cpe:2.3:o:netapp:h410s_firmware:-:*:*:*:*:*:*:*,CPE,cpe:2.3:o:netapp:h410s_firmware:-:*:*:*:*:*:*:*,,,,,,,,
CPE:cpe:2.3:o:netapp:h500s_firmware:-:*:*:*:*:*:*:*,CPE,cpe:2.3:o:netapp:h500s_firmware:-:*:*:*:*:*:*:*,,,,,,,,
CPE:cpe:2.3:o:netapp:h700s_firmware:-:*:*:*:*:*:*:*,CPE,cpe:2.3:o:netapp:h700s_firmware:-:*:*:*:*:*:*:*,,,,,,,,
CPE:cpe:2.3:o:netapp:sg1100_firmware:-:*:*:*:*:*:*:*,CPE,cpe:2.3:o:netapp:sg1100_firmware:-:*:*:*:*:*:*:*,,,,,,,,
CPE:cpe:2.3:o:netapp:sg110_firmware:-:*:*:*:*:*:*:*,CPE,cpe:2.3:o:netapp:sg110_firmware:-:*:*:*:*:*:*:*,,,,,,,,
CPE:cpe:2.3:o:netapp:sg6160_firmware:-:*:*:*:*:*:*:*,CPE,cpe:2.3:o:netapp:sg6160_firmware:-:*:*:*:*:*:*:*,,,,,,,,
CPE:cpe:2.3:o:netapp:sgf6112_firmware:-:*:*:*:*:*:*:*,CPE,cpe:2.3:o:netapp:sgf6112_firmware:-:*:*:*:*:*:*:*,,,,,,,,
REF:CVE-2024-54085:0,Reference,https://arstechnica.com/security/2025/06/active-exploitation-of-ami-management-tool-imperils-thousands-of-servers/,,,,,,,,https://arstechnica.com/security/2025/06/active-exploitation-of-ami-management-tool-imperils-thousands-of-servers/
REF:CVE-2024-54085:1,Reference,https://eclypsium.com/blog/bmc-vulnerability-cve-2024-05485-cisa-known-exploited-vulnerabilities/,,,,,,,,https://eclypsium.com/blog/bmc-vulnerability-cve-2024-05485-cisa-known-exploited-vulnerabilities/
REF:CVE-2024-54085:2,Reference,https://go.ami.com/hubfs/Security%20Advisories/2025/AMI-SA-2025003.pdf,,,,,,,,https://go.ami.com/hubfs/Security%20Advisories/2025/AMI-SA-2025003.pdf
REF:CVE-2024-54085:3,Reference,https://nvd.nist.gov/vuln/detail/CVE-2024-54085,,,,,,,,https://nvd.nist.gov/vuln/detail/CVE-2024-54085
REF:CVE-2024-54085:4,Reference,https://security.netapp.com/advisory/ntap-20250328-0003/,,,,,,,,https://security.netapp.com/advisory/ntap-20250328-0003/
REF:CVE-2024-54085:5,Reference,https://www.bleepingcomputer.com/news/security/cisa-ami-megarac-bug-that-lets-hackers-brick-servers-now-actively-exploited/,,,,,,,,https://www.bleepingcomputer.com/news/security/cisa-ami-megarac-bug-that-lets-hackers-brick-servers-now-actively-exploited/
REF:CVE-2024-54085:6,Reference,https://www.cisa.gov/known-exploited-vulnerabilities-catalog?field_cve=CVE-2024-54085,,,,,,,,https://www.cisa.gov/known-exploited-vulnerabilities-catalog?field_cve=CVE-2024-54085
REF:CVE-2024-54085:7,Reference,https://www.networkworld.com/article/4013368/ami-megarac-authentication-bypass-flaw-is-being-exploitated-cisa-warns.html,,,,,,,,https://www.networkworld.com/article/4013368/ami-megarac-authentication-bypass-flaw-is-being-exploitated-cisa-warns.html
CVE:CVE-2026-16812,CVE,CVE-2026-16812,135970,0.678000,CRITICAL,CRITICAL,True,2026-07-27T16:17:03.640000Z,2026-07-27,
CPE:cpe:2.3:a:arista:velocloud_orchestrator:*:*:*:*:*:*:*:*,CPE,cpe:2.3:a:arista:velocloud_orchestrator:*:*:*:*:*:*:*:*,,,,,,,,
CPE:cpe:2.3:a:arista:velocloud_orchestrator:7.0.0:*:*:*:*:*:*:*,CPE,cpe:2.3:a:arista:velocloud_orchestrator:7.0.0:*:*:*:*:*:*:*,,,,,,,,
REF:CVE-2026-16812:0,Reference,https://www.arista.com/en/support/advisories-notices/security-advisory/24364-security-advisory-0144,,,,,,,,https://www.arista.com/en/support/advisories-notices/security-advisory/24364-security-advisory-0144
REF:CVE-2026-16812:1,Reference,https://www.cisa.gov/known-exploited-vulnerabilities-catalog?field_cve=CVE-2026-16812,,,,,,,,https://www.cisa.gov/known-exploited-vulnerabilities-catalog?field_cve=CVE-2026-16812
CVE:CVE-2026-82078,CVE,CVE-2026-82078,149695,0.678000,CRITICAL,CRITICAL,True,2026-08-28T16:18:31.240000Z,2026-08-31,
CWE:CWE-470,CWE,CWE-470,,,,,,,,
CPE:cpe:2.3:a:papercut:papercut_mf:*:*:*:*:*:*:*:*,CPE,cpe:2.3:a:papercut:papercut_mf:*:*:*:*:*:*:*:*,,,,,,,,
CPE:cpe:2.3:a:papercut:papercut_ng:*:*:*:*:*:*:*:*,CPE,cpe:2.3:a:papercut:papercut_ng:*:*:*:*:*:*:*:*,,,,,,,,
REF:CVE-2026-82078:0,Reference,https://github.com/rapid7/metasploit-framework/pull/21842,,,,,,,,https://github.com/rapid7/metasploit-framework/pull/21842
REF:CVE-2026-82078:1,Reference,https://www.cisa.gov/known-exploited-vulnerabilities-catalog?field_cve=CVE-2026-82078,,,,,,,,https://www.cisa.gov/known-exploited-vulnerabilities-catalog?field_cve=CVE-2026-82078
REF:CVE-2026-82078:2,Reference,https://www.papercut.com/kb/Main/security-bulletin-27-aug-2026-urgent-security-advisory/,,,,,,,,https://www.papercut.com/kb/Main/security-bulletin-27-aug-2026-urgent-security-advisory/
CVE:CVE-2025-3928,CVE,CVE-2025-3928,56852,0.676000,CRITICAL,HIGH,True,2025-04-25T16:15:27.817000Z,2025-04-28,
CPE:cpe:2.3:a:commvault:commvault:*:*:*:*:*:*:*:*,CPE,cpe:2.3:a:commvault:commvault:*:*:*:*:*:*:*:*,,,,,,,,
CPE:cpe:2.3:o:linux:linux_kernel:-:*:*:*:*:*:*:*,CPE,cpe:2.3:o:linux:linux_kernel:-:*:*:*:*:*:*:*,,,,,,,,
REF:CVE-2025-3928:0,Reference,https://documentation.commvault.com/securityadvisories/CV_2025_03_1.html,,,,,,,,https://documentation.commvault.com/securityadvisories/CV_2025_03_1.html
REF:CVE-2025-3928:1,Reference,https://www.bleepingcomputer.com/news/security/commvault-says-recent-breach-didnt-impact-customer-backup-data/,,,,,,,,https://www.bleepingcomputer.com/news/security/commvault-says-recent-breach-didnt-impact-customer-backup-data/
REF:CVE-2025-3928:2,Reference,https://www.cisa.gov/known-exploited-vulnerabilities-catalog?field_cve=CVE-2025-3928,,,,,,,,https://www.cisa.gov/known-exploited-vulnerabilities-catalog?field_cve=CVE-2025-3928
REF:CVE-2025-3928:3,Reference,https://www.cisa.gov/known-exploited-vulnerabilities-catalog?search_api_fulltext=CVE-2025-3928,,,,,,,,https://www.cisa.gov/known-exploited-vulnerabilities-catalog?search_api_fulltext=CVE-2025-3928
REF:CVE-2025-3928:4,Reference,https://www.cisa.gov/news-events/alerts/2025/05/22/advisory-update-cyber-threat-activity-targeting-commvaults-saas-cloud-application-metallic,,,,,,,,https://www.cisa.gov/news-events/alerts/2025/05/22/advisory-update-cyber-threat-activity-targeting-commvaults-saas-cloud-application-metallic
REF:CVE-2025-3928:5,Reference,https://www.commvault.com/blogs/customer-security-update,,,,,,,,https://www.commvault.com/blogs/customer-security-update
REF:CVE-2025-3928:6,Reference,https://www.commvault.com/blogs/notice-security-advisory-update,,,,,,,,https://www.commvault.com/blogs/notice-security-advisory-update
REF:CVE-2025-3928:7,Reference,https://www.commvault.com/blogs/security-advisory-march-7-2025,,,,,,,,https://www.commvault.com/blogs/security-advisory-march-7-2025
CVE:CVE-2025-8088,CVE,CVE-2025-8088,69999,0.676000,CRITICAL,HIGH,True,2025-08-08T12:15:29.343000Z,2025-08-12,
CWE:CWE-35,CWE,CWE-35,,,,,,,,
CPE:cpe:2.3:a:dtsearch:dtsearch:*:*:*:*:*:*:*:*,CPE,cpe:2.3:a:dtsearch:dtsearch:*:*:*:*:*:*:*:*,,,,,,,,
CPE:cpe:2.3:a:rarlab:winrar:*:*:*:*:*:*:*:*,CPE,cpe:2.3:a:rarlab:winrar:*:*:*:*:*:*:*:*,,,,,,,,
REF:CVE-2025-8088:0,Reference,https://arstechnica.com/security/2025/08/high-severity-winrar-0-day-exploited-for-weeks-by-2-groups/,,,,,,,,https://arstechnica.com/security/2025/08/high-severity-winrar-0-day-exploited-for-weeks-by-2-groups/
REF:CVE-2025-8088:1,Reference,https://support.dtsearch.com/faq/dts0245.htm,,,,,,,,https://support.dtsearch.com/faq/dts0245.htm
REF:CVE-2025-8088:2,Reference,https://www.cisa.gov/known-exploited-vulnerabilities-catalog?field_cve=CVE-2025-8088,,,,,,,,https://www.cisa.gov/known-exploited-vulnerabilities-catalog?field_cve=CVE-2025-8088
REF:CVE-2025-8088:3,Reference,https://www.vicarius.io/vsociety/posts/cve-2025-8088-detect-winrar-zero-day,,,,,,,,https://www.vicarius.io/vsociety/posts/cve-2025-8088-detect-winrar-zero-day
REF:CVE-2025-8088:4,Reference,https://www.vicarius.io/vsociety/posts/cve-2025-8088-mitigate-winrar-zero-day-using-srp-and-ifeo,,,,,,,,https://www.vicarius.io/vsociety/posts/cve-2025-8088-mitigate-winrar-zero-day-using-srp-and-ifeo
REF:CVE-2025-8088:5,Reference,https://www.welivesecurity.com/en/eset-research/update-winrar-tools-now-romcom-and-others-exploiting-zero-day-vulnerability/#the-discovery-of-cve-2025-8088,,,,,,,,https://www.welivesecurity.com/en/eset-research/update-winrar-tools-now-romcom-and-others-exploiting-zero-day-vulnerability/#the-discovery-of-cve-2025-8088
REF:CVE-2025-8088:6,Reference,https://www.win-rar.com/singlenewsview.html?&L=0&tx_ttnews%5Btt_news%5D=283&cHash=a64b4a8f662d3639dec8d65f47bc93c5,,,,,,,,https://www.win-rar.com/singlenewsview.html?&L=0&tx_ttnews%5Btt_news%5D=283&cHash=a64b4a8f662d3639dec8d65f47bc93c5
CVE:CVE-2026-42208,CVE,CVE-2026-42208,114296,0.676000,CRITICAL,CRITICAL,True,2026-05-08T04:16:19.923000Z,2026-05-08,
CWE:CWE-89,CWE,CWE-89,,,,,,,,
CPE:cpe:2.3:a:litellm:litellm:*:*:*:*:*:*:*:*,CPE,cpe:2.3:a:litellm:litellm:*:*:*:*:*:*:*:*,,,,,,,,
REF:CVE-2026-42208:0,Reference,https://access.redhat.com/security/cve/CVE-2026-42208,,,,,,,,https://access.redhat.com/security/cve/CVE-2026-42208
REF:CVE-2026-42208:1,Reference,https://bugzilla.redhat.com/show_bug.cgi?id=2463965,,,,,,,,https://bugzilla.redhat.com/show_bug.cgi?id=2463965
REF:CVE-2026-42208:2,Reference,https://github.com/BerriAI/litellm/releases/tag/v1.83.7-stable,,,,,,,,https://github.com/BerriAI/litellm/releases/tag/v1.83.7-stable
REF:CVE-2026-42208:3,Reference,https://github.com/BerriAI/litellm/security/advisories/GHSA-r75f-5x8p-qvmc,,,,,,,,https://github.com/BerriAI/litellm/security/advisories/GHSA-r75f-5x8p-qvmc
REF:CVE-2026-42208:4,Reference,https://security.access.redhat.com/data/csaf/v2/vex/2026/cve-2026-42208.json,,,,,,,,https://security.access.redhat.com/data/csaf/v2/vex/2026/cve-2026-42208.json
REF:CVE-2026-42208:5,Reference,https://www.cisa.gov/known-exploited-vulnerabilities-catalog?field_cve=CVE-2026-42208,,,,,,,,https://www.cisa.gov/known-exploited-vulnerabilities-catalog?field_cve=CVE-2026-42208
CVE:CVE-2025-7775,CVE,CVE-2025-7775,72322,0.674000,CRITICAL,CRITICAL,True,2025-08-26T13:15:32.870000Z,2025-08-26,
REF:CVE-2025-7775:0,Reference,https://support.citrix.com/support-home/kbsearch/article?articleNumber=CTX694938,,,,,,,,https://support.citrix.com/support-home/kbsearch/article?articleNumber=CTX694938
REF:CVE-2025-7775:1,Reference,https://www.cisa.gov/known-exploited-vulnerabilities-catalog?field_cve=CVE-2025-7775,,,,,,,,https://www.cisa.gov/known-exploited-vulnerabilities-catalog?field_cve=CVE-2025-7775
CVE:CVE-2025-34291,CVE,CVE-2025-34291,85775,0.674000,CRITICAL,CRITICAL,True,2025-12-05T23:15:47.433000Z,2026-05-21,
CWE:CWE-346,CWE,CWE-346,,,,,,,,
CPE:cpe:2.3:a:langflow:langflow:*:*:*:*:*:*:*:*,CPE,cpe:2.3:a:langflow:langflow:*:*:*:*:*:*:*:*,,,,,,,,
REF:CVE-2025-34291:0,Reference,https://github.com/langflow-ai/langflow,,,,,,,,https://github.com/langflow-ai/langflow
REF:CVE-2025-34291:1,Reference,https://www.cisa.gov/known-exploited-vulnerabilities-catalog?field_cve=CVE-2025-34291,,,,,,,,https://www.cisa.gov/known-exploited-vulnerabilities-catalog?field_cve=CVE-2025-34291
REF:CVE-2025-34291:2,Reference,https://www.crowdsec.net/vulntracking-report/cve-2025-34291,,,,,,,,https://www.crowdsec.net/vulntracking-report/cve-2025-34291
REF:CVE-2025-34291:3,Reference,https://www.obsidiansecurity.com/blog/cve-2025-34291-critical-account-takeover-and-rce-vulnerability-in-the-langflow-ai-agent-workflow-platform,,,,,,,,https://www.obsidiansecurity.com/blog/cve-2025-34291-critical-account-takeover-and-rce-vulnerability-in-the-langflow-ai-agent-workflow-platform
REF:CVE-2025-34291:4,Reference,https://www.vulncheck.com/advisories/langflow-cors-misconfiguration-to-token-hijack-and-rce,,,,,,,,https://www.vulncheck.com/advisories/langflow-cors-misconfiguration-to-token-hijack-and-rce
CVE:CVE-2026-12569,CVE,CVE-2026-12569,124558,0.674000,CRITICAL,CRITICAL,True,2026-06-18T01:18:12.040000Z,2026-06-25,
CPE:cpe:2.3:a:ptc:flexplm:*:*:*:*:*:*:*:*,CPE,cpe:2.3:a:ptc:flexplm:*:*:*:*:*:*:*:*,,,,,,,,
CPE:cpe:2.3:a:ptc:flexplm:11.1m020:*:*:*:*:*:*:*,CPE,cpe:2.3:a:ptc:flexplm:11.1m020:*:*:*:*:*:*:*,,,,,,,,
CPE:cpe:2.3:a:ptc:flexplm:11.2.1.0:*:*:*:*:*:*:*,CPE,cpe:2.3:a:ptc:flexplm:11.2.1.0:*:*:*:*:*:*:*,,,,,,,,
CPE:cpe:2.3:a:ptc:flexplm:12.0.0.0:*:*:*:*:*:*:*,CPE,cpe:2.3:a:ptc:flexplm:12.0.0.0:*:*:*:*:*:*:*,,,,,,,,
CPE:cpe:2.3:a:ptc:flexplm:12.0.2.0:*:*:*:*:*:*:*,CPE,cpe:2.3:a:ptc:flexplm:12.0.2.0:*:*:*:*:*:*:*,,,,,,,,
CPE:cpe:2.3:a:ptc:flexplm:12.1.3.0:*:*:*:*:*:*:*,CPE,cpe:2.3:a:ptc:flexplm:12.1.3.0:*:*:*:*:*:*:*,,,,,,,,
CPE:cpe:2.3:a:ptc:flexplm:13.0.2.0:*:*:*:*:*:*:*,CPE,cpe:2.3:a:ptc:flexplm:13.0.2.0:*:*:*:*:*:*:*,,,,,,,,
CPE:cpe:2.3:a:ptc:flexplm:13.0.3.0:*:*:*:*:*:*:*,CPE,cpe:2.3:a:ptc:flexplm:13.0.3.0:*:*:*:*:*:*:*,,,,,,,,
CPE:cpe:2.3:a:ptc:windchill_pdmlink:*:*:*:*:*:*:*:*,CPE,cpe:2.3:a:ptc:windchill_pdmlink:*:*:*:*:*:*:*:*,,,,,,,,
CPE:cpe:2.3:a:ptc:windchill_pdmlink:11.0m030:-:*:*:*:*:*:*,CPE,cpe:2.3:a:ptc:windchill_pdmlink:11.0m030:-:*:*:*:*:*:*,,,,,,,,
CPE:cpe:2.3:a:ptc:windchill_pdmlink:11.1m020:-:*:*:*:*:*:*,CPE,cpe:2.3:a:ptc:windchill_pdmlink:11.1m020:-:*:*:*:*:*:*,,,,,,,,
CPE:cpe:2.3:a:ptc:windchill_pdmlink:11.2.1.0:-:*:*:*:*:*:*,CPE,cpe:2.3:a:ptc:windchill_pdmlink:11.2.1.0:-:*:*:*:*:*:*,,,,,,,,
CPE:cpe:2.3:a:ptc:windchill_pdmlink:12.0.2.0:-:*:*:*:*:*:*,CPE,cpe:2.3:a:ptc:windchill_pdmlink:12.0.2.0:-:*:*:*:*:*:*,,,,,,,,
CPE:cpe:2.3:a:ptc:windchill_pdmlink:12.1.2.0:-:*:*:*:*:*:*,CPE,cpe:2.3:a:ptc:windchill_pdmlink:12.1.2.0:-:*:*:*:*:*:*,,,,,,,,
CPE:cpe:2.3:a:ptc:windchill_pdmlink:13.0.2.0:-:*:*:*:*:*:*,CPE,cpe:2.3:a:ptc:windchill_pdmlink:13.0.2.0:-:*:*:*:*:*:*,,,,,,,,
CPE:cpe:2.3:a:ptc:windchill_pdmlink:13.1.0.0:*:*:*:*:*:*:*,CPE,cpe:2.3:a:ptc:windchill_pdmlink:13.1.0.0:*:*:*:*:*:*:*,,,,,,,,
CPE:cpe:2.3:a:ptc:windchill_pdmlink:13.1.1.0:-:*:*:*:*:*:*,CPE,cpe:2.3:a:ptc:windchill_pdmlink:13.1.1.0:-:*:*:*:*:*:*,,,,,,,,
CPE:cpe:2.3:a:ptc:windchill_pdmlink:13.1.2.0:*:*:*:*:*:*:*,CPE,cpe:2.3:a:ptc:windchill_pdmlink:13.1.2.0:*:*:*:*:*:*:*,,,,,,,,
CPE:cpe:2.3:a:ptc:windchill_pdmlink:13.1.3.0:*:*:*:*:*:*:*,CPE,cpe:2.3:a:ptc:windchill_pdmlink:13.1.3.0:*:*:*:*:*:*:*,,,,,,,,
REF:CVE-2026-12569:0,Reference,https://www.cisa.gov/known-exploited-vulnerabilities-catalog?field_cve=CVE-2026-12569,,,,,,,,https://www.cisa.gov/known-exploited-vulnerabilities-catalog?field_cve=CVE-2026-12569
REF:CVE-2026-12569:1,Reference,https://www.ptc.com/en/support/article/CS473270,,,,,,,,https://www.ptc.com/en/support/article/CS473270
CVE:CVE-2026-23760,CVE,CVE-2026-23760,94244,0.672000,CRITICAL,CRITICAL,True,2026-01-22T15:16:55.120000Z,2026-01-26,
CWE:CWE-288,CWE,CWE-288,,,,,,,,
CPE:cpe:2.3:a:smartertools:smartermail:*:*:*:*:*:*:*:*,CPE,cpe:2.3:a:smartertools:smartermail:*:*:*:*:*:*:*:*,,,,,,,,
REF:CVE-2026-23760:0,Reference,https://code-white.com/public-vulnerability-list/#authenticationserviceforceresetpassword-missing-authentication-in-smartermail,,,,,,,,https://code-white.com/public-vulnerability-list/#authenticationserviceforceresetpassword-missing-authentication-in-smartermail
REF:CVE-2026-23760:1,Reference,https://labs.watchtowr.com/attackers-with-decompilers-strike-again-smartertools-smartermail-wt-2026-0001-auth-bypass/,,,,,,,,https://labs.watchtowr.com/attackers-with-decompilers-strike-again-smartertools-smartermail-wt-2026-0001-auth-bypass/
REF:CVE-2026-23760:2,Reference,https://www.cisa.gov/known-exploited-vulnerabilities-catalog?field_cve=CVE-2026-23760,,,,,,,,https://www.cisa.gov/known-exploited-vulnerabilities-catalog?field_cve=CVE-2026-23760
REF:CVE-2026-23760:3,Reference,https://www.huntress.com/blog/smartermail-account-takeover-leading-to-rce,,,,,,,,https://www.huntress.com/blog/smartermail-account-takeover-leading-to-rce
REF:CVE-2026-23760:4,Reference,https://www.smartertools.com/smartermail/release-notes/current,,,,,,,,https://www.smartertools.com/smartermail/release-notes/current
REF:CVE-2026-23760:5,Reference,https://www.vulncheck.com/advisories/smartertools-smartermail-authentication-bypass-via-password-reset-api,,,,,,,,https://www.vulncheck.com/advisories/smartertools-smartermail-authentication-bypass-via-password-reset-api
CVE:CVE-2026-0300,CVE,CVE-2026-0300,113891,0.670000,CRITICAL,CRITICAL,True,2026-05-06T19:16:35.730000Z,2026-05-06,
CPE:cpe:2.3:h:paloaltonetworks:pa-1410:-:*:*:*:*:*:*:*,CPE,cpe:2.3:h:paloaltonetworks:pa-1410:-:*:*:*:*:*:*:*,,,,,,,,
CPE:cpe:2.3:h:paloaltonetworks:pa-1420:-:*:*:*:*:*:*:*,CPE,cpe:2.3:h:paloaltonetworks:pa-1420:-:*:*:*:*:*:*:*,,,,,,,,
CPE:cpe:2.3:h:paloaltonetworks:pa-3410:-:*:*:*:*:*:*:*,CPE,cpe:2.3:h:paloaltonetworks:pa-3410:-:*:*:*:*:*:*:*,,,,,,,,
CPE:cpe:2.3:h:paloaltonetworks:pa-3420:-:*:*:*:*:*:*:*,CPE,cpe:2.3:h:paloaltonetworks:pa-3420:-:*:*:*:*:*:*:*,,,,,,,,
CPE:cpe:2.3:h:paloaltonetworks:pa-3430:-:*:*:*:*:*:*:*,CPE,cpe:2.3:h:paloaltonetworks:pa-3430:-:*:*:*:*:*:*:*,,,,,,,,
CPE:cpe:2.3:h:paloaltonetworks:pa-3440:-:*:*:*:*:*:*:*,CPE,cpe:2.3:h:paloaltonetworks:pa-3440:-:*:*:*:*:*:*:*,,,,,,,,
CPE:cpe:2.3:h:paloaltonetworks:pa-410:-:*:*:*:*:*:*:*,CPE,cpe:2.3:h:paloaltonetworks:pa-410:-:*:*:*:*:*:*:*,,,,,,,,
CPE:cpe:2.3:h:paloaltonetworks:pa-410r-5g:-:*:*:*:*:*:*:*,CPE,cpe:2.3:h:paloaltonetworks:pa-410r-5g:-:*:*:*:*:*:*:*,,,,,,,,
CPE:cpe:2.3:h:paloaltonetworks:pa-410r:-:*:*:*:*:*:*:*,CPE,cpe:2.3:h:paloaltonetworks:pa-410r:-:*:*:*:*:*:*:*,,,,,,,,
CPE:cpe:2.3:h:paloaltonetworks:pa-415-5g:-:*:*:*:*:*:*:*,CPE,cpe:2.3:h:paloaltonetworks:pa-415-5g:-:*:*:*:*:*:*:*,,,,,,,,
CPE:cpe:2.3:h:paloaltonetworks:pa-415:-:*:*:*:*:*:*:*,CPE,cpe:2.3:h:paloaltonetworks:pa-415:-:*:*:*:*:*:*:*,,,,,,,,
CPE:cpe:2.3:h:paloaltonetworks:pa-440:-:*:*:*:*:*:*:*,CPE,cpe:2.3:h:paloaltonetworks:pa-440:-:*:*:*:*:*:*:*,,,,,,,,
CPE:cpe:2.3:h:paloaltonetworks:pa-445:-:*:*:*:*:*:*:*,CPE,cpe:2.3:h:paloaltonetworks:pa-445:-:*:*:*:*:*:*:*,,,,,,,,
CPE:cpe:2.3:h:paloaltonetworks:pa-450:-:*:*:*:*:*:*:*,CPE,cpe:2.3:h:paloaltonetworks:pa-450:-:*:*:*:*:*:*:*,,,,,,,,
CPE:cpe:2.3:h:paloaltonetworks:pa-450r-5g:-:*:*:*:*:*:*:*,CPE,cpe:2.3:h:paloaltonetworks:pa-450r-5g:-:*:*:*:*:*:*:*,,,,,,,,
CPE:cpe:2.3:h:paloaltonetworks:pa-450r:-:*:*:*:*:*:*:*,CPE,cpe:2.3:h:paloaltonetworks:pa-450r:-:*:*:*:*:*:*:*,,,,,,,,
CPE:cpe:2.3:h:paloaltonetworks:pa-455-5g:-:*:*:*:*:*:*:*,CPE,cpe:2.3:h:paloaltonetworks:pa-455-5g:-:*:*:*:*:*:*:*,,,,,,,,
CPE:cpe:2.3:h:paloaltonetworks:pa-455:-:*:*:*:*:*:*:*,CPE,cpe:2.3:h:paloaltonetworks:pa-455:-:*:*:*:*:*:*:*,,,,,,,,
CPE:cpe:2.3:h:paloaltonetworks:pa-455r-5g:-:*:*:*:*:*:*:*,CPE,cpe:2.3:h:paloaltonetworks:pa-455r-5g:-:*:*:*:*:*:*:*,,,,,,,,
CPE:cpe:2.3:h:paloaltonetworks:pa-460:-:*:*:*:*:*:*:*,CPE,cpe:2.3:h:paloaltonetworks:pa-460:-:*:*:*:*:*:*:*,,,,,,,,
CPE:cpe:2.3:h:paloaltonetworks:pa-501:-:*:*:*:*:*:*:*,CPE,cpe:2.3:h:paloaltonetworks:pa-501:-:*:*:*:*:*:*:*,,,,,,,,
CPE:cpe:2.3:h:paloaltonetworks:pa-505:-:*:*:*:*:*:*:*,CPE,cpe:2.3:h:paloaltonetworks:pa-505:-:*:*:*:*:*:*:*,,,,,,,,
CPE:cpe:2.3:h:paloaltonetworks:pa-510:-:*:*:*:*:*:*:*,CPE,cpe:2.3:h:paloaltonetworks:pa-510:-:*:*:*:*:*:*:*,,,,,,,,
CPE:cpe:2.3:h:paloaltonetworks:pa-520:-:*:*:*:*:*:*:*,CPE,cpe:2.3:h:paloaltonetworks:pa-520:-:*:*:*:*:*:*:*,,,,,,,,
CPE:cpe:2.3:h:paloaltonetworks:pa-540:-:*:*:*:*:*:*:*,CPE,cpe:2.3:h:paloaltonetworks:pa-540:-:*:*:*:*:*:*:*,,,,,,,,
CPE:cpe:2.3:h:paloaltonetworks:pa-5410:-:*:*:*:*:*:*:*,CPE,cpe:2.3:h:paloaltonetworks:pa-5410:-:*:*:*:*:*:*:*,,,,,,,,
CPE:cpe:2.3:h:paloaltonetworks:pa-5420:-:*:*:*:*:*:*:*,CPE,cpe:2.3:h:paloaltonetworks:pa-5420:-:*:*:*:*:*:*:*,,,,,,,,
CPE:cpe:2.3:h:paloaltonetworks:pa-5430:-:*:*:*:*:*:*:*,CPE,cpe:2.3:h:paloaltonetworks:pa-5430:-:*:*:*:*:*:*:*,,,,,,,,
CPE:cpe:2.3:h:paloaltonetworks:pa-5440:-:*:*:*:*:*:*:*,CPE,cpe:2.3:h:paloaltonetworks:pa-5440:-:*:*:*:*:*:*:*,,,,,,,,
CPE:cpe:2.3:h:paloaltonetworks:pa-5445:-:*:*:*:*:*:*:*,CPE,cpe:2.3:h:paloaltonetworks:pa-5445:-:*:*:*:*:*:*:*,,,,,,,,
CPE:cpe:2.3:h:paloaltonetworks:pa-545-poe:-:*:*:*:*:*:*:*,CPE,cpe:2.3:h:paloaltonetworks:pa-545-poe:-:*:*:*:*:*:*:*,,,,,,,,
CPE:cpe:2.3:h:paloaltonetworks:pa-5450:-:*:*:*:*:*:*:*,CPE,cpe:2.3:h:paloaltonetworks:pa-5450:-:*:*:*:*:*:*:*,,,,,,,,
CPE:cpe:2.3:h:paloaltonetworks:pa-550:-:*:*:*:*:*:*:*,CPE,cpe:2.3:h:paloaltonetworks:pa-550:-:*:*:*:*:*:*:*,,,,,,,,
CPE:cpe:2.3:h:paloaltonetworks:pa-5540:-:*:*:*:*:*:*:*,CPE,cpe:2.3:h:paloaltonetworks:pa-5540:-:*:*:*:*:*:*:*,,,,,,,,
CPE:cpe:2.3:h:paloaltonetworks:pa-555-poe:-:*:*:*:*:*:*:*,CPE,cpe:2.3:h:paloaltonetworks:pa-555-poe:-:*:*:*:*:*:*:*,,,,,,,,
CPE:cpe:2.3:h:paloaltonetworks:pa-5550:-:*:*:*:*:*:*:*,CPE,cpe:2.3:h:paloaltonetworks:pa-5550:-:*:*:*:*:*:*:*,,,,,,,,
CPE:cpe:2.3:h:paloaltonetworks:pa-5560:-:*:*:*:*:*:*:*,CPE,cpe:2.3:h:paloaltonetworks:pa-5560:-:*:*:*:*:*:*:*,,,,,,,,
CPE:cpe:2.3:h:paloaltonetworks:pa-5570:-:*:*:*:*:*:*:*,CPE,cpe:2.3:h:paloaltonetworks:pa-5570:-:*:*:*:*:*:*:*,,,,,,,,
CPE:cpe:2.3:h:paloaltonetworks:pa-5580:-:*:*:*:*:*:*:*,CPE,cpe:2.3:h:paloaltonetworks:pa-5580:-:*:*:*:*:*:*:*,,,,,,,,
CPE:cpe:2.3:h:paloaltonetworks:pa-560:-:*:*:*:*:*:*:*,CPE,cpe:2.3:h:paloaltonetworks:pa-560:-:*:*:*:*:*:*:*,,,,,,,,
CPE:cpe:2.3:h:paloaltonetworks:pa-7500-dpc-a:-:*:*:*:*:*:*:*,CPE,cpe:2.3:h:paloaltonetworks:pa-7500-dpc-a:-:*:*:*:*:*:*:*,,,,,,,,
CPE:cpe:2.3:h:paloaltonetworks:pa-7500:-:*:*:*:*:*:*:*,CPE,cpe:2.3:h:paloaltonetworks:pa-7500:-:*:*:*:*:*:*:*,,,,,,,,
CPE:cpe:2.3:h:paloaltonetworks:vm-100:-:*:*:*:*:*:*:*,CPE,cpe:2.3:h:paloaltonetworks:vm-100:-:*:*:*:*:*:*:*,,,,,,,,
CPE:cpe:2.3:h:paloaltonetworks:vm-300:-:*:*:*:*:*:*:*,CPE,cpe:2.3:h:paloaltonetworks:vm-300:-:*:*:*:*:*:*:*,,,,,,,,
CPE:cpe:2.3:h:paloaltonetworks:vm-500:-:*:*:*:*:*:*:*,CPE,cpe:2.3:h:paloaltonetworks:vm-500:-:*:*:*:*:*:*:*,,,,,,,,
CPE:cpe:2.3:h:paloaltonetworks:vm-50:-:*:*:*:*:*:*:*,CPE,cpe:2.3:h:paloaltonetworks:vm-50:-:*:*:*:*:*:*:*,,,,,,,,
CPE:cpe:2.3:h:paloaltonetworks:vm-700:-:*:*:*:*:*:*:*,CPE,cpe:2.3:h:paloaltonetworks:vm-700:-:*:*:*:*:*:*:*,,,,,,,,
CPE:cpe:2.3:h:siemens:ruggedcom_ape1808:-:*:*:*:*:*:*:*,CPE,cpe:2.3:h:siemens:ruggedcom_ape1808:-:*:*:*:*:*:*:*,,,,,,,,
CPE:cpe:2.3:o:paloaltonetworks:pan-os:10.2.0:*:*:*:*:*:*:*,CPE,cpe:2.3:o:paloaltonetworks:pan-os:10.2.0:*:*:*:*:*:*:*,,,,,,,,
CPE:cpe:2.3:o:paloaltonetworks:pan-os:10.2.10:h10:*:*:*:*:*:*,CPE,cpe:2.3:o:paloaltonetworks:pan-os:10.2.10:h10:*:*:*:*:*:*,,,,,,,,
CPE:cpe:2.3:o:paloaltonetworks:pan-os:10.2.10:h12:*:*:*:*:*:*,CPE,cpe:2.3:o:paloaltonetworks:pan-os:10.2.10:h12:*:*:*:*:*:*,,,,,,,,
CPE:cpe:2.3:o:paloaltonetworks:pan-os:10.2.10:h14:*:*:*:*:*:*,CPE,cpe:2.3:o:paloaltonetworks:pan-os:10.2.10:h14:*:*:*:*:*:*,,,,,,,,
CPE:cpe:2.3:o:paloaltonetworks:pan-os:10.2.10:h17:*:*:*:*:*:*,CPE,cpe:2.3:o:paloaltonetworks:pan-os:10.2.10:h17:*:*:*:*:*:*,,,,,,,,
CPE:cpe:2.3:o:paloaltonetworks:pan-os:10.2.10:h18:*:*:*:*:*:*,CPE,cpe:2.3:o:paloaltonetworks:pan-os:10.2.10:h18:*:*:*:*:*:*,,,,,,,,
CPE:cpe:2.3:o:paloaltonetworks:pan-os:10.2.10:h21:*:*:*:*:*:*,CPE,cpe:2.3:o:paloaltonetworks:pan-os:10.2.10:h21:*:*:*:*:*:*,,,,,,,,
CPE:cpe:2.3:o:paloaltonetworks:pan-os:10.2.10:h27:*:*:*:*:*:*,CPE,cpe:2.3:o:paloaltonetworks:pan-os:10.2.10:h27:*:*:*:*:*:*,,,,,,,,
CPE:cpe:2.3:o:paloaltonetworks:pan-os:10.2.10:h30:*:*:*:*:*:*,CPE,cpe:2.3:o:paloaltonetworks:pan-os:10.2.10:h30:*:*:*:*:*:*,,,,,,,,
CPE:cpe:2.3:o:paloaltonetworks:pan-os:10.2.10:h31:*:*:*:*:*:*,CPE,cpe:2.3:o:paloaltonetworks:pan-os:10.2.10:h31:*:*:*:*:*:*,,,,,,,,
CPE:cpe:2.3:o:paloaltonetworks:pan-os:10.2.10:h9:*:*:*:*:*:*,CPE,cpe:2.3:o:paloaltonetworks:pan-os:10.2.10:h9:*:*:*:*:*:*,,,,,,,,
CPE:cpe:2.3:o:paloaltonetworks:pan-os:10.2.11:*:*:*:*:*:*:*,CPE,cpe:2.3:o:paloaltonetworks:pan-os:10.2.11:*:*:*:*:*:*:*,,,,,,,,
CPE:cpe:2.3:o:paloaltonetworks:pan-os:10.2.12:*:*:*:*:*:*:*,CPE,cpe:2.3:o:paloaltonetworks:pan-os:10.2.12:*:*:*:*:*:*:*,,,,,,,,
CPE:cpe:2.3:o:paloaltonetworks:pan-os:10.2.13:-:*:*:*:*:*:*,CPE,cpe:2.3:o:paloaltonetworks:pan-os:10.2.13:-:*:*:*:*:*:*,,,,,,,,
CPE:cpe:2.3:o:paloaltonetworks:pan-os:10.2.13:h10:*:*:*:*:*:*,CPE,cpe:2.3:o:paloaltonetworks:pan-os:10.2.13:h10:*:*:*:*:*:*,,,,,,,,
CPE:cpe:2.3:o:paloaltonetworks:pan-os:10.2.13:h16:*:*:*:*:*:*,CPE,cpe:2.3:o:paloaltonetworks:pan-os:10.2.13:h16:*:*:*:*:*:*,,,,,,,,
CPE:cpe:2.3:o:paloaltonetworks:pan-os:10.2.13:h18:*:*:*:*:*:*,CPE,cpe:2.3:o:paloaltonetworks:pan-os:10.2.13:h18:*:*:*:*:*:*,,,,,,,,
CPE:cpe:2.3:o:paloaltonetworks:pan-os:10.2.13:h1:*:*:*:*:*:*,CPE,cpe:2.3:o:paloaltonetworks:pan-os:10.2.13:h1:*:*:*:*:*:*,,,,,,,,
CPE:cpe:2.3:o:paloaltonetworks:pan-os:10.2.13:h2:*:*:*:*:*:*,CPE,cpe:2.3:o:paloaltonetworks:pan-os:10.2.13:h2:*:*:*:*:*:*,,,,,,,,
CPE:cpe:2.3:o:paloaltonetworks:pan-os:10.2.13:h3:*:*:*:*:*:*,CPE,cpe:2.3:o:paloaltonetworks:pan-os:10.2.13:h3:*:*:*:*:*:*,,,,,,,,
CPE:cpe:2.3:o:paloaltonetworks:pan-os:10.2.13:h4:*:*:*:*:*:*,CPE,cpe:2.3:o:paloaltonetworks:pan-os:10.2.13:h4:*:*:*:*:*:*,,,,,,,,
CPE:cpe:2.3:o:paloaltonetworks:pan-os:10.2.13:h5:*:*:*:*:*:*,CPE,cpe:2.3:o:paloaltonetworks:pan-os:10.2.13:h5:*:*:*:*:*:*,,,,,,,,
CPE:cpe:2.3:o:paloaltonetworks:pan-os:10.2.13:h7:*:*:*:*:*:*,CPE,cpe:2.3:o:paloaltonetworks:pan-os:10.2.13:h7:*:*:*:*:*:*,,,,,,,,
CPE:cpe:2.3:o:paloaltonetworks:pan-os:10.2.14:*:*:*:*:*:*:*,CPE,cpe:2.3:o:paloaltonetworks:pan-os:10.2.14:*:*:*:*:*:*:*,,,,,,,,
CPE:cpe:2.3:o:paloaltonetworks:pan-os:10.2.15:*:*:*:*:*:*:*,CPE,cpe:2.3:o:paloaltonetworks:pan-os:10.2.15:*:*:*:*:*:*:*,,,,,,,,
CPE:cpe:2.3:o:paloaltonetworks:pan-os:10.2.16:-:*:*:*:*:*:*,CPE,cpe:2.3:o:paloaltonetworks:pan-os:10.2.16:-:*:*:*:*:*:*,,,,,,,,
CPE:cpe:2.3:o:paloaltonetworks:pan-os:10.2.16:h1:*:*:*:*:*:*,CPE,cpe:2.3:o:paloaltonetworks:pan-os:10.2.16:h1:*:*:*:*:*:*,,,,,,,,
CPE:cpe:2.3:o:paloaltonetworks:pan-os:10.2.16:h4:*:*:*:*:*:*,CPE,cpe:2.3:o:paloaltonetworks:pan-os:10.2.16:h4:*:*:*:*:*:*,,,,,,,,
CPE:cpe:2.3:o:paloaltonetworks:pan-os:10.2.16:h6:*:*:*:*:*:*,CPE,cpe:2.3:o:paloaltonetworks:pan-os:10.2.16:h6:*:*:*:*:*:*,,,,,,,,
CPE:cpe:2.3:o:paloaltonetworks:pan-os:10.2.17:-:*:*:*:*:*:*,CPE,cpe:2.3:o:paloaltonetworks:pan-os:10.2.17:-:*:*:*:*:*:*,,,,,,,,
CPE:cpe:2.3:o:paloaltonetworks:pan-os:10.2.18:-:*:*:*:*:*:*,CPE,cpe:2.3:o:paloaltonetworks:pan-os:10.2.18:-:*:*:*:*:*:*,,,,,,,,
CPE:cpe:2.3:o:paloaltonetworks:pan-os:10.2.18:h1:*:*:*:*:*:*,CPE,cpe:2.3:o:paloaltonetworks:pan-os:10.2.18:h1:*:*:*:*:*:*,,,,,,,,
CPE:cpe:2.3:o:paloaltonetworks:pan-os:10.2.18:h5:*:*:*:*:*:*,CPE,cpe:2.3:o:paloaltonetworks:pan-os:10.2.18:h5:*:*:*:*:*:*,,,,,,,,
CPE:cpe:2.3:o:paloaltonetworks:pan-os:10.2.1:*:*:*:*:*:*:*,CPE,cpe:2.3:o:paloaltonetworks:pan-os:10.2.1:*:*:*:*:*:*:*,,,,,,,,
CPE:cpe:2.3:o:paloaltonetworks:pan-os:10.2.2:*:*:*:*:*:*:*,CPE,cpe:2.3:o:paloaltonetworks:pan-os:10.2.2:*:*:*:*:*:*:*,,,,,,,,
CPE:cpe:2.3:o:paloaltonetworks:pan-os:10.2.3:*:*:*:*:*:*:*,CPE,cpe:2.3:o:paloaltonetworks:pan-os:10.2.3:*:*:*:*:*:*:*,,,,,,,,
CPE:cpe:2.3:o:paloaltonetworks:pan-os:10.2.4:*:*:*:*:*:*:*,CPE,cpe:2.3:o:paloaltonetworks:pan-os:10.2.4:*:*:*:*:*:*:*,,,,,,,,
CPE:cpe:2.3:o:paloaltonetworks:pan-os:10.2.5:*:*:*:*:*:*:*,CPE,cpe:2.3:o:paloaltonetworks:pan-os:10.2.5:*:*:*:*:*:*:*,,,,,,,,
CPE:cpe:2.3:o:paloaltonetworks:pan-os:10.2.6:*:*:*:*:*:*:*,CPE,cpe:2.3:o:paloaltonetworks:pan-os:10.2.6:*:*:*:*:*:*:*,,,,,,,,
CPE:cpe:2.3:o:paloaltonetworks:pan-os:10.2.7:h19:*:*:*:*:*:*,CPE,cpe:2.3:o:paloaltonetworks:pan-os:10.2.7:h19:*:*:*:*:*:*,,,,,,,,
CPE:cpe:2.3:o:paloaltonetworks:pan-os:10.2.7:h21:*:*:*:*:*:*,CPE,cpe:2.3:o:paloaltonetworks:pan-os:10.2.7:h21:*:*:*:*:*:*,,,,,,,,
CPE:cpe:2.3:o:paloaltonetworks:pan-os:10.2.7:h24:*:*:*:*:*:*,CPE,cpe:2.3:o:paloaltonetworks:pan-os:10.2.7:h24:*:*:*:*:*:*,,,,,,,,
CPE:cpe:2.3:o:paloaltonetworks:pan-os:10.2.7:h32:*:*:*:*:*:*,CPE,cpe:2.3:o:paloaltonetworks:pan-os:10.2.7:h32:*:*:*:*:*:*,,,,,,,,
CPE:cpe:2.3:o:paloaltonetworks:pan-os:10.2.8:*:*:*:*:*:*:*,CPE,cpe:2.3:o:paloaltonetworks:pan-os:10.2.8:*:*:*:*:*:*:*,,,,,,,,
CPE:cpe:2.3:o:paloaltonetworks:pan-os:10.2.9:*:*:*:*:*:*:*,CPE,cpe:2.3:o:paloaltonetworks:pan-os:10.2.9:*:*:*:*:*:*:*,,,,,,,,
CPE:cpe:2.3:o:paloaltonetworks:pan-os:11.1.0:*:*:*:*:*:*:*,CPE,cpe:2.3:o:paloaltonetworks:pan-os:11.1.0:*:*:*:*:*:*:*,,,,,,,,
CPE:cpe:2.3:o:paloaltonetworks:pan-os:11.1.10:-:*:*:*:*:*:*,CPE,cpe:2.3:o:paloaltonetworks:pan-os:11.1.10:-:*:*:*:*:*:*,,,,,,,,
CPE:cpe:2.3:o:paloaltonetworks:pan-os:11.1.10:h10:*:*:*:*:*:*,CPE,cpe:2.3:o:paloaltonetworks:pan-os:11.1.10:h10:*:*:*:*:*:*,,,,,,,,
CPE:cpe:2.3:o:paloaltonetworks:pan-os:11.1.10:h12:*:*:*:*:*:*,CPE,cpe:2.3:o:paloaltonetworks:pan-os:11.1.10:h12:*:*:*:*:*:*,,,,,,,,
CPE:cpe:2.3:o:paloaltonetworks:pan-os:11.1.10:h1:*:*:*:*:*:*,CPE,cpe:2.3:o:paloaltonetworks:pan-os:11.1.10:h1:*:*:*:*:*:*,,,,,,,,
CPE:cpe:2.3:o:paloaltonetworks:pan-os:11.1.10:h21:*:*:*:*:*:*,CPE,cpe:2.3:o:paloaltonetworks:pan-os:11.1.10:h21:*:*:*:*:*:*,,,,,,,,
CPE:cpe:2.3:o:paloaltonetworks:pan-os:11.1.10:h4:*:*:*:*:*:*,CPE,cpe:2.3:o:paloaltonetworks:pan-os:11.1.10:h4:*:*:*:*:*:*,,,,,,,,
CPE:cpe:2.3:o:paloaltonetworks:pan-os:11.1.10:h5:*:*:*:*:*:*,CPE,cpe:2.3:o:paloaltonetworks:pan-os:11.1.10:h5:*:*:*:*:*:*,,,,,,,,
CPE:cpe:2.3:o:paloaltonetworks:pan-os:11.1.10:h7:*:*:*:*:*:*,CPE,cpe:2.3:o:paloaltonetworks:pan-os:11.1.10:h7:*:*:*:*:*:*,,,,,,,,
CPE:cpe:2.3:o:paloaltonetworks:pan-os:11.1.10:h9:*:*:*:*:*:*,CPE,cpe:2.3:o:paloaltonetworks:pan-os:11.1.10:h9:*:*:*:*:*:*,,,,,,,,
CPE:cpe:2.3:o:paloaltonetworks:pan-os:11.1.11:*:*:*:*:*:*:*,CPE,cpe:2.3:o:paloaltonetworks:pan-os:11.1.11:*:*:*:*:*:*:*,,,,,,,,
CPE:cpe:2.3:o:paloaltonetworks:pan-os:11.1.12:*:*:*:*:*:*:*,CPE,cpe:2.3:o:paloaltonetworks:pan-os:11.1.12:*:*:*:*:*:*:*,,,,,,,,
CPE:cpe:2.3:o:paloaltonetworks:pan-os:11.1.13:-:*:*:*:*:*:*,CPE,cpe:2.3:o:paloaltonetworks:pan-os:11.1.13:-:*:*:*:*:*:*,,,,,,,,
CPE:cpe:2.3:o:paloaltonetworks:pan-os:11.1.13:h1:*:*:*:*:*:*,CPE,cpe:2.3:o:paloaltonetworks:pan-os:11.1.13:h1:*:*:*:*:*:*,,,,,,,,
CPE:cpe:2.3:o:paloaltonetworks:pan-os:11.1.13:h2:*:*:*:*:*:*,CPE,cpe:2.3:o:paloaltonetworks:pan-os:11.1.13:h2:*:*:*:*:*:*,,,,,,,,
CPE:cpe:2.3:o:paloaltonetworks:pan-os:11.1.13:h3:*:*:*:*:*:*,CPE,cpe:2.3:o:paloaltonetworks:pan-os:11.1.13:h3:*:*:*:*:*:*,,,,,,,,
CPE:cpe:2.3:o:paloaltonetworks:pan-os:11.1.14:-:*:*:*:*:*:*,CPE,cpe:2.3:o:paloaltonetworks:pan-os:11.1.14:-:*:*:*:*:*:*,,,,,,,,
CPE:cpe:2.3:o:paloaltonetworks:pan-os:11.1.1:*:*:*:*:*:*:*,CPE,cpe:2.3:o:paloaltonetworks:pan-os:11.1.1:*:*:*:*:*:*:*,,,,,,,,
CPE:cpe:2.3:o:paloaltonetworks:pan-os:11.1.2:*:*:*:*:*:*:*,CPE,cpe:2.3:o:paloaltonetworks:pan-os:11.1.2:*:*:*:*:*:*:*,,,,,,,,
CPE:cpe:2.3:o:paloaltonetworks:pan-os:11.1.3:*:*:*:*:*:*:*,CPE,cpe:2.3:o:paloaltonetworks:pan-os:11.1.3:*:*:*:*:*:*:*,,,,,,,,
CPE:cpe:2.3:o:paloaltonetworks:pan-os:11.1.4:h13:*:*:*:*:*:*,CPE,cpe:2.3:o:paloaltonetworks:pan-os:11.1.4:h13:*:*:*:*:*:*,,,,,,,,
CPE:cpe:2.3:o:paloaltonetworks:pan-os:11.1.4:h15:*:*:*:*:*:*,CPE,cpe:2.3:o:paloaltonetworks:pan-os:11.1.4:h15:*:*:*:*:*:*,,,,,,,,
CPE:cpe:2.3:o:paloaltonetworks:pan-os:11.1.4:h16:*:*:*:*:*:*,CPE,cpe:2.3:o:paloaltonetworks:pan-os:11.1.4:h16:*:*:*:*:*:*,,,,,,,,
CPE:cpe:2.3:o:paloaltonetworks:pan-os:11.1.4:h17:*:*:*:*:*:*,CPE,cpe:2.3:o:paloaltonetworks:pan-os:11.1.4:h17:*:*:*:*:*:*,,,,,,,,
CPE:cpe:2.3:o:paloaltonetworks:pan-os:11.1.4:h18:*:*:*:*:*:*,CPE,cpe:2.3:o:paloaltonetworks:pan-os:11.1.4:h18:*:*:*:*:*:*,,,,,,,,
CPE:cpe:2.3:o:paloaltonetworks:pan-os:11.1.4:h25:*:*:*:*:*:*,CPE,cpe:2.3:o:paloaltonetworks:pan-os:11.1.4:h25:*:*:*:*:*:*,,,,,,,,
CPE:cpe:2.3:o:paloaltonetworks:pan-os:11.1.4:h27:*:*:*:*:*:*,CPE,cpe:2.3:o:paloaltonetworks:pan-os:11.1.4:h27:*:*:*:*:*:*,,,,,,,,
CPE:cpe:2.3:o:paloaltonetworks:pan-os:11.1.4:h32:*:*:*:*:*:*,CPE,cpe:2.3:o:paloaltonetworks:pan-os:11.1.4:h32:*:*:*:*:*:*,,,,,,,,
CPE:cpe:2.3:o:paloaltonetworks:pan-os:11.1.4:h7:*:*:*:*:*:*,CPE,cpe:2.3:o:paloaltonetworks:pan-os:11.1.4:h7:*:*:*:*:*:*,,,,,,,,
CPE:cpe:2.3:o:paloaltonetworks:pan-os:11.1.4:h9:*:*:*:*:*:*,CPE,cpe:2.3:o:paloaltonetworks:pan-os:11.1.4:h9:*:*:*:*:*:*,,,,,,,,
CPE:cpe:2.3:o:paloaltonetworks:pan-os:11.1.5:*:*:*:*:*:*:*,CPE,cpe:2.3:o:paloaltonetworks:pan-os:11.1.5:*:*:*:*:*:*:*,,,,,,,,
CPE:cpe:2.3:o:paloaltonetworks:pan-os:11.1.6:-:*:*:*:*:*:*,CPE,cpe:2.3:o:paloaltonetworks:pan-os:11.1.6:-:*:*:*:*:*:*,,,,,,,,
CPE:cpe:2.3:o:paloaltonetworks:pan-os:11.1.6:h10:*:*:*:*:*:*,CPE,cpe:2.3:o:paloaltonetworks:pan-os:11.1.6:h10:*:*:*:*:*:*,,,,,,,,
CPE:cpe:2.3:o:paloaltonetworks:pan-os:11.1.6:h14:*:*:*:*:*:*,CPE,cpe:2.3:o:paloaltonetworks:pan-os:11.1.6:h14:*:*:*:*:*:*,,,,,,,,
CPE:cpe:2.3:o:paloaltonetworks:pan-os:11.1.6:h17:*:*:*:*:*:*,CPE,cpe:2.3:o:paloaltonetworks:pan-os:11.1.6:h17:*:*:*:*:*:*,,,,,,,,
CPE:cpe:2.3:o:paloaltonetworks:pan-os:11.1.6:h19:*:*:*:*:*:*,CPE,cpe:2.3:o:paloaltonetworks:pan-os:11.1.6:h19:*:*:*:*:*:*,,,,,,,,
CPE:cpe:2.3:o:paloaltonetworks:pan-os:11.1.6:h1:*:*:*:*:*:*,CPE,cpe:2.3:o:paloaltonetworks:pan-os:11.1.6:h1:*:*:*:*:*:*,,,,,,,,
CPE:cpe:2.3:o:paloaltonetworks:pan-os:11.1.6:h20:*:*:*:*:*:*,CPE,cpe:2.3:o:paloaltonetworks:pan-os:11.1.6:h20:*:*:*:*:*:*,,,,,,,,
CPE:cpe:2.3:o:paloaltonetworks:pan-os:11.1.6:h21:*:*:*:*:*:*,CPE,cpe:2.3:o:paloaltonetworks:pan-os:11.1.6:h21:*:*:*:*:*:*,,,,,,,,
CPE:cpe:2.3:o:paloaltonetworks:pan-os:11.1.6:h22:*:*:*:*:*:*,CPE,cpe:2.3:o:paloaltonetworks:pan-os:11.1.6:h22:*:*:*:*:*:*,,,,,,,,
CPE:cpe:2.3:o:paloaltonetworks:pan-os:11.1.6:h23:*:*:*:*:*:*,CPE,cpe:2.3:o:paloaltonetworks:pan-os:11.1.6:h23:*:*:*:*:*:*,,,,,,,,
CPE:cpe:2.3:o:paloaltonetworks:pan-os:11.1.6:h25:*:*:*:*:*:*,CPE,cpe:2.3:o:paloaltonetworks:pan-os:11.1.6:h25:*:*:*:*:*:*,,,,,,,,
CPE:cpe:2.3:o:paloaltonetworks:pan-os:11.1.6:h29:*:*:*:*:*:*,CPE,cpe:2.3:o:paloaltonetworks:pan-os:11.1.6:h29:*:*:*:*:*:*,,,,,,,,
CPE:cpe:2.3:o:paloaltonetworks:pan-os:11.1.6:h2:*:*:*:*:*:*,CPE,cpe:2.3:o:paloaltonetworks:pan-os:11.1.6:h2:*:*:*:*:*:*,,,,,,,,
CPE:cpe:2.3:o:paloaltonetworks:pan-os:11.1.6:h3:*:*:*:*:*:*,CPE,cpe:2.3:o:paloaltonetworks:pan-os:11.1.6:h3:*:*:*:*:*:*,,,,,,,,
CPE:cpe:2.3:o:paloaltonetworks:pan-os:11.1.6:h4:*:*:*:*:*:*,CPE,cpe:2.3:o:paloaltonetworks:pan-os:11.1.6:h4:*:*:*:*:*:*,,,,,,,,
CPE:cpe:2.3:o:paloaltonetworks:pan-os:11.1.6:h5:*:*:*:*:*:*,CPE,cpe:2.3:o:paloaltonetworks:pan-os:11.1.6:h5:*:*:*:*:*:*,,,,,,,,
CPE:cpe:2.3:o:paloaltonetworks:pan-os:11.1.6:h6:*:*:*:*:*:*,CPE,cpe:2.3:o:paloaltonetworks:pan-os:11.1.6:h6:*:*:*:*:*:*,,,,,,,,
CPE:cpe:2.3:o:paloaltonetworks:pan-os:11.1.6:h7:*:*:*:*:*:*,CPE,cpe:2.3:o:paloaltonetworks:pan-os:11.1.6:h7:*:*:*:*:*:*,,,,,,,,
CPE:cpe:2.3:o:paloaltonetworks:pan-os:11.1.7:-:*:*:*:*:*:*,CPE,cpe:2.3:o:paloaltonetworks:pan-os:11.1.7:-:*:*:*:*:*:*,,,,,,,,
CPE:cpe:2.3:o:paloaltonetworks:pan-os:11.1.7:h1:*:*:*:*:*:*,CPE,cpe:2.3:o:paloaltonetworks:pan-os:11.1.7:h1:*:*:*:*:*:*,,,,,,,,
CPE:cpe:2.3:o:paloaltonetworks:pan-os:11.1.7:h2:*:*:*:*:*:*,CPE,cpe:2.3:o:paloaltonetworks:pan-os:11.1.7:h2:*:*:*:*:*:*,,,,,,,,
CPE:cpe:2.3:o:paloaltonetworks:pan-os:11.1.7:h4:*:*:*:*:*:*,CPE,cpe:2.3:o:paloaltonetworks:pan-os:11.1.7:h4:*:*:*:*:*:*,,,,,,,,
CPE:cpe:2.3:o:paloaltonetworks:pan-os:11.1.8:*:*:*:*:*:*:*,CPE,cpe:2.3:o:paloaltonetworks:pan-os:11.1.8:*:*:*:*:*:*:*,,,,,,,,
CPE:cpe:2.3:o:paloaltonetworks:pan-os:11.1.9:*:*:*:*:*:*:*,CPE,cpe:2.3:o:paloaltonetworks:pan-os:11.1.9:*:*:*:*:*:*:*,,,,,,,,
CPE:cpe:2.3:o:paloaltonetworks:pan-os:11.2.0:*:*:*:*:*:*:*,CPE,cpe:2.3:o:paloaltonetworks:pan-os:11.2.0:*:*:*:*:*:*:*,,,,,,,,
CPE:cpe:2.3:o:paloaltonetworks:pan-os:11.2.10:-:*:*:*:*:*:*,CPE,cpe:2.3:o:paloaltonetworks:pan-os:11.2.10:-:*:*:*:*:*:*,,,,,,,,
CPE:cpe:2.3:o:paloaltonetworks:pan-os:11.2.10:h1:*:*:*:*:*:*,CPE,cpe:2.3:o:paloaltonetworks:pan-os:11.2.10:h1:*:*:*:*:*:*,,,,,,,,
CPE:cpe:2.3:o:paloaltonetworks:pan-os:11.2.10:h2:*:*:*:*:*:*,CPE,cpe:2.3:o:paloaltonetworks:pan-os:11.2.10:h2:*:*:*:*:*:*,,,,,,,,
CPE:cpe:2.3:o:paloaltonetworks:pan-os:11.2.10:h3:*:*:*:*:*:*,CPE,cpe:2.3:o:paloaltonetworks:pan-os:11.2.10:h3:*:*:*:*:*:*,,,,,,,,
CPE:cpe:2.3:o:paloaltonetworks:pan-os:11.2.10:h4:*:*:*:*:*:*,CPE,cpe:2.3:o:paloaltonetworks:pan-os:11.2.10:h4:*:*:*:*:*:*,,,,,,,,
CPE:cpe:2.3:o:paloaltonetworks:pan-os:11.2.10:h5:*:*:*:*:*:*,CPE,cpe:2.3:o:paloaltonetworks:pan-os:11.2.10:h5:*:*:*:*:*:*,,,,,,,,
CPE:cpe:2.3:o:paloaltonetworks:pan-os:11.2.11:-:*:*:*:*:*:*,CPE,cpe:2.3:o:paloaltonetworks:pan-os:11.2.11:-:*:*:*:*:*:*,,,,,,,,
CPE:cpe:2.3:o:paloaltonetworks:pan-os:11.2.1:*:*:*:*:*:*:*,CPE,cpe:2.3:o:paloaltonetworks:pan-os:11.2.1:*:*:*:*:*:*:*,,,,,,,,
CPE:cpe:2.3:o:paloaltonetworks:pan-os:11.2.2:*:*:*:*:*:*:*,CPE,cpe:2.3:o:paloaltonetworks:pan-os:11.2.2:*:*:*:*:*:*:*,,,,,,,,
CPE:cpe:2.3:o:paloaltonetworks:pan-os:11.2.3:*:*:*:*:*:*:*,CPE,cpe:2.3:o:paloaltonetworks:pan-os:11.2.3:*:*:*:*:*:*:*,,,,,,,,
CPE:cpe:2.3:o:paloaltonetworks:pan-os:11.2.4:h10:*:*:*:*:*:*,CPE,cpe:2.3:o:paloaltonetworks:pan-os:11.2.4:h10:*:*:*:*:*:*,,,,,,,,
CPE:cpe:2.3:o:paloaltonetworks:pan-os:11.2.4:h11:*:*:*:*:*:*,CPE,cpe:2.3:o:paloaltonetworks:pan-os:11.2.4:h11:*:*:*:*:*:*,,,,,,,,
CPE:cpe:2.3:o:paloaltonetworks:pan-os:11.2.4:h12:*:*:*:*:*:*,CPE,cpe:2.3:o:paloaltonetworks:pan-os:11.2.4:h12:*:*:*:*:*:*,,,,,,,,
CPE:cpe:2.3:o:paloaltonetworks:pan-os:11.2.4:h14:*:*:*:*:*:*,CPE,cpe:2.3:o:paloaltonetworks:pan-os:11.2.4:h14:*:*:*:*:*:*,,,,,,,,
CPE:cpe:2.3:o:paloaltonetworks:pan-os:11.2.4:h15:*:*:*:*:*:*,CPE,cpe:2.3:o:paloaltonetworks:pan-os:11.2.4:h15:*:*:*:*:*:*,,,,,,,,
CPE:cpe:2.3:o:paloaltonetworks:pan-os:11.2.4:h1:*:*:*:*:*:*,CPE,cpe:2.3:o:paloaltonetworks:pan-os:11.2.4:h1:*:*:*:*:*:*,,,,,,,,
CPE:cpe:2.3:o:paloaltonetworks:pan-os:11.2.4:h2:*:*:*:*:*:*,CPE,cpe:2.3:o:paloaltonetworks:pan-os:11.2.4:h2:*:*:*:*:*:*,,,,,,,,
CPE:cpe:2.3:o:paloaltonetworks:pan-os:11.2.4:h4:*:*:*:*:*:*,CPE,cpe:2.3:o:paloaltonetworks:pan-os:11.2.4:h4:*:*:*:*:*:*,,,,,,,,
CPE:cpe:2.3:o:paloaltonetworks:pan-os:11.2.4:h5:*:*:*:*:*:*,CPE,cpe:2.3:o:paloaltonetworks:pan-os:11.2.4:h5:*:*:*:*:*:*,,,,,,,,
CPE:cpe:2.3:o:paloaltonetworks:pan-os:11.2.4:h6:*:*:*:*:*:*,CPE,cpe:2.3:o:paloaltonetworks:pan-os:11.2.4:h6:*:*:*:*:*:*,,,,,,,,
CPE:cpe:2.3:o:paloaltonetworks:pan-os:11.2.4:h7:*:*:*:*:*:*,CPE,cpe:2.3:o:paloaltonetworks:pan-os:11.2.4:h7:*:*:*:*:*:*,,,,,,,,
CPE:cpe:2.3:o:paloaltonetworks:pan-os:11.2.4:h8:*:*:*:*:*:*,CPE,cpe:2.3:o:paloaltonetworks:pan-os:11.2.4:h8:*:*:*:*:*:*,,,,,,,,
CPE:cpe:2.3:o:paloaltonetworks:pan-os:11.2.4:h9:*:*:*:*:*:*,CPE,cpe:2.3:o:paloaltonetworks:pan-os:11.2.4:h9:*:*:*:*:*:*,,,,,,,,
CPE:cpe:2.3:o:paloaltonetworks:pan-os:11.2.5:*:*:*:*:*:*:*,CPE,cpe:2.3:o:paloaltonetworks:pan-os:11.2.5:*:*:*:*:*:*:*,,,,,,,,
CPE:cpe:2.3:o:paloaltonetworks:pan-os:11.2.6:*:*:*:*:*:*:*,CPE,cpe:2.3:o:paloaltonetworks:pan-os:11.2.6:*:*:*:*:*:*:*,,,,,,,,
CPE:cpe:2.3:o:paloaltonetworks:pan-os:11.2.7:-:*:*:*:*:*:*,CPE,cpe:2.3:o:paloaltonetworks:pan-os:11.2.7:-:*:*:*:*:*:*,,,,,,,,
CPE:cpe:2.3:o:paloaltonetworks:pan-os:11.2.7:h10:*:*:*:*:*:*,CPE,cpe:2.3:o:paloaltonetworks:pan-os:11.2.7:h10:*:*:*:*:*:*,,,,,,,,
CPE:cpe:2.3:o:paloaltonetworks:pan-os:11.2.7:h11:*:*:*:*:*:*,CPE,cpe:2.3:o:paloaltonetworks:pan-os:11.2.7:h11:*:*:*:*:*:*,,,,,,,,
CPE:cpe:2.3:o:paloaltonetworks:pan-os:11.2.7:h12:*:*:*:*:*:*,CPE,cpe:2.3:o:paloaltonetworks:pan-os:11.2.7:h12:*:*:*:*:*:*,,,,,,,,
CPE:cpe:2.3:o:paloaltonetworks:pan-os:11.2.7:h1:*:*:*:*:*:*,CPE,cpe:2.3:o:paloaltonetworks:pan-os:11.2.7:h1:*:*:*:*:*:*,,,,,,,,
CPE:cpe:2.3:o:paloaltonetworks:pan-os:11.2.7:h2:*:*:*:*:*:*,CPE,cpe:2.3:o:paloaltonetworks:pan-os:11.2.7:h2:*:*:*:*:*:*,,,,,,,,
CPE:cpe:2.3:o:paloaltonetworks:pan-os:11.2.7:h3:*:*:*:*:*:*,CPE,cpe:2.3:o:paloaltonetworks:pan-os:11.2.7:h3:*:*:*:*:*:*,,,,,,,,
CPE:cpe:2.3:o:paloaltonetworks:pan-os:11.2.7:h4:*:*:*:*:*:*,CPE,cpe:2.3:o:paloaltonetworks:pan-os:11.2.7:h4:*:*:*:*:*:*,,,,,,,,
CPE:cpe:2.3:o:paloaltonetworks:pan-os:11.2.7:h7:*:*:*:*:*:*,CPE,cpe:2.3:o:paloaltonetworks:pan-os:11.2.7:h7:*:*:*:*:*:*,,,,,,,,
CPE:cpe:2.3:o:paloaltonetworks:pan-os:11.2.7:h8:*:*:*:*:*:*,CPE,cpe:2.3:o:paloaltonetworks:pan-os:11.2.7:h8:*:*:*:*:*:*,,,,,,,,
CPE:cpe:2.3:o:paloaltonetworks:pan-os:11.2.8:*:*:*:*:*:*:*,CPE,cpe:2.3:o:paloaltonetworks:pan-os:11.2.8:*:*:*:*:*:*:*,,,,,,,,
CPE:cpe:2.3:o:paloaltonetworks:pan-os:11.2.9:*:*:*:*:*:*:*,CPE,cpe:2.3:o:paloaltonetworks:pan-os:11.2.9:*:*:*:*:*:*:*,,,,,,,,
CPE:cpe:2.3:o:paloaltonetworks:pan-os:12.1.2:*:*:*:*:*:*:*,CPE,cpe:2.3:o:paloaltonetworks:pan-os:12.1.2:*:*:*:*:*:*:*,,,,,,,,
CPE:cpe:2.3:o:paloaltonetworks:pan-os:12.1.3:*:*:*:*:*:*:*,CPE,cpe:2.3:o:paloaltonetworks:pan-os:12.1.3:*:*:*:*:*:*:*,,,,,,,,
CPE:cpe:2.3:o:paloaltonetworks:pan-os:12.1.4:-:*:*:*:*:*:*,CPE,cpe:2.3:o:paloaltonetworks:pan-os:12.1.4:-:*:*:*:*:*:*,,,,,,,,
CPE:cpe:2.3:o:paloaltonetworks:pan-os:12.1.4:h2:*:*:*:*:*:*,CPE,cpe:2.3:o:paloaltonetworks:pan-os:12.1.4:h2:*:*:*:*:*:*,,,,,,,,
CPE:cpe:2.3:o:paloaltonetworks:pan-os:12.1.4:h3:*:*:*:*:*:*,CPE,cpe:2.3:o:paloaltonetworks:pan-os:12.1.4:h3:*:*:*:*:*:*,,,,,,,,
CPE:cpe:2.3:o:paloaltonetworks:pan-os:12.1.5:-:*:*:*:*:*:*,CPE,cpe:2.3:o:paloaltonetworks:pan-os:12.1.5:-:*:*:*:*:*:*,,,,,,,,
CPE:cpe:2.3:o:paloaltonetworks:pan-os:12.1.6:-:*:*:*:*:*:*,CPE,cpe:2.3:o:paloaltonetworks:pan-os:12.1.6:-:*:*:*:*:*:*,,,,,,,,
CPE:cpe:2.3:o:siemens:ruggedcom_ape1808_firmware:-:*:*:*:*:*:*:*,CPE,cpe:2.3:o:siemens:ruggedcom_ape1808_firmware:-:*:*:*:*:*:*:*,,,,,,,,
REF:CVE-2026-0300:0,Reference,https://cert-portal.siemens.com/productcert/html/ssa-967325.html,,,,,,,,https://cert-portal.siemens.com/productcert/html/ssa-967325.html
REF:CVE-2026-0300:1,Reference,https://security.paloaltonetworks.com/CVE-2026-0300,,,,,,,,https://security.paloaltonetworks.com/CVE-2026-0300
REF:CVE-2026-0300:2,Reference,https://www.cisa.gov/known-exploited-vulnerabilities-catalog?field_cve=CVE-2026-0300,,,,,,,,https://www.cisa.gov/known-exploited-vulnerabilities-catalog?field_cve=CVE-2026-0300
CVE:CVE-2024-5910,CVE,CVE-2024-5910,21998,0.668000,CRITICAL,CRITICAL,True,2024-07-10T19:15:11.390000Z,2024-11-07,
CPE:cpe:2.3:a:paloaltonetworks:expedition:*:*:*:*:*:*:*:*,CPE,cpe:2.3:a:paloaltonetworks:expedition:*:*:*:*:*:*:*:*,,,,,,,,
REF:CVE-2024-5910:0,Reference,https://security.paloaltonetworks.com/CVE-2024-5910,,,,,,,,https://security.paloaltonetworks.com/CVE-2024-5910
REF:CVE-2024-5910:1,Reference,https://www.cisa.gov/known-exploited-vulnerabilities-catalog?field_cve=CVE-2024-5910,,,,,,,,https://www.cisa.gov/known-exploited-vulnerabilities-catalog?field_cve=CVE-2024-5910
REF:CVE-2024-5910:2,Reference,https://www.horizon3.ai/attack-research/palo-alto-expedition-from-n-day-to-full-compromise,,,,,,,,https://www.horizon3.ai/attack-research/palo-alto-expedition-from-n-day-to-full-compromise
CVE:CVE-2025-14611,CVE,CVE-2025-14611,87452,0.668000,CRITICAL,HIGH,True,2025-12-12T21:15:53.107000Z,2025-12-15,
CWE:CWE-798,CWE,CWE-798,,,,,,,,
CPE:cpe:2.3:a:gladinet:centrestack:*:*:*:*:*:*:*:*,CPE,cpe:2.3:a:gladinet:centrestack:*:*:*:*:*:*:*:*,,,,,,,,
CPE:cpe:2.3:a:gladinet:triofox:*:*:*:*:*:*:*:*,CPE,cpe:2.3:a:gladinet:triofox:*:*:*:*:*:*:*:*,,,,,,,,
REF:CVE-2025-14611:0,Reference,https://www.cisa.gov/known-exploited-vulnerabilities-catalog?field_cve=CVE-2025-14611,,,,,,,,https://www.cisa.gov/known-exploited-vulnerabilities-catalog?field_cve=CVE-2025-14611
REF:CVE-2025-14611:1,Reference,https://www.huntress.com/blog/active-exploitation-gladinet-centrestack-triofox-insecure-cryptography-vulnerability,,,,,,,,https://www.huntress.com/blog/active-exploitation-gladinet-centrestack-triofox-insecure-cryptography-vulnerability
CVE:CVE-2026-8452,CVE,CVE-2026-8452,127246,0.668000,CRITICAL,HIGH,True,2026-06-30T13:19:33.450000Z,2026-08-26,
CPE:cpe:2.3:a:citrix:netscaler_application_delivery_controller:14.1-66.68:*:*:*:fips:*:*:*,CPE,cpe:2.3:a:citrix:netscaler_application_delivery_controller:14.1-66.68:*:*:*:fips:*:*:*,,,,,,,,
REF:CVE-2026-8452:0,Reference,https://support.citrix.com/support-home/kbsearch/article?articleNumber=CTX696604,,,,,,,,https://support.citrix.com/support-home/kbsearch/article?articleNumber=CTX696604
REF:CVE-2026-8452:1,Reference,https://www.cisa.gov/known-exploited-vulnerabilities-catalog?field_cve=CVE-2026-8452,,,,,,,,https://www.cisa.gov/known-exploited-vulnerabilities-catalog?field_cve=CVE-2026-8452
CVE:CVE-2024-23225,CVE,CVE-2024-23225,5979,0.666000,CRITICAL,HIGH,True,2024-03-05T20:16:01.370000Z,2024-03-06,
CPE:cpe:2.3:o:apple:ipados:*:*:*:*:*:*:*:*,CPE,cpe:2.3:o:apple:ipados:*:*:*:*:*:*:*:*,,,,,,,,
CPE:cpe:2.3:o:apple:iphone_os:*:*:*:*:*:*:*:*,CPE,cpe:2.3:o:apple:iphone_os:*:*:*:*:*:*:*:*,,,,,,,,
CPE:cpe:2.3:o:apple:macos:*:*:*:*:*:*:*:*,CPE,cpe:2.3:o:apple:macos:*:*:*:*:*:*:*:*,,,,,,,,
CPE:cpe:2.3:o:apple:tvos:*:*:*:*:*:*:*:*,CPE,cpe:2.3:o:apple:tvos:*:*:*:*:*:*:*:*,,,,,,,,
CPE:cpe:2.3:o:apple:visionos:*:*:*:*:*:*:*:*,CPE,cpe:2.3:o:apple:visionos:*:*:*:*:*:*:*:*,,,,,,,,
CPE:cpe:2.3:o:apple:watchos:*:*:*:*:*:*:*:*,CPE,cpe:2.3:o:apple:watchos:*:*:*:*:*:*:*:*,,,,,,,,
REF:CVE-2024-23225:0,Reference,http://seclists.org/fulldisclosure/2024/Mar/18,,,,,,,,http://seclists.org/fulldisclosure/2024/Mar/18
REF:CVE-2024-23225:1,Reference,http://seclists.org/fulldisclosure/2024/Mar/19,,,,,,,,http://seclists.org/fulldisclosure/2024/Mar/19
REF:CVE-2024-23225:2,Reference,http://seclists.org/fulldisclosure/2024/Mar/21,,,,,,,,http://seclists.org/fulldisclosure/2024/Mar/21
REF:CVE-2024-23225:3,Reference,http://seclists.org/fulldisclosure/2024/Mar/22,,,,,,,,http://seclists.org/fulldisclosure/2024/Mar/22
REF:CVE-2024-23225:4,Reference,http://seclists.org/fulldisclosure/2024/Mar/23,,,,,,,,http://seclists.org/fulldisclosure/2024/Mar/23
REF:CVE-2024-23225:5,Reference,http://seclists.org/fulldisclosure/2024/Mar/24,,,,,,,,http://seclists.org/fulldisclosure/2024/Mar/24
REF:CVE-2024-23225:6,Reference,http://seclists.org/fulldisclosure/2024/Mar/25,,,,,,,,http://seclists.org/fulldisclosure/2024/Mar/25
REF:CVE-2024-23225:7,Reference,http://seclists.org/fulldisclosure/2024/Mar/26,,,,,,,,http://seclists.org/fulldisclosure/2024/Mar/26
REF:CVE-2024-23225:8,Reference,https://support.apple.com/en-us/120880,,,,,,,,https://support.apple.com/en-us/120880
REF:CVE-2024-23225:9,Reference,https://support.apple.com/en-us/120881,,,,,,,,https://support.apple.com/en-us/120881
REF:CVE-2024-23225:10,Reference,https://support.apple.com/en-us/120882,,,,,,,,https://support.apple.com/en-us/120882
REF:CVE-2024-23225:11,Reference,https://support.apple.com/en-us/120883,,,,,,,,https://support.apple.com/en-us/120883
REF:CVE-2024-23225:12,Reference,https://support.apple.com/en-us/120884,,,,,,,,https://support.apple.com/en-us/120884
REF:CVE-2024-23225:13,Reference,https://support.apple.com/en-us/120886,,,,,,,,https://support.apple.com/en-us/120886
REF:CVE-2024-23225:14,Reference,https://support.apple.com/en-us/120893,,,,,,,,https://support.apple.com/en-us/120893
REF:CVE-2024-23225:15,Reference,https://support.apple.com/en-us/120895,,,,,,,,https://support.apple.com/en-us/120895
REF:CVE-2024-23225:16,Reference,https://support.apple.com/en-us/HT214081,,,,,,,,https://support.apple.com/en-us/HT214081
REF:CVE-2024-23225:17,Reference,https://support.apple.com/en-us/HT214082,,,,,,,,https://support.apple.com/en-us/HT214082
REF:CVE-2024-23225:18,Reference,https://support.apple.com/kb/HT214082,,,,,,,,https://support.apple.com/kb/HT214082
REF:CVE-2024-23225:19,Reference,https://support.apple.com/kb/HT214083,,,,,,,,https://support.apple.com/kb/HT214083
REF:CVE-2024-23225:20,Reference,https://support.apple.com/kb/HT214084,,,,,,,,https://support.apple.com/kb/HT214084
REF:CVE-2024-23225:21,Reference,https://support.apple.com/kb/HT214085,,,,,,,,https://support.apple.com/kb/HT214085
REF:CVE-2024-23225:22,Reference,https://support.apple.com/kb/HT214086,,,,,,,,https://support.apple.com/kb/HT214086
REF:CVE-2024-23225:23,Reference,https://support.apple.com/kb/HT214087,,,,,,,,https://support.apple.com/kb/HT214087
REF:CVE-2024-23225:24,Reference,https://support.apple.com/kb/HT214088,,,,,,,,https://support.apple.com/kb/HT214088
REF:CVE-2024-23225:25,Reference,https://www.cisa.gov/known-exploited-vulnerabilities-catalog?field_cve=CVE-2024-23225,,,,,,,,https://www.cisa.gov/known-exploited-vulnerabilities-catalog?field_cve=CVE-2024-23225
CVE:CVE-2024-23296,CVE,CVE-2024-23296,5982,0.666000,CRITICAL,HIGH,True,2024-03-05T20:16:01.553000Z,2024-03-06,
REF:CVE-2024-23296:0,Reference,http://seclists.org/fulldisclosure/2024/Jul/20,,,,,,,,http://seclists.org/fulldisclosure/2024/Jul/20
REF:CVE-2024-23296:1,Reference,http://seclists.org/fulldisclosure/2024/Mar/18,,,,,,,,http://seclists.org/fulldisclosure/2024/Mar/18
REF:CVE-2024-23296:2,Reference,http://seclists.org/fulldisclosure/2024/Mar/21,,,,,,,,http://seclists.org/fulldisclosure/2024/Mar/21
REF:CVE-2024-23296:3,Reference,http://seclists.org/fulldisclosure/2024/Mar/24,,,,,,,,http://seclists.org/fulldisclosure/2024/Mar/24
REF:CVE-2024-23296:4,Reference,http://seclists.org/fulldisclosure/2024/Mar/25,,,,,,,,http://seclists.org/fulldisclosure/2024/Mar/25
REF:CVE-2024-23296:5,Reference,http://seclists.org/fulldisclosure/2024/Mar/26,,,,,,,,http://seclists.org/fulldisclosure/2024/Mar/26
REF:CVE-2024-23296:6,Reference,http://seclists.org/fulldisclosure/2024/May/11,,,,,,,,http://seclists.org/fulldisclosure/2024/May/11
REF:CVE-2024-23296:7,Reference,http://seclists.org/fulldisclosure/2024/May/13,,,,,,,,http://seclists.org/fulldisclosure/2024/May/13
REF:CVE-2024-23296:8,Reference,https://support.apple.com/en-us/120881,,,,,,,,https://support.apple.com/en-us/120881
REF:CVE-2024-23296:9,Reference,https://support.apple.com/en-us/120882,,,,,,,,https://support.apple.com/en-us/120882
REF:CVE-2024-23296:10,Reference,https://support.apple.com/en-us/120883,,,,,,,,https://support.apple.com/en-us/120883
REF:CVE-2024-23296:11,Reference,https://support.apple.com/en-us/120893,,,,,,,,https://support.apple.com/en-us/120893
REF:CVE-2024-23296:12,Reference,https://support.apple.com/en-us/120895,,,,,,,,https://support.apple.com/en-us/120895
REF:CVE-2024-23296:13,Reference,https://support.apple.com/en-us/120898,,,,,,,,https://support.apple.com/en-us/120898
REF:CVE-2024-23296:14,Reference,https://support.apple.com/en-us/120900,,,,,,,,https://support.apple.com/en-us/120900
REF:CVE-2024-23296:15,Reference,https://support.apple.com/en-us/120910,,,,,,,,https://support.apple.com/en-us/120910
REF:CVE-2024-23296:16,Reference,https://support.apple.com/en-us/HT214081,,,,,,,,https://support.apple.com/en-us/HT214081
REF:CVE-2024-23296:17,Reference,https://support.apple.com/kb/HT214081,,,,,,,,https://support.apple.com/kb/HT214081
REF:CVE-2024-23296:18,Reference,https://support.apple.com/kb/HT214084,,,,,,,,https://support.apple.com/kb/HT214084
REF:CVE-2024-23296:19,Reference,https://support.apple.com/kb/HT214086,,,,,,,,https://support.apple.com/kb/HT214086
REF:CVE-2024-23296:20,Reference,https://support.apple.com/kb/HT214087,,,,,,,,https://support.apple.com/kb/HT214087
REF:CVE-2024-23296:21,Reference,https://support.apple.com/kb/HT214088,,,,,,,,https://support.apple.com/kb/HT214088
REF:CVE-2024-23296:22,Reference,https://support.apple.com/kb/HT214100,,,,,,,,https://support.apple.com/kb/HT214100
REF:CVE-2024-23296:23,Reference,https://support.apple.com/kb/HT214107,,,,,,,,https://support.apple.com/kb/HT214107
REF:CVE-2024-23296:24,Reference,https://support.apple.com/kb/HT214118,,,,,,,,https://support.apple.com/kb/HT214118
REF:CVE-2024-23296:25,Reference,https://www.cisa.gov/known-exploited-vulnerabilities-catalog?field_cve=CVE-2024-23296,,,,,,,,https://www.cisa.gov/known-exploited-vulnerabilities-catalog?field_cve=CVE-2024-23296
CVE:CVE-2025-0108,CVE,CVE-2025-0108,46492,0.664000,CRITICAL,HIGH,True,2025-02-12T21:15:16.290000Z,2025-02-18,
CPE:cpe:2.3:o:paloaltonetworks:pan-os:*:*:*:*:*:*:*:*,CPE,cpe:2.3:o:paloaltonetworks:pan-os:*:*:*:*:*:*:*:*,,,,,,,,
CPE:cpe:2.3:o:paloaltonetworks:pan-os:10.1.14:-:*:*:*:*:*:*,CPE,cpe:2.3:o:paloaltonetworks:pan-os:10.1.14:-:*:*:*:*:*:*,,,,,,,,
CPE:cpe:2.3:o:paloaltonetworks:pan-os:10.1.14:h1:*:*:*:*:*:*,CPE,cpe:2.3:o:paloaltonetworks:pan-os:10.1.14:h1:*:*:*:*:*:*,,,,,,,,
CPE:cpe:2.3:o:paloaltonetworks:pan-os:10.1.14:h2:*:*:*:*:*:*,CPE,cpe:2.3:o:paloaltonetworks:pan-os:10.1.14:h2:*:*:*:*:*:*,,,,,,,,
CPE:cpe:2.3:o:paloaltonetworks:pan-os:10.1.14:h3:*:*:*:*:*:*,CPE,cpe:2.3:o:paloaltonetworks:pan-os:10.1.14:h3:*:*:*:*:*:*,,,,,,,,
CPE:cpe:2.3:o:paloaltonetworks:pan-os:10.1.14:h4:*:*:*:*:*:*,CPE,cpe:2.3:o:paloaltonetworks:pan-os:10.1.14:h4:*:*:*:*:*:*,,,,,,,,
CPE:cpe:2.3:o:paloaltonetworks:pan-os:10.1.14:h5:*:*:*:*:*:*,CPE,cpe:2.3:o:paloaltonetworks:pan-os:10.1.14:h5:*:*:*:*:*:*,,,,,,,,
CPE:cpe:2.3:o:paloaltonetworks:pan-os:10.1.14:h6:*:*:*:*:*:*,CPE,cpe:2.3:o:paloaltonetworks:pan-os:10.1.14:h6:*:*:*:*:*:*,,,,,,,,
CPE:cpe:2.3:o:paloaltonetworks:pan-os:10.1.14:h7:*:*:*:*:*:*,CPE,cpe:2.3:o:paloaltonetworks:pan-os:10.1.14:h7:*:*:*:*:*:*,,,,,,,,
CPE:cpe:2.3:o:paloaltonetworks:pan-os:10.1.14:h8:*:*:*:*:*:*,CPE,cpe:2.3:o:paloaltonetworks:pan-os:10.1.14:h8:*:*:*:*:*:*,,,,,,,,
CPE:cpe:2.3:o:paloaltonetworks:pan-os:10.2.10:h11:*:*:*:*:*:*,CPE,cpe:2.3:o:paloaltonetworks:pan-os:10.2.10:h11:*:*:*:*:*:*,,,,,,,,
CPE:cpe:2.3:o:paloaltonetworks:pan-os:10.2.10:h13:*:*:*:*:*:*,CPE,cpe:2.3:o:paloaltonetworks:pan-os:10.2.10:h13:*:*:*:*:*:*,,,,,,,,
CPE:cpe:2.3:o:paloaltonetworks:pan-os:10.2.10:h1:*:*:*:*:*:*,CPE,cpe:2.3:o:paloaltonetworks:pan-os:10.2.10:h1:*:*:*:*:*:*,,,,,,,,
CPE:cpe:2.3:o:paloaltonetworks:pan-os:10.2.10:h6:*:*:*:*:*:*,CPE,cpe:2.3:o:paloaltonetworks:pan-os:10.2.10:h6:*:*:*:*:*:*,,,,,,,,
CPE:cpe:2.3:o:paloaltonetworks:pan-os:10.2.10:h8:*:*:*:*:*:*,CPE,cpe:2.3:o:paloaltonetworks:pan-os:10.2.10:h8:*:*:*:*:*:*,,,,,,,,
CPE:cpe:2.3:o:paloaltonetworks:pan-os:10.2.11:h10:*:*:*:*:*:*,CPE,cpe:2.3:o:paloaltonetworks:pan-os:10.2.11:h10:*:*:*:*:*:*,,,,,,,,
CPE:cpe:2.3:o:paloaltonetworks:pan-os:10.2.11:h11:*:*:*:*:*:*,CPE,cpe:2.3:o:paloaltonetworks:pan-os:10.2.11:h11:*:*:*:*:*:*,,,,,,,,
CPE:cpe:2.3:o:paloaltonetworks:pan-os:10.2.11:h5:*:*:*:*:*:*,CPE,cpe:2.3:o:paloaltonetworks:pan-os:10.2.11:h5:*:*:*:*:*:*,,,,,,,,
CPE:cpe:2.3:o:paloaltonetworks:pan-os:10.2.11:h6:*:*:*:*:*:*,CPE,cpe:2.3:o:paloaltonetworks:pan-os:10.2.11:h6:*:*:*:*:*:*,,,,,,,,
CPE:cpe:2.3:o:paloaltonetworks:pan-os:10.2.11:h7:*:*:*:*:*:*,CPE,cpe:2.3:o:paloaltonetworks:pan-os:10.2.11:h7:*:*:*:*:*:*,,,,,,,,
CPE:cpe:2.3:o:paloaltonetworks:pan-os:10.2.11:h8:*:*:*:*:*:*,CPE,cpe:2.3:o:paloaltonetworks:pan-os:10.2.11:h8:*:*:*:*:*:*,,,,,,,,
CPE:cpe:2.3:o:paloaltonetworks:pan-os:10.2.11:h9:*:*:*:*:*:*,CPE,cpe:2.3:o:paloaltonetworks:pan-os:10.2.11:h9:*:*:*:*:*:*,,,,,,,,
CPE:cpe:2.3:o:paloaltonetworks:pan-os:10.2.12:h2:*:*:*:*:*:*,CPE,cpe:2.3:o:paloaltonetworks:pan-os:10.2.12:h2:*:*:*:*:*:*,,,,,,,,
CPE:cpe:2.3:o:paloaltonetworks:pan-os:10.2.12:h3:*:*:*:*:*:*,CPE,cpe:2.3:o:paloaltonetworks:pan-os:10.2.12:h3:*:*:*:*:*:*,,,,,,,,
CPE:cpe:2.3:o:paloaltonetworks:pan-os:10.2.12:h4:*:*:*:*:*:*,CPE,cpe:2.3:o:paloaltonetworks:pan-os:10.2.12:h4:*:*:*:*:*:*,,,,,,,,
CPE:cpe:2.3:o:paloaltonetworks:pan-os:10.2.12:h5:*:*:*:*:*:*,CPE,cpe:2.3:o:paloaltonetworks:pan-os:10.2.12:h5:*:*:*:*:*:*,,,,,,,,
CPE:cpe:2.3:o:paloaltonetworks:pan-os:10.2.7:h10:*:*:*:*:*:*,CPE,cpe:2.3:o:paloaltonetworks:pan-os:10.2.7:h10:*:*:*:*:*:*,,,,,,,,
CPE:cpe:2.3:o:paloaltonetworks:pan-os:10.2.7:h11:*:*:*:*:*:*,CPE,cpe:2.3:o:paloaltonetworks:pan-os:10.2.7:h11:*:*:*:*:*:*,,,,,,,,
CPE:cpe:2.3:o:paloaltonetworks:pan-os:10.2.7:h13:*:*:*:*:*:*,CPE,cpe:2.3:o:paloaltonetworks:pan-os:10.2.7:h13:*:*:*:*:*:*,,,,,,,,
CPE:cpe:2.3:o:paloaltonetworks:pan-os:10.2.7:h14:*:*:*:*:*:*,CPE,cpe:2.3:o:paloaltonetworks:pan-os:10.2.7:h14:*:*:*:*:*:*,,,,,,,,
CPE:cpe:2.3:o:paloaltonetworks:pan-os:10.2.7:h15:*:*:*:*:*:*,CPE,cpe:2.3:o:paloaltonetworks:pan-os:10.2.7:h15:*:*:*:*:*:*,,,,,,,,
CPE:cpe:2.3:o:paloaltonetworks:pan-os:10.2.7:h17:*:*:*:*:*:*,CPE,cpe:2.3:o:paloaltonetworks:pan-os:10.2.7:h17:*:*:*:*:*:*,,,,,,,,
CPE:cpe:2.3:o:paloaltonetworks:pan-os:10.2.7:h18:*:*:*:*:*:*,CPE,cpe:2.3:o:paloaltonetworks:pan-os:10.2.7:h18:*:*:*:*:*:*,,,,,,,,
CPE:cpe:2.3:o:paloaltonetworks:pan-os:10.2.7:h20:*:*:*:*:*:*,CPE,cpe:2.3:o:paloaltonetworks:pan-os:10.2.7:h20:*:*:*:*:*:*,,,,,,,,
CPE:cpe:2.3:o:paloaltonetworks:pan-os:10.2.7:h22:*:*:*:*:*:*,CPE,cpe:2.3:o:paloaltonetworks:pan-os:10.2.7:h22:*:*:*:*:*:*,,,,,,,,
CPE:cpe:2.3:o:paloaltonetworks:pan-os:10.2.7:h23:*:*:*:*:*:*,CPE,cpe:2.3:o:paloaltonetworks:pan-os:10.2.7:h23:*:*:*:*:*:*,,,,,,,,
CPE:cpe:2.3:o:paloaltonetworks:pan-os:10.2.7:h2:*:*:*:*:*:*,CPE,cpe:2.3:o:paloaltonetworks:pan-os:10.2.7:h2:*:*:*:*:*:*,,,,,,,,
CPE:cpe:2.3:o:paloaltonetworks:pan-os:10.2.7:h4:*:*:*:*:*:*,CPE,cpe:2.3:o:paloaltonetworks:pan-os:10.2.7:h4:*:*:*:*:*:*,,,,,,,,
CPE:cpe:2.3:o:paloaltonetworks:pan-os:10.2.7:h5:*:*:*:*:*:*,CPE,cpe:2.3:o:paloaltonetworks:pan-os:10.2.7:h5:*:*:*:*:*:*,,,,,,,,
CPE:cpe:2.3:o:paloaltonetworks:pan-os:10.2.7:h7:*:*:*:*:*:*,CPE,cpe:2.3:o:paloaltonetworks:pan-os:10.2.7:h7:*:*:*:*:*:*,,,,,,,,
CPE:cpe:2.3:o:paloaltonetworks:pan-os:10.2.7:h9:*:*:*:*:*:*,CPE,cpe:2.3:o:paloaltonetworks:pan-os:10.2.7:h9:*:*:*:*:*:*,,,,,,,,
CPE:cpe:2.3:o:paloaltonetworks:pan-os:10.2.8:h11:*:*:*:*:*:*,CPE,cpe:2.3:o:paloaltonetworks:pan-os:10.2.8:h11:*:*:*:*:*:*,,,,,,,,
CPE:cpe:2.3:o:paloaltonetworks:pan-os:10.2.8:h12:*:*:*:*:*:*,CPE,cpe:2.3:o:paloaltonetworks:pan-os:10.2.8:h12:*:*:*:*:*:*,,,,,,,,
CPE:cpe:2.3:o:paloaltonetworks:pan-os:10.2.8:h14:*:*:*:*:*:*,CPE,cpe:2.3:o:paloaltonetworks:pan-os:10.2.8:h14:*:*:*:*:*:*,,,,,,,,
CPE:cpe:2.3:o:paloaltonetworks:pan-os:10.2.8:h15:*:*:*:*:*:*,CPE,cpe:2.3:o:paloaltonetworks:pan-os:10.2.8:h15:*:*:*:*:*:*,,,,,,,,
CPE:cpe:2.3:o:paloaltonetworks:pan-os:10.2.8:h16:*:*:*:*:*:*,CPE,cpe:2.3:o:paloaltonetworks:pan-os:10.2.8:h16:*:*:*:*:*:*,,,,,,,,
CPE:cpe:2.3:o:paloaltonetworks:pan-os:10.2.8:h17:*:*:*:*:*:*,CPE,cpe:2.3:o:paloaltonetworks:pan-os:10.2.8:h17:*:*:*:*:*:*,,,,,,,,
CPE:cpe:2.3:o:paloaltonetworks:pan-os:10.2.8:h18:*:*:*:*:*:*,CPE,cpe:2.3:o:paloaltonetworks:pan-os:10.2.8:h18:*:*:*:*:*:*,,,,,,,,
CPE:cpe:2.3:o:paloaltonetworks:pan-os:10.2.8:h19:*:*:*:*:*:*,CPE,cpe:2.3:o:paloaltonetworks:pan-os:10.2.8:h19:*:*:*:*:*:*,,,,,,,,
CPE:cpe:2.3:o:paloaltonetworks:pan-os:10.2.8:h1:*:*:*:*:*:*,CPE,cpe:2.3:o:paloaltonetworks:pan-os:10.2.8:h1:*:*:*:*:*:*,,,,,,,,
CPE:cpe:2.3:o:paloaltonetworks:pan-os:10.2.8:h20:*:*:*:*:*:*,CPE,cpe:2.3:o:paloaltonetworks:pan-os:10.2.8:h20:*:*:*:*:*:*,,,,,,,,
CPE:cpe:2.3:o:paloaltonetworks:pan-os:10.2.8:h2:*:*:*:*:*:*,CPE,cpe:2.3:o:paloaltonetworks:pan-os:10.2.8:h2:*:*:*:*:*:*,,,,,,,,
CPE:cpe:2.3:o:paloaltonetworks:pan-os:10.2.8:h5:*:*:*:*:*:*,CPE,cpe:2.3:o:paloaltonetworks:pan-os:10.2.8:h5:*:*:*:*:*:*,,,,,,,,
CPE:cpe:2.3:o:paloaltonetworks:pan-os:10.2.8:h6:*:*:*:*:*:*,CPE,cpe:2.3:o:paloaltonetworks:pan-os:10.2.8:h6:*:*:*:*:*:*,,,,,,,,
CPE:cpe:2.3:o:paloaltonetworks:pan-os:10.2.8:h7:*:*:*:*:*:*,CPE,cpe:2.3:o:paloaltonetworks:pan-os:10.2.8:h7:*:*:*:*:*:*,,,,,,,,
CPE:cpe:2.3:o:paloaltonetworks:pan-os:10.2.8:h8:*:*:*:*:*:*,CPE,cpe:2.3:o:paloaltonetworks:pan-os:10.2.8:h8:*:*:*:*:*:*,,,,,,,,
CPE:cpe:2.3:o:paloaltonetworks:pan-os:10.2.8:h9:*:*:*:*:*:*,CPE,cpe:2.3:o:paloaltonetworks:pan-os:10.2.8:h9:*:*:*:*:*:*,,,,,,,,
CPE:cpe:2.3:o:paloaltonetworks:pan-os:10.2.9:h12:*:*:*:*:*:*,CPE,cpe:2.3:o:paloaltonetworks:pan-os:10.2.9:h12:*:*:*:*:*:*,,,,,,,,
CPE:cpe:2.3:o:paloaltonetworks:pan-os:10.2.9:h13:*:*:*:*:*:*,CPE,cpe:2.3:o:paloaltonetworks:pan-os:10.2.9:h13:*:*:*:*:*:*,,,,,,,,
CPE:cpe:2.3:o:paloaltonetworks:pan-os:10.2.9:h15:*:*:*:*:*:*,CPE,cpe:2.3:o:paloaltonetworks:pan-os:10.2.9:h15:*:*:*:*:*:*,,,,,,,,
CPE:cpe:2.3:o:paloaltonetworks:pan-os:10.2.9:h16:*:*:*:*:*:*,CPE,cpe:2.3:o:paloaltonetworks:pan-os:10.2.9:h16:*:*:*:*:*:*,,,,,,,,
CPE:cpe:2.3:o:paloaltonetworks:pan-os:10.2.9:h17:*:*:*:*:*:*,CPE,cpe:2.3:o:paloaltonetworks:pan-os:10.2.9:h17:*:*:*:*:*:*,,,,,,,,
CPE:cpe:2.3:o:paloaltonetworks:pan-os:10.2.9:h18:*:*:*:*:*:*,CPE,cpe:2.3:o:paloaltonetworks:pan-os:10.2.9:h18:*:*:*:*:*:*,,,,,,,,
CPE:cpe:2.3:o:paloaltonetworks:pan-os:10.2.9:h19:*:*:*:*:*:*,CPE,cpe:2.3:o:paloaltonetworks:pan-os:10.2.9:h19:*:*:*:*:*:*,,,,,,,,
CPE:cpe:2.3:o:paloaltonetworks:pan-os:10.2.9:h20:*:*:*:*:*:*,CPE,cpe:2.3:o:paloaltonetworks:pan-os:10.2.9:h20:*:*:*:*:*:*,,,,,,,,
CPE:cpe:2.3:o:paloaltonetworks:pan-os:10.2.9:h2:*:*:*:*:*:*,CPE,cpe:2.3:o:paloaltonetworks:pan-os:10.2.9:h2:*:*:*:*:*:*,,,,,,,,
CPE:cpe:2.3:o:paloaltonetworks:pan-os:10.2.9:h3:*:*:*:*:*:*,CPE,cpe:2.3:o:paloaltonetworks:pan-os:10.2.9:h3:*:*:*:*:*:*,,,,,,,,
CPE:cpe:2.3:o:paloaltonetworks:pan-os:10.2.9:h4:*:*:*:*:*:*,CPE,cpe:2.3:o:paloaltonetworks:pan-os:10.2.9:h4:*:*:*:*:*:*,,,,,,,,
CPE:cpe:2.3:o:paloaltonetworks:pan-os:10.2.9:h5:*:*:*:*:*:*,CPE,cpe:2.3:o:paloaltonetworks:pan-os:10.2.9:h5:*:*:*:*:*:*,,,,,,,,
CPE:cpe:2.3:o:paloaltonetworks:pan-os:10.2.9:h6:*:*:*:*:*:*,CPE,cpe:2.3:o:paloaltonetworks:pan-os:10.2.9:h6:*:*:*:*:*:*,,,,,,,,
CPE:cpe:2.3:o:paloaltonetworks:pan-os:10.2.9:h7:*:*:*:*:*:*,CPE,cpe:2.3:o:paloaltonetworks:pan-os:10.2.9:h7:*:*:*:*:*:*,,,,,,,,
CPE:cpe:2.3:o:paloaltonetworks:pan-os:10.2.9:h8:*:*:*:*:*:*,CPE,cpe:2.3:o:paloaltonetworks:pan-os:10.2.9:h8:*:*:*:*:*:*,,,,,,,,
CPE:cpe:2.3:o:paloaltonetworks:pan-os:11.1.2:h10:*:*:*:*:*:*,CPE,cpe:2.3:o:paloaltonetworks:pan-os:11.1.2:h10:*:*:*:*:*:*,,,,,,,,
CPE:cpe:2.3:o:paloaltonetworks:pan-os:11.1.2:h11:*:*:*:*:*:*,CPE,cpe:2.3:o:paloaltonetworks:pan-os:11.1.2:h11:*:*:*:*:*:*,,,,,,,,
CPE:cpe:2.3:o:paloaltonetworks:pan-os:11.1.2:h13:*:*:*:*:*:*,CPE,cpe:2.3:o:paloaltonetworks:pan-os:11.1.2:h13:*:*:*:*:*:*,,,,,,,,
CPE:cpe:2.3:o:paloaltonetworks:pan-os:11.1.2:h15:*:*:*:*:*:*,CPE,cpe:2.3:o:paloaltonetworks:pan-os:11.1.2:h15:*:*:*:*:*:*,,,,,,,,
CPE:cpe:2.3:o:paloaltonetworks:pan-os:11.1.2:h16:*:*:*:*:*:*,CPE,cpe:2.3:o:paloaltonetworks:pan-os:11.1.2:h16:*:*:*:*:*:*,,,,,,,,
CPE:cpe:2.3:o:paloaltonetworks:pan-os:11.1.2:h17:*:*:*:*:*:*,CPE,cpe:2.3:o:paloaltonetworks:pan-os:11.1.2:h17:*:*:*:*:*:*,,,,,,,,
CPE:cpe:2.3:o:paloaltonetworks:pan-os:11.1.2:h2:*:*:*:*:*:*,CPE,cpe:2.3:o:paloaltonetworks:pan-os:11.1.2:h2:*:*:*:*:*:*,,,,,,,,
CPE:cpe:2.3:o:paloaltonetworks:pan-os:11.1.2:h5:*:*:*:*:*:*,CPE,cpe:2.3:o:paloaltonetworks:pan-os:11.1.2:h5:*:*:*:*:*:*,,,,,,,,
CPE:cpe:2.3:o:paloaltonetworks:pan-os:11.1.2:h6:*:*:*:*:*:*,CPE,cpe:2.3:o:paloaltonetworks:pan-os:11.1.2:h6:*:*:*:*:*:*,,,,,,,,
CPE:cpe:2.3:o:paloaltonetworks:pan-os:11.1.2:h7:*:*:*:*:*:*,CPE,cpe:2.3:o:paloaltonetworks:pan-os:11.1.2:h7:*:*:*:*:*:*,,,,,,,,
CPE:cpe:2.3:o:paloaltonetworks:pan-os:11.1.2:h8:*:*:*:*:*:*,CPE,cpe:2.3:o:paloaltonetworks:pan-os:11.1.2:h8:*:*:*:*:*:*,,,,,,,,
CPE:cpe:2.3:o:paloaltonetworks:pan-os:11.1.4:h10:*:*:*:*:*:*,CPE,cpe:2.3:o:paloaltonetworks:pan-os:11.1.4:h10:*:*:*:*:*:*,,,,,,,,
CPE:cpe:2.3:o:paloaltonetworks:pan-os:11.1.4:h11:*:*:*:*:*:*,CPE,cpe:2.3:o:paloaltonetworks:pan-os:11.1.4:h11:*:*:*:*:*:*,,,,,,,,
CPE:cpe:2.3:o:paloaltonetworks:pan-os:11.1.4:h12:*:*:*:*:*:*,CPE,cpe:2.3:o:paloaltonetworks:pan-os:11.1.4:h12:*:*:*:*:*:*,,,,,,,,
CPE:cpe:2.3:o:paloaltonetworks:pan-os:11.1.4:h2:*:*:*:*:*:*,CPE,cpe:2.3:o:paloaltonetworks:pan-os:11.1.4:h2:*:*:*:*:*:*,,,,,,,,
CPE:cpe:2.3:o:paloaltonetworks:pan-os:11.1.4:h3:*:*:*:*:*:*,CPE,cpe:2.3:o:paloaltonetworks:pan-os:11.1.4:h3:*:*:*:*:*:*,,,,,,,,
CPE:cpe:2.3:o:paloaltonetworks:pan-os:11.1.4:h5:*:*:*:*:*:*,CPE,cpe:2.3:o:paloaltonetworks:pan-os:11.1.4:h5:*:*:*:*:*:*,,,,,,,,
CPE:cpe:2.3:o:paloaltonetworks:pan-os:11.1.4:h6:*:*:*:*:*:*,CPE,cpe:2.3:o:paloaltonetworks:pan-os:11.1.4:h6:*:*:*:*:*:*,,,,,,,,
CPE:cpe:2.3:o:paloaltonetworks:pan-os:11.1.4:h8:*:*:*:*:*:*,CPE,cpe:2.3:o:paloaltonetworks:pan-os:11.1.4:h8:*:*:*:*:*:*,,,,,,,,
CPE:cpe:2.3:o:paloaltonetworks:pan-os:11.2.4:h3:*:*:*:*:*:*,CPE,cpe:2.3:o:paloaltonetworks:pan-os:11.2.4:h3:*:*:*:*:*:*,,,,,,,,
REF:CVE-2025-0108:0,Reference,https://github.com/iSee857/CVE-2025-0108-PoC,,,,,,,,https://github.com/iSee857/CVE-2025-0108-PoC
REF:CVE-2025-0108:1,Reference,https://security.paloaltonetworks.com/CVE-2025-0108,,,,,,,,https://security.paloaltonetworks.com/CVE-2025-0108
REF:CVE-2025-0108:2,Reference,https://slcyber.io/blog/nginx-apache-path-confusion-to-auth-bypass-in-pan-os/,,,,,,,,https://slcyber.io/blog/nginx-apache-path-confusion-to-auth-bypass-in-pan-os/
REF:CVE-2025-0108:3,Reference,https://www.bleepingcomputer.com/news/security/palo-alto-networks-tags-new-firewall-bug-as-exploited-in-attacks/,,,,,,,,https://www.bleepingcomputer.com/news/security/palo-alto-networks-tags-new-firewall-bug-as-exploited-in-attacks/
REF:CVE-2025-0108:4,Reference,https://www.cisa.gov/known-exploited-vulnerabilities-catalog?field_cve=CVE-2025-0108,,,,,,,,https://www.cisa.gov/known-exploited-vulnerabilities-catalog?field_cve=CVE-2025-0108
REF:CVE-2025-0108:5,Reference,https://www.darkreading.com/remote-workforce/patch-now-cisa-researchers-warn-palo-alto-flaw-exploited-wild,,,,,,,,https://www.darkreading.com/remote-workforce/patch-now-cisa-researchers-warn-palo-alto-flaw-exploited-wild
REF:CVE-2025-0108:6,Reference,https://www.securityweek.com/palo-alto-networks-confirms-exploitation-of-firewall-vulnerability/,,,,,,,,https://www.securityweek.com/palo-alto-networks-confirms-exploitation-of-firewall-vulnerability/
REF:CVE-2025-0108:7,Reference,https://www.theregister.com/2025/02/19/palo_alto_firewall_attack/,,,,,,,,https://www.theregister.com/2025/02/19/palo_alto_firewall_attack/
CVE:CVE-2026-48558,CVE,CVE-2026-48558,123037,0.664000,CRITICAL,CRITICAL,True,2026-06-12T18:16:35.317000Z,2026-06-29,
CWE:CWE-347,CWE,CWE-347,,,,,,,,
CPE:cpe:2.3:a:simple-help:simplehelp:*:*:*:*:*:*:*:*,CPE,cpe:2.3:a:simple-help:simplehelp:*:*:*:*:*:*:*:*,,,,,,,,
CPE:cpe:2.3:a:simple-help:simplehelp:6.0:pre-release:*:*:*:*:*:*,CPE,cpe:2.3:a:simple-help:simplehelp:6.0:pre-release:*:*:*:*:*:*,,,,,,,,
REF:CVE-2026-48558:0,Reference,https://blackpointcyber.com/blog/a-djinn-in-the-machine-taskweavers-node-js-intrusion-chain/,,,,,,,,https://blackpointcyber.com/blog/a-djinn-in-the-machine-taskweavers-node-js-intrusion-chain/
REF:CVE-2026-48558:1,Reference,https://horizon3.ai/attack-research/disclosures/cve-2026-48558-simplehelp-authentication-bypass-iocs/,,,,,,,,https://horizon3.ai/attack-research/disclosures/cve-2026-48558-simplehelp-authentication-bypass-iocs/
REF:CVE-2026-48558:2,Reference,https://simple-help.com/release-news,,,,,,,,https://simple-help.com/release-news
REF:CVE-2026-48558:3,Reference,https://simple-help.com/security/simplehelp-security-update-2026-05,,,,,,,,https://simple-help.com/security/simplehelp-security-update-2026-05
REF:CVE-2026-48558:4,Reference,https://www.cisa.gov/known-exploited-vulnerabilities-catalog?field_cve=CVE-2026-48558,,,,,,,,https://www.cisa.gov/known-exploited-vulnerabilities-catalog?field_cve=CVE-2026-48558
CVE:CVE-2026-59822,CVE,CVE-2026-59822,129392,0.664000,CRITICAL,HIGH,True,2026-07-08T20:16:57.683000Z,2026-09-02,
REF:CVE-2026-59822:0,Reference,https://github.com/BerriAI/litellm/commit/73869f0faf7d11ee21adcb5f91b8c33a340b6c2c,,,,,,,,https://github.com/BerriAI/litellm/commit/73869f0faf7d11ee21adcb5f91b8c33a340b6c2c
REF:CVE-2026-59822:1,Reference,https://github.com/BerriAI/litellm/pull/26463,,,,,,,,https://github.com/BerriAI/litellm/pull/26463
REF:CVE-2026-59822:2,Reference,https://github.com/BerriAI/litellm/releases/tag/v1.84.0,,,,,,,,https://github.com/BerriAI/litellm/releases/tag/v1.84.0
REF:CVE-2026-59822:3,Reference,https://github.com/BerriAI/litellm/security/advisories/GHSA-7488-6r32-c95q,,,,,,,,https://github.com/BerriAI/litellm/security/advisories/GHSA-7488-6r32-c95q
REF:CVE-2026-59822:4,Reference,https://www.cisa.gov/known-exploited-vulnerabilities-catalog?field_cve=CVE-2026-59822,,,,,,,,https://www.cisa.gov/known-exploited-vulnerabilities-catalog?field_cve=CVE-2026-59822
REF:CVE-2026-59822:5,Reference,https://www.wiz.io/blog/ai-infrastructure-honeypot,,,,,,,,https://www.wiz.io/blog/ai-infrastructure-honeypot
CVE:CVE-2026-18556,CVE,CVE-2026-18556,137867,0.662000,CRITICAL,HIGH,True,2026-08-01T20:16:37.157000Z,2026-08-04,
REF:CVE-2026-18556:0,Reference,https://uptime.n-able.com/,,,,,,,,https://uptime.n-able.com/
REF:CVE-2026-18556:1,Reference,https://www.cisa.gov/known-exploited-vulnerabilities-catalog?field_cve=CVE-2026-18556,,,,,,,,https://www.cisa.gov/known-exploited-vulnerabilities-catalog?field_cve=CVE-2026-18556
REF:CVE-2026-18556:2,Reference,https://www.n-able.com/blog/n-central-security-update-august-2-2026,,,,,,,,https://www.n-able.com/blog/n-central-security-update-august-2-2026
CVE:CVE-2024-9463,CVE,CVE-2024-9463,30533,0.660000,CRITICAL,CRITICAL,True,2024-10-09T17:15:19.973000Z,2024-11-14,
REF:CVE-2024-9463:0,Reference,https://security.paloaltonetworks.com/PAN-SA-2024-0010,,,,,,,,https://security.paloaltonetworks.com/PAN-SA-2024-0010
REF:CVE-2024-9463:1,Reference,https://www.cisa.gov/known-exploited-vulnerabilities-catalog?field_cve=CVE-2024-9463,,,,,,,,https://www.cisa.gov/known-exploited-vulnerabilities-catalog?field_cve=CVE-2024-9463
CVE:CVE-2026-50522,CVE,CVE-2026-50522,130900,0.660000,CRITICAL,CRITICAL,True,2026-07-14T17:17:01.547000Z,2026-07-22,
CPE:cpe:2.3:a:microsoft:sharepoint_server:*:*:*:*:subscription:*:*:*,CPE,cpe:2.3:a:microsoft:sharepoint_server:*:*:*:*:subscription:*:*:*,,,,,,,,
CPE:cpe:2.3:a:microsoft:sharepoint_server:2016:*:*:*:enterprise:*:*:*,CPE,cpe:2.3:a:microsoft:sharepoint_server:2016:*:*:*:enterprise:*:*:*,,,,,,,,
CPE:cpe:2.3:a:microsoft:sharepoint_server:2019:*:*:*:*:*:*:*,CPE,cpe:2.3:a:microsoft:sharepoint_server:2019:*:*:*:*:*:*:*,,,,,,,,
REF:CVE-2026-50522:0,Reference,https://msrc.microsoft.com/update-guide/vulnerability/CVE-2026-50522,,,,,,,,https://msrc.microsoft.com/update-guide/vulnerability/CVE-2026-50522
REF:CVE-2026-50522:1,Reference,https://www.cisa.gov/known-exploited-vulnerabilities-catalog?field_cve=CVE-2026-50522,,,,,,,,https://www.cisa.gov/known-exploited-vulnerabilities-catalog?field_cve=CVE-2026-50522
CVE:CVE-2026-58644,CVE,CVE-2026-58644,130980,0.660000,CRITICAL,CRITICAL,True,2026-07-14T17:17:14.257000Z,2026-07-16,
REF:CVE-2026-58644:0,Reference,https://msrc.microsoft.com/update-guide/vulnerability/CVE-2026-58644,,,,,,,,https://msrc.microsoft.com/update-guide/vulnerability/CVE-2026-58644
REF:CVE-2026-58644:1,Reference,https://www.cisa.gov/known-exploited-vulnerabilities-catalog?field_cve=CVE-2026-58644,,,,,,,,https://www.cisa.gov/known-exploited-vulnerabilities-catalog?field_cve=CVE-2026-58644
CVE:CVE-2025-1316,CVE,CVE-2025-1316,49521,0.658000,CRITICAL,CRITICAL,True,2025-03-05T00:15:35.057000Z,2025-03-19,
CPE:cpe:2.3:h:edimax:ic-7100:-:*:*:*:*:*:*:*,CPE,cpe:2.3:h:edimax:ic-7100:-:*:*:*:*:*:*:*,,,,,,,,
CPE:cpe:2.3:o:edimax:ic-7100_firmware:*:*:*:*:*:*:*:*,CPE,cpe:2.3:o:edimax:ic-7100_firmware:*:*:*:*:*:*:*:*,,,,,,,,
REF:CVE-2025-1316:0,Reference,https://www.cisa.gov/known-exploited-vulnerabilities-catalog?field_cve=CVE-2025-1316,,,,,,,,https://www.cisa.gov/known-exploited-vulnerabilities-catalog?field_cve=CVE-2025-1316
REF:CVE-2025-1316:1,Reference,https://www.cisa.gov/news-events/ics-advisories/icsa-25-063-08,,,,,,,,https://www.cisa.gov/news-events/ics-advisories/icsa-25-063-08
CVE:CVE-2025-34028,CVE,CVE-2025-34028,56479,0.658000,CRITICAL,CRITICAL,True,2025-04-22T17:16:48.027000Z,2025-05-02,
CWE:CWE-22,CWE,CWE-22,,,,,,,,
REF:CVE-2025-34028:0,Reference,https://documentation.commvault.com/securityadvisories/CV_2025_04_1.html,,,,,,,,https://documentation.commvault.com/securityadvisories/CV_2025_04_1.html
REF:CVE-2025-34028:1,Reference,https://github.com/watchtowrlabs/watchTowr-vs-Commvault-PreAuth-RCE-CVE-2025-34028,,,,,,,,https://github.com/watchtowrlabs/watchTowr-vs-Commvault-PreAuth-RCE-CVE-2025-34028
REF:CVE-2025-34028:2,Reference,https://labs.watchtowr.com/fire-in-the-hole-were-breaching-the-vault-commvault-remote-code-execution-cve-2025-34028/,,,,,,,,https://labs.watchtowr.com/fire-in-the-hole-were-breaching-the-vault-commvault-remote-code-execution-cve-2025-34028/
REF:CVE-2025-34028:3,Reference,https://www.cisa.gov/known-exploited-vulnerabilities-catalog?field_cve=CVE-2025-34028,,,,,,,,https://www.cisa.gov/known-exploited-vulnerabilities-catalog?field_cve=CVE-2025-34028
REF:CVE-2025-34028:4,Reference,https://www.vulncheck.com/advisories/commvault-command-center-innovation-release-unauthenticated-install-package-path-traversal,,,,,,,,https://www.vulncheck.com/advisories/commvault-command-center-innovation-release-unauthenticated-install-package-path-traversal
CVE:CVE-2026-24423,CVE,CVE-2026-24423,94871,0.657988,CRITICAL,CRITICAL,True,2026-01-23T17:16:13.483000Z,2026-02-05,
REF:CVE-2026-24423:0,Reference,https://code-white.com/public-vulnerability-list/#systemadminsettingscontrollerconnecttohub-missing-authentication-in-smartermail,,,,,,,,https://code-white.com/public-vulnerability-list/#systemadminsettingscontrollerconnecttohub-missing-authentication-in-smartermail
REF:CVE-2026-24423:1,Reference,https://www.cisa.gov/known-exploited-vulnerabilities-catalog?field_cve=CVE-2026-24423,,,,,,,,https://www.cisa.gov/known-exploited-vulnerabilities-catalog?field_cve=CVE-2026-24423
REF:CVE-2026-24423:2,Reference,https://www.smartertools.com/smartermail/release-notes/current,,,,,,,,https://www.smartertools.com/smartermail/release-notes/current
REF:CVE-2026-24423:3,Reference,https://www.vulncheck.com/advisories/smartertools-smartermail-unauthenticated-rce-via-connecttohub-api,,,,,,,,https://www.vulncheck.com/advisories/smartertools-smartermail-unauthenticated-rce-via-connecttohub-api
CVE:CVE-2025-5777,CVE,CVE-2025-5777,63516,0.656000,CRITICAL,CRITICAL,True,2025-06-17T13:15:21.523000Z,2025-07-10,
CWE:CWE-457,CWE,CWE-457,,,,,,,,
CWE:CWE-908,CWE,CWE-908,,,,,,,,
REF:CVE-2025-5777:0,Reference,https://citrixbleed.com,,,,,,,,https://citrixbleed.com
REF:CVE-2025-5777:1,Reference,https://doublepulsar.com/citrixbleed-2-exploitation-started-mid-june-how-to-spot-it-f3106392aa71,,,,,,,,https://doublepulsar.com/citrixbleed-2-exploitation-started-mid-june-how-to-spot-it-f3106392aa71
REF:CVE-2025-5777:2,Reference,https://horizon3.ai/attack-research/attack-blogs/cve-2025-5777-citrixbleed-2-write-up-maybe/,,,,,,,,https://horizon3.ai/attack-research/attack-blogs/cve-2025-5777-citrixbleed-2-write-up-maybe/
REF:CVE-2025-5777:3,Reference,https://labs.watchtowr.com/how-much-more-must-we-bleed-citrix-netscaler-memory-disclosure-citrixbleed-2-cve-2025-5777/,,,,,,,,https://labs.watchtowr.com/how-much-more-must-we-bleed-citrix-netscaler-memory-disclosure-citrixbleed-2-cve-2025-5777/
REF:CVE-2025-5777:4,Reference,https://reliaquest.com/blog/threat-spotlight-citrix-bleed-2-vulnerability-in-netscaler-adc-gateway-devices/,,,,,,,,https://reliaquest.com/blog/threat-spotlight-citrix-bleed-2-vulnerability-in-netscaler-adc-gateway-devices/
REF:CVE-2025-5777:5,Reference,https://support.citrix.com/support-home/kbsearch/article?articleNumber=CTX693420,,,,,,,,https://support.citrix.com/support-home/kbsearch/article?articleNumber=CTX693420
REF:CVE-2025-5777:6,Reference,https://www.bleepingcomputer.com/news/security/cisa-tags-citrix-bleed-2-as-exploited-gives-agencies-a-day-to-patch/,,,,,,,,https://www.bleepingcomputer.com/news/security/cisa-tags-citrix-bleed-2-as-exploited-gives-agencies-a-day-to-patch/
REF:CVE-2025-5777:7,Reference,https://www.cisa.gov/known-exploited-vulnerabilities-catalog?field_cve=CVE-2025-5777,,,,,,,,https://www.cisa.gov/known-exploited-vulnerabilities-catalog?field_cve=CVE-2025-5777
REF:CVE-2025-5777:8,Reference,https://www.netscaler.com/blog/news/netscaler-critical-security-updates-for-cve-2025-6543-and-cve-2025-5777/,,,,,,,,https://www.netscaler.com/blog/news/netscaler-critical-security-updates-for-cve-2025-6543-and-cve-2025-5777/
REF:CVE-2025-5777:9,Reference,https://www.theregister.com/2025/07/10/cisa_citrixbleed_kev/,,,,,,,,https://www.theregister.com/2025/07/10/cisa_citrixbleed_kev/
CVE:CVE-2026-0257,CVE,CVE-2026-0257,116025,0.656000,CRITICAL,HIGH,True,2026-05-13T19:17:01.040000Z,2026-05-29,
CWE:CWE-565,CWE,CWE-565,,,,,,,,
CPE:cpe:2.3:a:paloaltonetworks:prisma_access:-:*:*:*:*:*:*:*,CPE,cpe:2.3:a:paloaltonetworks:prisma_access:-:*:*:*:*:*:*:*,,,,,,,,
CPE:cpe:2.3:o:paloaltonetworks:pan-os:10.2.17:*:*:*:*:*:*:*,CPE,cpe:2.3:o:paloaltonetworks:pan-os:10.2.17:*:*:*:*:*:*:*,,,,,,,,
CPE:cpe:2.3:o:paloaltonetworks:pan-os:11.2.10:h6:*:*:*:*:*:*,CPE,cpe:2.3:o:paloaltonetworks:pan-os:11.2.10:h6:*:*:*:*:*:*,,,,,,,,
CPE:cpe:2.3:o:paloaltonetworks:pan-os:11.2.7:h13:*:*:*:*:*:*,CPE,cpe:2.3:o:paloaltonetworks:pan-os:11.2.7:h13:*:*:*:*:*:*,,,,,,,,
CPE:cpe:2.3:o:paloaltonetworks:pan-os:12.1.4:h5:*:*:*:*:*:*,CPE,cpe:2.3:o:paloaltonetworks:pan-os:12.1.4:h5:*:*:*:*:*:*,,,,,,,,
CPE:cpe:2.3:o:paloaltonetworks:pan-os:12.1.5:*:*:*:*:*:*:*,CPE,cpe:2.3:o:paloaltonetworks:pan-os:12.1.5:*:*:*:*:*:*:*,,,,,,,,
CPE:cpe:2.3:o:paloaltonetworks:pan-os:12.1.6:*:*:*:*:*:*:*,CPE,cpe:2.3:o:paloaltonetworks:pan-os:12.1.6:*:*:*:*:*:*:*,,,,,,,,
REF:CVE-2026-0257:0,Reference,https://cert-portal.siemens.com/productcert/html/ssa-967325.html,,,,,,,,https://cert-portal.siemens.com/productcert/html/ssa-967325.html
REF:CVE-2026-0257:1,Reference,https://security.paloaltonetworks.com/CVE-2026-0257,,,,,,,,https://security.paloaltonetworks.com/CVE-2026-0257
REF:CVE-2026-0257:2,Reference,https://www.cisa.gov/known-exploited-vulnerabilities-catalog?field_cve=CVE-2026-0257,,,,,,,,https://www.cisa.gov/known-exploited-vulnerabilities-catalog?field_cve=CVE-2026-0257
CVE:CVE-2026-72530,CVE,CVE-2026-72530,145868,0.656000,CRITICAL,CRITICAL,True,2026-08-19T17:21:01.130000Z,2026-08-20,
REF:CVE-2026-72530:0,Reference,https://ics-cert.kaspersky.com/advisories/2026/08/11/trueconf-server-breakout-from-isolated-environment/,,,,,,,,https://ics-cert.kaspersky.com/advisories/2026/08/11/trueconf-server-breakout-from-isolated-environment/
REF:CVE-2026-72530:1,Reference,https://securelist.com/tr/head-mare-targets-trueconf-server-with-phantomcore/120988/,,,,,,,,https://securelist.com/tr/head-mare-targets-trueconf-server-with-phantomcore/120988/
REF:CVE-2026-72530:2,Reference,https://www.cisa.gov/known-exploited-vulnerabilities-catalog?field_cve=CVE-2026-72530,,,,,,,,https://www.cisa.gov/known-exploited-vulnerabilities-catalog?field_cve=CVE-2026-72530
CVE:CVE-2025-21590,CVE,CVE-2025-21590,50451,0.654000,CRITICAL,MEDIUM,True,2025-03-12T14:15:15.447000Z,2025-03-13,
CWE:CWE-653,CWE,CWE-653,,,,,,,,
CPE:cpe:2.3:o:juniper:junos:*:-:*:*:*:*:*:*,CPE,cpe:2.3:o:juniper:junos:*:-:*:*:*:*:*:*,,,,,,,,
CPE:cpe:2.3:o:juniper:junos:21.2:r1-s1:*:*:*:*:*:*,CPE,cpe:2.3:o:juniper:junos:21.2:r1-s1:*:*:*:*:*:*,,,,,,,,
CPE:cpe:2.3:o:juniper:junos:21.2:r1-s2:*:*:*:*:*:*,CPE,cpe:2.3:o:juniper:junos:21.2:r1-s2:*:*:*:*:*:*,,,,,,,,
CPE:cpe:2.3:o:juniper:junos:21.2:r1:*:*:*:*:*:*,CPE,cpe:2.3:o:juniper:junos:21.2:r1:*:*:*:*:*:*,,,,,,,,
CPE:cpe:2.3:o:juniper:junos:21.2:r2-s1:*:*:*:*:*:*,CPE,cpe:2.3:o:juniper:junos:21.2:r2-s1:*:*:*:*:*:*,,,,,,,,
CPE:cpe:2.3:o:juniper:junos:21.2:r2-s2:*:*:*:*:*:*,CPE,cpe:2.3:o:juniper:junos:21.2:r2-s2:*:*:*:*:*:*,,,,,,,,
CPE:cpe:2.3:o:juniper:junos:21.2:r2:*:*:*:*:*:*,CPE,cpe:2.3:o:juniper:junos:21.2:r2:*:*:*:*:*:*,,,,,,,,
CPE:cpe:2.3:o:juniper:junos:21.2:r3-s1:*:*:*:*:*:*,CPE,cpe:2.3:o:juniper:junos:21.2:r3-s1:*:*:*:*:*:*,,,,,,,,
CPE:cpe:2.3:o:juniper:junos:21.2:r3-s2:*:*:*:*:*:*,CPE,cpe:2.3:o:juniper:junos:21.2:r3-s2:*:*:*:*:*:*,,,,,,,,
CPE:cpe:2.3:o:juniper:junos:21.2:r3-s3:*:*:*:*:*:*,CPE,cpe:2.3:o:juniper:junos:21.2:r3-s3:*:*:*:*:*:*,,,,,,,,
CPE:cpe:2.3:o:juniper:junos:21.2:r3-s4:*:*:*:*:*:*,CPE,cpe:2.3:o:juniper:junos:21.2:r3-s4:*:*:*:*:*:*,,,,,,,,
CPE:cpe:2.3:o:juniper:junos:21.2:r3-s5:*:*:*:*:*:*,CPE,cpe:2.3:o:juniper:junos:21.2:r3-s5:*:*:*:*:*:*,,,,,,,,
CPE:cpe:2.3:o:juniper:junos:21.2:r3-s6:*:*:*:*:*:*,CPE,cpe:2.3:o:juniper:junos:21.2:r3-s6:*:*:*:*:*:*,,,,,,,,
CPE:cpe:2.3:o:juniper:junos:21.2:r3-s7:*:*:*:*:*:*,CPE,cpe:2.3:o:juniper:junos:21.2:r3-s7:*:*:*:*:*:*,,,,,,,,
CPE:cpe:2.3:o:juniper:junos:21.2:r3-s8:*:*:*:*:*:*,CPE,cpe:2.3:o:juniper:junos:21.2:r3-s8:*:*:*:*:*:*,,,,,,,,
CPE:cpe:2.3:o:juniper:junos:21.2:r3:*:*:*:*:*:*,CPE,cpe:2.3:o:juniper:junos:21.2:r3:*:*:*:*:*:*,,,,,,,,
CPE:cpe:2.3:o:juniper:junos:21.4:*:*:*:*:*:*:*,CPE,cpe:2.3:o:juniper:junos:21.4:*:*:*:*:*:*:*,,,,,,,,
CPE:cpe:2.3:o:juniper:junos:21.4:-:*:*:*:*:*:*,CPE,cpe:2.3:o:juniper:junos:21.4:-:*:*:*:*:*:*,,,,,,,,
CPE:cpe:2.3:o:juniper:junos:21.4:r1-s1:*:*:*:*:*:*,CPE,cpe:2.3:o:juniper:junos:21.4:r1-s1:*:*:*:*:*:*,,,,,,,,
CPE:cpe:2.3:o:juniper:junos:21.4:r1-s2:*:*:*:*:*:*,CPE,cpe:2.3:o:juniper:junos:21.4:r1-s2:*:*:*:*:*:*,,,,,,,,
CPE:cpe:2.3:o:juniper:junos:21.4:r1:*:*:*:*:*:*,CPE,cpe:2.3:o:juniper:junos:21.4:r1:*:*:*:*:*:*,,,,,,,,
CPE:cpe:2.3:o:juniper:junos:21.4:r2-s1:*:*:*:*:*:*,CPE,cpe:2.3:o:juniper:junos:21.4:r2-s1:*:*:*:*:*:*,,,,,,,,
CPE:cpe:2.3:o:juniper:junos:21.4:r2-s2:*:*:*:*:*:*,CPE,cpe:2.3:o:juniper:junos:21.4:r2-s2:*:*:*:*:*:*,,,,,,,,
CPE:cpe:2.3:o:juniper:junos:21.4:r2:*:*:*:*:*:*,CPE,cpe:2.3:o:juniper:junos:21.4:r2:*:*:*:*:*:*,,,,,,,,
CPE:cpe:2.3:o:juniper:junos:21.4:r3-s1:*:*:*:*:*:*,CPE,cpe:2.3:o:juniper:junos:21.4:r3-s1:*:*:*:*:*:*,,,,,,,,
CPE:cpe:2.3:o:juniper:junos:21.4:r3-s2:*:*:*:*:*:*,CPE,cpe:2.3:o:juniper:junos:21.4:r3-s2:*:*:*:*:*:*,,,,,,,,
CPE:cpe:2.3:o:juniper:junos:21.4:r3-s3:*:*:*:*:*:*,CPE,cpe:2.3:o:juniper:junos:21.4:r3-s3:*:*:*:*:*:*,,,,,,,,
CPE:cpe:2.3:o:juniper:junos:21.4:r3-s4:*:*:*:*:*:*,CPE,cpe:2.3:o:juniper:junos:21.4:r3-s4:*:*:*:*:*:*,,,,,,,,
CPE:cpe:2.3:o:juniper:junos:21.4:r3-s5:*:*:*:*:*:*,CPE,cpe:2.3:o:juniper:junos:21.4:r3-s5:*:*:*:*:*:*,,,,,,,,
CPE:cpe:2.3:o:juniper:junos:21.4:r3-s6:*:*:*:*:*:*,CPE,cpe:2.3:o:juniper:junos:21.4:r3-s6:*:*:*:*:*:*,,,,,,,,
CPE:cpe:2.3:o:juniper:junos:21.4:r3-s7:*:*:*:*:*:*,CPE,cpe:2.3:o:juniper:junos:21.4:r3-s7:*:*:*:*:*:*,,,,,,,,
CPE:cpe:2.3:o:juniper:junos:21.4:r3-s8:*:*:*:*:*:*,CPE,cpe:2.3:o:juniper:junos:21.4:r3-s8:*:*:*:*:*:*,,,,,,,,
CPE:cpe:2.3:o:juniper:junos:21.4:r3-s9:*:*:*:*:*:*,CPE,cpe:2.3:o:juniper:junos:21.4:r3-s9:*:*:*:*:*:*,,,,,,,,
CPE:cpe:2.3:o:juniper:junos:21.4:r3:*:*:*:*:*:*,CPE,cpe:2.3:o:juniper:junos:21.4:r3:*:*:*:*:*:*,,,,,,,,
CPE:cpe:2.3:o:juniper:junos:22.2:-:*:*:*:*:*:*,CPE,cpe:2.3:o:juniper:junos:22.2:-:*:*:*:*:*:*,,,,,,,,
CPE:cpe:2.3:o:juniper:junos:22.2:r1-s1:*:*:*:*:*:*,CPE,cpe:2.3:o:juniper:junos:22.2:r1-s1:*:*:*:*:*:*,,,,,,,,
CPE:cpe:2.3:o:juniper:junos:22.2:r1-s2:*:*:*:*:*:*,CPE,cpe:2.3:o:juniper:junos:22.2:r1-s2:*:*:*:*:*:*,,,,,,,,
CPE:cpe:2.3:o:juniper:junos:22.2:r1:*:*:*:*:*:*,CPE,cpe:2.3:o:juniper:junos:22.2:r1:*:*:*:*:*:*,,,,,,,,
CPE:cpe:2.3:o:juniper:junos:22.2:r2-s1:*:*:*:*:*:*,CPE,cpe:2.3:o:juniper:junos:22.2:r2-s1:*:*:*:*:*:*,,,,,,,,
CPE:cpe:2.3:o:juniper:junos:22.2:r2-s2:*:*:*:*:*:*,CPE,cpe:2.3:o:juniper:junos:22.2:r2-s2:*:*:*:*:*:*,,,,,,,,
CPE:cpe:2.3:o:juniper:junos:22.2:r2:*:*:*:*:*:*,CPE,cpe:2.3:o:juniper:junos:22.2:r2:*:*:*:*:*:*,,,,,,,,
CPE:cpe:2.3:o:juniper:junos:22.2:r3-s1:*:*:*:*:*:*,CPE,cpe:2.3:o:juniper:junos:22.2:r3-s1:*:*:*:*:*:*,,,,,,,,
CPE:cpe:2.3:o:juniper:junos:22.2:r3-s2:*:*:*:*:*:*,CPE,cpe:2.3:o:juniper:junos:22.2:r3-s2:*:*:*:*:*:*,,,,,,,,
CPE:cpe:2.3:o:juniper:junos:22.2:r3-s3:*:*:*:*:*:*,CPE,cpe:2.3:o:juniper:junos:22.2:r3-s3:*:*:*:*:*:*,,,,,,,,
CPE:cpe:2.3:o:juniper:junos:22.2:r3-s4:*:*:*:*:*:*,CPE,cpe:2.3:o:juniper:junos:22.2:r3-s4:*:*:*:*:*:*,,,,,,,,
CPE:cpe:2.3:o:juniper:junos:22.2:r3-s5:*:*:*:*:*:*,CPE,cpe:2.3:o:juniper:junos:22.2:r3-s5:*:*:*:*:*:*,,,,,,,,
CPE:cpe:2.3:o:juniper:junos:22.2:r3:*:*:*:*:*:*,CPE,cpe:2.3:o:juniper:junos:22.2:r3:*:*:*:*:*:*,,,,,,,,
CPE:cpe:2.3:o:juniper:junos:22.4:*:*:*:*:*:*:*,CPE,cpe:2.3:o:juniper:junos:22.4:*:*:*:*:*:*:*,,,,,,,,
CPE:cpe:2.3:o:juniper:junos:22.4:-:*:*:*:*:*:*,CPE,cpe:2.3:o:juniper:junos:22.4:-:*:*:*:*:*:*,,,,,,,,
CPE:cpe:2.3:o:juniper:junos:22.4:r1-s1:*:*:*:*:*:*,CPE,cpe:2.3:o:juniper:junos:22.4:r1-s1:*:*:*:*:*:*,,,,,,,,
CPE:cpe:2.3:o:juniper:junos:22.4:r1-s2:*:*:*:*:*:*,CPE,cpe:2.3:o:juniper:junos:22.4:r1-s2:*:*:*:*:*:*,,,,,,,,
CPE:cpe:2.3:o:juniper:junos:22.4:r1:*:*:*:*:*:*,CPE,cpe:2.3:o:juniper:junos:22.4:r1:*:*:*:*:*:*,,,,,,,,
CPE:cpe:2.3:o:juniper:junos:22.4:r2-s1:*:*:*:*:*:*,CPE,cpe:2.3:o:juniper:junos:22.4:r2-s1:*:*:*:*:*:*,,,,,,,,
CPE:cpe:2.3:o:juniper:junos:22.4:r2-s2:*:*:*:*:*:*,CPE,cpe:2.3:o:juniper:junos:22.4:r2-s2:*:*:*:*:*:*,,,,,,,,
CPE:cpe:2.3:o:juniper:junos:22.4:r2:*:*:*:*:*:*,CPE,cpe:2.3:o:juniper:junos:22.4:r2:*:*:*:*:*:*,,,,,,,,
CPE:cpe:2.3:o:juniper:junos:22.4:r3-s1:*:*:*:*:*:*,CPE,cpe:2.3:o:juniper:junos:22.4:r3-s1:*:*:*:*:*:*,,,,,,,,
CPE:cpe:2.3:o:juniper:junos:22.4:r3-s2:*:*:*:*:*:*,CPE,cpe:2.3:o:juniper:junos:22.4:r3-s2:*:*:*:*:*:*,,,,,,,,
CPE:cpe:2.3:o:juniper:junos:22.4:r3-s3:*:*:*:*:*:*,CPE,cpe:2.3:o:juniper:junos:22.4:r3-s3:*:*:*:*:*:*,,,,,,,,
CPE:cpe:2.3:o:juniper:junos:22.4:r3-s4:*:*:*:*:*:*,CPE,cpe:2.3:o:juniper:junos:22.4:r3-s4:*:*:*:*:*:*,,,,,,,,
CPE:cpe:2.3:o:juniper:junos:22.4:r3-s5:*:*:*:*:*:*,CPE,cpe:2.3:o:juniper:junos:22.4:r3-s5:*:*:*:*:*:*,,,,,,,,
CPE:cpe:2.3:o:juniper:junos:22.4:r3:*:*:*:*:*:*,CPE,cpe:2.3:o:juniper:junos:22.4:r3:*:*:*:*:*:*,,,,,,,,
CPE:cpe:2.3:o:juniper:junos:23.2:-:*:*:*:*:*:*,CPE,cpe:2.3:o:juniper:junos:23.2:-:*:*:*:*:*:*,,,,,,,,
CPE:cpe:2.3:o:juniper:junos:23.2:r1-s1:*:*:*:*:*:*,CPE,cpe:2.3:o:juniper:junos:23.2:r1-s1:*:*:*:*:*:*,,,,,,,,
CPE:cpe:2.3:o:juniper:junos:23.2:r1-s2:*:*:*:*:*:*,CPE,cpe:2.3:o:juniper:junos:23.2:r1-s2:*:*:*:*:*:*,,,,,,,,
CPE:cpe:2.3:o:juniper:junos:23.2:r1:*:*:*:*:*:*,CPE,cpe:2.3:o:juniper:junos:23.2:r1:*:*:*:*:*:*,,,,,,,,
CPE:cpe:2.3:o:juniper:junos:23.2:r2-s1:*:*:*:*:*:*,CPE,cpe:2.3:o:juniper:junos:23.2:r2-s1:*:*:*:*:*:*,,,,,,,,
CPE:cpe:2.3:o:juniper:junos:23.2:r2-s2:*:*:*:*:*:*,CPE,cpe:2.3:o:juniper:junos:23.2:r2-s2:*:*:*:*:*:*,,,,,,,,
CPE:cpe:2.3:o:juniper:junos:23.2:r2:*:*:*:*:*:*,CPE,cpe:2.3:o:juniper:junos:23.2:r2:*:*:*:*:*:*,,,,,,,,
CPE:cpe:2.3:o:juniper:junos:23.4:*:*:*:*:*:*:*,CPE,cpe:2.3:o:juniper:junos:23.4:*:*:*:*:*:*:*,,,,,,,,
CPE:cpe:2.3:o:juniper:junos:23.4:-:*:*:*:*:*:*,CPE,cpe:2.3:o:juniper:junos:23.4:-:*:*:*:*:*:*,,,,,,,,
CPE:cpe:2.3:o:juniper:junos:23.4:r1-s1:*:*:*:*:*:*,CPE,cpe:2.3:o:juniper:junos:23.4:r1-s1:*:*:*:*:*:*,,,,,,,,
CPE:cpe:2.3:o:juniper:junos:23.4:r1-s2:*:*:*:*:*:*,CPE,cpe:2.3:o:juniper:junos:23.4:r1-s2:*:*:*:*:*:*,,,,,,,,
CPE:cpe:2.3:o:juniper:junos:23.4:r1:*:*:*:*:*:*,CPE,cpe:2.3:o:juniper:junos:23.4:r1:*:*:*:*:*:*,,,,,,,,
CPE:cpe:2.3:o:juniper:junos:23.4:r2-s1:*:*:*:*:*:*,CPE,cpe:2.3:o:juniper:junos:23.4:r2-s1:*:*:*:*:*:*,,,,,,,,
CPE:cpe:2.3:o:juniper:junos:23.4:r2-s2:*:*:*:*:*:*,CPE,cpe:2.3:o:juniper:junos:23.4:r2-s2:*:*:*:*:*:*,,,,,,,,
CPE:cpe:2.3:o:juniper:junos:23.4:r2-s3:*:*:*:*:*:*,CPE,cpe:2.3:o:juniper:junos:23.4:r2-s3:*:*:*:*:*:*,,,,,,,,
CPE:cpe:2.3:o:juniper:junos:23.4:r2:*:*:*:*:*:*,CPE,cpe:2.3:o:juniper:junos:23.4:r2:*:*:*:*:*:*,,,,,,,,
CPE:cpe:2.3:o:juniper:junos:24.2:*:*:*:*:*:*:*,CPE,cpe:2.3:o:juniper:junos:24.2:*:*:*:*:*:*:*,,,,,,,,
CPE:cpe:2.3:o:juniper:junos:24.2:-:*:*:*:*:*:*,CPE,cpe:2.3:o:juniper:junos:24.2:-:*:*:*:*:*:*,,,,,,,,
CPE:cpe:2.3:o:juniper:junos:24.2:r1-s1:*:*:*:*:*:*,CPE,cpe:2.3:o:juniper:junos:24.2:r1-s1:*:*:*:*:*:*,,,,,,,,
CPE:cpe:2.3:o:juniper:junos:24.2:r1:*:*:*:*:*:*,CPE,cpe:2.3:o:juniper:junos:24.2:r1:*:*:*:*:*:*,,,,,,,,
CPE:cpe:2.3:o:juniper:junos:24.2:r2:*:*:*:*:*:*,CPE,cpe:2.3:o:juniper:junos:24.2:r2:*:*:*:*:*:*,,,,,,,,
REF:CVE-2025-21590:0,Reference,https://cloud.google.com/blog/topics/threat-intelligence/china-nexus-espionage-targets-juniper-routers,,,,,,,,https://cloud.google.com/blog/topics/threat-intelligence/china-nexus-espionage-targets-juniper-routers
REF:CVE-2025-21590:1,Reference,https://supportportal.juniper.net/JSA93446,,,,,,,,https://supportportal.juniper.net/JSA93446
REF:CVE-2025-21590:2,Reference,https://www.cisa.gov/known-exploited-vulnerabilities-catalog?field_cve=CVE-2025-21590,,,,,,,,https://www.cisa.gov/known-exploited-vulnerabilities-catalog?field_cve=CVE-2025-21590
CVE:CVE-2025-61932,CVE,CVE-2025-61932,80091,0.654000,CRITICAL,CRITICAL,True,2025-10-20T08:15:33.303000Z,2025-10-22,
CWE:CWE-940,CWE,CWE-940,,,,,,,,
CPE:cpe:2.3:a:motex:lanscope_endpoint_manager:*:*:*:*:on-premise:*:*:*,CPE,cpe:2.3:a:motex:lanscope_endpoint_manager:*:*:*:*:on-premise:*:*:*,,,,,,,,
REF:CVE-2025-61932:0,Reference,https://jvn.jp/en/jp/JVN86318557/,,,,,,,,https://jvn.jp/en/jp/JVN86318557/
REF:CVE-2025-61932:1,Reference,https://www.cisa.gov/known-exploited-vulnerabilities-catalog?field_cve=CVE-2025-61932,,,,,,,,https://www.cisa.gov/known-exploited-vulnerabilities-catalog?field_cve=CVE-2025-61932
REF:CVE-2025-61932:2,Reference,https://www.motex.co.jp/news/notice/2025/release251020/,,,,,,,,https://www.motex.co.jp/news/notice/2025/release251020/
CVE:CVE-2025-62593,CVE,CVE-2025-62593,84873,0.654000,CRITICAL,CRITICAL,True,2025-11-26T23:15:47.927000Z,2026-08-17,
CWE:CWE-352,CWE,CWE-352,,,,,,,,
CPE:cpe:2.3:a:anyscale:ray:*:*:*:*:*:*:*:*,CPE,cpe:2.3:a:anyscale:ray:*:*:*:*:*:*:*:*,,,,,,,,
REF:CVE-2025-62593:0,Reference,https://github.com/ray-project/ray/commit/70e7c72780bdec075dba6cad1afe0832772bfe09,,,,,,,,https://github.com/ray-project/ray/commit/70e7c72780bdec075dba6cad1afe0832772bfe09
REF:CVE-2025-62593:1,Reference,https://github.com/ray-project/ray/security/advisories/GHSA-q279-jhrf-cc6v,,,,,,,,https://github.com/ray-project/ray/security/advisories/GHSA-q279-jhrf-cc6v
REF:CVE-2025-62593:2,Reference,https://www.bitsight.com/blog/rondodox-botnet-infrastructure-analysis,,,,,,,,https://www.bitsight.com/blog/rondodox-botnet-infrastructure-analysis
REF:CVE-2025-62593:3,Reference,https://www.cisa.gov/known-exploited-vulnerabilities-catalog?field_cve=CVE-2025-62593,,,,,,,,https://www.cisa.gov/known-exploited-vulnerabilities-catalog?field_cve=CVE-2025-62593
CVE:CVE-2025-15556,CVE,CVE-2025-15556,96018,0.654000,CRITICAL,HIGH,True,2026-02-03T01:15:57.757000Z,2026-02-12,
CWE:CWE-494,CWE,CWE-494,,,,,,,,
CPE:cpe:2.3:a:notepad-plus-plus:notepad\+\+:*:*:*:*:*:*:*:*,CPE,cpe:2.3:a:notepad-plus-plus:notepad\+\+:*:*:*:*:*:*:*:*,,,,,,,,
REF:CVE-2025-15556:0,Reference,https://community.notepad-plus-plus.org/topic/27298/notepad-v8-8-9-vulnerability-fix,,,,,,,,https://community.notepad-plus-plus.org/topic/27298/notepad-v8-8-9-vulnerability-fix
REF:CVE-2025-15556:1,Reference,https://github.com/notepad-plus-plus/notepad-plus-plus/commit/bcf2aa68ef414338d717e20e059459570ed6c5ab,,,,,,,,https://github.com/notepad-plus-plus/notepad-plus-plus/commit/bcf2aa68ef414338d717e20e059459570ed6c5ab
REF:CVE-2025-15556:2,Reference,https://github.com/notepad-plus-plus/wingup/commit/ce0037549995ed0396cc363544d14b3425614fdb,,,,,,,,https://github.com/notepad-plus-plus/wingup/commit/ce0037549995ed0396cc363544d14b3425614fdb
REF:CVE-2025-15556:3,Reference,https://notepad-plus-plus.org//news//clarification-security-incident/,,,,,,,,https://notepad-plus-plus.org//news//clarification-security-incident/
REF:CVE-2025-15556:4,Reference,https://notepad-plus-plus.org/news/hijacked-incident-info-update/,,,,,,,,https://notepad-plus-plus.org/news/hijacked-incident-info-update/
REF:CVE-2025-15556:5,Reference,https://www.cisa.gov/known-exploited-vulnerabilities-catalog?field_cve=CVE-2025-15556,,,,,,,,https://www.cisa.gov/known-exploited-vulnerabilities-catalog?field_cve=CVE-2025-15556
REF:CVE-2025-15556:6,Reference,https://www.vulncheck.com/advisories/notepad-plus-plus-wingup-updater-lacks-update-integrity-verification,,,,,,,,https://www.vulncheck.com/advisories/notepad-plus-plus-wingup-updater-lacks-update-integrity-verification
CVE:CVE-2026-41940,CVE,CVE-2026-41940,112571,0.654000,CRITICAL,CRITICAL,True,2026-04-29T16:16:25.037000Z,2026-04-30,
CPE:cpe:2.3:a:cpanel:cpanel:*:*:*:*:*:*:*:*,CPE,cpe:2.3:a:cpanel:cpanel:*:*:*:*:*:*:*:*,,,,,,,,
CPE:cpe:2.3:a:cpanel:whm:*:*:*:*:*:*:*:*,CPE,cpe:2.3:a:cpanel:whm:*:*:*:*:*:*:*:*,,,,,,,,
CPE:cpe:2.3:a:cpanel:wp_squared:*:*:*:*:*:wordpress:*:*,CPE,cpe:2.3:a:cpanel:wp_squared:*:*:*:*:*:wordpress:*:*,,,,,,,,
REF:CVE-2026-41940:0,Reference,https://docs.cpanel.net/release-notes/release-notes,,,,,,,,https://docs.cpanel.net/release-notes/release-notes
REF:CVE-2026-41940:1,Reference,https://docs.wpsquared.com/changelogs/versions/changelog/#13617,,,,,,,,https://docs.wpsquared.com/changelogs/versions/changelog/#13617
REF:CVE-2026-41940:2,Reference,https://github.com/watchtowrlabs/watchTowr-vs-cPanel-WHM-AuthBypass-to-RCE.py,,,,,,,,https://github.com/watchtowrlabs/watchTowr-vs-cPanel-WHM-AuthBypass-to-RCE.py
REF:CVE-2026-41940:3,Reference,https://labs.watchtowr.com/the-internet-is-falling-down-falling-down-falling-down-cpanel-whm-authentication-bypass-cve-2026-41940/,,,,,,,,https://labs.watchtowr.com/the-internet-is-falling-down-falling-down-falling-down-cpanel-whm-authentication-bypass-cve-2026-41940/
REF:CVE-2026-41940:4,Reference,https://support.cpanel.net/hc/en-us/articles/40073787579671-cPanel-WHM-Security-Update-04-28-2026,,,,,,,,https://support.cpanel.net/hc/en-us/articles/40073787579671-cPanel-WHM-Security-Update-04-28-2026
REF:CVE-2026-41940:5,Reference,https://www.bleepingcomputer.com/news/security/critrical-cpanel-flaw-mass-exploited-in-sorry-ransomware-attacks/,,,,,,,,https://www.bleepingcomputer.com/news/security/critrical-cpanel-flaw-mass-exploited-in-sorry-ransomware-attacks/
REF:CVE-2026-41940:6,Reference,https://www.cisa.gov/known-exploited-vulnerabilities-catalog?field_cve=CVE-2026-41940,,,,,,,,https://www.cisa.gov/known-exploited-vulnerabilities-catalog?field_cve=CVE-2026-41940
REF:CVE-2026-41940:7,Reference,https://www.namecheap.com/status-updates/ongoing-critical-security-vulnerability-in-cpanel-april-28-2026,,,,,,,,https://www.namecheap.com/status-updates/ongoing-critical-security-vulnerability-in-cpanel-april-28-2026
REF:CVE-2026-41940:8,Reference,https://www.vulncheck.com/advisories/cpanel-and-whm-authentication-bypass-via-login-flow,,,,,,,,https://www.vulncheck.com/advisories/cpanel-and-whm-authentication-bypass-via-login-flow
CVE:CVE-2026-42271,CVE,CVE-2026-42271,114300,0.654000,CRITICAL,HIGH,True,2026-05-08T04:16:21.820000Z,2026-06-08,
CWE:CWE-77,CWE,CWE-77,,,,,,,,
CPE:cpe:2.3:a:redhat:openshift_ai:*:*:*:*:*:*:*:*,CPE,cpe:2.3:a:redhat:openshift_ai:*:*:*:*:*:*:*:*,,,,,,,,
CPE:cpe:2.3:a:redhat:openshift_ai:3.4:*:*:*:*:*:*:*,CPE,cpe:2.3:a:redhat:openshift_ai:3.4:*:*:*:*:*:*:*,,,,,,,,
REF:CVE-2026-42271:0,Reference,https://access.redhat.com/errata/RHSA-2026:27784,,,,,,,,https://access.redhat.com/errata/RHSA-2026:27784
REF:CVE-2026-42271:1,Reference,https://access.redhat.com/errata/RHSA-2026:28960,,,,,,,,https://access.redhat.com/errata/RHSA-2026:28960
REF:CVE-2026-42271:2,Reference,https://access.redhat.com/errata/RHSA-2026:30056,,,,,,,,https://access.redhat.com/errata/RHSA-2026:30056
REF:CVE-2026-42271:3,Reference,https://access.redhat.com/security/cve/CVE-2026-42271,,,,,,,,https://access.redhat.com/security/cve/CVE-2026-42271
REF:CVE-2026-42271:4,Reference,https://bugzilla.redhat.com/show_bug.cgi?id=2467924,,,,,,,,https://bugzilla.redhat.com/show_bug.cgi?id=2467924
REF:CVE-2026-42271:5,Reference,https://github.com/BerriAI/litellm/releases/tag/v1.83.7-stable,,,,,,,,https://github.com/BerriAI/litellm/releases/tag/v1.83.7-stable
REF:CVE-2026-42271:6,Reference,https://github.com/BerriAI/litellm/security/advisories/GHSA-v4p8-mg3p-g94g,,,,,,,,https://github.com/BerriAI/litellm/security/advisories/GHSA-v4p8-mg3p-g94g
REF:CVE-2026-42271:7,Reference,https://security.access.redhat.com/data/csaf/v2/vex/2026/cve-2026-42271.json,,,,,,,,https://security.access.redhat.com/data/csaf/v2/vex/2026/cve-2026-42271.json
REF:CVE-2026-42271:8,Reference,https://www.cisa.gov/known-exploited-vulnerabilities-catalog?field_cve=CVE-2026-42271,,,,,,,,https://www.cisa.gov/known-exploited-vulnerabilities-catalog?field_cve=CVE-2026-42271
CVE:CVE-2026-72898,CVE,CVE-2026-72898,140421,0.654000,CRITICAL,CRITICAL,True,2026-08-10T18:18:53.300000Z,2026-08-11,
CPE:cpe:2.3:a:metabase:metabase:*:*:*:*:-:*:*:*,CPE,cpe:2.3:a:metabase:metabase:*:*:*:*:-:*:*:*,,,,,,,,
CPE:cpe:2.3:a:metabase:metabase:*:*:*:*:enterprise:*:*:*,CPE,cpe:2.3:a:metabase:metabase:*:*:*:*:enterprise:*:*:*,,,,,,,,
REF:CVE-2026-72898:0,Reference,https://github.com/metabase/metabase/security/advisories/GHSA-vwf4-m7j8-wcjf,,,,,,,,https://github.com/metabase/metabase/security/advisories/GHSA-vwf4-m7j8-wcjf
REF:CVE-2026-72898:1,Reference,https://raw.githubusercontent.com/cisagov/CSAF/develop/csaf_files/IT/white/2026/va-26-222-01.json,,,,,,,,https://raw.githubusercontent.com/cisagov/CSAF/develop/csaf_files/IT/white/2026/va-26-222-01.json
REF:CVE-2026-72898:2,Reference,https://www.cisa.gov/known-exploited-vulnerabilities-catalog?field_cve=CVE-2026-72898,,,,,,,,https://www.cisa.gov/known-exploited-vulnerabilities-catalog?field_cve=CVE-2026-72898
REF:CVE-2026-72898:3,Reference,https://www.cve.org/CVERecord?id=CVE-2026-72898,,,,,,,,https://www.cve.org/CVERecord?id=CVE-2026-72898
REF:CVE-2026-72898:4,Reference,https://www.metabase.com/blog/security-update,,,,,,,,https://www.metabase.com/blog/security-update
CVE:CVE-2026-9586,CVE,CVE-2026-9586,132341,0.652000,CRITICAL,CRITICAL,True,2026-07-17T17:17:18.150000Z,2026-09-02,
CPE:cpe:2.3:a:sangoma:switchvox:*:*:*:*:on-premises:*:*:*,CPE,cpe:2.3:a:sangoma:switchvox:*:*:*:*:on-premises:*:*:*,,,,,,,,
REF:CVE-2026-9586:0,Reference,https://horizon3.ai/attack-research/disclosures/cve-2026-9586-sangoma-switchvox-rce/#,,,,,,,,https://horizon3.ai/attack-research/disclosures/cve-2026-9586-sangoma-switchvox-rce/#
REF:CVE-2026-9586:1,Reference,https://labs.sra.io/posts/switchvox/,,,,,,,,https://labs.sra.io/posts/switchvox/
REF:CVE-2026-9586:2,Reference,https://sangomakb.atlassian.net/wiki/spaces/Switchvox/pages/1802371073/Switchvox+-+Release+Notes+Version+8.4.0.2+July+14+2026,,,,,,,,https://sangomakb.atlassian.net/wiki/spaces/Switchvox/pages/1802371073/Switchvox+-+Release+Notes+Version+8.4.0.2+July+14+2026
REF:CVE-2026-9586:3,Reference,https://www.cisa.gov/known-exploited-vulnerabilities-catalog?field_cve=CVE-2026-9586,,,,,,,,https://www.cisa.gov/known-exploited-vulnerabilities-catalog?field_cve=CVE-2026-9586
CVE:CVE-2026-48027,CVE,CVE-2026-48027,118800,0.650000,CRITICAL,CRITICAL,True,2026-05-27T17:16:41.787000Z,2026-05-27,
CPE:cpe:2.3:a:nx:nx_console:18.95.0:*:*:*:*:visual_studio_code:*:*,CPE,cpe:2.3:a:nx:nx_console:18.95.0:*:*:*:*:visual_studio_code:*:*,,,,,,,,
REF:CVE-2026-48027:0,Reference,https://github.com/nrwl/nx-console/issues/3139,,,,,,,,https://github.com/nrwl/nx-console/issues/3139
REF:CVE-2026-48027:1,Reference,https://github.com/nrwl/nx-console/security/advisories/GHSA-c9j4-9m59-847w,,,,,,,,https://github.com/nrwl/nx-console/security/advisories/GHSA-c9j4-9m59-847w
REF:CVE-2026-48027:2,Reference,https://nx.dev/blog/nx-console-v18-95-0-postmortem#indicators-of-compromise,,,,,,,,https://nx.dev/blog/nx-console-v18-95-0-postmortem#indicators-of-compromise
REF:CVE-2026-48027:3,Reference,https://www.cisa.gov/known-exploited-vulnerabilities-catalog?field_cve=CVE-2026-48027,,,,,,,,https://www.cisa.gov/known-exploited-vulnerabilities-catalog?field_cve=CVE-2026-48027
REF:CVE-2026-48027:4,Reference,https://www.stepsecurity.io/blog/nx-console-vs-code-extension-compromised,,,,,,,,https://www.stepsecurity.io/blog/nx-console-vs-code-extension-compromised
CVE:CVE-2026-86218,CVE,CVE-2026-86218,152310,0.650000,CRITICAL,CRITICAL,True,2026-09-06T03:17:17.373000Z,2026-09-08,
CWE:CWE-96,CWE,CWE-96,,,,,,,,
CPE:cpe:2.3:a:n-able:n-central:2026.3:-:*:*:*:*:*:*,CPE,cpe:2.3:a:n-able:n-central:2026.3:-:*:*:*:*:*:*,,,,,,,,
CPE:cpe:2.3:a:n-able:n-central:2026.3:hotfix1:*:*:*:*:*:*,CPE,cpe:2.3:a:n-able:n-central:2026.3:hotfix1:*:*:*:*:*:*,,,,,,,,
CPE:cpe:2.3:a:n-able:n-central:2026.3:hotfix2:*:*:*:*:*:*,CPE,cpe:2.3:a:n-able:n-central:2026.3:hotfix2:*:*:*:*:*:*,,,,,,,,
CPE:cpe:2.3:a:n-able:n-central:2026.3:hotfix3:*:*:*:*:*:*,CPE,cpe:2.3:a:n-able:n-central:2026.3:hotfix3:*:*:*:*:*:*,,,,,,,,
REF:CVE-2026-86218:0,Reference,https://me.n-able.com/s/security-advisory/aArVy0000002Ld3KAE/cve202686218-preauthentication-remote-code-execution,,,,,,,,https://me.n-able.com/s/security-advisory/aArVy0000002Ld3KAE/cve202686218-preauthentication-remote-code-execution
REF:CVE-2026-86218:1,Reference,https://www.cisa.gov/known-exploited-vulnerabilities-catalog?field_cve=CVE-2026-86218,,,,,,,,https://www.cisa.gov/known-exploited-vulnerabilities-catalog?field_cve=CVE-2026-86218
CVE:CVE-2024-7262,CVE,CVE-2024-7262,25502,0.648000,CRITICAL,CRITICAL,True,2024-08-15T15:15:22.290000Z,2024-09-03,
CPE:cpe:2.3:a:kingsoft:wps_office:*:*:*:*:*:*:*:*,CPE,cpe:2.3:a:kingsoft:wps_office:*:*:*:*:*:*:*:*,,,,,,,,
REF:CVE-2024-7262:0,Reference,https://www.cisa.gov/known-exploited-vulnerabilities-catalog?field_cve=CVE-2024-7262,,,,,,,,https://www.cisa.gov/known-exploited-vulnerabilities-catalog?field_cve=CVE-2024-7262
REF:CVE-2024-7262:1,Reference,https://www.wps.com/whatsnew/pc/20240422/,,,,,,,,https://www.wps.com/whatsnew/pc/20240422/
CVE:CVE-2026-18577,CVE,CVE-2026-18577,137920,0.648000,CRITICAL,HIGH,True,2026-08-02T23:16:26.210000Z,2026-08-03,
REF:CVE-2026-18577:0,Reference,https://documentation.n-able.com/N-central/Release_Notes/GA/Content/N-central_2026.3_HF1_Release_Notes.htm,,,,,,,,https://documentation.n-able.com/N-central/Release_Notes/GA/Content/N-central_2026.3_HF1_Release_Notes.htm
REF:CVE-2026-18577:1,Reference,https://status.n-able.com/2026/08/02/n-central-2026-3-hotfix-1-mitigation-for-cve-2026-18577/,,,,,,,,https://status.n-able.com/2026/08/02/n-central-2026-3-hotfix-1-mitigation-for-cve-2026-18577/
REF:CVE-2026-18577:2,Reference,https://www.cisa.gov/known-exploited-vulnerabilities-catalog?field_cve=CVE-2026-18577,,,,,,,,https://www.cisa.gov/known-exploited-vulnerabilities-catalog?field_cve=CVE-2026-18577
REF:CVE-2026-18577:3,Reference,https://www.cve.org/CVERecord?id=CVE-2026-18556,,,,,,,,https://www.cve.org/CVERecord?id=CVE-2026-18556
REF:CVE-2026-18577:4,Reference,https://www.n-able.com/blog/n-central-security-update-august-2-2026,,,,,,,,https://www.n-able.com/blog/n-central-security-update-august-2-2026
CVE:CVE-2025-35939,CVE,CVE-2025-35939,58476,0.646000,CRITICAL,MEDIUM,True,2025-05-07T23:15:54.103000Z,2025-06-02,
CWE:CWE-472,CWE,CWE-472,,,,,,,,
REF:CVE-2025-35939:0,Reference,https://github.com/craftcms/cms/pull/17220,,,,,,,,https://github.com/craftcms/cms/pull/17220
REF:CVE-2025-35939:1,Reference,https://github.com/craftcms/cms/releases/tag/4.15.3,,,,,,,,https://github.com/craftcms/cms/releases/tag/4.15.3
REF:CVE-2025-35939:2,Reference,https://github.com/craftcms/cms/releases/tag/5.7.5,,,,,,,,https://github.com/craftcms/cms/releases/tag/5.7.5
REF:CVE-2025-35939:3,Reference,https://raw.githubusercontent.com/cisagov/CSAF/develop/csaf_files/IT/white/2025/va-25-147-01.json,,,,,,,,https://raw.githubusercontent.com/cisagov/CSAF/develop/csaf_files/IT/white/2025/va-25-147-01.json
REF:CVE-2025-35939:4,Reference,https://www.cisa.gov/known-exploited-vulnerabilities-catalog?field_cve=CVE-2025-35939,,,,,,,,https://www.cisa.gov/known-exploited-vulnerabilities-catalog?field_cve=CVE-2025-35939
REF:CVE-2025-35939:5,Reference,https://www.cve.org/CVERecord?id=CVE-2025-35939,,,,,,,,https://www.cve.org/CVERecord?id=CVE-2025-35939
CVE:CVE-2024-9474,CVE,CVE-2024-9474,35608,0.644000,CRITICAL,MEDIUM,True,2024-11-18T16:15:29.780000Z,2024-11-18,
REF:CVE-2024-9474:0,Reference,https://github.com/k4nfr3/CVE-2024-9474,,,,,,,,https://github.com/k4nfr3/CVE-2024-9474
REF:CVE-2024-9474:1,Reference,https://labs.watchtowr.com/pots-and-pans-aka-an-sslvpn-palo-alto-pan-os-cve-2024-0012-and-cve-2024-9474/,,,,,,,,https://labs.watchtowr.com/pots-and-pans-aka-an-sslvpn-palo-alto-pan-os-cve-2024-0012-and-cve-2024-9474/
REF:CVE-2024-9474:2,Reference,https://security.paloaltonetworks.com/CVE-2024-9474,,,,,,,,https://security.paloaltonetworks.com/CVE-2024-9474
REF:CVE-2024-9474:3,Reference,https://unit42.paloaltonetworks.com/cve-2024-0012-cve-2024-9474/,,,,,,,,https://unit42.paloaltonetworks.com/cve-2024-0012-cve-2024-9474/
REF:CVE-2024-9474:4,Reference,https://www.cisa.gov/known-exploited-vulnerabilities-catalog?field_cve=CVE-2024-9474,,,,,,,,https://www.cisa.gov/known-exploited-vulnerabilities-catalog?field_cve=CVE-2024-9474
CVE:CVE-2025-1976,CVE,CVE-2025-1976,56610,0.644000,CRITICAL,HIGH,True,2025-04-24T03:15:14.820000Z,2025-04-28,
CPE:cpe:2.3:o:broadcom:fabric_operating_system:*:*:*:*:*:*:*:*,CPE,cpe:2.3:o:broadcom:fabric_operating_system:*:*:*:*:*:*:*:*,,,,,,,,
REF:CVE-2025-1976:0,Reference,https://support.broadcom.com/web/ecx/support-content-notification/-/external/content/SecurityAdvisories/0/25602,,,,,,,,https://support.broadcom.com/web/ecx/support-content-notification/-/external/content/SecurityAdvisories/0/25602
REF:CVE-2025-1976:1,Reference,https://www.cisa.gov/known-exploited-vulnerabilities-catalog?field_cve=CVE-2025-1976,,,,,,,,https://www.cisa.gov/known-exploited-vulnerabilities-catalog?field_cve=CVE-2025-1976
CVE:CVE-2025-34026,CVE,CVE-2025-34026,60499,0.644000,CRITICAL,CRITICAL,True,2025-05-21T22:15:50.510000Z,2026-01-22,
CPE:cpe:2.3:a:versa-networks:concerto:*:*:*:*:*:*:*:*,CPE,cpe:2.3:a:versa-networks:concerto:*:*:*:*:*:*:*:*,,,,,,,,
CPE:cpe:2.3:a:versa-networks:concerto:12.1.2:-:*:*:*:*:*:*,CPE,cpe:2.3:a:versa-networks:concerto:12.1.2:-:*:*:*:*:*:*,,,,,,,,
CPE:cpe:2.3:a:versa-networks:concerto:12.2.0:*:*:*:*:*:*:*,CPE,cpe:2.3:a:versa-networks:concerto:12.2.0:*:*:*:*:*:*:*,,,,,,,,
REF:CVE-2025-34026:0,Reference,https://projectdiscovery.io/blog/versa-concerto-authentication-bypass-rce,,,,,,,,https://projectdiscovery.io/blog/versa-concerto-authentication-bypass-rce
REF:CVE-2025-34026:1,Reference,https://security-portal.versa-networks.com/emailbulletins/6830f94328defa375486ff2e,,,,,,,,https://security-portal.versa-networks.com/emailbulletins/6830f94328defa375486ff2e
REF:CVE-2025-34026:2,Reference,https://www.cisa.gov/known-exploited-vulnerabilities-catalog?field_cve=CVE-2025-34026,,,,,,,,https://www.cisa.gov/known-exploited-vulnerabilities-catalog?field_cve=CVE-2025-34026
CVE:CVE-2024-12987,CVE,CVE-2024-12987,40399,0.642000,CRITICAL,MEDIUM,True,2024-12-27T16:15:24.143000Z,2025-05-15,
CPE:cpe:2.3:h:draytek:vigor2960:-:*:*:*:*:*:*:*,CPE,cpe:2.3:h:draytek:vigor2960:-:*:*:*:*:*:*:*,,,,,,,,
CPE:cpe:2.3:h:draytek:vigor300b:-:*:*:*:*:*:*:*,CPE,cpe:2.3:h:draytek:vigor300b:-:*:*:*:*:*:*:*,,,,,,,,
CPE:cpe:2.3:o:draytek:vigor2960_firmware:1.5.1.4:*:*:*:*:*:*:*,CPE,cpe:2.3:o:draytek:vigor2960_firmware:1.5.1.4:*:*:*:*:*:*:*,,,,,,,,
CPE:cpe:2.3:o:draytek:vigor300b_firmware:1.5.1.4:*:*:*:*:*:*:*,CPE,cpe:2.3:o:draytek:vigor300b_firmware:1.5.1.4:*:*:*:*:*:*:*,,,,,,,,
REF:CVE-2024-12987:0,Reference,https://fw.draytek.com.tw/Vigor2960/Firmware/v1.5.1.5/DrayTek_Vigor2960_V1.5.1.5_01release-note.pdf,,,,,,,,https://fw.draytek.com.tw/Vigor2960/Firmware/v1.5.1.5/DrayTek_Vigor2960_V1.5.1.5_01release-note.pdf
REF:CVE-2024-12987:1,Reference,https://fw.draytek.com.tw/Vigor300B/Firmware/v1.5.1.5/DrayTek_Vigor300B_V1.5.1.5_01release-note.pdf,,,,,,,,https://fw.draytek.com.tw/Vigor300B/Firmware/v1.5.1.5/DrayTek_Vigor300B_V1.5.1.5_01release-note.pdf
REF:CVE-2024-12987:2,Reference,https://fw.draytek.com.tw/Vigor3900/Firmware/v1.5.1.5/DrayTek_Vigor3900_V1.5.1.5_01release-note.pdf,,,,,,,,https://fw.draytek.com.tw/Vigor3900/Firmware/v1.5.1.5/DrayTek_Vigor3900_V1.5.1.5_01release-note.pdf
REF:CVE-2024-12987:3,Reference,https://netsecfish.notion.site/Command-Injection-in-apmcfgupload-endpoint-for-DrayTek-Gateway-Devices-1676b683e67c8040b7f1f0ffe29ce18f?pvs=4,,,,,,,,https://netsecfish.notion.site/Command-Injection-in-apmcfgupload-endpoint-for-DrayTek-Gateway-Devices-1676b683e67c8040b7f1f0ffe29ce18f?pvs=4
REF:CVE-2024-12987:4,Reference,https://vuldb.com/?ctiid.289380,,,,,,,,https://vuldb.com/?ctiid.289380
REF:CVE-2024-12987:5,Reference,https://vuldb.com/?id.289380,,,,,,,,https://vuldb.com/?id.289380
REF:CVE-2024-12987:6,Reference,https://vuldb.com/?submit.468795,,,,,,,,https://vuldb.com/?submit.468795
REF:CVE-2024-12987:7,Reference,https://www.cisa.gov/known-exploited-vulnerabilities-catalog?field_cve=CVE-2024-12987,,,,,,,,https://www.cisa.gov/known-exploited-vulnerabilities-catalog?field_cve=CVE-2024-12987
CVE:CVE-2026-1731,CVE,CVE-2026-1731,96877,0.642000,CRITICAL,CRITICAL,True,2026-02-06T22:16:11.020000Z,2026-02-13,
CPE:cpe:2.3:a:beyondtrust:privileged_remote_access:*:*:*:*:*:*:*:*,CPE,cpe:2.3:a:beyondtrust:privileged_remote_access:*:*:*:*:*:*:*:*,,,,,,,,
CPE:cpe:2.3:a:beyondtrust:remote_support:*:*:*:*:*:*:*:*,CPE,cpe:2.3:a:beyondtrust:remote_support:*:*:*:*:*:*:*:*,,,,,,,,
REF:CVE-2026-1731:0,Reference,https://beyondtrustcorp.service-now.com/csm?id=csm_kb_article&sysparm_article=KB0023293,,,,,,,,https://beyondtrustcorp.service-now.com/csm?id=csm_kb_article&sysparm_article=KB0023293
REF:CVE-2026-1731:1,Reference,https://github.com/win3zz/CVE-2026-1731,,,,,,,,https://github.com/win3zz/CVE-2026-1731
REF:CVE-2026-1731:2,Reference,https://www.beyondtrust.com/trust-center/security-advisories/bt26-02,,,,,,,,https://www.beyondtrust.com/trust-center/security-advisories/bt26-02
REF:CVE-2026-1731:3,Reference,https://www.cisa.gov/known-exploited-vulnerabilities-catalog?field_cve=CVE-2026-1731,,,,,,,,https://www.cisa.gov/known-exploited-vulnerabilities-catalog?field_cve=CVE-2026-1731
REF:CVE-2026-1731:4,Reference,https://www.greynoise.io/blog/reconnaissance-beyondtrust-rce-cve-2026-1731,,,,,,,,https://www.greynoise.io/blog/reconnaissance-beyondtrust-rce-cve-2026-1731
CVE:CVE-2026-33634,CVE,CVE-2026-33634,104972,0.642000,CRITICAL,CRITICAL,True,2026-03-23T22:16:31.290000Z,2026-03-26,
CPE:cpe:2.3:a:aquasec:setup-trivy:*:*:*:*:*:*:*:*,CPE,cpe:2.3:a:aquasec:setup-trivy:*:*:*:*:*:*:*:*,,,,,,,,
CPE:cpe:2.3:a:aquasec:trivy:0.69.4:*:*:*:*:go:*:*,CPE,cpe:2.3:a:aquasec:trivy:0.69.4:*:*:*:*:go:*:*,,,,,,,,
CPE:cpe:2.3:a:aquasec:trivy_action:*:*:*:*:*:*:*:*,CPE,cpe:2.3:a:aquasec:trivy_action:*:*:*:*:*:*:*:*,,,,,,,,
CPE:cpe:2.3:a:litellm:litellm:1.82.7:*:*:*:*:*:*:*,CPE,cpe:2.3:a:litellm:litellm:1.82.7:*:*:*:*:*:*:*,,,,,,,,
CPE:cpe:2.3:a:litellm:litellm:1.82.8:*:*:*:*:*:*:*,CPE,cpe:2.3:a:litellm:litellm:1.82.8:*:*:*:*:*:*:*,,,,,,,,
CPE:cpe:2.3:a:telnyx:telnyx:4.87.1:*:*:*:*:python:*:*,CPE,cpe:2.3:a:telnyx:telnyx:4.87.1:*:*:*:*:python:*:*,,,,,,,,
CPE:cpe:2.3:a:telnyx:telnyx:4.87.2:*:*:*:*:python:*:*,CPE,cpe:2.3:a:telnyx:telnyx:4.87.2:*:*:*:*:python:*:*,,,,,,,,
REF:CVE-2026-33634:0,Reference,https://docs.litellm.ai/blog/security-update-march-2026,,,,,,,,https://docs.litellm.ai/blog/security-update-march-2026
REF:CVE-2026-33634:1,Reference,https://futuresearch.ai/blog/litellm-pypi-supply-chain-attack,,,,,,,,https://futuresearch.ai/blog/litellm-pypi-supply-chain-attack
REF:CVE-2026-33634:2,Reference,https://github.com/BerriAI/litellm/issues/24518,,,,,,,,https://github.com/BerriAI/litellm/issues/24518
REF:CVE-2026-33634:3,Reference,https://github.com/BerriAI/litellm/issues/24518#issuecomment-4127436387,,,,,,,,https://github.com/BerriAI/litellm/issues/24518#issuecomment-4127436387
REF:CVE-2026-33634:4,Reference,https://github.com/aquasecurity/trivy/discussions/10425,,,,,,,,https://github.com/aquasecurity/trivy/discussions/10425
REF:CVE-2026-33634:5,Reference,https://github.com/aquasecurity/trivy/security/advisories/GHSA-69fq-xp46-6x23,,,,,,,,https://github.com/aquasecurity/trivy/security/advisories/GHSA-69fq-xp46-6x23
REF:CVE-2026-33634:6,Reference,https://github.com/pypa/advisory-database/tree/main/vulns/litellm/PYSEC-2026-2.yaml,,,,,,,,https://github.com/pypa/advisory-database/tree/main/vulns/litellm/PYSEC-2026-2.yaml
REF:CVE-2026-33634:7,Reference,https://github.com/team-telnyx/telnyx-python/security/advisories/GHSA-955r-262c-33jc,,,,,,,,https://github.com/team-telnyx/telnyx-python/security/advisories/GHSA-955r-262c-33jc
REF:CVE-2026-33634:8,Reference,https://inspector.pypi.io/project/litellm/1.82.7/packages/79/5f/b6998d42c6ccd32d36e12661f2734602e72a576d52a51f4245aef0b20b4d/litellm-1.82.7-py3-none-any.whl/litellm/proxy/proxy_server.py#line.130,,,,,,,,https://inspector.pypi.io/project/litellm/1.82.7/packages/79/5f/b6998d42c6ccd32d36e12661f2734602e72a576d52a51f4245aef0b20b4d/litellm-1.82.7-py3-none-any.whl/litellm/proxy/proxy_server.py#line.130
REF:CVE-2026-33634:9,Reference,https://inspector.pypi.io/project/litellm/1.82.8/packages/f6/2c/731b614e6cee0bca1e010a36fd381fba69ee836fe3cb6753ba23ef2b9601/litellm-1.82.8.tar.gz/litellm-1.82.8/litellm_init.pth#line.1,,,,,,,,https://inspector.pypi.io/project/litellm/1.82.8/packages/f6/2c/731b614e6cee0bca1e010a36fd381fba69ee836fe3cb6753ba23ef2b9601/litellm-1.82.8.tar.gz/litellm-1.82.8/litellm_init.pth#line.1
REF:CVE-2026-33634:10,Reference,https://rosesecurity.dev/2026/03/20/typosquatting-trivy.html,,,,,,,,https://rosesecurity.dev/2026/03/20/typosquatting-trivy.html
REF:CVE-2026-33634:11,Reference,https://www.cisa.gov/known-exploited-vulnerabilities-catalog?field_cve=CVE-2026-33634,,,,,,,,https://www.cisa.gov/known-exploited-vulnerabilities-catalog?field_cve=CVE-2026-33634
REF:CVE-2026-33634:12,Reference,https://www.microsoft.com/en-us/security/blog/2026/03/24/detecting-investigating-defending-against-trivy-supply-chain-compromise/,,,,,,,,https://www.microsoft.com/en-us/security/blog/2026/03/24/detecting-investigating-defending-against-trivy-supply-chain-compromise/
REF:CVE-2026-33634:13,Reference,https://www.wiz.io/blog/teampcp-attack-kics-github-action,,,,,,,,https://www.wiz.io/blog/teampcp-attack-kics-github-action
CVE:CVE-2026-34908,CVE,CVE-2026-34908,117467,0.642000,CRITICAL,CRITICAL,True,2026-05-22T02:16:34.240000Z,2026-06-23,
CPE:cpe:2.3:a:ui:unifi_os_server:*:*:*:*:*:*:*:*,CPE,cpe:2.3:a:ui:unifi_os_server:*:*:*:*:*:*:*:*,,,,,,,,
CPE:cpe:2.3:h:ui:enterprise_fortress_gateway:-:*:*:*:*:*:*:*,CPE,cpe:2.3:h:ui:enterprise_fortress_gateway:-:*:*:*:*:*:*:*,,,,,,,,
CPE:cpe:2.3:h:ui:enterprise_network_video_recorder:-:*:*:*:*:*:*:*,CPE,cpe:2.3:h:ui:enterprise_network_video_recorder:-:*:*:*:*:*:*:*,,,,,,,,
CPE:cpe:2.3:h:ui:enterprise_network_video_recorder_core:-:*:*:*:*:*:*:*,CPE,cpe:2.3:h:ui:enterprise_network_video_recorder_core:-:*:*:*:*:*:*:*,,,,,,,,
CPE:cpe:2.3:h:ui:unas_2:-:*:*:*:*:*:*:*,CPE,cpe:2.3:h:ui:unas_2:-:*:*:*:*:*:*:*,,,,,,,,
CPE:cpe:2.3:h:ui:unas_4:-:*:*:*:*:*:*:*,CPE,cpe:2.3:h:ui:unas_4:-:*:*:*:*:*:*:*,,,,,,,,
CPE:cpe:2.3:h:ui:unas_pro:-:*:*:*:*:*:*:*,CPE,cpe:2.3:h:ui:unas_pro:-:*:*:*:*:*:*:*,,,,,,,,
CPE:cpe:2.3:h:ui:unas_pro_4:-:*:*:*:*:*:*:*,CPE,cpe:2.3:h:ui:unas_pro_4:-:*:*:*:*:*:*:*,,,,,,,,
CPE:cpe:2.3:h:ui:unas_pro_8:-:*:*:*:*:*:*:*,CPE,cpe:2.3:h:ui:unas_pro_8:-:*:*:*:*:*:*:*,,,,,,,,
CPE:cpe:2.3:h:ui:unifi_cloud_gateway_fiber:-:*:*:*:*:*:*:*,CPE,cpe:2.3:h:ui:unifi_cloud_gateway_fiber:-:*:*:*:*:*:*:*,,,,,,,,
CPE:cpe:2.3:h:ui:unifi_cloud_gateway_industrial:-:*:*:*:*:*:*:*,CPE,cpe:2.3:h:ui:unifi_cloud_gateway_industrial:-:*:*:*:*:*:*:*,,,,,,,,
CPE:cpe:2.3:h:ui:unifi_cloud_gateway_max:-:*:*:*:*:*:*:*,CPE,cpe:2.3:h:ui:unifi_cloud_gateway_max:-:*:*:*:*:*:*:*,,,,,,,,
CPE:cpe:2.3:h:ui:unifi_cloud_gateway_ultra:-:*:*:*:*:*:*:*,CPE,cpe:2.3:h:ui:unifi_cloud_gateway_ultra:-:*:*:*:*:*:*:*,,,,,,,,
CPE:cpe:2.3:h:ui:unifi_cloud_key_plus:-:*:*:*:*:*:*:*,CPE,cpe:2.3:h:ui:unifi_cloud_key_plus:-:*:*:*:*:*:*:*,,,,,,,,
CPE:cpe:2.3:h:ui:unifi_cloudkey:-:*:*:*:*:*:*:*,CPE,cpe:2.3:h:ui:unifi_cloudkey:-:*:*:*:*:*:*:*,,,,,,,,
CPE:cpe:2.3:h:ui:unifi_cloudkey_enterprise:-:*:*:*:*:*:*:*,CPE,cpe:2.3:h:ui:unifi_cloudkey_enterprise:-:*:*:*:*:*:*:*,,,,,,,,
CPE:cpe:2.3:h:ui:unifi_dream_machine:-:*:*:*:*:*:*:*,CPE,cpe:2.3:h:ui:unifi_dream_machine:-:*:*:*:*:*:*:*,,,,,,,,
CPE:cpe:2.3:h:ui:unifi_dream_machine_beast:-:*:*:*:*:*:*:*,CPE,cpe:2.3:h:ui:unifi_dream_machine_beast:-:*:*:*:*:*:*:*,,,,,,,,
CPE:cpe:2.3:h:ui:unifi_dream_machine_pro:-:*:*:*:*:*:*:*,CPE,cpe:2.3:h:ui:unifi_dream_machine_pro:-:*:*:*:*:*:*:*,,,,,,,,
CPE:cpe:2.3:h:ui:unifi_dream_machine_pro_max:-:*:*:*:*:*:*:*,CPE,cpe:2.3:h:ui:unifi_dream_machine_pro_max:-:*:*:*:*:*:*:*,,,,,,,,
CPE:cpe:2.3:h:ui:unifi_dream_machine_special_edition:-:*:*:*:*:*:*:*,CPE,cpe:2.3:h:ui:unifi_dream_machine_special_edition:-:*:*:*:*:*:*:*,,,,,,,,
CPE:cpe:2.3:h:ui:unifi_dream_router:-:*:*:*:*:*:*:*,CPE,cpe:2.3:h:ui:unifi_dream_router:-:*:*:*:*:*:*:*,,,,,,,,
CPE:cpe:2.3:h:ui:unifi_dream_router_5g_max:-:*:*:*:*:*:*:*,CPE,cpe:2.3:h:ui:unifi_dream_router_5g_max:-:*:*:*:*:*:*:*,,,,,,,,
CPE:cpe:2.3:h:ui:unifi_dream_router_7:-:*:*:*:*:*:*:*,CPE,cpe:2.3:h:ui:unifi_dream_router_7:-:*:*:*:*:*:*:*,,,,,,,,
CPE:cpe:2.3:h:ui:unifi_dream_wall:-:*:*:*:*:*:*:*,CPE,cpe:2.3:h:ui:unifi_dream_wall:-:*:*:*:*:*:*:*,,,,,,,,
CPE:cpe:2.3:h:ui:unifi_express_7:-:*:*:*:*:*:*:*,CPE,cpe:2.3:h:ui:unifi_express_7:-:*:*:*:*:*:*:*,,,,,,,,
CPE:cpe:2.3:h:ui:unifi_network_video_recorder:-:*:*:*:*:*:*:*,CPE,cpe:2.3:h:ui:unifi_network_video_recorder:-:*:*:*:*:*:*:*,,,,,,,,
CPE:cpe:2.3:h:ui:unifi_network_video_recorder_g2:-:*:*:*:*:*:*:*,CPE,cpe:2.3:h:ui:unifi_network_video_recorder_g2:-:*:*:*:*:*:*:*,,,,,,,,
CPE:cpe:2.3:h:ui:unifi_network_video_recorder_g2_pro:-:*:*:*:*:*:*:*,CPE,cpe:2.3:h:ui:unifi_network_video_recorder_g2_pro:-:*:*:*:*:*:*:*,,,,,,,,
CPE:cpe:2.3:h:ui:unifi_network_video_recorder_instant:-:*:*:*:*:*:*:*,CPE,cpe:2.3:h:ui:unifi_network_video_recorder_instant:-:*:*:*:*:*:*:*,,,,,,,,
CPE:cpe:2.3:h:ui:unifi_network_video_recorder_pro:-:*:*:*:*:*:*:*,CPE,cpe:2.3:h:ui:unifi_network_video_recorder_pro:-:*:*:*:*:*:*:*,,,,,,,,
CPE:cpe:2.3:o:ui:enterprise_fortress_gateway_firmware:*:*:*:*:*:*:*:*,CPE,cpe:2.3:o:ui:enterprise_fortress_gateway_firmware:*:*:*:*:*:*:*:*,,,,,,,,
CPE:cpe:2.3:o:ui:enterprise_network_video_recorder_core_firmware:*:*:*:*:*:*:*:*,CPE,cpe:2.3:o:ui:enterprise_network_video_recorder_core_firmware:*:*:*:*:*:*:*:*,,,,,,,,
CPE:cpe:2.3:o:ui:enterprise_network_video_recorder_firmware:*:*:*:*:*:*:*:*,CPE,cpe:2.3:o:ui:enterprise_network_video_recorder_firmware:*:*:*:*:*:*:*:*,,,,,,,,
CPE:cpe:2.3:o:ui:unas_2_firmware:*:*:*:*:*:*:*:*,CPE,cpe:2.3:o:ui:unas_2_firmware:*:*:*:*:*:*:*:*,,,,,,,,
CPE:cpe:2.3:o:ui:unas_4_firmware:*:*:*:*:*:*:*:*,CPE,cpe:2.3:o:ui:unas_4_firmware:*:*:*:*:*:*:*:*,,,,,,,,
CPE:cpe:2.3:o:ui:unas_pro_4_firmware:*:*:*:*:*:*:*:*,CPE,cpe:2.3:o:ui:unas_pro_4_firmware:*:*:*:*:*:*:*:*,,,,,,,,
CPE:cpe:2.3:o:ui:unas_pro_8_firmware:*:*:*:*:*:*:*:*,CPE,cpe:2.3:o:ui:unas_pro_8_firmware:*:*:*:*:*:*:*:*,,,,,,,,
CPE:cpe:2.3:o:ui:unas_pro_firmware:*:*:*:*:*:*:*:*,CPE,cpe:2.3:o:ui:unas_pro_firmware:*:*:*:*:*:*:*:*,,,,,,,,
CPE:cpe:2.3:o:ui:unifi_cloud_gateway_fiber_firmware:*:*:*:*:*:*:*:*,CPE,cpe:2.3:o:ui:unifi_cloud_gateway_fiber_firmware:*:*:*:*:*:*:*:*,,,,,,,,
CPE:cpe:2.3:o:ui:unifi_cloud_gateway_industrial_firmware:*:*:*:*:*:*:*:*,CPE,cpe:2.3:o:ui:unifi_cloud_gateway_industrial_firmware:*:*:*:*:*:*:*:*,,,,,,,,
CPE:cpe:2.3:o:ui:unifi_cloud_gateway_max_firmware:*:*:*:*:*:*:*:*,CPE,cpe:2.3:o:ui:unifi_cloud_gateway_max_firmware:*:*:*:*:*:*:*:*,,,,,,,,
CPE:cpe:2.3:o:ui:unifi_cloud_gateway_ultra_firmware:*:*:*:*:*:*:*:*,CPE,cpe:2.3:o:ui:unifi_cloud_gateway_ultra_firmware:*:*:*:*:*:*:*:*,,,,,,,,
CPE:cpe:2.3:o:ui:unifi_cloud_key_plus_firmware:*:*:*:*:*:*:*:*,CPE,cpe:2.3:o:ui:unifi_cloud_key_plus_firmware:*:*:*:*:*:*:*:*,,,,,,,,
CPE:cpe:2.3:o:ui:unifi_cloudkey_enterprise_firmware:*:*:*:*:*:*:*:*,CPE,cpe:2.3:o:ui:unifi_cloudkey_enterprise_firmware:*:*:*:*:*:*:*:*,,,,,,,,
CPE:cpe:2.3:o:ui:unifi_cloudkey_firmware:*:*:*:*:*:*:*:*,CPE,cpe:2.3:o:ui:unifi_cloudkey_firmware:*:*:*:*:*:*:*:*,,,,,,,,
CPE:cpe:2.3:o:ui:unifi_dream_machine_beast_firmware:*:*:*:*:*:*:*:*,CPE,cpe:2.3:o:ui:unifi_dream_machine_beast_firmware:*:*:*:*:*:*:*:*,,,,,,,,
CPE:cpe:2.3:o:ui:unifi_dream_machine_firmware:*:*:*:*:*:*:*:*,CPE,cpe:2.3:o:ui:unifi_dream_machine_firmware:*:*:*:*:*:*:*:*,,,,,,,,
CPE:cpe:2.3:o:ui:unifi_dream_machine_pro_firmware:*:*:*:*:*:*:*:*,CPE,cpe:2.3:o:ui:unifi_dream_machine_pro_firmware:*:*:*:*:*:*:*:*,,,,,,,,
CPE:cpe:2.3:o:ui:unifi_dream_machine_pro_max_firmware:*:*:*:*:*:*:*:*,CPE,cpe:2.3:o:ui:unifi_dream_machine_pro_max_firmware:*:*:*:*:*:*:*:*,,,,,,,,
CPE:cpe:2.3:o:ui:unifi_dream_machine_special_edition_firmware:*:*:*:*:*:*:*:*,CPE,cpe:2.3:o:ui:unifi_dream_machine_special_edition_firmware:*:*:*:*:*:*:*:*,,,,,,,,
CPE:cpe:2.3:o:ui:unifi_dream_router_5g_max_firmware:*:*:*:*:*:*:*:*,CPE,cpe:2.3:o:ui:unifi_dream_router_5g_max_firmware:*:*:*:*:*:*:*:*,,,,,,,,
CPE:cpe:2.3:o:ui:unifi_dream_router_7_firmware:*:*:*:*:*:*:*:*,CPE,cpe:2.3:o:ui:unifi_dream_router_7_firmware:*:*:*:*:*:*:*:*,,,,,,,,
CPE:cpe:2.3:o:ui:unifi_dream_router_firmware:*:*:*:*:*:*:*:*,CPE,cpe:2.3:o:ui:unifi_dream_router_firmware:*:*:*:*:*:*:*:*,,,,,,,,
CPE:cpe:2.3:o:ui:unifi_dream_wall_firmware:*:*:*:*:*:*:*:*,CPE,cpe:2.3:o:ui:unifi_dream_wall_firmware:*:*:*:*:*:*:*:*,,,,,,,,
CPE:cpe:2.3:o:ui:unifi_express_7_firmware:*:*:*:*:*:*:*:*,CPE,cpe:2.3:o:ui:unifi_express_7_firmware:*:*:*:*:*:*:*:*,,,,,,,,
CPE:cpe:2.3:o:ui:unifi_network_video_recorder_firmware:*:*:*:*:*:*:*:*,CPE,cpe:2.3:o:ui:unifi_network_video_recorder_firmware:*:*:*:*:*:*:*:*,,,,,,,,
CPE:cpe:2.3:o:ui:unifi_network_video_recorder_g2_firmware:*:*:*:*:*:*:*:*,CPE,cpe:2.3:o:ui:unifi_network_video_recorder_g2_firmware:*:*:*:*:*:*:*:*,,,,,,,,
CPE:cpe:2.3:o:ui:unifi_network_video_recorder_g2_pro_firmware:*:*:*:*:*:*:*:*,CPE,cpe:2.3:o:ui:unifi_network_video_recorder_g2_pro_firmware:*:*:*:*:*:*:*:*,,,,,,,,
CPE:cpe:2.3:o:ui:unifi_network_video_recorder_instant_firmware:*:*:*:*:*:*:*:*,CPE,cpe:2.3:o:ui:unifi_network_video_recorder_instant_firmware:*:*:*:*:*:*:*:*,,,,,,,,
CPE:cpe:2.3:o:ui:unifi_network_video_recorder_pro_firmware:*:*:*:*:*:*:*:*,CPE,cpe:2.3:o:ui:unifi_network_video_recorder_pro_firmware:*:*:*:*:*:*:*:*,,,,,,,,
REF:CVE-2026-34908:0,Reference,https://community.ui.com/releases/Security-Advisory-Bulletin-064-064/84811c09-4cf4-42ab-bd61-cc994445963b,,,,,,,,https://community.ui.com/releases/Security-Advisory-Bulletin-064-064/84811c09-4cf4-42ab-bd61-cc994445963b
REF:CVE-2026-34908:1,Reference,https://www.cisa.gov/known-exploited-vulnerabilities-catalog?field_cve=CVE-2026-34908,,,,,,,,https://www.cisa.gov/known-exploited-vulnerabilities-catalog?field_cve=CVE-2026-34908
REF:CVE-2026-34908:2,Reference,https://www.pwndefend.com/2026/06/09/cve-2026-34910-exploitation-itw-building-a-botnet-mirai/,,,,,,,,https://www.pwndefend.com/2026/06/09/cve-2026-34910-exploitation-itw-building-a-botnet-mirai/
CVE:CVE-2025-54068,CVE,CVE-2025-54068,67629,0.640000,CRITICAL,CRITICAL,True,2025-07-17T19:15:25.470000Z,2026-03-20,
CPE:cpe:2.3:a:laravel:livewire:*:*:*:*:*:*:*:*,CPE,cpe:2.3:a:laravel:livewire:*:*:*:*:*:*:*:*,,,,,,,,
REF:CVE-2025-54068:0,Reference,https://github.com/livewire/livewire/commit/ef04be759da41b14d2d129e670533180a44987dc,,,,,,,,https://github.com/livewire/livewire/commit/ef04be759da41b14d2d129e670533180a44987dc
REF:CVE-2025-54068:1,Reference,https://github.com/livewire/livewire/releases/tag/v3.6.4,,,,,,,,https://github.com/livewire/livewire/releases/tag/v3.6.4
REF:CVE-2025-54068:2,Reference,https://github.com/livewire/livewire/security/advisories/GHSA-29cq-5w36-x7w3,,,,,,,,https://github.com/livewire/livewire/security/advisories/GHSA-29cq-5w36-x7w3
REF:CVE-2025-54068:3,Reference,https://www.cisa.gov/known-exploited-vulnerabilities-catalog?field_cve=CVE-2025-54068,,,,,,,,https://www.cisa.gov/known-exploited-vulnerabilities-catalog?field_cve=CVE-2025-54068
REF:CVE-2025-54068:4,Reference,https://www.threathunter.ai/blog/iranian-threat-actor-tools-techniques-iocs-ioas/,,,,,,,,https://www.threathunter.ai/blog/iranian-threat-actor-tools-techniques-iocs-ioas/
CVE:CVE-2026-39987,CVE,CVE-2026-39987,108973,0.638000,CRITICAL,CRITICAL,True,2026-04-09T18:17:02.807000Z,2026-04-23,
CPE:cpe:2.3:a:coreweave:marimo:*:*:*:*:*:python:*:*,CPE,cpe:2.3:a:coreweave:marimo:*:*:*:*:*:python:*:*,,,,,,,,
REF:CVE-2026-39987:0,Reference,https://github.com/marimo-team/marimo/commit/c24d4806398f30be6b12acd6c60d1d7c68cfd12a,,,,,,,,https://github.com/marimo-team/marimo/commit/c24d4806398f30be6b12acd6c60d1d7c68cfd12a
REF:CVE-2026-39987:1,Reference,https://github.com/marimo-team/marimo/pull/9098,,,,,,,,https://github.com/marimo-team/marimo/pull/9098
REF:CVE-2026-39987:2,Reference,https://github.com/marimo-team/marimo/security/advisories/GHSA-2679-6mx9-h9xc,,,,,,,,https://github.com/marimo-team/marimo/security/advisories/GHSA-2679-6mx9-h9xc
REF:CVE-2026-39987:3,Reference,https://www.cisa.gov/known-exploited-vulnerabilities-catalog?field_cve=CVE-2026-39987,,,,,,,,https://www.cisa.gov/known-exploited-vulnerabilities-catalog?field_cve=CVE-2026-39987
REF:CVE-2026-39987:4,Reference,https://www.sysdig.com/blog/marimo-oss-python-notebook-rce-from-disclosure-to-exploitation-in-under-10-hours,,,,,,,,https://www.sysdig.com/blog/marimo-oss-python-notebook-rce-from-disclosure-to-exploitation-in-under-10-hours
CVE:CVE-2024-9465,CVE,CVE-2024-9465,30535,0.636000,CRITICAL,CRITICAL,True,2024-10-09T17:15:20.287000Z,2024-11-14,
REF:CVE-2024-9465:0,Reference,https://security.paloaltonetworks.com/PAN-SA-2024-0010,,,,,,,,https://security.paloaltonetworks.com/PAN-SA-2024-0010
REF:CVE-2024-9465:1,Reference,https://www.cisa.gov/known-exploited-vulnerabilities-catalog?field_cve=CVE-2024-9465,,,,,,,,https://www.cisa.gov/known-exploited-vulnerabilities-catalog?field_cve=CVE-2024-9465
REF:CVE-2024-9465:2,Reference,https://www.horizon3.ai/attack-research/palo-alto-expedition-from-n-day-to-full-compromise/,,,,,,,,https://www.horizon3.ai/attack-research/palo-alto-expedition-from-n-day-to-full-compromise/
CVE:CVE-2024-3393,CVE,CVE-2024-3393,40172,0.636000,CRITICAL,HIGH,True,2024-12-27T10:15:17.270000Z,2024-12-30,
CWE:CWE-754,CWE,CWE-754,,,,,,,,
CPE:cpe:2.3:o:paloaltonetworks:pan-os:11.1.3:h11:*:*:*:*:*:*,CPE,cpe:2.3:o:paloaltonetworks:pan-os:11.1.3:h11:*:*:*:*:*:*,,,,,,,,
REF:CVE-2024-3393:0,Reference,https://security.paloaltonetworks.com/CVE-2024-3393,,,,,,,,https://security.paloaltonetworks.com/CVE-2024-3393
REF:CVE-2024-3393:1,Reference,https://www.cisa.gov/known-exploited-vulnerabilities-catalog?field_cve=CVE-2024-3393,,,,,,,,https://www.cisa.gov/known-exploited-vulnerabilities-catalog?field_cve=CVE-2024-3393
CVE:CVE-2026-48172,CVE,CVE-2026-48172,117278,0.636000,CRITICAL,CRITICAL,True,2026-05-21T02:16:33.760000Z,2026-05-26,
CWE:CWE-266,CWE,CWE-266,,,,,,,,
CPE:cpe:2.3:a:litespeedtech:litespeed_cpanel_plugin:*:*:*:*:*:*:*:*,CPE,cpe:2.3:a:litespeedtech:litespeed_cpanel_plugin:*:*:*:*:*:*:*:*,,,,,,,,
CPE:cpe:2.3:a:litespeedtech:litespeed_whm_plugin:*:*:*:*:*:*:*:*,CPE,cpe:2.3:a:litespeedtech:litespeed_whm_plugin:*:*:*:*:*:*:*:*,,,,,,,,
REF:CVE-2026-48172:0,Reference,https://blog.litespeedtech.com/2026/05/21/security-update-for-litespeed-cpanel-plugin/,,,,,,,,https://blog.litespeedtech.com/2026/05/21/security-update-for-litespeed-cpanel-plugin/
REF:CVE-2026-48172:1,Reference,https://www.cisa.gov/known-exploited-vulnerabilities-catalog?field_cve=CVE-2026-48172,,,,,,,,https://www.cisa.gov/known-exploited-vulnerabilities-catalog?field_cve=CVE-2026-48172
REF:CVE-2026-48172:2,Reference,https://www.litespeedtech.com/products/litespeed-web-server/control-panel-support/cpanel,,,,,,,,https://www.litespeedtech.com/products/litespeed-web-server/control-panel-support/cpanel
REF:CVE-2026-48172:3,Reference,https://www.litespeedtech.com/products/litespeed-web-server/control-panel-support/release-log,,,,,,,,https://www.litespeedtech.com/products/litespeed-web-server/control-panel-support/release-log
CVE:CVE-2025-0111,CVE,CVE-2025-0111,46495,0.634000,CRITICAL,HIGH,True,2025-02-12T21:15:16.793000Z,2025-02-20,
CWE:CWE-610,CWE,CWE-610,,,,,,,,
CWE:CWE-73,CWE,CWE-73,,,,,,,,
REF:CVE-2025-0111:0,Reference,https://security.paloaltonetworks.com/CVE-2025-0111,,,,,,,,https://security.paloaltonetworks.com/CVE-2025-0111
REF:CVE-2025-0111:1,Reference,https://www.cisa.gov/known-exploited-vulnerabilities-catalog?field_cve=CVE-2025-0111,,,,,,,,https://www.cisa.gov/known-exploited-vulnerabilities-catalog?field_cve=CVE-2025-0111
CVE:CVE-2025-4008,CVE,CVE-2025-4008,60446,0.634000,CRITICAL,HIGH,True,2025-05-21T16:15:33.987000Z,2025-10-02,
CPE:cpe:2.3:a:smartbedded:meteobridge_vm:*:*:*:*:*:*:*:*,CPE,cpe:2.3:a:smartbedded:meteobridge_vm:*:*:*:*:*:*:*:*,,,,,,,,
CPE:cpe:2.3:o:smartbedded:meteobridge_firmware:*:*:*:*:*:*:*:*,CPE,cpe:2.3:o:smartbedded:meteobridge_firmware:*:*:*:*:*:*:*:*,,,,,,,,
REF:CVE-2025-4008:0,Reference,https://forum.meteohub.de/viewtopic.php?t=18687,,,,,,,,https://forum.meteohub.de/viewtopic.php?t=18687
REF:CVE-2025-4008:1,Reference,https://www.cisa.gov/known-exploited-vulnerabilities-catalog?field_cve=CVE-2025-4008,,,,,,,,https://www.cisa.gov/known-exploited-vulnerabilities-catalog?field_cve=CVE-2025-4008
REF:CVE-2025-4008:2,Reference,https://www.onekey.com/resource/security-advisory-remote-command-execution-on-smartbedded-meteobridge-cve-2025-4008,,,,,,,,https://www.onekey.com/resource/security-advisory-remote-command-execution-on-smartbedded-meteobridge-cve-2025-4008
CVE:CVE-2025-57819,CVE,CVE-2025-57819,72697,0.634000,CRITICAL,CRITICAL,True,2025-08-28T17:15:36.790000Z,2025-08-29,
CPE:cpe:2.3:a:sangoma:freepbx:*:*:*:*:*:*:*:*,CPE,cpe:2.3:a:sangoma:freepbx:*:*:*:*:*:*:*:*,,,,,,,,
REF:CVE-2025-57819:0,Reference,https://community.freepbx.org/t/security-advisory-please-lock-down-your-administrator-access/107203,,,,,,,,https://community.freepbx.org/t/security-advisory-please-lock-down-your-administrator-access/107203
REF:CVE-2025-57819:1,Reference,https://github.com/FreePBX/security-reporting/security/advisories/GHSA-m42g-xg4c-5f3h,,,,,,,,https://github.com/FreePBX/security-reporting/security/advisories/GHSA-m42g-xg4c-5f3h
REF:CVE-2025-57819:2,Reference,https://github.com/watchtowrlabs/watchTowr-vs-FreePBX-CVE-2025-57819,,,,,,,,https://github.com/watchtowrlabs/watchTowr-vs-FreePBX-CVE-2025-57819
REF:CVE-2025-57819:3,Reference,https://www.cisa.gov/known-exploited-vulnerabilities-catalog?field_cve=CVE-2025-57819,,,,,,,,https://www.cisa.gov/known-exploited-vulnerabilities-catalog?field_cve=CVE-2025-57819
CVE:CVE-2025-9377,CVE,CVE-2025-9377,72876,0.632000,CRITICAL,HIGH,True,2025-08-29T18:15:43.220000Z,2025-09-03,
CPE:cpe:2.3:h:tp-link:archer_c7:2.0:*:*:*:*:*:*:*,CPE,cpe:2.3:h:tp-link:archer_c7:2.0:*:*:*:*:*:*:*,,,,,,,,
CPE:cpe:2.3:h:tp-link:tl-wr841n:v9:*:*:*:*:*:*:*,CPE,cpe:2.3:h:tp-link:tl-wr841n:v9:*:*:*:*:*:*:*,,,,,,,,
CPE:cpe:2.3:h:tp-link:tl-wr841nd:9:*:*:*:*:*:*:*,CPE,cpe:2.3:h:tp-link:tl-wr841nd:9:*:*:*:*:*:*:*,,,,,,,,
CPE:cpe:2.3:o:tp-link:archer_c7_firmware:*:*:*:*:*:*:*:*,CPE,cpe:2.3:o:tp-link:archer_c7_firmware:*:*:*:*:*:*:*:*,,,,,,,,
CPE:cpe:2.3:o:tp-link:tl-wr841n_firmware:*:*:*:*:*:*:*:*,CPE,cpe:2.3:o:tp-link:tl-wr841n_firmware:*:*:*:*:*:*:*:*,,,,,,,,
CPE:cpe:2.3:o:tp-link:tl-wr841nd_firmware:*:*:*:*:*:*:*:*,CPE,cpe:2.3:o:tp-link:tl-wr841nd_firmware:*:*:*:*:*:*:*:*,,,,,,,,
REF:CVE-2025-9377:0,Reference,https://www.cisa.gov/known-exploited-vulnerabilities-catalog?field_cve=CVE-2025-9377,,,,,,,,https://www.cisa.gov/known-exploited-vulnerabilities-catalog?field_cve=CVE-2025-9377
REF:CVE-2025-9377:1,Reference,https://www.tp-link.com/us/support/faq/4308/,,,,,,,,https://www.tp-link.com/us/support/faq/4308/
REF:CVE-2025-9377:2,Reference,https://www.tp-link.com/us/support/faq/4365/,,,,,,,,https://www.tp-link.com/us/support/faq/4365/
CVE:CVE-2026-7473,CVE,CVE-2026-7473,121278,0.632000,CRITICAL,MEDIUM,True,2026-06-05T17:17:02.850000Z,2026-06-09,
CWE:CWE-1023,CWE,CWE-1023,,,,,,,,
CPE:cpe:2.3:h:arista:7020sr-24c2:-:*:*:*:*:*:*:*,CPE,cpe:2.3:h:arista:7020sr-24c2:-:*:*:*:*:*:*:*,,,,,,,,
CPE:cpe:2.3:h:arista:7020sr-32c2:-:*:*:*:*:*:*:*,CPE,cpe:2.3:h:arista:7020sr-32c2:-:*:*:*:*:*:*:*,,,,,,,,
CPE:cpe:2.3:h:arista:7020srg-24c2:-:*:*:*:*:*:*:*,CPE,cpe:2.3:h:arista:7020srg-24c2:-:*:*:*:*:*:*:*,,,,,,,,
CPE:cpe:2.3:h:arista:7020tr-48:-:*:*:*:*:*:*:*,CPE,cpe:2.3:h:arista:7020tr-48:-:*:*:*:*:*:*:*,,,,,,,,
CPE:cpe:2.3:h:arista:7020tra-48:-:*:*:*:*:*:*:*,CPE,cpe:2.3:h:arista:7020tra-48:-:*:*:*:*:*:*:*,,,,,,,,
CPE:cpe:2.3:h:arista:7280cr-48:-:*:*:*:*:*:*:*,CPE,cpe:2.3:h:arista:7280cr-48:-:*:*:*:*:*:*:*,,,,,,,,
CPE:cpe:2.3:h:arista:7280cr2-60:-:*:*:*:*:*:*:*,CPE,cpe:2.3:h:arista:7280cr2-60:-:*:*:*:*:*:*:*,,,,,,,,
CPE:cpe:2.3:h:arista:7280cr2a-30:-:*:*:*:*:*:*:*,CPE,cpe:2.3:h:arista:7280cr2a-30:-:*:*:*:*:*:*:*,,,,,,,,
CPE:cpe:2.3:h:arista:7280cr2a-60:-:*:*:*:*:*:*:*,CPE,cpe:2.3:h:arista:7280cr2a-60:-:*:*:*:*:*:*:*,,,,,,,,
CPE:cpe:2.3:h:arista:7280cr2k-30:-:*:*:*:*:*:*:*,CPE,cpe:2.3:h:arista:7280cr2k-30:-:*:*:*:*:*:*:*,,,,,,,,
CPE:cpe:2.3:h:arista:7280cr2k-60:-:*:*:*:*:*:*:*,CPE,cpe:2.3:h:arista:7280cr2k-60:-:*:*:*:*:*:*:*,,,,,,,,
CPE:cpe:2.3:h:arista:7280cr2m-30:-:*:*:*:*:*:*:*,CPE,cpe:2.3:h:arista:7280cr2m-30:-:*:*:*:*:*:*:*,,,,,,,,
CPE:cpe:2.3:h:arista:7280cr3-32d4:-:*:*:*:*:*:*:*,CPE,cpe:2.3:h:arista:7280cr3-32d4:-:*:*:*:*:*:*:*,,,,,,,,
CPE:cpe:2.3:h:arista:7280cr3-32p4:-:*:*:*:*:*:*:*,CPE,cpe:2.3:h:arista:7280cr3-32p4:-:*:*:*:*:*:*:*,,,,,,,,
CPE:cpe:2.3:h:arista:7280cr3-36s:-:*:*:*:*:*:*:*,CPE,cpe:2.3:h:arista:7280cr3-36s:-:*:*:*:*:*:*:*,,,,,,,,
CPE:cpe:2.3:h:arista:7280cr3-96:-:*:*:*:*:*:*:*,CPE,cpe:2.3:h:arista:7280cr3-96:-:*:*:*:*:*:*:*,,,,,,,,
CPE:cpe:2.3:h:arista:7280cr3a-24d12:-:*:*:*:*:*:*:*,CPE,cpe:2.3:h:arista:7280cr3a-24d12:-:*:*:*:*:*:*:*,,,,,,,,
CPE:cpe:2.3:h:arista:7280cr3a-48d6:-:*:*:*:*:*:*:*,CPE,cpe:2.3:h:arista:7280cr3a-48d6:-:*:*:*:*:*:*:*,,,,,,,,
CPE:cpe:2.3:h:arista:7280cr3a-72:-:*:*:*:*:*:*:*,CPE,cpe:2.3:h:arista:7280cr3a-72:-:*:*:*:*:*:*:*,,,,,,,,
CPE:cpe:2.3:h:arista:7280cr3ak-24d12:-:*:*:*:*:*:*:*,CPE,cpe:2.3:h:arista:7280cr3ak-24d12:-:*:*:*:*:*:*:*,,,,,,,,
CPE:cpe:2.3:h:arista:7280cr3ak-48d6:-:*:*:*:*:*:*:*,CPE,cpe:2.3:h:arista:7280cr3ak-48d6:-:*:*:*:*:*:*:*,,,,,,,,
CPE:cpe:2.3:h:arista:7280cr3ak-72:-:*:*:*:*:*:*:*,CPE,cpe:2.3:h:arista:7280cr3ak-72:-:*:*:*:*:*:*:*,,,,,,,,
CPE:cpe:2.3:h:arista:7280cr3am-24d12:-:*:*:*:*:*:*:*,CPE,cpe:2.3:h:arista:7280cr3am-24d12:-:*:*:*:*:*:*:*,,,,,,,,
CPE:cpe:2.3:h:arista:7280cr3am-48d6:-:*:*:*:*:*:*:*,CPE,cpe:2.3:h:arista:7280cr3am-48d6:-:*:*:*:*:*:*:*,,,,,,,,
CPE:cpe:2.3:h:arista:7280cr3am-72:-:*:*:*:*:*:*:*,CPE,cpe:2.3:h:arista:7280cr3am-72:-:*:*:*:*:*:*:*,,,,,,,,
CPE:cpe:2.3:h:arista:7280cr3mk-32d4s:-:*:*:*:*:*:*:*,CPE,cpe:2.3:h:arista:7280cr3mk-32d4s:-:*:*:*:*:*:*:*,,,,,,,,
CPE:cpe:2.3:h:arista:7280cr3mk-32p4s:-:*:*:*:*:*:*:*,CPE,cpe:2.3:h:arista:7280cr3mk-32p4s:-:*:*:*:*:*:*:*,,,,,,,,
CPE:cpe:2.3:h:arista:7280dr3-24:-:*:*:*:*:*:*:*,CPE,cpe:2.3:h:arista:7280dr3-24:-:*:*:*:*:*:*:*,,,,,,,,
CPE:cpe:2.3:h:arista:7280dr3a-36:-:*:*:*:*:*:*:*,CPE,cpe:2.3:h:arista:7280dr3a-36:-:*:*:*:*:*:*:*,,,,,,,,
CPE:cpe:2.3:h:arista:7280dr3a-54:-:*:*:*:*:*:*:*,CPE,cpe:2.3:h:arista:7280dr3a-54:-:*:*:*:*:*:*:*,,,,,,,,
CPE:cpe:2.3:h:arista:7280dr3ak-36:-:*:*:*:*:*:*:*,CPE,cpe:2.3:h:arista:7280dr3ak-36:-:*:*:*:*:*:*:*,,,,,,,,
CPE:cpe:2.3:h:arista:7280dr3ak-54:-:*:*:*:*:*:*:*,CPE,cpe:2.3:h:arista:7280dr3ak-54:-:*:*:*:*:*:*:*,,,,,,,,
CPE:cpe:2.3:h:arista:7280dr3am-36:-:*:*:*:*:*:*:*,CPE,cpe:2.3:h:arista:7280dr3am-36:-:*:*:*:*:*:*:*,,,,,,,,
CPE:cpe:2.3:h:arista:7280dr3am-54:-:*:*:*:*:*:*:*,CPE,cpe:2.3:h:arista:7280dr3am-54:-:*:*:*:*:*:*:*,,,,,,,,
CPE:cpe:2.3:h:arista:7280pr3-24:-:*:*:*:*:*:*:*,CPE,cpe:2.3:h:arista:7280pr3-24:-:*:*:*:*:*:*:*,,,,,,,,
CPE:cpe:2.3:h:arista:7280qr-c36-m:-:*:*:*:*:*:*:*,CPE,cpe:2.3:h:arista:7280qr-c36-m:-:*:*:*:*:*:*:*,,,,,,,,
CPE:cpe:2.3:h:arista:7280qr-c36:-:*:*:*:*:*:*:*,CPE,cpe:2.3:h:arista:7280qr-c36:-:*:*:*:*:*:*:*,,,,,,,,
CPE:cpe:2.3:h:arista:7280qr-c72:-:*:*:*:*:*:*:*,CPE,cpe:2.3:h:arista:7280qr-c72:-:*:*:*:*:*:*:*,,,,,,,,
CPE:cpe:2.3:h:arista:7280qra-c36s:-:*:*:*:*:*:*:*,CPE,cpe:2.3:h:arista:7280qra-c36s:-:*:*:*:*:*:*:*,,,,,,,,
CPE:cpe:2.3:h:arista:7280qra-c36sm:-:*:*:*:*:*:*:*,CPE,cpe:2.3:h:arista:7280qra-c36sm:-:*:*:*:*:*:*:*,,,,,,,,
CPE:cpe:2.3:h:arista:7280sr-48c6:-:*:*:*:*:*:*:*,CPE,cpe:2.3:h:arista:7280sr-48c6:-:*:*:*:*:*:*:*,,,,,,,,
CPE:cpe:2.3:h:arista:7280sr2-48yc6-m:-:*:*:*:*:*:*:*,CPE,cpe:2.3:h:arista:7280sr2-48yc6-m:-:*:*:*:*:*:*:*,,,,,,,,
CPE:cpe:2.3:h:arista:7280sr2-48yc6:-:*:*:*:*:*:*:*,CPE,cpe:2.3:h:arista:7280sr2-48yc6:-:*:*:*:*:*:*:*,,,,,,,,
CPE:cpe:2.3:h:arista:7280sr2a-48yc6-m:-:*:*:*:*:*:*:*,CPE,cpe:2.3:h:arista:7280sr2a-48yc6-m:-:*:*:*:*:*:*:*,,,,,,,,
CPE:cpe:2.3:h:arista:7280sr2a-48yc6:-:*:*:*:*:*:*:*,CPE,cpe:2.3:h:arista:7280sr2a-48yc6:-:*:*:*:*:*:*:*,,,,,,,,
CPE:cpe:2.3:h:arista:7280sr2k-48c6-m:-:*:*:*:*:*:*:*,CPE,cpe:2.3:h:arista:7280sr2k-48c6-m:-:*:*:*:*:*:*:*,,,,,,,,
CPE:cpe:2.3:h:arista:7280sr3-40yc6:-:*:*:*:*:*:*:*,CPE,cpe:2.3:h:arista:7280sr3-40yc6:-:*:*:*:*:*:*:*,,,,,,,,
CPE:cpe:2.3:h:arista:7280sr3-48yc8:-:*:*:*:*:*:*:*,CPE,cpe:2.3:h:arista:7280sr3-48yc8:-:*:*:*:*:*:*:*,,,,,,,,
CPE:cpe:2.3:h:arista:7280sr3m-48yc8:-:*:*:*:*:*:*:*,CPE,cpe:2.3:h:arista:7280sr3m-48yc8:-:*:*:*:*:*:*:*,,,,,,,,
CPE:cpe:2.3:h:arista:7280sra-48c6-m:-:*:*:*:*:*:*:*,CPE,cpe:2.3:h:arista:7280sra-48c6-m:-:*:*:*:*:*:*:*,,,,,,,,
CPE:cpe:2.3:h:arista:7280sra-48c6:-:*:*:*:*:*:*:*,CPE,cpe:2.3:h:arista:7280sra-48c6:-:*:*:*:*:*:*:*,,,,,,,,
CPE:cpe:2.3:h:arista:7280sram-48c6:-:*:*:*:*:*:*:*,CPE,cpe:2.3:h:arista:7280sram-48c6:-:*:*:*:*:*:*:*,,,,,,,,
CPE:cpe:2.3:h:arista:7280srm-40cx2:-:*:*:*:*:*:*:*,CPE,cpe:2.3:h:arista:7280srm-40cx2:-:*:*:*:*:*:*:*,,,,,,,,
CPE:cpe:2.3:h:arista:7280tr-48c6:-:*:*:*:*:*:*:*,CPE,cpe:2.3:h:arista:7280tr-48c6:-:*:*:*:*:*:*:*,,,,,,,,
CPE:cpe:2.3:h:arista:7280tr3-40c6:-:*:*:*:*:*:*:*,CPE,cpe:2.3:h:arista:7280tr3-40c6:-:*:*:*:*:*:*:*,,,,,,,,
CPE:cpe:2.3:h:arista:7280tra-48c6-m:-:*:*:*:*:*:*:*,CPE,cpe:2.3:h:arista:7280tra-48c6-m:-:*:*:*:*:*:*:*,,,,,,,,
CPE:cpe:2.3:h:arista:7280tra-48c6:-:*:*:*:*:*:*:*,CPE,cpe:2.3:h:arista:7280tra-48c6:-:*:*:*:*:*:*:*,,,,,,,,
CPE:cpe:2.3:h:arista:7289r3a-sc:-:*:*:*:*:*:*:*,CPE,cpe:2.3:h:arista:7289r3a-sc:-:*:*:*:*:*:*:*,,,,,,,,
CPE:cpe:2.3:h:arista:7289r3ak-sc:-:*:*:*:*:*:*:*,CPE,cpe:2.3:h:arista:7289r3ak-sc:-:*:*:*:*:*:*:*,,,,,,,,
CPE:cpe:2.3:h:arista:7289r3am-sc:-:*:*:*:*:*:*:*,CPE,cpe:2.3:h:arista:7289r3am-sc:-:*:*:*:*:*:*:*,,,,,,,,
CPE:cpe:2.3:h:arista:7500r-36cq-lc:-:*:*:*:*:*:*:*,CPE,cpe:2.3:h:arista:7500r-36cq-lc:-:*:*:*:*:*:*:*,,,,,,,,
CPE:cpe:2.3:h:arista:7500r-36q-lc:-:*:*:*:*:*:*:*,CPE,cpe:2.3:h:arista:7500r-36q-lc:-:*:*:*:*:*:*:*,,,,,,,,
CPE:cpe:2.3:h:arista:7500r-48s2cq-lc:-:*:*:*:*:*:*:*,CPE,cpe:2.3:h:arista:7500r-48s2cq-lc:-:*:*:*:*:*:*:*,,,,,,,,
CPE:cpe:2.3:h:arista:7500r-8cfpx-lc:-:*:*:*:*:*:*:*,CPE,cpe:2.3:h:arista:7500r-8cfpx-lc:-:*:*:*:*:*:*:*,,,,,,,,
CPE:cpe:2.3:h:arista:7500r2-36cq-lc:-:*:*:*:*:*:*:*,CPE,cpe:2.3:h:arista:7500r2-36cq-lc:-:*:*:*:*:*:*:*,,,,,,,,
CPE:cpe:2.3:h:arista:7500r2a-36cq-lc:-:*:*:*:*:*:*:*,CPE,cpe:2.3:h:arista:7500r2a-36cq-lc:-:*:*:*:*:*:*:*,,,,,,,,
CPE:cpe:2.3:h:arista:7500r2ak-36cq-lc:-:*:*:*:*:*:*:*,CPE,cpe:2.3:h:arista:7500r2ak-36cq-lc:-:*:*:*:*:*:*:*,,,,,,,,
CPE:cpe:2.3:h:arista:7500r2ak-48ycq-lc:-:*:*:*:*:*:*:*,CPE,cpe:2.3:h:arista:7500r2ak-48ycq-lc:-:*:*:*:*:*:*:*,,,,,,,,
CPE:cpe:2.3:h:arista:7500r2am-36cq-lc:-:*:*:*:*:*:*:*,CPE,cpe:2.3:h:arista:7500r2am-36cq-lc:-:*:*:*:*:*:*:*,,,,,,,,
CPE:cpe:2.3:h:arista:7500r2m-36cq-lc:-:*:*:*:*:*:*:*,CPE,cpe:2.3:h:arista:7500r2m-36cq-lc:-:*:*:*:*:*:*:*,,,,,,,,
CPE:cpe:2.3:h:arista:7500r3-24d:-:*:*:*:*:*:*:*,CPE,cpe:2.3:h:arista:7500r3-24d:-:*:*:*:*:*:*:*,,,,,,,,
CPE:cpe:2.3:h:arista:7500r3-24p:-:*:*:*:*:*:*:*,CPE,cpe:2.3:h:arista:7500r3-24p:-:*:*:*:*:*:*:*,,,,,,,,
CPE:cpe:2.3:h:arista:7500r3-36cq:-:*:*:*:*:*:*:*,CPE,cpe:2.3:h:arista:7500r3-36cq:-:*:*:*:*:*:*:*,,,,,,,,
CPE:cpe:2.3:h:arista:7500r3k-36cq:-:*:*:*:*:*:*:*,CPE,cpe:2.3:h:arista:7500r3k-36cq:-:*:*:*:*:*:*:*,,,,,,,,
CPE:cpe:2.3:h:arista:7500r3k-48y4d:-:*:*:*:*:*:*:*,CPE,cpe:2.3:h:arista:7500r3k-48y4d:-:*:*:*:*:*:*:*,,,,,,,,
CPE:cpe:2.3:h:arista:7500rm-36cq-lc:-:*:*:*:*:*:*:*,CPE,cpe:2.3:h:arista:7500rm-36cq-lc:-:*:*:*:*:*:*:*,,,,,,,,
CPE:cpe:2.3:h:arista:7504r-fm:-:*:*:*:*:*:*:*,CPE,cpe:2.3:h:arista:7504r-fm:-:*:*:*:*:*:*:*,,,,,,,,
CPE:cpe:2.3:h:arista:7504r3:-:*:*:*:*:*:*:*,CPE,cpe:2.3:h:arista:7504r3:-:*:*:*:*:*:*:*,,,,,,,,
CPE:cpe:2.3:h:arista:7508r-fm:-:*:*:*:*:*:*:*,CPE,cpe:2.3:h:arista:7508r-fm:-:*:*:*:*:*:*:*,,,,,,,,
CPE:cpe:2.3:h:arista:7508r3:-:*:*:*:*:*:*:*,CPE,cpe:2.3:h:arista:7508r3:-:*:*:*:*:*:*:*,,,,,,,,
CPE:cpe:2.3:h:arista:7512r-fm:-:*:*:*:*:*:*:*,CPE,cpe:2.3:h:arista:7512r-fm:-:*:*:*:*:*:*:*,,,,,,,,
CPE:cpe:2.3:h:arista:7512r3:-:*:*:*:*:*:*:*,CPE,cpe:2.3:h:arista:7512r3:-:*:*:*:*:*:*:*,,,,,,,,
CPE:cpe:2.3:h:arista:7516-sup2:-:*:*:*:*:*:*:*,CPE,cpe:2.3:h:arista:7516-sup2:-:*:*:*:*:*:*:*,,,,,,,,
CPE:cpe:2.3:h:arista:7516n-ch:-:*:*:*:*:*:*:*,CPE,cpe:2.3:h:arista:7516n-ch:-:*:*:*:*:*:*:*,,,,,,,,
CPE:cpe:2.3:h:arista:7516r-fm:-:*:*:*:*:*:*:*,CPE,cpe:2.3:h:arista:7516r-fm:-:*:*:*:*:*:*:*,,,,,,,,
CPE:cpe:2.3:h:arista:7800r3-36d:-:*:*:*:*:*:*:*,CPE,cpe:2.3:h:arista:7800r3-36d:-:*:*:*:*:*:*:*,,,,,,,,
CPE:cpe:2.3:h:arista:7800r3-48cq:-:*:*:*:*:*:*:*,CPE,cpe:2.3:h:arista:7800r3-48cq:-:*:*:*:*:*:*:*,,,,,,,,
CPE:cpe:2.3:h:arista:7800r3a-36d:-:*:*:*:*:*:*:*,CPE,cpe:2.3:h:arista:7800r3a-36d:-:*:*:*:*:*:*:*,,,,,,,,
CPE:cpe:2.3:h:arista:7800r3a-36dm:-:*:*:*:*:*:*:*,CPE,cpe:2.3:h:arista:7800r3a-36dm:-:*:*:*:*:*:*:*,,,,,,,,
CPE:cpe:2.3:h:arista:7800r3a-36p:-:*:*:*:*:*:*:*,CPE,cpe:2.3:h:arista:7800r3a-36p:-:*:*:*:*:*:*:*,,,,,,,,
CPE:cpe:2.3:h:arista:7800r3a-36pm:-:*:*:*:*:*:*:*,CPE,cpe:2.3:h:arista:7800r3a-36pm:-:*:*:*:*:*:*:*,,,,,,,,
CPE:cpe:2.3:h:arista:7800r3ak-36dm:-:*:*:*:*:*:*:*,CPE,cpe:2.3:h:arista:7800r3ak-36dm:-:*:*:*:*:*:*:*,,,,,,,,
CPE:cpe:2.3:h:arista:7800r3ak-36pm:-:*:*:*:*:*:*:*,CPE,cpe:2.3:h:arista:7800r3ak-36pm:-:*:*:*:*:*:*:*,,,,,,,,
CPE:cpe:2.3:h:arista:7800r3k-48cq:-:*:*:*:*:*:*:*,CPE,cpe:2.3:h:arista:7800r3k-48cq:-:*:*:*:*:*:*:*,,,,,,,,
CPE:cpe:2.3:h:arista:7800r3k-48cqms:-:*:*:*:*:*:*:*,CPE,cpe:2.3:h:arista:7800r3k-48cqms:-:*:*:*:*:*:*:*,,,,,,,,
CPE:cpe:2.3:h:arista:7800r3k-72y:-:*:*:*:*:*:*:*,CPE,cpe:2.3:h:arista:7800r3k-72y:-:*:*:*:*:*:*:*,,,,,,,,
CPE:cpe:2.3:h:arista:7804r3:-:*:*:*:*:*:*:*,CPE,cpe:2.3:h:arista:7804r3:-:*:*:*:*:*:*:*,,,,,,,,
CPE:cpe:2.3:h:arista:7808r3:-:*:*:*:*:*:*:*,CPE,cpe:2.3:h:arista:7808r3:-:*:*:*:*:*:*:*,,,,,,,,
CPE:cpe:2.3:h:arista:7812r3:-:*:*:*:*:*:*:*,CPE,cpe:2.3:h:arista:7812r3:-:*:*:*:*:*:*:*,,,,,,,,
CPE:cpe:2.3:h:arista:7816lr3:-:*:*:*:*:*:*:*,CPE,cpe:2.3:h:arista:7816lr3:-:*:*:*:*:*:*:*,,,,,,,,
CPE:cpe:2.3:h:arista:7816r3:-:*:*:*:*:*:*:*,CPE,cpe:2.3:h:arista:7816r3:-:*:*:*:*:*:*:*,,,,,,,,
CPE:cpe:2.3:o:arista:eos:*:*:*:*:*:*:*:*,CPE,cpe:2.3:o:arista:eos:*:*:*:*:*:*:*:*,,,,,,,,
REF:CVE-2026-7473:0,Reference,https://www.arista.com/en/support/advisories-notices/security-advisory/22872-security-advisory-0137,,,,,,,,https://www.arista.com/en/support/advisories-notices/security-advisory/22872-security-advisory-0137
REF:CVE-2026-7473:1,Reference,https://www.arista.com/en/support/advisories-notices/security-advisory/24005-security-advisory-0137,,,,,,,,https://www.arista.com/en/support/advisories-notices/security-advisory/24005-security-advisory-0137
REF:CVE-2026-7473:2,Reference,https://www.cisa.gov/known-exploited-vulnerabilities-catalog?field_cve=CVE-2026-7473,,,,,,,,https://www.cisa.gov/known-exploited-vulnerabilities-catalog?field_cve=CVE-2026-7473
CVE:CVE-2025-53521,CVE,CVE-2025-53521,79732,0.630000,CRITICAL,CRITICAL,True,2025-10-15T14:15:48.377000Z,2026-03-27,
CWE:CWE-121,CWE,CWE-121,,,,,,,,
CPE:cpe:2.3:a:f5:big-ip_access_policy_manager:*:*:*:*:*:*:*:*,CPE,cpe:2.3:a:f5:big-ip_access_policy_manager:*:*:*:*:*:*:*:*,,,,,,,,
REF:CVE-2025-53521:0,Reference,https://my.f5.com/manage/s/article/K000156741,,,,,,,,https://my.f5.com/manage/s/article/K000156741
REF:CVE-2025-53521:1,Reference,https://www.cisa.gov/known-exploited-vulnerabilities-catalog?field_cve=CVE-2025-53521,,,,,,,,https://www.cisa.gov/known-exploited-vulnerabilities-catalog?field_cve=CVE-2025-53521
CVE:CVE-2026-25108,CVE,CVE-2026-25108,97998,0.628000,CRITICAL,HIGH,True,2026-02-13T04:15:53.410000Z,2026-02-24,
CPE:cpe:2.3:a:soliton:filezen:*:*:*:*:*:*:*:*,CPE,cpe:2.3:a:soliton:filezen:*:*:*:*:*:*:*:*,,,,,,,,
REF:CVE-2026-25108:0,Reference,https://jvn.jp/en/jp/JVN84622767/,,,,,,,,https://jvn.jp/en/jp/JVN84622767/
REF:CVE-2026-25108:1,Reference,https://www.cisa.gov/known-exploited-vulnerabilities-catalog?field_cve=CVE-2026-25108,,,,,,,,https://www.cisa.gov/known-exploited-vulnerabilities-catalog?field_cve=CVE-2026-25108
REF:CVE-2026-25108:2,Reference,https://www.soliton.co.jp/support/2026/006657.html,,,,,,,,https://www.soliton.co.jp/support/2026/006657.html
CVE:CVE-2025-20337,CVE,CVE-2025-20337,67558,0.624000,CRITICAL,CRITICAL,True,2025-07-16T17:15:30.573000Z,2025-07-28,
CWE:CWE-74,CWE,CWE-74,,,,,,,,
CPE:cpe:2.3:a:cisco:identity_services_engine:3.3.0:-:*:*:*:*:*:*,CPE,cpe:2.3:a:cisco:identity_services_engine:3.3.0:-:*:*:*:*:*:*,,,,,,,,
CPE:cpe:2.3:a:cisco:identity_services_engine:3.3.0:patch1:*:*:*:*:*:*,CPE,cpe:2.3:a:cisco:identity_services_engine:3.3.0:patch1:*:*:*:*:*:*,,,,,,,,
CPE:cpe:2.3:a:cisco:identity_services_engine:3.3.0:patch2:*:*:*:*:*:*,CPE,cpe:2.3:a:cisco:identity_services_engine:3.3.0:patch2:*:*:*:*:*:*,,,,,,,,
CPE:cpe:2.3:a:cisco:identity_services_engine:3.3.0:patch3:*:*:*:*:*:*,CPE,cpe:2.3:a:cisco:identity_services_engine:3.3.0:patch3:*:*:*:*:*:*,,,,,,,,
CPE:cpe:2.3:a:cisco:identity_services_engine:3.3.0:patch4:*:*:*:*:*:*,CPE,cpe:2.3:a:cisco:identity_services_engine:3.3.0:patch4:*:*:*:*:*:*,,,,,,,,
CPE:cpe:2.3:a:cisco:identity_services_engine:3.3.0:patch5:*:*:*:*:*:*,CPE,cpe:2.3:a:cisco:identity_services_engine:3.3.0:patch5:*:*:*:*:*:*,,,,,,,,
CPE:cpe:2.3:a:cisco:identity_services_engine:3.3.0:patch6:*:*:*:*:*:*,CPE,cpe:2.3:a:cisco:identity_services_engine:3.3.0:patch6:*:*:*:*:*:*,,,,,,,,
CPE:cpe:2.3:a:cisco:identity_services_engine:3.4.0:-:*:*:*:*:*:*,CPE,cpe:2.3:a:cisco:identity_services_engine:3.4.0:-:*:*:*:*:*:*,,,,,,,,
CPE:cpe:2.3:a:cisco:identity_services_engine:3.4.0:patch1:*:*:*:*:*:*,CPE,cpe:2.3:a:cisco:identity_services_engine:3.4.0:patch1:*:*:*:*:*:*,,,,,,,,
CPE:cpe:2.3:a:cisco:identity_services_engine_passive_identity_connector:3.3.0:-:*:*:*:*:*:*,CPE,cpe:2.3:a:cisco:identity_services_engine_passive_identity_connector:3.3.0:-:*:*:*:*:*:*,,,,,,,,
CPE:cpe:2.3:a:cisco:identity_services_engine_passive_identity_connector:3.3.0:patch1:*:*:*:*:*:*,CPE,cpe:2.3:a:cisco:identity_services_engine_passive_identity_connector:3.3.0:patch1:*:*:*:*:*:*,,,,,,,,
CPE:cpe:2.3:a:cisco:identity_services_engine_passive_identity_connector:3.3.0:patch2:*:*:*:*:*:*,CPE,cpe:2.3:a:cisco:identity_services_engine_passive_identity_connector:3.3.0:patch2:*:*:*:*:*:*,,,,,,,,
CPE:cpe:2.3:a:cisco:identity_services_engine_passive_identity_connector:3.3.0:patch3:*:*:*:*:*:*,CPE,cpe:2.3:a:cisco:identity_services_engine_passive_identity_connector:3.3.0:patch3:*:*:*:*:*:*,,,,,,,,
CPE:cpe:2.3:a:cisco:identity_services_engine_passive_identity_connector:3.3.0:patch4:*:*:*:*:*:*,CPE,cpe:2.3:a:cisco:identity_services_engine_passive_identity_connector:3.3.0:patch4:*:*:*:*:*:*,,,,,,,,
CPE:cpe:2.3:a:cisco:identity_services_engine_passive_identity_connector:3.3.0:patch5:*:*:*:*:*:*,CPE,cpe:2.3:a:cisco:identity_services_engine_passive_identity_connector:3.3.0:patch5:*:*:*:*:*:*,,,,,,,,
CPE:cpe:2.3:a:cisco:identity_services_engine_passive_identity_connector:3.3.0:patch6:*:*:*:*:*:*,CPE,cpe:2.3:a:cisco:identity_services_engine_passive_identity_connector:3.3.0:patch6:*:*:*:*:*:*,,,,,,,,
CPE:cpe:2.3:a:cisco:identity_services_engine_passive_identity_connector:3.4.0:-:*:*:*:*:*:*,CPE,cpe:2.3:a:cisco:identity_services_engine_passive_identity_connector:3.4.0:-:*:*:*:*:*:*,,,,,,,,
CPE:cpe:2.3:a:cisco:identity_services_engine_passive_identity_connector:3.4.0:patch1:*:*:*:*:*:*,CPE,cpe:2.3:a:cisco:identity_services_engine_passive_identity_connector:3.4.0:patch1:*:*:*:*:*:*,,,,,,,,
REF:CVE-2025-20337:0,Reference,https://sec.cloudapps.cisco.com/security/center/content/CiscoSecurityAdvisory/cisco-sa-ise-unauth-rce-ZAd2GnJ6,,,,,,,,https://sec.cloudapps.cisco.com/security/center/content/CiscoSecurityAdvisory/cisco-sa-ise-unauth-rce-ZAd2GnJ6
REF:CVE-2025-20337:1,Reference,https://www.cisa.gov/known-exploited-vulnerabilities-catalog?field_cve=CVE-2025-20337,,,,,,,,https://www.cisa.gov/known-exploited-vulnerabilities-catalog?field_cve=CVE-2025-20337
CVE:CVE-2024-9537,CVE,CVE-2024-9537,31527,0.622000,CRITICAL,CRITICAL,True,2024-10-18T15:15:04.170000Z,2024-10-21,
CPE:cpe:2.3:a:sciencelogic:sl1:*:*:*:*:*:*:*:*,CPE,cpe:2.3:a:sciencelogic:sl1:*:*:*:*:*:*:*:*,,,,,,,,
REF:CVE-2024-9537:0,Reference,https://arcticwolf.com/resources/blog/rackspace-breach-linked-to-zero-day-vulnerability-sciencelogic-sl1s-third-party-utility/,,,,,,,,https://arcticwolf.com/resources/blog/rackspace-breach-linked-to-zero-day-vulnerability-sciencelogic-sl1s-third-party-utility/
REF:CVE-2024-9537:1,Reference,https://community.sciencelogic.com/blog/latest-kb-articles-and-known-issues-blog-board/week-of-september-30-2024---latest-kb-articles-and-known-issues-part-1-of-2/1690,,,,,,,,https://community.sciencelogic.com/blog/latest-kb-articles-and-known-issues-blog-board/week-of-september-30-2024---latest-kb-articles-and-known-issues-part-1-of-2/1690
REF:CVE-2024-9537:2,Reference,https://rackspace.service-now.com/system_status?id=detailed_status&service=4dafca5a87f41610568b206f8bbb35a6,,,,,,,,https://rackspace.service-now.com/system_status?id=detailed_status&service=4dafca5a87f41610568b206f8bbb35a6
REF:CVE-2024-9537:3,Reference,https://support.sciencelogic.com/s/article/15465,,,,,,,,https://support.sciencelogic.com/s/article/15465
REF:CVE-2024-9537:4,Reference,https://support.sciencelogic.com/s/article/15527,,,,,,,,https://support.sciencelogic.com/s/article/15527
REF:CVE-2024-9537:5,Reference,https://twitter.com/ynezzor/status/1839931641172467907,,,,,,,,https://twitter.com/ynezzor/status/1839931641172467907
REF:CVE-2024-9537:6,Reference,https://www.bleepingcomputer.com/news/security/rackspace-monitoring-data-stolen-in-sciencelogic-zero-day-attack/,,,,,,,,https://www.bleepingcomputer.com/news/security/rackspace-monitoring-data-stolen-in-sciencelogic-zero-day-attack/
REF:CVE-2024-9537:7,Reference,https://www.cisa.gov/known-exploited-vulnerabilities-catalog?field_cve=CVE-2024-9537,,,,,,,,https://www.cisa.gov/known-exploited-vulnerabilities-catalog?field_cve=CVE-2024-9537
REF:CVE-2024-9537:8,Reference,https://www.cisa.gov/known-exploited-vulnerabilities-catalog?search_api_fulltext=CVE-2024-9537,,,,,,,,https://www.cisa.gov/known-exploited-vulnerabilities-catalog?search_api_fulltext=CVE-2024-9537
REF:CVE-2024-9537:9,Reference,https://www.theregister.com/2024/09/30/rackspace_zero_day_attack/,,,,,,,,https://www.theregister.com/2024/09/30/rackspace_zero_day_attack/
CVE:CVE-2024-11182,CVE,CVE-2024-11182,35227,0.622000,CRITICAL,MEDIUM,True,2024-11-15T11:15:10.410000Z,2025-05-19,
CWE:CWE-79,CWE,CWE-79,,,,,,,,
CPE:cpe:2.3:a:mdaemon:mdaemon:*:*:*:*:*:*:*:*,CPE,cpe:2.3:a:mdaemon:mdaemon:*:*:*:*:*:*:*:*,,,,,,,,
REF:CVE-2024-11182:0,Reference,https://files.mdaemon.com/mdaemon/beta/RelNotes_en.html,,,,,,,,https://files.mdaemon.com/mdaemon/beta/RelNotes_en.html
REF:CVE-2024-11182:1,Reference,https://www.cisa.gov/known-exploited-vulnerabilities-catalog?field_cve=CVE-2024-11182,,,,,,,,https://www.cisa.gov/known-exploited-vulnerabilities-catalog?field_cve=CVE-2024-11182
CVE:CVE-2025-8110,CVE,CVE-2025-8110,86826,0.622000,CRITICAL,HIGH,True,2025-12-10T14:16:19.847000Z,2026-01-12,
CPE:cpe:2.3:a:gogs:gogs:*:*:*:*:*:*:*:*,CPE,cpe:2.3:a:gogs:gogs:*:*:*:*:*:*:*:*,,,,,,,,
REF:CVE-2025-8110:0,Reference,http://wiz.io/blog/wiz-research-gogs-cve-2025-8110-rce-exploit,,,,,,,,http://wiz.io/blog/wiz-research-gogs-cve-2025-8110-rce-exploit
REF:CVE-2025-8110:1,Reference,http://www.openwall.com/lists/oss-security/2025/12/11/3,,,,,,,,http://www.openwall.com/lists/oss-security/2025/12/11/3
REF:CVE-2025-8110:2,Reference,http://www.openwall.com/lists/oss-security/2025/12/11/4,,,,,,,,http://www.openwall.com/lists/oss-security/2025/12/11/4
REF:CVE-2025-8110:3,Reference,http://www.openwall.com/lists/oss-security/2026/01/17/4,,,,,,,,http://www.openwall.com/lists/oss-security/2026/01/17/4
REF:CVE-2025-8110:4,Reference,http://www.openwall.com/lists/oss-security/2026/01/18/1,,,,,,,,http://www.openwall.com/lists/oss-security/2026/01/18/1
REF:CVE-2025-8110:5,Reference,http://www.openwall.com/lists/oss-security/2026/01/18/2,,,,,,,,http://www.openwall.com/lists/oss-security/2026/01/18/2
REF:CVE-2025-8110:6,Reference,https://github.com/gogs/gogs/commit/553707f3fd5f68f47f531cfcff56aa3ec294c6f6,,,,,,,,https://github.com/gogs/gogs/commit/553707f3fd5f68f47f531cfcff56aa3ec294c6f6
REF:CVE-2025-8110:7,Reference,https://github.com/gogs/gogs/pull/8078,,,,,,,,https://github.com/gogs/gogs/pull/8078
REF:CVE-2025-8110:8,Reference,https://www.cisa.gov/known-exploited-vulnerabilities-catalog?field_cve=CVE-2025-8110,,,,,,,,https://www.cisa.gov/known-exploited-vulnerabilities-catalog?field_cve=CVE-2025-8110
CVE:CVE-2026-45247,CVE,CVE-2026-45247,117974,0.622000,CRITICAL,CRITICAL,True,2026-05-26T15:16:39.263000Z,2026-06-03,
CPE:cpe:2.3:a:mirasvit:full_page_cache_warmer:*:*:*:*:*:magento:*:*,CPE,cpe:2.3:a:mirasvit:full_page_cache_warmer:*:*:*:*:*:magento:*:*,,,,,,,,
REF:CVE-2026-45247:0,Reference,https://mirasvit.com/package/changelog/?package=mirasvit/module-cache-warmer,,,,,,,,https://mirasvit.com/package/changelog/?package=mirasvit/module-cache-warmer
REF:CVE-2026-45247:1,Reference,https://sansec.io/research/mirasvit-cache-warmer-object-injection,,,,,,,,https://sansec.io/research/mirasvit-cache-warmer-object-injection
REF:CVE-2026-45247:2,Reference,https://www.cisa.gov/known-exploited-vulnerabilities-catalog?field_cve=CVE-2026-45247,,,,,,,,https://www.cisa.gov/known-exploited-vulnerabilities-catalog?field_cve=CVE-2026-45247
REF:CVE-2026-45247:3,Reference,https://www.imperva.com/blog/imperva-customers-protected-against-cve-2026-45247-in-mirasvit-full-page-cache-warmer-for-magento/,,,,,,,,https://www.imperva.com/blog/imperva-customers-protected-against-cve-2026-45247-in-mirasvit-full-page-cache-warmer-for-magento/
REF:CVE-2026-45247:4,Reference,https://www.vulncheck.com/advisories/mirasvit-cache-warmer-for-magento-php-object-injection,,,,,,,,https://www.vulncheck.com/advisories/mirasvit-cache-warmer-for-magento-php-object-injection
CVE:CVE-2026-33017,CVE,CVE-2026-33017,104322,0.620000,CRITICAL,CRITICAL,True,2026-03-20T05:16:15.550000Z,2026-03-25,
CWE:CWE-95,CWE,CWE-95,,,,,,,,
REF:CVE-2026-33017:0,Reference,https://github.com/advisories/GHSA-rvqx-wpfh-mfx7,,,,,,,,https://github.com/advisories/GHSA-rvqx-wpfh-mfx7
REF:CVE-2026-33017:1,Reference,https://github.com/langflow-ai/langflow/commit/73b6612e3ef25fdae0a752d75b0fabd47328d4f0,,,,,,,,https://github.com/langflow-ai/langflow/commit/73b6612e3ef25fdae0a752d75b0fabd47328d4f0
REF:CVE-2026-33017:2,Reference,https://github.com/langflow-ai/langflow/releases/tag/1.8.2,,,,,,,,https://github.com/langflow-ai/langflow/releases/tag/1.8.2
REF:CVE-2026-33017:3,Reference,https://github.com/langflow-ai/langflow/security/advisories/GHSA-vwmf-pq79-vjvx,,,,,,,,https://github.com/langflow-ai/langflow/security/advisories/GHSA-vwmf-pq79-vjvx
REF:CVE-2026-33017:4,Reference,https://medium.com/@aviral23/cve-2026-33017-how-i-found-an-unauthenticated-rce-in-langflow-by-reading-the-code-they-already-dc96cdce5896,,,,,,,,https://medium.com/@aviral23/cve-2026-33017-how-i-found-an-unauthenticated-rce-in-langflow-by-reading-the-code-they-already-dc96cdce5896
REF:CVE-2026-33017:5,Reference,https://www.cisa.gov/known-exploited-vulnerabilities-catalog?field_cve=CVE-2026-33017,,,,,,,,https://www.cisa.gov/known-exploited-vulnerabilities-catalog?field_cve=CVE-2026-33017
REF:CVE-2026-33017:6,Reference,https://www.sysdig.com/blog/cve-2026-33017-how-attackers-compromised-langflow-ai-pipelines-in-20-hours,,,,,,,,https://www.sysdig.com/blog/cve-2026-33017-how-attackers-compromised-langflow-ai-pipelines-in-20-hours
CVE:CVE-2025-0994,CVE,CVE-2025-0994,45647,0.618000,CRITICAL,HIGH,True,2025-02-06T16:15:41.493000Z,2025-02-07,
CPE:cpe:2.3:a:trimble:cityworks:*:*:*:*:*:*:*:*,CPE,cpe:2.3:a:trimble:cityworks:*:*:*:*:*:*:*:*,,,,,,,,
REF:CVE-2025-0994:0,Reference,https://learn.assetlifecycle.trimble.com/i/1532182-cityworks-customer-communication-2025-02-05-docx/0?,,,,,,,,https://learn.assetlifecycle.trimble.com/i/1532182-cityworks-customer-communication-2025-02-05-docx/0?
REF:CVE-2025-0994:1,Reference,https://www.cisa.gov/known-exploited-vulnerabilities-catalog?field_cve=CVE-2025-0994,,,,,,,,https://www.cisa.gov/known-exploited-vulnerabilities-catalog?field_cve=CVE-2025-0994
REF:CVE-2025-0994:2,Reference,https://www.cisa.gov/news-events/ics-advisories/icsa-25-037-04,,,,,,,,https://www.cisa.gov/news-events/ics-advisories/icsa-25-037-04
CVE:CVE-2025-64328,CVE,CVE-2025-64328,82651,0.618000,CRITICAL,HIGH,True,2025-11-07T04:15:47.397000Z,2026-02-03,
CPE:cpe:2.3:a:sangoma:filestore:*:*:*:*:*:freepbx:*:*,CPE,cpe:2.3:a:sangoma:filestore:*:*:*:*:*:freepbx:*:*,,,,,,,,
REF:CVE-2025-64328:0,Reference,https://github.com/FreePBX/filestore/blob/f0e3983059271efd80b483ec823310ef19a59013/drivers/SSH/testconnection.php#L2,,,,,,,,https://github.com/FreePBX/filestore/blob/f0e3983059271efd80b483ec823310ef19a59013/drivers/SSH/testconnection.php#L2
REF:CVE-2025-64328:1,Reference,https://github.com/FreePBX/security-reporting/security/advisories/GHSA-vm9p-46mv-5xvw,,,,,,,,https://github.com/FreePBX/security-reporting/security/advisories/GHSA-vm9p-46mv-5xvw
REF:CVE-2025-64328:2,Reference,https://www.cisa.gov/known-exploited-vulnerabilities-catalog?field_cve=CVE-2025-64328,,,,,,,,https://www.cisa.gov/known-exploited-vulnerabilities-catalog?field_cve=CVE-2025-64328
REF:CVE-2025-64328:3,Reference,https://www.fortinet.com/blog/threat-research/unveiling-the-weaponized-web-shell-encystphp,,,,,,,,https://www.fortinet.com/blog/threat-research/unveiling-the-weaponized-web-shell-encystphp
REF:CVE-2025-64328:4,Reference,https://www.freepbx.org/watch-what-we-do-with-security-fixes-%f0%9f%91%80,,,,,,,,https://www.freepbx.org/watch-what-we-do-with-security-fixes-%f0%9f%91%80
CVE:CVE-2024-4978,CVE,CVE-2024-4978,16922,0.614000,CRITICAL,HIGH,True,2024-05-23T02:15:09.257000Z,2024-05-29,
CPE:cpe:2.3:a:javs:javs_viewer:8.3.7.250:*:*:*:*:*:*:*,CPE,cpe:2.3:a:javs:javs_viewer:8.3.7.250:*:*:*:*:*:*:*,,,,,,,,
REF:CVE-2024-4978:0,Reference,https://twitter.com/2RunJack2/status/1775052981966377148,,,,,,,,https://twitter.com/2RunJack2/status/1775052981966377148
REF:CVE-2024-4978:1,Reference,https://www.cisa.gov/known-exploited-vulnerabilities-catalog?field_cve=CVE-2024-4978,,,,,,,,https://www.cisa.gov/known-exploited-vulnerabilities-catalog?field_cve=CVE-2024-4978
REF:CVE-2024-4978:2,Reference,https://www.javs.com/downloads/,,,,,,,,https://www.javs.com/downloads/
REF:CVE-2024-4978:3,Reference,https://www.rapid7.com/blog/post/2024/05/23/cve-2024-4978-backdoored-justice-av-solutions-viewer-software-used-in-apparent-supply-chain-attack/,,,,,,,,https://www.rapid7.com/blog/post/2024/05/23/cve-2024-4978-backdoored-justice-av-solutions-viewer-software-used-in-apparent-supply-chain-attack/
CVE:CVE-2025-2776,CVE,CVE-2025-2776,58245,0.614000,CRITICAL,CRITICAL,True,2025-05-07T15:15:57.573000Z,2025-07-22,
CWE:CWE-611,CWE,CWE-611,,,,,,,,
CPE:cpe:2.3:a:sysaid:sysaid:*:*:*:*:on-premises:*:*:*,CPE,cpe:2.3:a:sysaid:sysaid:*:*:*:*:on-premises:*:*:*,,,,,,,,
REF:CVE-2025-2776:0,Reference,https://documentation.sysaid.com/docs/24-40-60,,,,,,,,https://documentation.sysaid.com/docs/24-40-60
REF:CVE-2025-2776:1,Reference,https://labs.watchtowr.com/sysowned-your-friendly-rce-support-ticket/,,,,,,,,https://labs.watchtowr.com/sysowned-your-friendly-rce-support-ticket/
REF:CVE-2025-2776:2,Reference,https://www.cisa.gov/known-exploited-vulnerabilities-catalog?field_cve=CVE-2025-2776,,,,,,,,https://www.cisa.gov/known-exploited-vulnerabilities-catalog?field_cve=CVE-2025-2776
CVE:CVE-2026-81578,CVE,CVE-2026-81578,149689,0.614000,CRITICAL,HIGH,True,2026-08-28T16:18:29.600000Z,2026-08-31,
CWE:CWE-305,CWE,CWE-305,,,,,,,,
REF:CVE-2026-81578:0,Reference,https://github.com/rapid7/metasploit-framework/pull/21842,,,,,,,,https://github.com/rapid7/metasploit-framework/pull/21842
REF:CVE-2026-81578:1,Reference,https://www.cisa.gov/known-exploited-vulnerabilities-catalog?field_cve=CVE-2026-81578,,,,,,,,https://www.cisa.gov/known-exploited-vulnerabilities-catalog?field_cve=CVE-2026-81578
REF:CVE-2026-81578:2,Reference,https://www.papercut.com/kb/Main/security-bulletin-27-aug-2026-urgent-security-advisory/,,,,,,,,https://www.papercut.com/kb/Main/security-bulletin-27-aug-2026-urgent-security-advisory/
CVE:CVE-2025-20281,CVE,CVE-2025-20281,64694,0.608000,CRITICAL,CRITICAL,True,2025-06-25T16:15:26.017000Z,2025-07-28,
REF:CVE-2025-20281:0,Reference,https://sec.cloudapps.cisco.com/security/center/content/CiscoSecurityAdvisory/cisco-sa-ise-unauth-rce-ZAd2GnJ6,,,,,,,,https://sec.cloudapps.cisco.com/security/center/content/CiscoSecurityAdvisory/cisco-sa-ise-unauth-rce-ZAd2GnJ6
REF:CVE-2025-20281:1,Reference,https://www.cisa.gov/known-exploited-vulnerabilities-catalog?field_cve=CVE-2025-20281,,,,,,,,https://www.cisa.gov/known-exploited-vulnerabilities-catalog?field_cve=CVE-2025-20281
REF:CVE-2025-20281:2,Reference,https://www.zerodayinitiative.com/blog/2025/7/24/cve-2025-20281-cisco-ise-api-unauthenticated-remote-code-execution-vulnerability,,,,,,,,https://www.zerodayinitiative.com/blog/2025/7/24/cve-2025-20281-cisco-ise-api-unauthenticated-remote-code-execution-vulnerability
CVE:CVE-2025-21479,CVE,CVE-2025-21479,61690,0.604000,CRITICAL,HIGH,True,2025-06-03T07:15:20.933000Z,2025-06-03,
CWE:CWE-863,CWE,CWE-863,,,,,,,,
CPE:cpe:2.3:h:qualcomm:aqt1000:-:*:*:*:*:*:*:*,CPE,cpe:2.3:h:qualcomm:aqt1000:-:*:*:*:*:*:*:*,,,,,,,,
CPE:cpe:2.3:h:qualcomm:fastconnect_6200:-:*:*:*:*:*:*:*,CPE,cpe:2.3:h:qualcomm:fastconnect_6200:-:*:*:*:*:*:*:*,,,,,,,,
CPE:cpe:2.3:h:qualcomm:fastconnect_6700:-:*:*:*:*:*:*:*,CPE,cpe:2.3:h:qualcomm:fastconnect_6700:-:*:*:*:*:*:*:*,,,,,,,,
CPE:cpe:2.3:h:qualcomm:fastconnect_6800:-:*:*:*:*:*:*:*,CPE,cpe:2.3:h:qualcomm:fastconnect_6800:-:*:*:*:*:*:*:*,,,,,,,,
CPE:cpe:2.3:h:qualcomm:fastconnect_6900:-:*:*:*:*:*:*:*,CPE,cpe:2.3:h:qualcomm:fastconnect_6900:-:*:*:*:*:*:*:*,,,,,,,,
CPE:cpe:2.3:h:qualcomm:fastconnect_7800:-:*:*:*:*:*:*:*,CPE,cpe:2.3:h:qualcomm:fastconnect_7800:-:*:*:*:*:*:*:*,,,,,,,,
CPE:cpe:2.3:h:qualcomm:qca6391:-:*:*:*:*:*:*:*,CPE,cpe:2.3:h:qualcomm:qca6391:-:*:*:*:*:*:*:*,,,,,,,,
CPE:cpe:2.3:h:qualcomm:qcm4490:-:*:*:*:*:*:*:*,CPE,cpe:2.3:h:qualcomm:qcm4490:-:*:*:*:*:*:*:*,,,,,,,,
CPE:cpe:2.3:h:qualcomm:qcs4490:-:*:*:*:*:*:*:*,CPE,cpe:2.3:h:qualcomm:qcs4490:-:*:*:*:*:*:*:*,,,,,,,,
CPE:cpe:2.3:h:qualcomm:sd855:-:*:*:*:*:*:*:*,CPE,cpe:2.3:h:qualcomm:sd855:-:*:*:*:*:*:*:*,,,,,,,,
CPE:cpe:2.3:h:qualcomm:sm4635:-:*:*:*:*:*:*:*,CPE,cpe:2.3:h:qualcomm:sm4635:-:*:*:*:*:*:*:*,,,,,,,,
CPE:cpe:2.3:h:qualcomm:sm6250:-:*:*:*:*:*:*:*,CPE,cpe:2.3:h:qualcomm:sm6250:-:*:*:*:*:*:*:*,,,,,,,,
CPE:cpe:2.3:h:qualcomm:sm6650:-:*:*:*:*:*:*:*,CPE,cpe:2.3:h:qualcomm:sm6650:-:*:*:*:*:*:*:*,,,,,,,,
CPE:cpe:2.3:h:qualcomm:sm6650p:-:*:*:*:*:*:*:*,CPE,cpe:2.3:h:qualcomm:sm6650p:-:*:*:*:*:*:*:*,,,,,,,,
CPE:cpe:2.3:h:qualcomm:sm7325p:-:*:*:*:*:*:*:*,CPE,cpe:2.3:h:qualcomm:sm7325p:-:*:*:*:*:*:*:*,,,,,,,,
CPE:cpe:2.3:h:qualcomm:sm7635:-:*:*:*:*:*:*:*,CPE,cpe:2.3:h:qualcomm:sm7635:-:*:*:*:*:*:*:*,,,,,,,,
CPE:cpe:2.3:h:qualcomm:sm7675:-:*:*:*:*:*:*:*,CPE,cpe:2.3:h:qualcomm:sm7675:-:*:*:*:*:*:*:*,,,,,,,,
CPE:cpe:2.3:h:qualcomm:sm7675p:-:*:*:*:*:*:*:*,CPE,cpe:2.3:h:qualcomm:sm7675p:-:*:*:*:*:*:*:*,,,,,,,,
CPE:cpe:2.3:h:qualcomm:sm8550p:-:*:*:*:*:*:*:*,CPE,cpe:2.3:h:qualcomm:sm8550p:-:*:*:*:*:*:*:*,,,,,,,,
CPE:cpe:2.3:h:qualcomm:sm8635:-:*:*:*:*:*:*:*,CPE,cpe:2.3:h:qualcomm:sm8635:-:*:*:*:*:*:*:*,,,,,,,,
CPE:cpe:2.3:h:qualcomm:sm8635p:-:*:*:*:*:*:*:*,CPE,cpe:2.3:h:qualcomm:sm8635p:-:*:*:*:*:*:*:*,,,,,,,,
CPE:cpe:2.3:h:qualcomm:sm8650q:-:*:*:*:*:*:*:*,CPE,cpe:2.3:h:qualcomm:sm8650q:-:*:*:*:*:*:*:*,,,,,,,,
CPE:cpe:2.3:h:qualcomm:snapdragon_460_mobile_platform:-:*:*:*:*:*:*:*,CPE,cpe:2.3:h:qualcomm:snapdragon_460_mobile_platform:-:*:*:*:*:*:*:*,,,,,,,,
CPE:cpe:2.3:h:qualcomm:snapdragon_480\+_5g_mobile_platform_\(sm4350-ac\):-:*:*:*:*:*:*:*,CPE,cpe:2.3:h:qualcomm:snapdragon_480\+_5g_mobile_platform_\(sm4350-ac\):-:*:*:*:*:*:*:*,,,,,,,,
CPE:cpe:2.3:h:qualcomm:snapdragon_480_5g_mobile_platform:-:*:*:*:*:*:*:*,CPE,cpe:2.3:h:qualcomm:snapdragon_480_5g_mobile_platform:-:*:*:*:*:*:*:*,,,,,,,,
CPE:cpe:2.3:h:qualcomm:snapdragon_4_gen_1_mobile_platform:-:*:*:*:*:*:*:*,CPE,cpe:2.3:h:qualcomm:snapdragon_4_gen_1_mobile_platform:-:*:*:*:*:*:*:*,,,,,,,,
CPE:cpe:2.3:h:qualcomm:snapdragon_662_mobile_platform:-:*:*:*:*:*:*:*,CPE,cpe:2.3:h:qualcomm:snapdragon_662_mobile_platform:-:*:*:*:*:*:*:*,,,,,,,,
CPE:cpe:2.3:h:qualcomm:snapdragon_680_4g_mobile_platform:-:*:*:*:*:*:*:*,CPE,cpe:2.3:h:qualcomm:snapdragon_680_4g_mobile_platform:-:*:*:*:*:*:*:*,,,,,,,,
CPE:cpe:2.3:h:qualcomm:snapdragon_685_4g_mobile_platform_\(sm6225-ad\):-:*:*:*:*:*:*:*,CPE,cpe:2.3:h:qualcomm:snapdragon_685_4g_mobile_platform_\(sm6225-ad\):-:*:*:*:*:*:*:*,,,,,,,,
CPE:cpe:2.3:h:qualcomm:snapdragon_690_5g_mobile_platform:-:*:*:*:*:*:*:*,CPE,cpe:2.3:h:qualcomm:snapdragon_690_5g_mobile_platform:-:*:*:*:*:*:*:*,,,,,,,,
CPE:cpe:2.3:h:qualcomm:snapdragon_695_5g_mobile_platform:-:*:*:*:*:*:*:*,CPE,cpe:2.3:h:qualcomm:snapdragon_695_5g_mobile_platform:-:*:*:*:*:*:*:*,,,,,,,,
CPE:cpe:2.3:h:qualcomm:snapdragon_720g_mobile_platform:-:*:*:*:*:*:*:*,CPE,cpe:2.3:h:qualcomm:snapdragon_720g_mobile_platform:-:*:*:*:*:*:*:*,,,,,,,,
CPE:cpe:2.3:h:qualcomm:snapdragon_778g\+_5g_mobile_platform_\(sm7325-ae\):-:*:*:*:*:*:*:*,CPE,cpe:2.3:h:qualcomm:snapdragon_778g\+_5g_mobile_platform_\(sm7325-ae\):-:*:*:*:*:*:*:*,,,,,,,,
CPE:cpe:2.3:h:qualcomm:snapdragon_778g_5g_mobile_platform:-:*:*:*:*:*:*:*,CPE,cpe:2.3:h:qualcomm:snapdragon_778g_5g_mobile_platform:-:*:*:*:*:*:*:*,,,,,,,,
CPE:cpe:2.3:h:qualcomm:snapdragon_782g_mobile_platform_\(sm7325-af\):-:*:*:*:*:*:*:*,CPE,cpe:2.3:h:qualcomm:snapdragon_782g_mobile_platform_\(sm7325-af\):-:*:*:*:*:*:*:*,,,,,,,,
CPE:cpe:2.3:h:qualcomm:snapdragon_7c\+_gen_3_compute:-:*:*:*:*:*:*:*,CPE,cpe:2.3:h:qualcomm:snapdragon_7c\+_gen_3_compute:-:*:*:*:*:*:*:*,,,,,,,,
CPE:cpe:2.3:h:qualcomm:snapdragon_855\+\/860_mobile_platform_\(sm8150-ac\):-:*:*:*:*:*:*:*,CPE,cpe:2.3:h:qualcomm:snapdragon_855\+\/860_mobile_platform_\(sm8150-ac\):-:*:*:*:*:*:*:*,,,,,,,,
CPE:cpe:2.3:h:qualcomm:snapdragon_855_mobile_platform:-:*:*:*:*:*:*:*,CPE,cpe:2.3:h:qualcomm:snapdragon_855_mobile_platform:-:*:*:*:*:*:*:*,,,,,,,,
CPE:cpe:2.3:h:qualcomm:snapdragon_865\+_5g_mobile_platform_\(sm8250-ab\):-:*:*:*:*:*:*:*,CPE,cpe:2.3:h:qualcomm:snapdragon_865\+_5g_mobile_platform_\(sm8250-ab\):-:*:*:*:*:*:*:*,,,,,,,,
CPE:cpe:2.3:h:qualcomm:snapdragon_865_5g_mobile_platform:-:*:*:*:*:*:*:*,CPE,cpe:2.3:h:qualcomm:snapdragon_865_5g_mobile_platform:-:*:*:*:*:*:*:*,,,,,,,,
CPE:cpe:2.3:h:qualcomm:snapdragon_870_5g_mobile_platform_\(sm8250-ac\):-:*:*:*:*:*:*:*,CPE,cpe:2.3:h:qualcomm:snapdragon_870_5g_mobile_platform_\(sm8250-ac\):-:*:*:*:*:*:*:*,,,,,,,,
CPE:cpe:2.3:h:qualcomm:snapdragon_888\+_5g_mobile_platform_\(sm8350-ac\):-:*:*:*:*:*:*:*,CPE,cpe:2.3:h:qualcomm:snapdragon_888\+_5g_mobile_platform_\(sm8350-ac\):-:*:*:*:*:*:*:*,,,,,,,,
CPE:cpe:2.3:h:qualcomm:snapdragon_888_5g_mobile_platform:-:*:*:*:*:*:*:*,CPE,cpe:2.3:h:qualcomm:snapdragon_888_5g_mobile_platform:-:*:*:*:*:*:*:*,,,,,,,,
CPE:cpe:2.3:h:qualcomm:snapdragon_8\+_gen_2_mobile_platform:-:*:*:*:*:*:*:*,CPE,cpe:2.3:h:qualcomm:snapdragon_8\+_gen_2_mobile_platform:-:*:*:*:*:*:*:*,,,,,,,,
CPE:cpe:2.3:h:qualcomm:snapdragon_8_gen_2_mobile_platform:-:*:*:*:*:*:*:*,CPE,cpe:2.3:h:qualcomm:snapdragon_8_gen_2_mobile_platform:-:*:*:*:*:*:*:*,,,,,,,,
CPE:cpe:2.3:h:qualcomm:snapdragon_8_gen_3_mobile_platform:-:*:*:*:*:*:*:*,CPE,cpe:2.3:h:qualcomm:snapdragon_8_gen_3_mobile_platform:-:*:*:*:*:*:*:*,,,,,,,,
CPE:cpe:2.3:h:qualcomm:snapdragon_ar1_gen_1:-:*:*:*:*:*:*:*,CPE,cpe:2.3:h:qualcomm:snapdragon_ar1_gen_1:-:*:*:*:*:*:*:*,,,,,,,,
"CPE:cpe:2.3:h:qualcomm:snapdragon_ar1_gen_1_platform_\""luna1\"":-:*:*:*:*:*:*:*",CPE,"cpe:2.3:h:qualcomm:snapdragon_ar1_gen_1_platform_\""luna1\"":-:*:*:*:*:*:*:*",,,,,,,,
CPE:cpe:2.3:h:qualcomm:snapdragon_x55_5g_modem-rf_system:-:*:*:*:*:*:*:*,CPE,cpe:2.3:h:qualcomm:snapdragon_x55_5g_modem-rf_system:-:*:*:*:*:*:*:*,,,,,,,,
CPE:cpe:2.3:h:qualcomm:sxr2230p:-:*:*:*:*:*:*:*,CPE,cpe:2.3:h:qualcomm:sxr2230p:-:*:*:*:*:*:*:*,,,,,,,,
CPE:cpe:2.3:h:qualcomm:sxr2250p:-:*:*:*:*:*:*:*,CPE,cpe:2.3:h:qualcomm:sxr2250p:-:*:*:*:*:*:*:*,,,,,,,,
CPE:cpe:2.3:h:qualcomm:sxr2330p:-:*:*:*:*:*:*:*,CPE,cpe:2.3:h:qualcomm:sxr2330p:-:*:*:*:*:*:*:*,,,,,,,,
CPE:cpe:2.3:h:qualcomm:wcd9341:-:*:*:*:*:*:*:*,CPE,cpe:2.3:h:qualcomm:wcd9341:-:*:*:*:*:*:*:*,,,,,,,,
CPE:cpe:2.3:h:qualcomm:wcd9370:-:*:*:*:*:*:*:*,CPE,cpe:2.3:h:qualcomm:wcd9370:-:*:*:*:*:*:*:*,,,,,,,,
CPE:cpe:2.3:h:qualcomm:wcd9375:-:*:*:*:*:*:*:*,CPE,cpe:2.3:h:qualcomm:wcd9375:-:*:*:*:*:*:*:*,,,,,,,,
CPE:cpe:2.3:h:qualcomm:wcd9378:-:*:*:*:*:*:*:*,CPE,cpe:2.3:h:qualcomm:wcd9378:-:*:*:*:*:*:*:*,,,,,,,,
CPE:cpe:2.3:h:qualcomm:wcd9380:-:*:*:*:*:*:*:*,CPE,cpe:2.3:h:qualcomm:wcd9380:-:*:*:*:*:*:*:*,,,,,,,,
CPE:cpe:2.3:h:qualcomm:wcd9385:-:*:*:*:*:*:*:*,CPE,cpe:2.3:h:qualcomm:wcd9385:-:*:*:*:*:*:*:*,,,,,,,,
CPE:cpe:2.3:h:qualcomm:wcd9390:-:*:*:*:*:*:*:*,CPE,cpe:2.3:h:qualcomm:wcd9390:-:*:*:*:*:*:*:*,,,,,,,,
CPE:cpe:2.3:h:qualcomm:wcd9395:-:*:*:*:*:*:*:*,CPE,cpe:2.3:h:qualcomm:wcd9395:-:*:*:*:*:*:*:*,,,,,,,,
CPE:cpe:2.3:h:qualcomm:wcn3950:-:*:*:*:*:*:*:*,CPE,cpe:2.3:h:qualcomm:wcn3950:-:*:*:*:*:*:*:*,,,,,,,,
CPE:cpe:2.3:h:qualcomm:wcn3988:-:*:*:*:*:*:*:*,CPE,cpe:2.3:h:qualcomm:wcn3988:-:*:*:*:*:*:*:*,,,,,,,,
CPE:cpe:2.3:h:qualcomm:wcn6450:-:*:*:*:*:*:*:*,CPE,cpe:2.3:h:qualcomm:wcn6450:-:*:*:*:*:*:*:*,,,,,,,,
CPE:cpe:2.3:h:qualcomm:wcn6650:-:*:*:*:*:*:*:*,CPE,cpe:2.3:h:qualcomm:wcn6650:-:*:*:*:*:*:*:*,,,,,,,,
CPE:cpe:2.3:h:qualcomm:wcn6755:-:*:*:*:*:*:*:*,CPE,cpe:2.3:h:qualcomm:wcn6755:-:*:*:*:*:*:*:*,,,,,,,,
CPE:cpe:2.3:h:qualcomm:wcn7861:-:*:*:*:*:*:*:*,CPE,cpe:2.3:h:qualcomm:wcn7861:-:*:*:*:*:*:*:*,,,,,,,,
CPE:cpe:2.3:h:qualcomm:wcn7881:-:*:*:*:*:*:*:*,CPE,cpe:2.3:h:qualcomm:wcn7881:-:*:*:*:*:*:*:*,,,,,,,,
CPE:cpe:2.3:h:qualcomm:wsa8810:-:*:*:*:*:*:*:*,CPE,cpe:2.3:h:qualcomm:wsa8810:-:*:*:*:*:*:*:*,,,,,,,,
CPE:cpe:2.3:h:qualcomm:wsa8815:-:*:*:*:*:*:*:*,CPE,cpe:2.3:h:qualcomm:wsa8815:-:*:*:*:*:*:*:*,,,,,,,,
CPE:cpe:2.3:h:qualcomm:wsa8830:-:*:*:*:*:*:*:*,CPE,cpe:2.3:h:qualcomm:wsa8830:-:*:*:*:*:*:*:*,,,,,,,,
CPE:cpe:2.3:h:qualcomm:wsa8832:-:*:*:*:*:*:*:*,CPE,cpe:2.3:h:qualcomm:wsa8832:-:*:*:*:*:*:*:*,,,,,,,,
CPE:cpe:2.3:h:qualcomm:wsa8835:-:*:*:*:*:*:*:*,CPE,cpe:2.3:h:qualcomm:wsa8835:-:*:*:*:*:*:*:*,,,,,,,,
CPE:cpe:2.3:h:qualcomm:wsa8840:-:*:*:*:*:*:*:*,CPE,cpe:2.3:h:qualcomm:wsa8840:-:*:*:*:*:*:*:*,,,,,,,,
CPE:cpe:2.3:h:qualcomm:wsa8845:-:*:*:*:*:*:*:*,CPE,cpe:2.3:h:qualcomm:wsa8845:-:*:*:*:*:*:*:*,,,,,,,,
CPE:cpe:2.3:h:qualcomm:wsa8845h:-:*:*:*:*:*:*:*,CPE,cpe:2.3:h:qualcomm:wsa8845h:-:*:*:*:*:*:*:*,,,,,,,,
CPE:cpe:2.3:o:qualcomm:aqt1000_firmware:-:*:*:*:*:*:*:*,CPE,cpe:2.3:o:qualcomm:aqt1000_firmware:-:*:*:*:*:*:*:*,,,,,,,,
CPE:cpe:2.3:o:qualcomm:fastconnect_6200_firmware:-:*:*:*:*:*:*:*,CPE,cpe:2.3:o:qualcomm:fastconnect_6200_firmware:-:*:*:*:*:*:*:*,,,,,,,,
CPE:cpe:2.3:o:qualcomm:fastconnect_6700_firmware:-:*:*:*:*:*:*:*,CPE,cpe:2.3:o:qualcomm:fastconnect_6700_firmware:-:*:*:*:*:*:*:*,,,,,,,,
CPE:cpe:2.3:o:qualcomm:fastconnect_6800_firmware:-:*:*:*:*:*:*:*,CPE,cpe:2.3:o:qualcomm:fastconnect_6800_firmware:-:*:*:*:*:*:*:*,,,,,,,,
CPE:cpe:2.3:o:qualcomm:fastconnect_6900_firmware:-:*:*:*:*:*:*:*,CPE,cpe:2.3:o:qualcomm:fastconnect_6900_firmware:-:*:*:*:*:*:*:*,,,,,,,,
CPE:cpe:2.3:o:qualcomm:fastconnect_7800_firmware:-:*:*:*:*:*:*:*,CPE,cpe:2.3:o:qualcomm:fastconnect_7800_firmware:-:*:*:*:*:*:*:*,,,,,,,,
CPE:cpe:2.3:o:qualcomm:qca6391_firmware:-:*:*:*:*:*:*:*,CPE,cpe:2.3:o:qualcomm:qca6391_firmware:-:*:*:*:*:*:*:*,,,,,,,,
CPE:cpe:2.3:o:qualcomm:qcm4490_firmware:-:*:*:*:*:*:*:*,CPE,cpe:2.3:o:qualcomm:qcm4490_firmware:-:*:*:*:*:*:*:*,,,,,,,,
CPE:cpe:2.3:o:qualcomm:qcs4490_firmware:-:*:*:*:*:*:*:*,CPE,cpe:2.3:o:qualcomm:qcs4490_firmware:-:*:*:*:*:*:*:*,,,,,,,,
CPE:cpe:2.3:o:qualcomm:sd855_firmware:-:*:*:*:*:*:*:*,CPE,cpe:2.3:o:qualcomm:sd855_firmware:-:*:*:*:*:*:*:*,,,,,,,,
CPE:cpe:2.3:o:qualcomm:sm4635_firmware:-:*:*:*:*:*:*:*,CPE,cpe:2.3:o:qualcomm:sm4635_firmware:-:*:*:*:*:*:*:*,,,,,,,,
CPE:cpe:2.3:o:qualcomm:sm6250_firmware:-:*:*:*:*:*:*:*,CPE,cpe:2.3:o:qualcomm:sm6250_firmware:-:*:*:*:*:*:*:*,,,,,,,,
CPE:cpe:2.3:o:qualcomm:sm6650_firmware:-:*:*:*:*:*:*:*,CPE,cpe:2.3:o:qualcomm:sm6650_firmware:-:*:*:*:*:*:*:*,,,,,,,,
CPE:cpe:2.3:o:qualcomm:sm6650p_firmware:-:*:*:*:*:*:*:*,CPE,cpe:2.3:o:qualcomm:sm6650p_firmware:-:*:*:*:*:*:*:*,,,,,,,,
CPE:cpe:2.3:o:qualcomm:sm7325p_firmware:-:*:*:*:*:*:*:*,CPE,cpe:2.3:o:qualcomm:sm7325p_firmware:-:*:*:*:*:*:*:*,,,,,,,,
CPE:cpe:2.3:o:qualcomm:sm7635_firmware:-:*:*:*:*:*:*:*,CPE,cpe:2.3:o:qualcomm:sm7635_firmware:-:*:*:*:*:*:*:*,,,,,,,,
CPE:cpe:2.3:o:qualcomm:sm7675_firmware:-:*:*:*:*:*:*:*,CPE,cpe:2.3:o:qualcomm:sm7675_firmware:-:*:*:*:*:*:*:*,,,,,,,,
CPE:cpe:2.3:o:qualcomm:sm7675p_firmware:-:*:*:*:*:*:*:*,CPE,cpe:2.3:o:qualcomm:sm7675p_firmware:-:*:*:*:*:*:*:*,,,,,,,,
CPE:cpe:2.3:o:qualcomm:sm8550p_firmware:-:*:*:*:*:*:*:*,CPE,cpe:2.3:o:qualcomm:sm8550p_firmware:-:*:*:*:*:*:*:*,,,,,,,,
CPE:cpe:2.3:o:qualcomm:sm8635_firmware:-:*:*:*:*:*:*:*,CPE,cpe:2.3:o:qualcomm:sm8635_firmware:-:*:*:*:*:*:*:*,,,,,,,,
CPE:cpe:2.3:o:qualcomm:sm8635p_firmware:-:*:*:*:*:*:*:*,CPE,cpe:2.3:o:qualcomm:sm8635p_firmware:-:*:*:*:*:*:*:*,,,,,,,,
CPE:cpe:2.3:o:qualcomm:sm8650q_firmware:-:*:*:*:*:*:*:*,CPE,cpe:2.3:o:qualcomm:sm8650q_firmware:-:*:*:*:*:*:*:*,,,,,,,,
CPE:cpe:2.3:o:qualcomm:snapdragon_460_mobile_platform_firmware:-:*:*:*:*:*:*:*,CPE,cpe:2.3:o:qualcomm:snapdragon_460_mobile_platform_firmware:-:*:*:*:*:*:*:*,,,,,,,,
CPE:cpe:2.3:o:qualcomm:snapdragon_480\+_5g_mobile_platform_\(sm4350-ac\)_firmware:-:*:*:*:*:*:*:*,CPE,cpe:2.3:o:qualcomm:snapdragon_480\+_5g_mobile_platform_\(sm4350-ac\)_firmware:-:*:*:*:*:*:*:*,,,,,,,,
CPE:cpe:2.3:o:qualcomm:snapdragon_480_5g_mobile_platform_firmware:-:*:*:*:*:*:*:*,CPE,cpe:2.3:o:qualcomm:snapdragon_480_5g_mobile_platform_firmware:-:*:*:*:*:*:*:*,,,,,,,,
CPE:cpe:2.3:o:qualcomm:snapdragon_4_gen_1_mobile_platform_firmware:-:*:*:*:*:*:*:*,CPE,cpe:2.3:o:qualcomm:snapdragon_4_gen_1_mobile_platform_firmware:-:*:*:*:*:*:*:*,,,,,,,,
CPE:cpe:2.3:o:qualcomm:snapdragon_662_mobile_platform_firmware:-:*:*:*:*:*:*:*,CPE,cpe:2.3:o:qualcomm:snapdragon_662_mobile_platform_firmware:-:*:*:*:*:*:*:*,,,,,,,,
CPE:cpe:2.3:o:qualcomm:snapdragon_680_4g_mobile_platform_firmware:-:*:*:*:*:*:*:*,CPE,cpe:2.3:o:qualcomm:snapdragon_680_4g_mobile_platform_firmware:-:*:*:*:*:*:*:*,,,,,,,,
CPE:cpe:2.3:o:qualcomm:snapdragon_685_4g_mobile_platform_\(sm6225-ad\)_firmware:-:*:*:*:*:*:*:*,CPE,cpe:2.3:o:qualcomm:snapdragon_685_4g_mobile_platform_\(sm6225-ad\)_firmware:-:*:*:*:*:*:*:*,,,,,,,,
CPE:cpe:2.3:o:qualcomm:snapdragon_690_5g_mobile_platform_firmware:-:*:*:*:*:*:*:*,CPE,cpe:2.3:o:qualcomm:snapdragon_690_5g_mobile_platform_firmware:-:*:*:*:*:*:*:*,,,,,,,,
CPE:cpe:2.3:o:qualcomm:snapdragon_695_5g_mobile_platform_firmware:-:*:*:*:*:*:*:*,CPE,cpe:2.3:o:qualcomm:snapdragon_695_5g_mobile_platform_firmware:-:*:*:*:*:*:*:*,,,,,,,,
CPE:cpe:2.3:o:qualcomm:snapdragon_720g_mobile_platform_firmware:-:*:*:*:*:*:*:*,CPE,cpe:2.3:o:qualcomm:snapdragon_720g_mobile_platform_firmware:-:*:*:*:*:*:*:*,,,,,,,,
CPE:cpe:2.3:o:qualcomm:snapdragon_778g\+_5g_mobile_platform_\(sm7325-ae\)_firmware:-:*:*:*:*:*:*:*,CPE,cpe:2.3:o:qualcomm:snapdragon_778g\+_5g_mobile_platform_\(sm7325-ae\)_firmware:-:*:*:*:*:*:*:*,,,,,,,,
CPE:cpe:2.3:o:qualcomm:snapdragon_778g_5g_mobile_platform_firmware:-:*:*:*:*:*:*:*,CPE,cpe:2.3:o:qualcomm:snapdragon_778g_5g_mobile_platform_firmware:-:*:*:*:*:*:*:*,,,,,,,,
CPE:cpe:2.3:o:qualcomm:snapdragon_782g_mobile_platform_\(sm7325-af\)_firmware:-:*:*:*:*:*:*:*,CPE,cpe:2.3:o:qualcomm:snapdragon_782g_mobile_platform_\(sm7325-af\)_firmware:-:*:*:*:*:*:*:*,,,,,,,,
CPE:cpe:2.3:o:qualcomm:snapdragon_7c\+_gen_3_compute_firmware:-:*:*:*:*:*:*:*,CPE,cpe:2.3:o:qualcomm:snapdragon_7c\+_gen_3_compute_firmware:-:*:*:*:*:*:*:*,,,,,,,,
CPE:cpe:2.3:o:qualcomm:snapdragon_855\+\/860_mobile_platform_\(sm8150-ac\)_firmware:-:*:*:*:*:*:*:*,CPE,cpe:2.3:o:qualcomm:snapdragon_855\+\/860_mobile_platform_\(sm8150-ac\)_firmware:-:*:*:*:*:*:*:*,,,,,,,,
CPE:cpe:2.3:o:qualcomm:snapdragon_855_mobile_platform_firmware:-:*:*:*:*:*:*:*,CPE,cpe:2.3:o:qualcomm:snapdragon_855_mobile_platform_firmware:-:*:*:*:*:*:*:*,,,,,,,,
CPE:cpe:2.3:o:qualcomm:snapdragon_865\+_5g_mobile_platform_\(sm8250-ab\)_firmware:-:*:*:*:*:*:*:*,CPE,cpe:2.3:o:qualcomm:snapdragon_865\+_5g_mobile_platform_\(sm8250-ab\)_firmware:-:*:*:*:*:*:*:*,,,,,,,,
CPE:cpe:2.3:o:qualcomm:snapdragon_865_5g_mobile_platform_firmware:-:*:*:*:*:*:*:*,CPE,cpe:2.3:o:qualcomm:snapdragon_865_5g_mobile_platform_firmware:-:*:*:*:*:*:*:*,,,,,,,,
CPE:cpe:2.3:o:qualcomm:snapdragon_870_5g_mobile_platform_\(sm8250-ac\)_firmware:-:*:*:*:*:*:*:*,CPE,cpe:2.3:o:qualcomm:snapdragon_870_5g_mobile_platform_\(sm8250-ac\)_firmware:-:*:*:*:*:*:*:*,,,,,,,,
CPE:cpe:2.3:o:qualcomm:snapdragon_888\+_5g_mobile_platform_\(sm8350-ac\)_firmware:-:*:*:*:*:*:*:*,CPE,cpe:2.3:o:qualcomm:snapdragon_888\+_5g_mobile_platform_\(sm8350-ac\)_firmware:-:*:*:*:*:*:*:*,,,,,,,,
CPE:cpe:2.3:o:qualcomm:snapdragon_888_5g_mobile_platform_firmware:-:*:*:*:*:*:*:*,CPE,cpe:2.3:o:qualcomm:snapdragon_888_5g_mobile_platform_firmware:-:*:*:*:*:*:*:*,,,,,,,,
CPE:cpe:2.3:o:qualcomm:snapdragon_8\+_gen_2_mobile_platform_firmware:-:*:*:*:*:*:*:*,CPE,cpe:2.3:o:qualcomm:snapdragon_8\+_gen_2_mobile_platform_firmware:-:*:*:*:*:*:*:*,,,,,,,,
CPE:cpe:2.3:o:qualcomm:snapdragon_8_gen_2_mobile_platform_firmware:-:*:*:*:*:*:*:*,CPE,cpe:2.3:o:qualcomm:snapdragon_8_gen_2_mobile_platform_firmware:-:*:*:*:*:*:*:*,,,,,,,,
CPE:cpe:2.3:o:qualcomm:snapdragon_8_gen_3_mobile_platform_firmware:-:*:*:*:*:*:*:*,CPE,cpe:2.3:o:qualcomm:snapdragon_8_gen_3_mobile_platform_firmware:-:*:*:*:*:*:*:*,,,,,,,,
CPE:cpe:2.3:o:qualcomm:snapdragon_ar1_gen_1_firmware:-:*:*:*:*:*:*:*,CPE,cpe:2.3:o:qualcomm:snapdragon_ar1_gen_1_firmware:-:*:*:*:*:*:*:*,,,,,,,,
"CPE:cpe:2.3:o:qualcomm:snapdragon_ar1_gen_1_platform_\""luna1\""_firmware:-:*:*:*:*:*:*:*",CPE,"cpe:2.3:o:qualcomm:snapdragon_ar1_gen_1_platform_\""luna1\""_firmware:-:*:*:*:*:*:*:*",,,,,,,,
CPE:cpe:2.3:o:qualcomm:snapdragon_x55_5g_modem-rf_system_firmware:-:*:*:*:*:*:*:*,CPE,cpe:2.3:o:qualcomm:snapdragon_x55_5g_modem-rf_system_firmware:-:*:*:*:*:*:*:*,,,,,,,,
CPE:cpe:2.3:o:qualcomm:sxr2230p_firmware:-:*:*:*:*:*:*:*,CPE,cpe:2.3:o:qualcomm:sxr2230p_firmware:-:*:*:*:*:*:*:*,,,,,,,,
CPE:cpe:2.3:o:qualcomm:sxr2250p_firmware:-:*:*:*:*:*:*:*,CPE,cpe:2.3:o:qualcomm:sxr2250p_firmware:-:*:*:*:*:*:*:*,,,,,,,,
CPE:cpe:2.3:o:qualcomm:sxr2330p_firmware:-:*:*:*:*:*:*:*,CPE,cpe:2.3:o:qualcomm:sxr2330p_firmware:-:*:*:*:*:*:*:*,,,,,,,,
CPE:cpe:2.3:o:qualcomm:wcd9341_firmware:-:*:*:*:*:*:*:*,CPE,cpe:2.3:o:qualcomm:wcd9341_firmware:-:*:*:*:*:*:*:*,,,,,,,,
CPE:cpe:2.3:o:qualcomm:wcd9370_firmware:-:*:*:*:*:*:*:*,CPE,cpe:2.3:o:qualcomm:wcd9370_firmware:-:*:*:*:*:*:*:*,,,,,,,,
CPE:cpe:2.3:o:qualcomm:wcd9375_firmware:-:*:*:*:*:*:*:*,CPE,cpe:2.3:o:qualcomm:wcd9375_firmware:-:*:*:*:*:*:*:*,,,,,,,,
CPE:cpe:2.3:o:qualcomm:wcd9378_firmware:-:*:*:*:*:*:*:*,CPE,cpe:2.3:o:qualcomm:wcd9378_firmware:-:*:*:*:*:*:*:*,,,,,,,,
CPE:cpe:2.3:o:qualcomm:wcd9380_firmware:-:*:*:*:*:*:*:*,CPE,cpe:2.3:o:qualcomm:wcd9380_firmware:-:*:*:*:*:*:*:*,,,,,,,,
CPE:cpe:2.3:o:qualcomm:wcd9385_firmware:-:*:*:*:*:*:*:*,CPE,cpe:2.3:o:qualcomm:wcd9385_firmware:-:*:*:*:*:*:*:*,,,,,,,,
CPE:cpe:2.3:o:qualcomm:wcd9390_firmware:-:*:*:*:*:*:*:*,CPE,cpe:2.3:o:qualcomm:wcd9390_firmware:-:*:*:*:*:*:*:*,,,,,,,,
CPE:cpe:2.3:o:qualcomm:wcd9395_firmware:-:*:*:*:*:*:*:*,CPE,cpe:2.3:o:qualcomm:wcd9395_firmware:-:*:*:*:*:*:*:*,,,,,,,,
CPE:cpe:2.3:o:qualcomm:wcn3950_firmware:-:*:*:*:*:*:*:*,CPE,cpe:2.3:o:qualcomm:wcn3950_firmware:-:*:*:*:*:*:*:*,,,,,,,,
CPE:cpe:2.3:o:qualcomm:wcn3988_firmware:-:*:*:*:*:*:*:*,CPE,cpe:2.3:o:qualcomm:wcn3988_firmware:-:*:*:*:*:*:*:*,,,,,,,,
CPE:cpe:2.3:o:qualcomm:wcn6450_firmware:-:*:*:*:*:*:*:*,CPE,cpe:2.3:o:qualcomm:wcn6450_firmware:-:*:*:*:*:*:*:*,,,,,,,,
CPE:cpe:2.3:o:qualcomm:wcn6650_firmware:-:*:*:*:*:*:*:*,CPE,cpe:2.3:o:qualcomm:wcn6650_firmware:-:*:*:*:*:*:*:*,,,,,,,,
CPE:cpe:2.3:o:qualcomm:wcn6755_firmware:-:*:*:*:*:*:*:*,CPE,cpe:2.3:o:qualcomm:wcn6755_firmware:-:*:*:*:*:*:*:*,,,,,,,,
CPE:cpe:2.3:o:qualcomm:wcn7861_firmware:-:*:*:*:*:*:*:*,CPE,cpe:2.3:o:qualcomm:wcn7861_firmware:-:*:*:*:*:*:*:*,,,,,,,,
CPE:cpe:2.3:o:qualcomm:wcn7881_firmware:-:*:*:*:*:*:*:*,CPE,cpe:2.3:o:qualcomm:wcn7881_firmware:-:*:*:*:*:*:*:*,,,,,,,,
CPE:cpe:2.3:o:qualcomm:wsa8810_firmware:-:*:*:*:*:*:*:*,CPE,cpe:2.3:o:qualcomm:wsa8810_firmware:-:*:*:*:*:*:*:*,,,,,,,,
CPE:cpe:2.3:o:qualcomm:wsa8815_firmware:-:*:*:*:*:*:*:*,CPE,cpe:2.3:o:qualcomm:wsa8815_firmware:-:*:*:*:*:*:*:*,,,,,,,,
CPE:cpe:2.3:o:qualcomm:wsa8830_firmware:-:*:*:*:*:*:*:*,CPE,cpe:2.3:o:qualcomm:wsa8830_firmware:-:*:*:*:*:*:*:*,,,,,,,,
CPE:cpe:2.3:o:qualcomm:wsa8832_firmware:-:*:*:*:*:*:*:*,CPE,cpe:2.3:o:qualcomm:wsa8832_firmware:-:*:*:*:*:*:*:*,,,,,,,,
CPE:cpe:2.3:o:qualcomm:wsa8835_firmware:-:*:*:*:*:*:*:*,CPE,cpe:2.3:o:qualcomm:wsa8835_firmware:-:*:*:*:*:*:*:*,,,,,,,,
CPE:cpe:2.3:o:qualcomm:wsa8840_firmware:-:*:*:*:*:*:*:*,CPE,cpe:2.3:o:qualcomm:wsa8840_firmware:-:*:*:*:*:*:*:*,,,,,,,,
CPE:cpe:2.3:o:qualcomm:wsa8845_firmware:-:*:*:*:*:*:*:*,CPE,cpe:2.3:o:qualcomm:wsa8845_firmware:-:*:*:*:*:*:*:*,,,,,,,,
CPE:cpe:2.3:o:qualcomm:wsa8845h_firmware:-:*:*:*:*:*:*:*,CPE,cpe:2.3:o:qualcomm:wsa8845h_firmware:-:*:*:*:*:*:*:*,,,,,,,,
REF:CVE-2025-21479:0,Reference,https://docs.qualcomm.com/product/publicresources/securitybulletin/june-2025-bulletin.html,,,,,,,,https://docs.qualcomm.com/product/publicresources/securitybulletin/june-2025-bulletin.html
REF:CVE-2025-21479:1,Reference,https://www.cisa.gov/known-exploited-vulnerabilities-catalog?field_cve=CVE-2025-21479,,,,,,,,https://www.cisa.gov/known-exploited-vulnerabilities-catalog?field_cve=CVE-2025-21479
CVE:CVE-2024-40711,CVE,CVE-2024-40711,27544,0.498000,HIGH,CRITICAL,True,2024-09-07T17:15:13.260000Z,2024-10-17,
RISK:HIGH,RiskCategory,HIGH,,,,,,,,
CPE:cpe:2.3:a:veeam:veeam_backup_\&_replication:*:*:*:*:*:*:*:*,CPE,cpe:2.3:a:veeam:veeam_backup_\&_replication:*:*:*:*:*:*:*:*,,,,,,,,
REF:CVE-2024-40711:0,Reference,https://labs.watchtowr.com/veeam-backup-response-rce-with-auth-but-mostly-without-auth-cve-2024-40711-2/,,,,,,,,https://labs.watchtowr.com/veeam-backup-response-rce-with-auth-but-mostly-without-auth-cve-2024-40711-2/
REF:CVE-2024-40711:1,Reference,https://www.cisa.gov/known-exploited-vulnerabilities-catalog?field_cve=CVE-2024-40711,,,,,,,,https://www.cisa.gov/known-exploited-vulnerabilities-catalog?field_cve=CVE-2024-40711
REF:CVE-2024-40711:2,Reference,https://www.veeam.com/kb4649,,,,,,,,https://www.veeam.com/kb4649
CVE:CVE-2025-24993,CVE,CVE-2025-24993,50239,0.498000,HIGH,HIGH,True,2025-03-11T17:16:35.797000Z,2025-03-11,
CWE:CWE-122,CWE,CWE-122,,,,,,,,
CPE:cpe:2.3:o:microsoft:windows_10_1507:*:*:*:*:*:*:x64:*,CPE,cpe:2.3:o:microsoft:windows_10_1507:*:*:*:*:*:*:x64:*,,,,,,,,
CPE:cpe:2.3:o:microsoft:windows_10_1507:*:*:*:*:*:*:x86:*,CPE,cpe:2.3:o:microsoft:windows_10_1507:*:*:*:*:*:*:x86:*,,,,,,,,
CPE:cpe:2.3:o:microsoft:windows_10_1607:*:*:*:*:*:*:x64:*,CPE,cpe:2.3:o:microsoft:windows_10_1607:*:*:*:*:*:*:x64:*,,,,,,,,
CPE:cpe:2.3:o:microsoft:windows_10_1607:*:*:*:*:*:*:x86:*,CPE,cpe:2.3:o:microsoft:windows_10_1607:*:*:*:*:*:*:x86:*,,,,,,,,
CPE:cpe:2.3:o:microsoft:windows_10_1809:*:*:*:*:*:*:x64:*,CPE,cpe:2.3:o:microsoft:windows_10_1809:*:*:*:*:*:*:x64:*,,,,,,,,
CPE:cpe:2.3:o:microsoft:windows_10_1809:*:*:*:*:*:*:x86:*,CPE,cpe:2.3:o:microsoft:windows_10_1809:*:*:*:*:*:*:x86:*,,,,,,,,
CPE:cpe:2.3:o:microsoft:windows_10_21h2:*:*:*:*:*:*:arm64:*,CPE,cpe:2.3:o:microsoft:windows_10_21h2:*:*:*:*:*:*:arm64:*,,,,,,,,
CPE:cpe:2.3:o:microsoft:windows_10_21h2:*:*:*:*:*:*:x86:*,CPE,cpe:2.3:o:microsoft:windows_10_21h2:*:*:*:*:*:*:x86:*,,,,,,,,
CPE:cpe:2.3:o:microsoft:windows_10_22h2:*:*:*:*:*:*:arm64:*,CPE,cpe:2.3:o:microsoft:windows_10_22h2:*:*:*:*:*:*:arm64:*,,,,,,,,
CPE:cpe:2.3:o:microsoft:windows_10_22h2:*:*:*:*:*:*:x86:*,CPE,cpe:2.3:o:microsoft:windows_10_22h2:*:*:*:*:*:*:x86:*,,,,,,,,
CPE:cpe:2.3:o:microsoft:windows_server_2008:-:sp2:*:*:*:*:x64:*,CPE,cpe:2.3:o:microsoft:windows_server_2008:-:sp2:*:*:*:*:x64:*,,,,,,,,
CPE:cpe:2.3:o:microsoft:windows_server_2008:-:sp2:*:*:*:*:x86:*,CPE,cpe:2.3:o:microsoft:windows_server_2008:-:sp2:*:*:*:*:x86:*,,,,,,,,
CPE:cpe:2.3:o:microsoft:windows_server_2008:r2:sp1:*:*:*:*:x64:*,CPE,cpe:2.3:o:microsoft:windows_server_2008:r2:sp1:*:*:*:*:x64:*,,,,,,,,
CPE:cpe:2.3:o:microsoft:windows_server_2012:-:*:*:*:*:*:*:*,CPE,cpe:2.3:o:microsoft:windows_server_2012:-:*:*:*:*:*:*:*,,,,,,,,
CPE:cpe:2.3:o:microsoft:windows_server_2012:r2:*:*:*:*:*:*:*,CPE,cpe:2.3:o:microsoft:windows_server_2012:r2:*:*:*:*:*:*:*,,,,,,,,
CPE:cpe:2.3:o:microsoft:windows_server_2016:*:*:*:*:*:*:*:*,CPE,cpe:2.3:o:microsoft:windows_server_2016:*:*:*:*:*:*:*:*,,,,,,,,
CPE:cpe:2.3:o:microsoft:windows_server_2019:*:*:*:*:*:*:*:*,CPE,cpe:2.3:o:microsoft:windows_server_2019:*:*:*:*:*:*:*:*,,,,,,,,
CPE:cpe:2.3:o:microsoft:windows_server_2022:*:*:*:*:*:*:*:*,CPE,cpe:2.3:o:microsoft:windows_server_2022:*:*:*:*:*:*:*:*,,,,,,,,
CPE:cpe:2.3:o:microsoft:windows_server_2022_23h2:*:*:*:*:*:*:x64:*,CPE,cpe:2.3:o:microsoft:windows_server_2022_23h2:*:*:*:*:*:*:x64:*,,,,,,,,
CPE:cpe:2.3:o:microsoft:windows_server_2025:*:*:*:*:*:*:x64:*,CPE,cpe:2.3:o:microsoft:windows_server_2025:*:*:*:*:*:*:x64:*,,,,,,,,
REF:CVE-2025-24993:0,Reference,https://msrc.microsoft.com/update-guide/vulnerability/CVE-2025-24993,,,,,,,,https://msrc.microsoft.com/update-guide/vulnerability/CVE-2025-24993
REF:CVE-2025-24993:1,Reference,https://www.cisa.gov/known-exploited-vulnerabilities-catalog?field_cve=CVE-2025-24993,,,,,,,,https://www.cisa.gov/known-exploited-vulnerabilities-catalog?field_cve=CVE-2025-24993
CVE:CVE-2025-66376,CVE,CVE-2025-66376,91562,0.498000,HIGH,HIGH,True,2026-01-05T15:15:44.903000Z,2026-03-18,
CPE:cpe:2.3:a:synacor:zimbra_collaboration_suite:*:*:*:*:*:*:*:*,CPE,cpe:2.3:a:synacor:zimbra_collaboration_suite:*:*:*:*:*:*:*:*,,,,,,,,
REF:CVE-2025-66376:0,Reference,https://wiki.zimbra.com/wiki/Security_Center,,,,,,,,https://wiki.zimbra.com/wiki/Security_Center
REF:CVE-2025-66376:1,Reference,https://wiki.zimbra.com/wiki/Zimbra_Releases/10.0.18#Security_Fixes,,,,,,,,https://wiki.zimbra.com/wiki/Zimbra_Releases/10.0.18#Security_Fixes
REF:CVE-2025-66376:2,Reference,https://wiki.zimbra.com/wiki/Zimbra_Releases/10.1.13#Security_Fixes,,,,,,,,https://wiki.zimbra.com/wiki/Zimbra_Releases/10.1.13#Security_Fixes
REF:CVE-2025-66376:3,Reference,https://wiki.zimbra.com/wiki/Zimbra_Responsible_Disclosure_Policy,,,,,,,,https://wiki.zimbra.com/wiki/Zimbra_Responsible_Disclosure_Policy
REF:CVE-2025-66376:4,Reference,https://wiki.zimbra.com/wiki/Zimbra_Security_Advisories,,,,,,,,https://wiki.zimbra.com/wiki/Zimbra_Security_Advisories
REF:CVE-2025-66376:5,Reference,https://www.cisa.gov/known-exploited-vulnerabilities-catalog?field_cve=CVE-2025-66376,,,,,,,,https://www.cisa.gov/known-exploited-vulnerabilities-catalog?field_cve=CVE-2025-66376
CVE:CVE-2026-21533,CVE,CVE-2026-21533,97453,0.498000,HIGH,HIGH,True,2026-02-10T18:16:35.790000Z,2026-02-10,
CPE:cpe:2.3:o:microsoft:windows_10_1809:*:*:*:*:*:*:x96:*,CPE,cpe:2.3:o:microsoft:windows_10_1809:*:*:*:*:*:*:x96:*,,,,,,,,
CPE:cpe:2.3:o:microsoft:windows_11_25h2:*:*:*:*:*:*:arm64:*,CPE,cpe:2.3:o:microsoft:windows_11_25h2:*:*:*:*:*:*:arm64:*,,,,,,,,
CPE:cpe:2.3:o:microsoft:windows_11_25h2:*:*:*:*:*:*:x64:*,CPE,cpe:2.3:o:microsoft:windows_11_25h2:*:*:*:*:*:*:x64:*,,,,,,,,
REF:CVE-2026-21533:0,Reference,https://msrc.microsoft.com/update-guide/vulnerability/CVE-2026-21533,,,,,,,,https://msrc.microsoft.com/update-guide/vulnerability/CVE-2026-21533
REF:CVE-2026-21533:1,Reference,https://www.cisa.gov/known-exploited-vulnerabilities-catalog?field_cve=CVE-2026-21533,,,,,,,,https://www.cisa.gov/known-exploited-vulnerabilities-catalog?field_cve=CVE-2026-21533
REF:CVE-2026-21533:2,Reference,https://www.vicarius.io/vsociety/posts/cve-2026-21533-detection-script-privilege-escalation-vulnerability-in-windows-remote-desktop,,,,,,,,https://www.vicarius.io/vsociety/posts/cve-2026-21533-detection-script-privilege-escalation-vulnerability-in-windows-remote-desktop
REF:CVE-2026-21533:3,Reference,https://www.vicarius.io/vsociety/posts/cve-2026-21533-mitigation-script-privilege-escalation-vulnerability-in-windows-remote-desktop,,,,,,,,https://www.vicarius.io/vsociety/posts/cve-2026-21533-mitigation-script-privilege-escalation-vulnerability-in-windows-remote-desktop
CVE:CVE-2026-63030,CVE,CVE-2026-63030,132419,0.498000,HIGH,CRITICAL,True,2026-07-17T20:17:28.490000Z,2026-07-21,
CWE:CWE-436,CWE,CWE-436,,,,,,,,
CPE:cpe:2.3:a:wordpress:wordpress:*:*:*:*:*:*:*:*,CPE,cpe:2.3:a:wordpress:wordpress:*:*:*:*:*:*:*:*,,,,,,,,
REF:CVE-2026-63030:0,Reference,https://github.com/WordPress/wordpress-develop/security/advisories/GHSA-ff9f-jf42-662q,,,,,,,,https://github.com/WordPress/wordpress-develop/security/advisories/GHSA-ff9f-jf42-662q
REF:CVE-2026-63030:1,Reference,https://wordpress.org/news/2026/07/wordpress-7-0-2-release/,,,,,,,,https://wordpress.org/news/2026/07/wordpress-7-0-2-release/
REF:CVE-2026-63030:2,Reference,https://www.cisa.gov/known-exploited-vulnerabilities-catalog?field_cve=CVE-2026-63030,,,,,,,,https://www.cisa.gov/known-exploited-vulnerabilities-catalog?field_cve=CVE-2026-63030
CVE:CVE-2026-59310,CVE,CVE-2026-59310,137314,0.498000,HIGH,CRITICAL,True,2026-07-30T13:16:53.993000Z,2026-08-18,
CPE:cpe:2.3:a:vmware:cloud_foundation:-:*:*:*:*:*:*:*,CPE,cpe:2.3:a:vmware:cloud_foundation:-:*:*:*:*:*:*:*,,,,,,,,
CPE:cpe:2.3:a:vmware:telco_cloud_infrastructure:3.0:*:*:*:*:*:*:*,CPE,cpe:2.3:a:vmware:telco_cloud_infrastructure:3.0:*:*:*:*:*:*:*,,,,,,,,
CPE:cpe:2.3:a:vmware:telco_cloud_platform:*:*:*:*:*:*:*:*,CPE,cpe:2.3:a:vmware:telco_cloud_platform:*:*:*:*:*:*:*:*,,,,,,,,
CPE:cpe:2.3:a:vmware:vcenter_server:*:*:*:*:*:*:*:*,CPE,cpe:2.3:a:vmware:vcenter_server:*:*:*:*:*:*:*:*,,,,,,,,
CPE:cpe:2.3:a:vmware:vcenter_server:8.0:-:*:*:*:*:*:*,CPE,cpe:2.3:a:vmware:vcenter_server:8.0:-:*:*:*:*:*:*,,,,,,,,
CPE:cpe:2.3:a:vmware:vcenter_server:8.0:a:*:*:*:*:*:*,CPE,cpe:2.3:a:vmware:vcenter_server:8.0:a:*:*:*:*:*:*,,,,,,,,
CPE:cpe:2.3:a:vmware:vcenter_server:8.0:b:*:*:*:*:*:*,CPE,cpe:2.3:a:vmware:vcenter_server:8.0:b:*:*:*:*:*:*,,,,,,,,
CPE:cpe:2.3:a:vmware:vcenter_server:8.0:c:*:*:*:*:*:*,CPE,cpe:2.3:a:vmware:vcenter_server:8.0:c:*:*:*:*:*:*,,,,,,,,
CPE:cpe:2.3:a:vmware:vcenter_server:8.0:update1:*:*:*:*:*:*,CPE,cpe:2.3:a:vmware:vcenter_server:8.0:update1:*:*:*:*:*:*,,,,,,,,
CPE:cpe:2.3:a:vmware:vcenter_server:8.0:update1a:*:*:*:*:*:*,CPE,cpe:2.3:a:vmware:vcenter_server:8.0:update1a:*:*:*:*:*:*,,,,,,,,
CPE:cpe:2.3:a:vmware:vcenter_server:8.0:update1b:*:*:*:*:*:*,CPE,cpe:2.3:a:vmware:vcenter_server:8.0:update1b:*:*:*:*:*:*,,,,,,,,
CPE:cpe:2.3:a:vmware:vcenter_server:8.0:update1c:*:*:*:*:*:*,CPE,cpe:2.3:a:vmware:vcenter_server:8.0:update1c:*:*:*:*:*:*,,,,,,,,
CPE:cpe:2.3:a:vmware:vcenter_server:8.0:update1d:*:*:*:*:*:*,CPE,cpe:2.3:a:vmware:vcenter_server:8.0:update1d:*:*:*:*:*:*,,,,,,,,
CPE:cpe:2.3:a:vmware:vcenter_server:8.0:update1e:*:*:*:*:*:*,CPE,cpe:2.3:a:vmware:vcenter_server:8.0:update1e:*:*:*:*:*:*,,,,,,,,
CPE:cpe:2.3:a:vmware:vcenter_server:8.0:update2:*:*:*:*:*:*,CPE,cpe:2.3:a:vmware:vcenter_server:8.0:update2:*:*:*:*:*:*,,,,,,,,
CPE:cpe:2.3:a:vmware:vcenter_server:8.0:update2a:*:*:*:*:*:*,CPE,cpe:2.3:a:vmware:vcenter_server:8.0:update2a:*:*:*:*:*:*,,,,,,,,
CPE:cpe:2.3:a:vmware:vcenter_server:8.0:update2b:*:*:*:*:*:*,CPE,cpe:2.3:a:vmware:vcenter_server:8.0:update2b:*:*:*:*:*:*,,,,,,,,
CPE:cpe:2.3:a:vmware:vcenter_server:8.0:update2c:*:*:*:*:*:*,CPE,cpe:2.3:a:vmware:vcenter_server:8.0:update2c:*:*:*:*:*:*,,,,,,,,
CPE:cpe:2.3:a:vmware:vcenter_server:8.0:update2d:*:*:*:*:*:*,CPE,cpe:2.3:a:vmware:vcenter_server:8.0:update2d:*:*:*:*:*:*,,,,,,,,
CPE:cpe:2.3:a:vmware:vcenter_server:8.0:update2e:*:*:*:*:*:*,CPE,cpe:2.3:a:vmware:vcenter_server:8.0:update2e:*:*:*:*:*:*,,,,,,,,
CPE:cpe:2.3:a:vmware:vcenter_server:8.0:update3:*:*:*:*:*:*,CPE,cpe:2.3:a:vmware:vcenter_server:8.0:update3:*:*:*:*:*:*,,,,,,,,
CPE:cpe:2.3:a:vmware:vcenter_server:8.0:update3a:*:*:*:*:*:*,CPE,cpe:2.3:a:vmware:vcenter_server:8.0:update3a:*:*:*:*:*:*,,,,,,,,
CPE:cpe:2.3:a:vmware:vcenter_server:8.0:update3b:*:*:*:*:*:*,CPE,cpe:2.3:a:vmware:vcenter_server:8.0:update3b:*:*:*:*:*:*,,,,,,,,
CPE:cpe:2.3:a:vmware:vcenter_server:8.0:update3c:*:*:*:*:*:*,CPE,cpe:2.3:a:vmware:vcenter_server:8.0:update3c:*:*:*:*:*:*,,,,,,,,
CPE:cpe:2.3:a:vmware:vcenter_server:8.0:update3d:*:*:*:*:*:*,CPE,cpe:2.3:a:vmware:vcenter_server:8.0:update3d:*:*:*:*:*:*,,,,,,,,
CPE:cpe:2.3:a:vmware:vcenter_server:8.0:update3e:*:*:*:*:*:*,CPE,cpe:2.3:a:vmware:vcenter_server:8.0:update3e:*:*:*:*:*:*,,,,,,,,
CPE:cpe:2.3:a:vmware:vcenter_server:8.0:update3g:*:*:*:*:*:*,CPE,cpe:2.3:a:vmware:vcenter_server:8.0:update3g:*:*:*:*:*:*,,,,,,,,
CPE:cpe:2.3:a:vmware:vcenter_server:8.0:update3h:*:*:*:*:*:*,CPE,cpe:2.3:a:vmware:vcenter_server:8.0:update3h:*:*:*:*:*:*,,,,,,,,
CPE:cpe:2.3:a:vmware:vcenter_server:8.0:update3i:*:*:*:*:*:*,CPE,cpe:2.3:a:vmware:vcenter_server:8.0:update3i:*:*:*:*:*:*,,,,,,,,
CPE:cpe:2.3:a:vmware:vcenter_server:8.0:update3j:*:*:*:*:*:*,CPE,cpe:2.3:a:vmware:vcenter_server:8.0:update3j:*:*:*:*:*:*,,,,,,,,
CPE:cpe:2.3:a:vmware:vsphere_foundation:-:*:*:*:*:*:*:*,CPE,cpe:2.3:a:vmware:vsphere_foundation:-:*:*:*:*:*:*:*,,,,,,,,
REF:CVE-2026-59310:0,Reference,https://medium.com/@quirso_de/active-exploitation-of-cve-2026-59310-361-victim-ips-across-47-countries-9783187cc6ff,,,,,,,,https://medium.com/@quirso_de/active-exploitation-of-cve-2026-59310-361-victim-ips-across-47-countries-9783187cc6ff
REF:CVE-2026-59310:1,Reference,https://medium.com/@quirso_de/global-exploitation-of-cve-2026-59310-by-suspected-chinese-nexus-apt-related-cve-2026-59309-443a79e1466d,,,,,,,,https://medium.com/@quirso_de/global-exploitation-of-cve-2026-59310-by-suspected-chinese-nexus-apt-related-cve-2026-59309-443a79e1466d
REF:CVE-2026-59310:2,Reference,https://support.broadcom.com/web/ecx/support-content-notification/-/external/content/SecurityAdvisories/0/38017,,,,,,,,https://support.broadcom.com/web/ecx/support-content-notification/-/external/content/SecurityAdvisories/0/38017
REF:CVE-2026-59310:3,Reference,https://www.cisa.gov/known-exploited-vulnerabilities-catalog?field_cve=CVE-2026-59310,,,,,,,,https://www.cisa.gov/known-exploited-vulnerabilities-catalog?field_cve=CVE-2026-59310
CVE:CVE-2024-29988,CVE,CVE-2024-29988,10127,0.496000,HIGH,HIGH,True,2024-04-09T17:16:01.830000Z,2024-04-30,
CWE:CWE-693,CWE,CWE-693,,,,,,,,
CPE:cpe:2.3:o:microsoft:windows_10_1809:*:*:*:*:*:*:arm64:*,CPE,cpe:2.3:o:microsoft:windows_10_1809:*:*:*:*:*:*:arm64:*,,,,,,,,
CPE:cpe:2.3:o:microsoft:windows_10_21h2:*:*:*:*:*:*:*:*,CPE,cpe:2.3:o:microsoft:windows_10_21h2:*:*:*:*:*:*:*:*,,,,,,,,
CPE:cpe:2.3:o:microsoft:windows_10_22h2:*:*:*:*:*:*:*:*,CPE,cpe:2.3:o:microsoft:windows_10_22h2:*:*:*:*:*:*:*:*,,,,,,,,
CPE:cpe:2.3:o:microsoft:windows_11_21h2:*:*:*:*:*:*:*:*,CPE,cpe:2.3:o:microsoft:windows_11_21h2:*:*:*:*:*:*:*:*,,,,,,,,
CPE:cpe:2.3:o:microsoft:windows_11_22h2:*:*:*:*:*:*:*:*,CPE,cpe:2.3:o:microsoft:windows_11_22h2:*:*:*:*:*:*:*:*,,,,,,,,
CPE:cpe:2.3:o:microsoft:windows_11_23h2:*:*:*:*:*:*:*:*,CPE,cpe:2.3:o:microsoft:windows_11_23h2:*:*:*:*:*:*:*:*,,,,,,,,
REF:CVE-2024-29988:0,Reference,https://msrc.microsoft.com/update-guide/vulnerability/CVE-2024-29988,,,,,,,,https://msrc.microsoft.com/update-guide/vulnerability/CVE-2024-29988
REF:CVE-2024-29988:1,Reference,https://www.cisa.gov/known-exploited-vulnerabilities-catalog?field_cve=CVE-2024-29988,,,,,,,,https://www.cisa.gov/known-exploited-vulnerabilities-catalog?field_cve=CVE-2024-29988
CVE:CVE-2024-4947,CVE,CVE-2024-4947,15446,0.496000,HIGH,CRITICAL,True,2024-05-15T21:15:09.273000Z,2024-05-20,
CWE:CWE-843,CWE,CWE-843,,,,,,,,
CPE:cpe:2.3:a:google:chrome:*:*:*:*:*:*:*:*,CPE,cpe:2.3:a:google:chrome:*:*:*:*:*:*:*:*,,,,,,,,
CPE:cpe:2.3:o:fedoraproject:fedora:38:*:*:*:*:*:*:*,CPE,cpe:2.3:o:fedoraproject:fedora:38:*:*:*:*:*:*:*,,,,,,,,
CPE:cpe:2.3:o:fedoraproject:fedora:39:*:*:*:*:*:*:*,CPE,cpe:2.3:o:fedoraproject:fedora:39:*:*:*:*:*:*:*,,,,,,,,
CPE:cpe:2.3:o:fedoraproject:fedora:40:*:*:*:*:*:*:*,CPE,cpe:2.3:o:fedoraproject:fedora:40:*:*:*:*:*:*:*,,,,,,,,
REF:CVE-2024-4947:0,Reference,https://chromereleases.googleblog.com/2024/05/stable-channel-update-for-desktop_15.html,,,,,,,,https://chromereleases.googleblog.com/2024/05/stable-channel-update-for-desktop_15.html
REF:CVE-2024-4947:1,Reference,https://issues.chromium.org/issues/340221135,,,,,,,,https://issues.chromium.org/issues/340221135
REF:CVE-2024-4947:2,Reference,https://lists.fedoraproject.org/archives/list/package-announce@lists.fedoraproject.org/message/6G7EYH2JAK5OJPVNC6AXYQ5K7YGYNCDN/,,,,,,,,https://lists.fedoraproject.org/archives/list/package-announce@lists.fedoraproject.org/message/6G7EYH2JAK5OJPVNC6AXYQ5K7YGYNCDN/
REF:CVE-2024-4947:3,Reference,https://lists.fedoraproject.org/archives/list/package-announce@lists.fedoraproject.org/message/NTSN22LNYXMWHVTYNOYQVOY7VDZFHENQ/,,,,,,,,https://lists.fedoraproject.org/archives/list/package-announce@lists.fedoraproject.org/message/NTSN22LNYXMWHVTYNOYQVOY7VDZFHENQ/
REF:CVE-2024-4947:4,Reference,https://lists.fedoraproject.org/archives/list/package-announce@lists.fedoraproject.org/message/WSUWM73ZCXTN62AT2REYQDD5ZKPFMDZD/,,,,,,,,https://lists.fedoraproject.org/archives/list/package-announce@lists.fedoraproject.org/message/WSUWM73ZCXTN62AT2REYQDD5ZKPFMDZD/
REF:CVE-2024-4947:5,Reference,https://www.cisa.gov/known-exploited-vulnerabilities-catalog?field_cve=CVE-2024-4947,,,,,,,,https://www.cisa.gov/known-exploited-vulnerabilities-catalog?field_cve=CVE-2024-4947
CVE:CVE-2024-4610,CVE,CVE-2024-4610,18378,0.496000,HIGH,HIGH,True,2024-06-07T12:15:09.077000Z,2024-06-12,
CPE:cpe:2.3:a:arm:bifrost_gpu_kernel_driver:*:*:*:*:*:*:*:*,CPE,cpe:2.3:a:arm:bifrost_gpu_kernel_driver:*:*:*:*:*:*:*:*,,,,,,,,
CPE:cpe:2.3:a:arm:valhall_gpu_kernel_driver:*:*:*:*:*:*:*:*,CPE,cpe:2.3:a:arm:valhall_gpu_kernel_driver:*:*:*:*:*:*:*:*,,,,,,,,
REF:CVE-2024-4610:0,Reference,https://developer.arm.com/Arm%20Security%20Center/Mali%20GPU%20Driver%20Vulnerabilities,,,,,,,,https://developer.arm.com/Arm%20Security%20Center/Mali%20GPU%20Driver%20Vulnerabilities
REF:CVE-2024-4610:1,Reference,https://www.cisa.gov/known-exploited-vulnerabilities-catalog?field_cve=CVE-2024-4610,,,,,,,,https://www.cisa.gov/known-exploited-vulnerabilities-catalog?field_cve=CVE-2024-4610
CVE:CVE-2024-35250,CVE,CVE-2024-35250,18938,0.496000,HIGH,HIGH,True,2024-06-11T17:16:02.650000Z,2024-12-16,
CWE:CWE-822,CWE,CWE-822,,,,,,,,
CPE:cpe:2.3:o:microsoft:windows_10_1507:*:*:*:*:*:*:*:*,CPE,cpe:2.3:o:microsoft:windows_10_1507:*:*:*:*:*:*:*:*,,,,,,,,
CPE:cpe:2.3:o:microsoft:windows_10_1607:*:*:*:*:*:*:*:*,CPE,cpe:2.3:o:microsoft:windows_10_1607:*:*:*:*:*:*:*:*,,,,,,,,
CPE:cpe:2.3:o:microsoft:windows_10_1809:*:*:*:*:*:*:*:*,CPE,cpe:2.3:o:microsoft:windows_10_1809:*:*:*:*:*:*:*:*,,,,,,,,
CPE:cpe:2.3:o:microsoft:windows_server_2008:r2:sp1:*:*:*:*:*:*,CPE,cpe:2.3:o:microsoft:windows_server_2008:r2:sp1:*:*:*:*:*:*,,,,,,,,
REF:CVE-2024-35250:0,Reference,https://msrc.microsoft.com/update-guide/vulnerability/CVE-2024-35250,,,,,,,,https://msrc.microsoft.com/update-guide/vulnerability/CVE-2024-35250
REF:CVE-2024-35250:1,Reference,https://www.cisa.gov/known-exploited-vulnerabilities-catalog?field_cve=CVE-2024-35250,,,,,,,,https://www.cisa.gov/known-exploited-vulnerabilities-catalog?field_cve=CVE-2024-35250
CVE:CVE-2024-53104,CVE,CVE-2024-53104,37287,0.496000,HIGH,HIGH,True,2024-12-02T08:15:08.687000Z,2025-02-05,
CPE:cpe:2.3:o:debian:debian_linux:11.0:*:*:*:*:*:*:*,CPE,cpe:2.3:o:debian:debian_linux:11.0:*:*:*:*:*:*:*,,,,,,,,
CPE:cpe:2.3:o:linux:linux_kernel:*:*:*:*:*:*:*:*,CPE,cpe:2.3:o:linux:linux_kernel:*:*:*:*:*:*:*:*,,,,,,,,
REF:CVE-2024-53104:0,Reference,https://git.kernel.org/stable/c/1ee9d9122801eb688783acd07791f2906b87cb4f,,,,,,,,https://git.kernel.org/stable/c/1ee9d9122801eb688783acd07791f2906b87cb4f
REF:CVE-2024-53104:1,Reference,https://git.kernel.org/stable/c/467d84dc78c9abf6b217ada22b3fdba336262e29,,,,,,,,https://git.kernel.org/stable/c/467d84dc78c9abf6b217ada22b3fdba336262e29
REF:CVE-2024-53104:2,Reference,https://git.kernel.org/stable/c/575a562f7a3ec2d54ff77ab6810e3fbceef2a91d,,,,,,,,https://git.kernel.org/stable/c/575a562f7a3ec2d54ff77ab6810e3fbceef2a91d
REF:CVE-2024-53104:3,Reference,https://git.kernel.org/stable/c/622ad10aae5f5e03b7927ea95f7f32812f692bb5,,,,,,,,https://git.kernel.org/stable/c/622ad10aae5f5e03b7927ea95f7f32812f692bb5
REF:CVE-2024-53104:4,Reference,https://git.kernel.org/stable/c/684022f81f128338fe3587ec967459669a1204ae,,,,,,,,https://git.kernel.org/stable/c/684022f81f128338fe3587ec967459669a1204ae
REF:CVE-2024-53104:5,Reference,https://git.kernel.org/stable/c/95edf13a48e75dc2cc5b0bc57bf90d6948a22fe8,,,,,,,,https://git.kernel.org/stable/c/95edf13a48e75dc2cc5b0bc57bf90d6948a22fe8
REF:CVE-2024-53104:6,Reference,https://git.kernel.org/stable/c/beced2cb09b58c1243733f374c560a55382003d6,,,,,,,,https://git.kernel.org/stable/c/beced2cb09b58c1243733f374c560a55382003d6
REF:CVE-2024-53104:7,Reference,https://git.kernel.org/stable/c/ecf2b43018da9579842c774b7f35dbe11b5c38dd,,,,,,,,https://git.kernel.org/stable/c/ecf2b43018da9579842c774b7f35dbe11b5c38dd
REF:CVE-2024-53104:8,Reference,https://git.kernel.org/stable/c/faff5bbb2762c44ec7426037b3000e77a11d6773,,,,,,,,https://git.kernel.org/stable/c/faff5bbb2762c44ec7426037b3000e77a11d6773
REF:CVE-2024-53104:9,Reference,https://lists.debian.org/debian-lts-announce/2025/01/msg00001.html,,,,,,,,https://lists.debian.org/debian-lts-announce/2025/01/msg00001.html
REF:CVE-2024-53104:10,Reference,https://lists.debian.org/debian-lts-announce/2025/03/msg00002.html,,,,,,,,https://lists.debian.org/debian-lts-announce/2025/03/msg00002.html
REF:CVE-2024-53104:11,Reference,https://www.cisa.gov/known-exploited-vulnerabilities-catalog?field_cve=CVE-2024-53104,,,,,,,,https://www.cisa.gov/known-exploited-vulnerabilities-catalog?field_cve=CVE-2024-53104
CVE:CVE-2026-20700,CVE,CVE-2026-20700,97859,0.496000,HIGH,HIGH,True,2026-02-11T23:16:10.670000Z,2026-02-12,
REF:CVE-2026-20700:0,Reference,https://support.apple.com/en-us/126346,,,,,,,,https://support.apple.com/en-us/126346
REF:CVE-2026-20700:1,Reference,https://support.apple.com/en-us/126348,,,,,,,,https://support.apple.com/en-us/126348
REF:CVE-2026-20700:2,Reference,https://support.apple.com/en-us/126351,,,,,,,,https://support.apple.com/en-us/126351
REF:CVE-2026-20700:3,Reference,https://support.apple.com/en-us/126352,,,,,,,,https://support.apple.com/en-us/126352
REF:CVE-2026-20700:4,Reference,https://support.apple.com/en-us/126353,,,,,,,,https://support.apple.com/en-us/126353
REF:CVE-2026-20700:5,Reference,https://www.cisa.gov/known-exploited-vulnerabilities-catalog?field_cve=CVE-2026-20700,,,,,,,,https://www.cisa.gov/known-exploited-vulnerabilities-catalog?field_cve=CVE-2026-20700
CVE:CVE-2024-23113,CVE,CVE-2024-23113,4084,0.494000,HIGH,CRITICAL,True,2024-02-15T14:15:46.503000Z,2024-10-09,
CWE:CWE-134,CWE,CWE-134,,,,,,,,
CPE:cpe:2.3:a:fortinet:fortiproxy:*:*:*:*:*:*:*:*,CPE,cpe:2.3:a:fortinet:fortiproxy:*:*:*:*:*:*:*:*,,,,,,,,
CPE:cpe:2.3:a:fortinet:fortiswitchmanager:*:*:*:*:*:*:*:*,CPE,cpe:2.3:a:fortinet:fortiswitchmanager:*:*:*:*:*:*:*:*,,,,,,,,
CPE:cpe:2.3:o:fortinet:fortios:*:*:*:*:*:*:*:*,CPE,cpe:2.3:o:fortinet:fortios:*:*:*:*:*:*:*:*,,,,,,,,
CPE:cpe:2.3:o:fortinet:fortipam:*:*:*:*:*:*:*:*,CPE,cpe:2.3:o:fortinet:fortipam:*:*:*:*:*:*:*:*,,,,,,,,
CPE:cpe:2.3:o:fortinet:fortipam:1.2.0:*:*:*:*:*:*:*,CPE,cpe:2.3:o:fortinet:fortipam:1.2.0:*:*:*:*:*:*:*,,,,,,,,
REF:CVE-2024-23113:0,Reference,https://fortiguard.com/psirt/FG-IR-24-029,,,,,,,,https://fortiguard.com/psirt/FG-IR-24-029
REF:CVE-2024-23113:1,Reference,https://www.cisa.gov/known-exploited-vulnerabilities-catalog?field_cve=CVE-2024-23113,,,,,,,,https://www.cisa.gov/known-exploited-vulnerabilities-catalog?field_cve=CVE-2024-23113
CVE:CVE-2024-37383,CVE,CVE-2024-37383,18351,0.494000,HIGH,MEDIUM,True,2024-06-07T04:15:30.463000Z,2024-10-24,
CPE:cpe:2.3:a:roundcube:webmail:*:*:*:*:*:*:*:*,CPE,cpe:2.3:a:roundcube:webmail:*:*:*:*:*:*:*:*,,,,,,,,
CPE:cpe:2.3:o:debian:debian_linux:10.0:*:*:*:*:*:*:*,CPE,cpe:2.3:o:debian:debian_linux:10.0:*:*:*:*:*:*:*,,,,,,,,
REF:CVE-2024-37383:0,Reference,https://github.com/roundcube/roundcubemail/commit/43aaaa528646877789ec028d87924ba1accf5242,,,,,,,,https://github.com/roundcube/roundcubemail/commit/43aaaa528646877789ec028d87924ba1accf5242
REF:CVE-2024-37383:1,Reference,https://github.com/roundcube/roundcubemail/releases/tag/1.5.7,,,,,,,,https://github.com/roundcube/roundcubemail/releases/tag/1.5.7
REF:CVE-2024-37383:2,Reference,https://github.com/roundcube/roundcubemail/releases/tag/1.6.7,,,,,,,,https://github.com/roundcube/roundcubemail/releases/tag/1.6.7
REF:CVE-2024-37383:3,Reference,https://lists.debian.org/debian-lts-announce/2024/06/msg00008.html,,,,,,,,https://lists.debian.org/debian-lts-announce/2024/06/msg00008.html
REF:CVE-2024-37383:4,Reference,https://www.cisa.gov/known-exploited-vulnerabilities-catalog?field_cve=CVE-2024-37383,,,,,,,,https://www.cisa.gov/known-exploited-vulnerabilities-catalog?field_cve=CVE-2024-37383
CVE:CVE-2024-7399,CVE,CVE-2024-7399,24885,0.494000,HIGH,HIGH,True,2024-08-12T13:38:41.550000Z,2026-04-24,
CPE:cpe:2.3:a:samsung:magicinfo_9_server:*:*:*:*:*:*:*:*,CPE,cpe:2.3:a:samsung:magicinfo_9_server:*:*:*:*:*:*:*:*,,,,,,,,
REF:CVE-2024-7399:0,Reference,https://arcticwolf.com/resources/blog-uk/arctic-wolf-observes-exploitation-of-path-traversal-vulnerability-in-samsung-magicinfo-9-server-cve-2024-7399/,,,,,,,,https://arcticwolf.com/resources/blog-uk/arctic-wolf-observes-exploitation-of-path-traversal-vulnerability-in-samsung-magicinfo-9-server-cve-2024-7399/
REF:CVE-2024-7399:1,Reference,https://security.samsungtv.com/securityUpdates,,,,,,,,https://security.samsungtv.com/securityUpdates
REF:CVE-2024-7399:2,Reference,https://www.cisa.gov/known-exploited-vulnerabilities-catalog?field_cve=CVE-2024-7399,,,,,,,,https://www.cisa.gov/known-exploited-vulnerabilities-catalog?field_cve=CVE-2024-7399
CVE:CVE-2025-43300,CVE,CVE-2025-43300,71794,0.494000,HIGH,CRITICAL,True,2025-08-21T01:15:36.243000Z,2025-08-21,
REF:CVE-2025-43300:0,Reference,http://seclists.org/fulldisclosure/2025/Sep/10,,,,,,,,http://seclists.org/fulldisclosure/2025/Sep/10
REF:CVE-2025-43300:1,Reference,http://seclists.org/fulldisclosure/2025/Sep/14,,,,,,,,http://seclists.org/fulldisclosure/2025/Sep/14
REF:CVE-2025-43300:2,Reference,http://seclists.org/fulldisclosure/2025/Sep/52,,,,,,,,http://seclists.org/fulldisclosure/2025/Sep/52
REF:CVE-2025-43300:3,Reference,https://github.com/b1n4r1b01/n-days/blob/main/CVE-2025-43300.md,,,,,,,,https://github.com/b1n4r1b01/n-days/blob/main/CVE-2025-43300.md
REF:CVE-2025-43300:4,Reference,https://github.com/cisagov/vulnrichment/issues/201,,,,,,,,https://github.com/cisagov/vulnrichment/issues/201
REF:CVE-2025-43300:5,Reference,https://support.apple.com/en-us/124925,,,,,,,,https://support.apple.com/en-us/124925
REF:CVE-2025-43300:6,Reference,https://support.apple.com/en-us/124926,,,,,,,,https://support.apple.com/en-us/124926
REF:CVE-2025-43300:7,Reference,https://support.apple.com/en-us/124927,,,,,,,,https://support.apple.com/en-us/124927
REF:CVE-2025-43300:8,Reference,https://support.apple.com/en-us/124928,,,,,,,,https://support.apple.com/en-us/124928
REF:CVE-2025-43300:9,Reference,https://support.apple.com/en-us/124929,,,,,,,,https://support.apple.com/en-us/124929
REF:CVE-2025-43300:10,Reference,https://support.apple.com/en-us/125141,,,,,,,,https://support.apple.com/en-us/125141
REF:CVE-2025-43300:11,Reference,https://support.apple.com/en-us/125142,,,,,,,,https://support.apple.com/en-us/125142
REF:CVE-2025-43300:12,Reference,https://www.cisa.gov/known-exploited-vulnerabilities-catalog?field_cve=CVE-2025-43300,,,,,,,,https://www.cisa.gov/known-exploited-vulnerabilities-catalog?field_cve=CVE-2025-43300
CVE:CVE-2025-58034,CVE,CVE-2025-58034,84040,0.494000,HIGH,HIGH,True,2025-11-18T17:16:05.057000Z,2025-11-18,
CPE:cpe:2.3:a:fortinet:fortiweb:*:*:*:*:*:*:*:*,CPE,cpe:2.3:a:fortinet:fortiweb:*:*:*:*:*:*:*:*,,,,,,,,
REF:CVE-2025-58034:0,Reference,https://fortiguard.fortinet.com/psirt/FG-IR-25-513,,,,,,,,https://fortiguard.fortinet.com/psirt/FG-IR-25-513
REF:CVE-2025-58034:1,Reference,https://www.cisa.gov/known-exploited-vulnerabilities-catalog?field_cve=CVE-2025-58034,,,,,,,,https://www.cisa.gov/known-exploited-vulnerabilities-catalog?field_cve=CVE-2025-58034
CVE:CVE-2026-46817,CVE,CVE-2026-46817,119249,0.494000,HIGH,CRITICAL,True,2026-05-28T21:16:31.503000Z,2026-07-15,
CPE:cpe:2.3:a:oracle:e-business_suite:*:*:*:*:*:*:*:*,CPE,cpe:2.3:a:oracle:e-business_suite:*:*:*:*:*:*:*:*,,,,,,,,
REF:CVE-2026-46817:0,Reference,https://www.cisa.gov/known-exploited-vulnerabilities-catalog?field_cve=CVE-2026-46817,,,,,,,,https://www.cisa.gov/known-exploited-vulnerabilities-catalog?field_cve=CVE-2026-46817
REF:CVE-2026-46817:1,Reference,https://www.oracle.com/security-alerts/cspumay2026.html,,,,,,,,https://www.oracle.com/security-alerts/cspumay2026.html
CVE:CVE-2025-40551,CVE,CVE-2025-40551,95350,0.492766,HIGH,CRITICAL,True,2026-01-28T08:16:02.273000Z,2026-02-03,
CPE:cpe:2.3:a:solarwinds:web_help_desk:*:*:*:*:*:*:*:*,CPE,cpe:2.3:a:solarwinds:web_help_desk:*:*:*:*:*:*:*:*,,,,,,,,
REF:CVE-2025-40551:0,Reference,https://documentation.solarwinds.com/en/success_center/whd/content/release_notes/whd_2026-1_release_notes.htm,,,,,,,,https://documentation.solarwinds.com/en/success_center/whd/content/release_notes/whd_2026-1_release_notes.htm
REF:CVE-2025-40551:1,Reference,https://www.cisa.gov/known-exploited-vulnerabilities-catalog?field_cve=CVE-2025-40551,,,,,,,,https://www.cisa.gov/known-exploited-vulnerabilities-catalog?field_cve=CVE-2025-40551
REF:CVE-2025-40551:2,Reference,https://www.solarwinds.com/trust-center/security-advisories/CVE-2025-40551,,,,,,,,https://www.solarwinds.com/trust-center/security-advisories/CVE-2025-40551
CVE:CVE-2025-40553,CVE,CVE-2025-40553,95352,0.492766,HIGH,CRITICAL,False,2026-01-28T08:16:02.583000Z,,
REF:CVE-2025-40553:0,Reference,https://documentation.solarwinds.com/en/success_center/whd/content/release_notes/whd_2026-1_release_notes.htm,,,,,,,,https://documentation.solarwinds.com/en/success_center/whd/content/release_notes/whd_2026-1_release_notes.htm
REF:CVE-2025-40553:1,Reference,https://github.com/watchtowrlabs/watchTowr-vs-SolarWinds-WebHelpDesk-CVE-2025-40552-CVE-2025-40553/blob/main/watchTowr-vs-SolarWinds-WebHelpDesk-CVE-2025-40552-CVE-2025-40553.py,,,,,,,,https://github.com/watchtowrlabs/watchTowr-vs-SolarWinds-WebHelpDesk-CVE-2025-40552-CVE-2025-40553/blob/main/watchTowr-vs-SolarWinds-WebHelpDesk-CVE-2025-40552-CVE-2025-40553.py
REF:CVE-2025-40553:2,Reference,https://www.solarwinds.com/trust-center/security-advisories/CVE-2025-40553,,,,,,,,https://www.solarwinds.com/trust-center/security-advisories/CVE-2025-40553
CVE:CVE-2024-27198,CVE,CVE-2024-27198,5881,0.492000,HIGH,CRITICAL,True,2024-03-04T18:15:09.040000Z,2024-03-07,
CPE:cpe:2.3:a:jetbrains:teamcity:*:*:*:*:*:*:*:*,CPE,cpe:2.3:a:jetbrains:teamcity:*:*:*:*:*:*:*:*,,,,,,,,
REF:CVE-2024-27198:0,Reference,https://www.cisa.gov/known-exploited-vulnerabilities-catalog?field_cve=CVE-2024-27198,,,,,,,,https://www.cisa.gov/known-exploited-vulnerabilities-catalog?field_cve=CVE-2024-27198
REF:CVE-2024-27198:1,Reference,https://www.darkreading.com/cyberattacks-data-breaches/jetbrains-teamcity-mass-exploitation-underway-rogue-accounts-thrive,,,,,,,,https://www.darkreading.com/cyberattacks-data-breaches/jetbrains-teamcity-mass-exploitation-underway-rogue-accounts-thrive
REF:CVE-2024-27198:2,Reference,https://www.jetbrains.com/privacy-security/issues-fixed/,,,,,,,,https://www.jetbrains.com/privacy-security/issues-fixed/
CVE:CVE-2023-48788,CVE,CVE-2023-48788,6528,0.492000,HIGH,CRITICAL,True,2024-03-12T15:15:46.973000Z,2024-03-25,
CPE:cpe:2.3:a:fortinet:forticlient_enterprise_management_server:*:*:*:*:*:*:*:*,CPE,cpe:2.3:a:fortinet:forticlient_enterprise_management_server:*:*:*:*:*:*:*:*,,,,,,,,
REF:CVE-2023-48788:0,Reference,https://fortiguard.com/psirt/FG-IR-24-007,,,,,,,,https://fortiguard.com/psirt/FG-IR-24-007
REF:CVE-2023-48788:1,Reference,https://www.cisa.gov/known-exploited-vulnerabilities-catalog?field_cve=CVE-2023-48788,,,,,,,,https://www.cisa.gov/known-exploited-vulnerabilities-catalog?field_cve=CVE-2023-48788
CVE:CVE-2025-23209,CVE,CVE-2025-23209,43424,0.492000,HIGH,HIGH,True,2025-01-18T01:15:07.633000Z,2025-02-20,
CPE:cpe:2.3:a:craftcms:craft_cms:4.0.0:-:*:*:*:*:*:*,CPE,cpe:2.3:a:craftcms:craft_cms:4.0.0:-:*:*:*:*:*:*,,,,,,,,
CPE:cpe:2.3:a:craftcms:craft_cms:4.0.0:rc1:*:*:*:*:*:*,CPE,cpe:2.3:a:craftcms:craft_cms:4.0.0:rc1:*:*:*:*:*:*,,,,,,,,
CPE:cpe:2.3:a:craftcms:craft_cms:4.0.0:rc2:*:*:*:*:*:*,CPE,cpe:2.3:a:craftcms:craft_cms:4.0.0:rc2:*:*:*:*:*:*,,,,,,,,
CPE:cpe:2.3:a:craftcms:craft_cms:4.0.0:rc3:*:*:*:*:*:*,CPE,cpe:2.3:a:craftcms:craft_cms:4.0.0:rc3:*:*:*:*:*:*,,,,,,,,
CPE:cpe:2.3:a:craftcms:craft_cms:5.0.0:-:*:*:*:*:*:*,CPE,cpe:2.3:a:craftcms:craft_cms:5.0.0:-:*:*:*:*:*:*,,,,,,,,
CPE:cpe:2.3:a:craftcms:craft_cms:5.0.0:rc1:*:*:*:*:*:*,CPE,cpe:2.3:a:craftcms:craft_cms:5.0.0:rc1:*:*:*:*:*:*,,,,,,,,
REF:CVE-2025-23209:0,Reference,https://craftcms.com/knowledge-base/securing-craft#keep-your-secrets-secret,,,,,,,,https://craftcms.com/knowledge-base/securing-craft#keep-your-secrets-secret
REF:CVE-2025-23209:1,Reference,https://github.com/craftcms/cms/commit/e59e22b30c9dd39e5e2c7fe02c147bcbd004e603,,,,,,,,https://github.com/craftcms/cms/commit/e59e22b30c9dd39e5e2c7fe02c147bcbd004e603
REF:CVE-2025-23209:2,Reference,https://github.com/craftcms/cms/security/advisories/GHSA-x684-96hh-833x,,,,,,,,https://github.com/craftcms/cms/security/advisories/GHSA-x684-96hh-833x
REF:CVE-2025-23209:3,Reference,https://www.cisa.gov/known-exploited-vulnerabilities-catalog?field_cve=CVE-2025-23209,,,,,,,,https://www.cisa.gov/known-exploited-vulnerabilities-catalog?field_cve=CVE-2025-23209
CVE:CVE-2025-23006,CVE,CVE-2025-23006,44055,0.492000,HIGH,CRITICAL,True,2025-01-23T12:15:28.523000Z,2025-01-24,
CPE:cpe:2.3:a:sonicwall:sma8200v:*:*:*:*:*:*:*:*,CPE,cpe:2.3:a:sonicwall:sma8200v:*:*:*:*:*:*:*:*,,,,,,,,
CPE:cpe:2.3:h:sonicwall:sma6200:-:*:*:*:*:*:*:*,CPE,cpe:2.3:h:sonicwall:sma6200:-:*:*:*:*:*:*:*,,,,,,,,
CPE:cpe:2.3:h:sonicwall:sma6210:-:*:*:*:*:*:*:*,CPE,cpe:2.3:h:sonicwall:sma6210:-:*:*:*:*:*:*:*,,,,,,,,
CPE:cpe:2.3:h:sonicwall:sma7200:-:*:*:*:*:*:*:*,CPE,cpe:2.3:h:sonicwall:sma7200:-:*:*:*:*:*:*:*,,,,,,,,
CPE:cpe:2.3:h:sonicwall:sma7210:-:*:*:*:*:*:*:*,CPE,cpe:2.3:h:sonicwall:sma7210:-:*:*:*:*:*:*:*,,,,,,,,
CPE:cpe:2.3:h:sonicwall:sra_ex6000:-:*:*:*:*:*:*:*,CPE,cpe:2.3:h:sonicwall:sra_ex6000:-:*:*:*:*:*:*:*,,,,,,,,
CPE:cpe:2.3:h:sonicwall:sra_ex7000:-:*:*:*:*:*:*:*,CPE,cpe:2.3:h:sonicwall:sra_ex7000:-:*:*:*:*:*:*:*,,,,,,,,
CPE:cpe:2.3:h:sonicwall:sra_ex9000:-:*:*:*:*:*:*:*,CPE,cpe:2.3:h:sonicwall:sra_ex9000:-:*:*:*:*:*:*:*,,,,,,,,
CPE:cpe:2.3:o:sonicwall:sma6200_firmware:*:*:*:*:*:*:*:*,CPE,cpe:2.3:o:sonicwall:sma6200_firmware:*:*:*:*:*:*:*:*,,,,,,,,
CPE:cpe:2.3:o:sonicwall:sma6210_firmware:*:*:*:*:*:*:*:*,CPE,cpe:2.3:o:sonicwall:sma6210_firmware:*:*:*:*:*:*:*:*,,,,,,,,
CPE:cpe:2.3:o:sonicwall:sma7200_firmware:*:*:*:*:*:*:*:*,CPE,cpe:2.3:o:sonicwall:sma7200_firmware:*:*:*:*:*:*:*:*,,,,,,,,
CPE:cpe:2.3:o:sonicwall:sma7210_firmware:*:*:*:*:*:*:*:*,CPE,cpe:2.3:o:sonicwall:sma7210_firmware:*:*:*:*:*:*:*:*,,,,,,,,
CPE:cpe:2.3:o:sonicwall:sra_ex6000_firmware:*:*:*:*:*:*:*:*,CPE,cpe:2.3:o:sonicwall:sra_ex6000_firmware:*:*:*:*:*:*:*:*,,,,,,,,
CPE:cpe:2.3:o:sonicwall:sra_ex7000_firmware:*:*:*:*:*:*:*:*,CPE,cpe:2.3:o:sonicwall:sra_ex7000_firmware:*:*:*:*:*:*:*:*,,,,,,,,
CPE:cpe:2.3:o:sonicwall:sra_ex9000_firmware:*:*:*:*:*:*:*:*,CPE,cpe:2.3:o:sonicwall:sra_ex9000_firmware:*:*:*:*:*:*:*:*,,,,,,,,
REF:CVE-2025-23006:0,Reference,https://psirt.global.sonicwall.com/vuln-detail/SNWLID-2025-0002,,,,,,,,https://psirt.global.sonicwall.com/vuln-detail/SNWLID-2025-0002
REF:CVE-2025-23006:1,Reference,https://www.cisa.gov/known-exploited-vulnerabilities-catalog?field_cve=CVE-2025-23006,,,,,,,,https://www.cisa.gov/known-exploited-vulnerabilities-catalog?field_cve=CVE-2025-23006
CVE:CVE-2024-40890,CVE,CVE-2024-40890,45403,0.492000,HIGH,HIGH,True,2025-02-04T10:15:08.717000Z,2025-02-11,
CPE:cpe:2.3:h:zyxel:sbg3300-n000:-:*:*:*:*:*:*:*,CPE,cpe:2.3:h:zyxel:sbg3300-n000:-:*:*:*:*:*:*:*,,,,,,,,
CPE:cpe:2.3:h:zyxel:sbg3300-nb00:-:*:*:*:*:*:*:*,CPE,cpe:2.3:h:zyxel:sbg3300-nb00:-:*:*:*:*:*:*:*,,,,,,,,
CPE:cpe:2.3:h:zyxel:sbg3500-nb00:-:*:*:*:*:*:*:*,CPE,cpe:2.3:h:zyxel:sbg3500-nb00:-:*:*:*:*:*:*:*,,,,,,,,
CPE:cpe:2.3:h:zyxel:vmg1312-b10a:-:*:*:*:*:*:*:*,CPE,cpe:2.3:h:zyxel:vmg1312-b10a:-:*:*:*:*:*:*:*,,,,,,,,
CPE:cpe:2.3:h:zyxel:vmg1312-b10b:-:*:*:*:*:*:*:*,CPE,cpe:2.3:h:zyxel:vmg1312-b10b:-:*:*:*:*:*:*:*,,,,,,,,
CPE:cpe:2.3:h:zyxel:vmg1312-b10e:-:*:*:*:*:*:*:*,CPE,cpe:2.3:h:zyxel:vmg1312-b10e:-:*:*:*:*:*:*:*,,,,,,,,
CPE:cpe:2.3:h:zyxel:vmg3312-b10a:-:*:*:*:*:*:*:*,CPE,cpe:2.3:h:zyxel:vmg3312-b10a:-:*:*:*:*:*:*:*,,,,,,,,
CPE:cpe:2.3:h:zyxel:vmg3313-b10a:-:*:*:*:*:*:*:*,CPE,cpe:2.3:h:zyxel:vmg3313-b10a:-:*:*:*:*:*:*:*,,,,,,,,
CPE:cpe:2.3:h:zyxel:vmg3926-b10b:-:*:*:*:*:*:*:*,CPE,cpe:2.3:h:zyxel:vmg3926-b10b:-:*:*:*:*:*:*:*,,,,,,,,
CPE:cpe:2.3:h:zyxel:vmg4325-b10a:-:*:*:*:*:*:*:*,CPE,cpe:2.3:h:zyxel:vmg4325-b10a:-:*:*:*:*:*:*:*,,,,,,,,
CPE:cpe:2.3:h:zyxel:vmg4380-b10a:-:*:*:*:*:*:*:*,CPE,cpe:2.3:h:zyxel:vmg4380-b10a:-:*:*:*:*:*:*:*,,,,,,,,
CPE:cpe:2.3:h:zyxel:vmg8324-b10a:-:*:*:*:*:*:*:*,CPE,cpe:2.3:h:zyxel:vmg8324-b10a:-:*:*:*:*:*:*:*,,,,,,,,
CPE:cpe:2.3:h:zyxel:vmg8924-b10a:-:*:*:*:*:*:*:*,CPE,cpe:2.3:h:zyxel:vmg8924-b10a:-:*:*:*:*:*:*:*,,,,,,,,
CPE:cpe:2.3:o:zyxel:sbg3300-n000_firmware:-:*:*:*:*:*:*:*,CPE,cpe:2.3:o:zyxel:sbg3300-n000_firmware:-:*:*:*:*:*:*:*,,,,,,,,
CPE:cpe:2.3:o:zyxel:sbg3300-nb00_firmware:-:*:*:*:*:*:*:*,CPE,cpe:2.3:o:zyxel:sbg3300-nb00_firmware:-:*:*:*:*:*:*:*,,,,,,,,
CPE:cpe:2.3:o:zyxel:sbg3500-n000_firmware:-:*:*:*:*:*:*:*,CPE,cpe:2.3:o:zyxel:sbg3500-n000_firmware:-:*:*:*:*:*:*:*,,,,,,,,
CPE:cpe:2.3:o:zyxel:sbg3500-nb00_firmware:-:*:*:*:*:*:*:*,CPE,cpe:2.3:o:zyxel:sbg3500-nb00_firmware:-:*:*:*:*:*:*:*,,,,,,,,
CPE:cpe:2.3:o:zyxel:vmg1312-b10a_firmware:-:*:*:*:*:*:*:*,CPE,cpe:2.3:o:zyxel:vmg1312-b10a_firmware:-:*:*:*:*:*:*:*,,,,,,,,
CPE:cpe:2.3:o:zyxel:vmg1312-b10b_firmware:-:*:*:*:*:*:*:*,CPE,cpe:2.3:o:zyxel:vmg1312-b10b_firmware:-:*:*:*:*:*:*:*,,,,,,,,
CPE:cpe:2.3:o:zyxel:vmg1312-b10e_firmware:-:*:*:*:*:*:*:*,CPE,cpe:2.3:o:zyxel:vmg1312-b10e_firmware:-:*:*:*:*:*:*:*,,,,,,,,
CPE:cpe:2.3:o:zyxel:vmg3312-b10a_firmware:-:*:*:*:*:*:*:*,CPE,cpe:2.3:o:zyxel:vmg3312-b10a_firmware:-:*:*:*:*:*:*:*,,,,,,,,
CPE:cpe:2.3:o:zyxel:vmg3313-b10a_firmware:-:*:*:*:*:*:*:*,CPE,cpe:2.3:o:zyxel:vmg3313-b10a_firmware:-:*:*:*:*:*:*:*,,,,,,,,
CPE:cpe:2.3:o:zyxel:vmg3926-b10b_firmware:-:*:*:*:*:*:*:*,CPE,cpe:2.3:o:zyxel:vmg3926-b10b_firmware:-:*:*:*:*:*:*:*,,,,,,,,
CPE:cpe:2.3:o:zyxel:vmg4325-b10a_firmware:-:*:*:*:*:*:*:*,CPE,cpe:2.3:o:zyxel:vmg4325-b10a_firmware:-:*:*:*:*:*:*:*,,,,,,,,
CPE:cpe:2.3:o:zyxel:vmg4380-b10a_firmware:-:*:*:*:*:*:*:*,CPE,cpe:2.3:o:zyxel:vmg4380-b10a_firmware:-:*:*:*:*:*:*:*,,,,,,,,
CPE:cpe:2.3:o:zyxel:vmg8324-b10a_firmware:-:*:*:*:*:*:*:*,CPE,cpe:2.3:o:zyxel:vmg8324-b10a_firmware:-:*:*:*:*:*:*:*,,,,,,,,
CPE:cpe:2.3:o:zyxel:vmg8924-b10a_firmware:-:*:*:*:*:*:*:*,CPE,cpe:2.3:o:zyxel:vmg8924-b10a_firmware:-:*:*:*:*:*:*:*,,,,,,,,
REF:CVE-2024-40890:0,Reference,https://www.cisa.gov/known-exploited-vulnerabilities-catalog?field_cve=CVE-2024-40890,,,,,,,,https://www.cisa.gov/known-exploited-vulnerabilities-catalog?field_cve=CVE-2024-40890
REF:CVE-2024-40890:1,Reference,https://www.zyxel.com/global/en/support/security-advisories/zyxel-security-advisory-for-command-injection-and-insecure-default-credentials-vulnerabilities-in-certain-legacy-dsl-cpe-02-04-2025,,,,,,,,https://www.zyxel.com/global/en/support/security-advisories/zyxel-security-advisory-for-command-injection-and-insecure-default-credentials-vulnerabilities-in-certain-legacy-dsl-cpe-02-04-2025
CVE:CVE-2025-42999,CVE,CVE-2025-42999,58953,0.492000,HIGH,CRITICAL,True,2025-05-13T01:15:48.440000Z,2025-05-15,
CPE:cpe:2.3:a:sap:netweaver:7.5:*:*:*:*:*:*:*,CPE,cpe:2.3:a:sap:netweaver:7.5:*:*:*:*:*:*:*,,,,,,,,
REF:CVE-2025-42999:0,Reference,https://me.sap.com/notes/3604119,,,,,,,,https://me.sap.com/notes/3604119
REF:CVE-2025-42999:1,Reference,https://onapsis.com/blog/active-exploitation-of-sap-vulnerability-cve-2025-31324/,,,,,,,,https://onapsis.com/blog/active-exploitation-of-sap-vulnerability-cve-2025-31324/
REF:CVE-2025-42999:2,Reference,https://url.sap/sapsecuritypatchday,,,,,,,,https://url.sap/sapsecuritypatchday
REF:CVE-2025-42999:3,Reference,https://www.cisa.gov/known-exploited-vulnerabilities-catalog?field_cve=CVE-2025-42999,,,,,,,,https://www.cisa.gov/known-exploited-vulnerabilities-catalog?field_cve=CVE-2025-42999
CVE:CVE-2025-64446,CVE,CVE-2025-64446,83668,0.492000,HIGH,CRITICAL,True,2025-11-14T16:15:58.567000Z,2025-11-14,
CWE:CWE-23,CWE,CWE-23,,,,,,,,
REF:CVE-2025-64446:0,Reference,https://fortiguard.fortinet.com/psirt/FG-IR-25-910,,,,,,,,https://fortiguard.fortinet.com/psirt/FG-IR-25-910
REF:CVE-2025-64446:1,Reference,https://github.com/watchtowrlabs/watchTowr-vs-Fortiweb-AuthBypass,,,,,,,,https://github.com/watchtowrlabs/watchTowr-vs-Fortiweb-AuthBypass
REF:CVE-2025-64446:2,Reference,https://www.cisa.gov/known-exploited-vulnerabilities-catalog?field_cve=CVE-2025-64446,,,,,,,,https://www.cisa.gov/known-exploited-vulnerabilities-catalog?field_cve=CVE-2025-64446
CVE:CVE-2026-55040,CVE,CVE-2026-55040,131256,0.492000,HIGH,CRITICAL,True,2026-07-14T18:18:15.413000Z,2026-08-18,
CWE:CWE-1390,CWE,CWE-1390,,,,,,,,
REF:CVE-2026-55040:0,Reference,https://github.com/sfewer-r7/CVE-2026-55040,,,,,,,,https://github.com/sfewer-r7/CVE-2026-55040
REF:CVE-2026-55040:1,Reference,https://msrc.microsoft.com/update-guide/vulnerability/CVE-2026-55040,,,,,,,,https://msrc.microsoft.com/update-guide/vulnerability/CVE-2026-55040
REF:CVE-2026-55040:2,Reference,https://www.cisa.gov/known-exploited-vulnerabilities-catalog?field_cve=CVE-2026-55040,,,,,,,,https://www.cisa.gov/known-exploited-vulnerabilities-catalog?field_cve=CVE-2026-55040
REF:CVE-2026-55040:3,Reference,https://www.rapid7.com/blog/post/ra-microsoft-sharepoint-jwt-token-authentication-bypass-cve-2026-55040/,,,,,,,,https://www.rapid7.com/blog/post/ra-microsoft-sharepoint-jwt-token-authentication-bypass-cve-2026-55040/
CVE:CVE-2022-2586,CVE,CVE-2022-2586,524,0.490000,HIGH,MEDIUM,True,2024-01-08T18:15:44.620000Z,2024-06-26,
CPE:cpe:2.3:o:canonical:ubuntu_linux:14.04:*:*:*:esm:*:*:*,CPE,cpe:2.3:o:canonical:ubuntu_linux:14.04:*:*:*:esm:*:*:*,,,,,,,,
CPE:cpe:2.3:o:canonical:ubuntu_linux:16.04:*:*:*:esm:*:*:*,CPE,cpe:2.3:o:canonical:ubuntu_linux:16.04:*:*:*:esm:*:*:*,,,,,,,,
CPE:cpe:2.3:o:canonical:ubuntu_linux:18.04:*:*:*:esm:*:*:*,CPE,cpe:2.3:o:canonical:ubuntu_linux:18.04:*:*:*:esm:*:*:*,,,,,,,,
CPE:cpe:2.3:o:canonical:ubuntu_linux:20.04:*:*:*:lts:*:*:*,CPE,cpe:2.3:o:canonical:ubuntu_linux:20.04:*:*:*:lts:*:*:*,,,,,,,,
CPE:cpe:2.3:o:canonical:ubuntu_linux:22.04:*:*:*:lts:*:*:*,CPE,cpe:2.3:o:canonical:ubuntu_linux:22.04:*:*:*:lts:*:*:*,,,,,,,,
REF:CVE-2022-2586:0,Reference,https://cve.mitre.org/cgi-bin/cvename.cgi?name=CVE-2022-2586,,,,,,,,https://cve.mitre.org/cgi-bin/cvename.cgi?name=CVE-2022-2586
REF:CVE-2022-2586:1,Reference,https://lore.kernel.org/netfilter-devel/20220809170148.164591-1-cascardo@canonical.com/T/#t,,,,,,,,https://lore.kernel.org/netfilter-devel/20220809170148.164591-1-cascardo@canonical.com/T/#t
REF:CVE-2022-2586:2,Reference,https://ubuntu.com/security/notices/USN-5557-1,,,,,,,,https://ubuntu.com/security/notices/USN-5557-1
REF:CVE-2022-2586:3,Reference,https://ubuntu.com/security/notices/USN-5560-1,,,,,,,,https://ubuntu.com/security/notices/USN-5560-1
REF:CVE-2022-2586:4,Reference,https://ubuntu.com/security/notices/USN-5560-2,,,,,,,,https://ubuntu.com/security/notices/USN-5560-2
REF:CVE-2022-2586:5,Reference,https://ubuntu.com/security/notices/USN-5562-1,,,,,,,,https://ubuntu.com/security/notices/USN-5562-1
REF:CVE-2022-2586:6,Reference,https://ubuntu.com/security/notices/USN-5564-1,,,,,,,,https://ubuntu.com/security/notices/USN-5564-1
REF:CVE-2022-2586:7,Reference,https://ubuntu.com/security/notices/USN-5565-1,,,,,,,,https://ubuntu.com/security/notices/USN-5565-1
REF:CVE-2022-2586:8,Reference,https://ubuntu.com/security/notices/USN-5566-1,,,,,,,,https://ubuntu.com/security/notices/USN-5566-1
REF:CVE-2022-2586:9,Reference,https://ubuntu.com/security/notices/USN-5567-1,,,,,,,,https://ubuntu.com/security/notices/USN-5567-1
REF:CVE-2022-2586:10,Reference,https://ubuntu.com/security/notices/USN-5582-1,,,,,,,,https://ubuntu.com/security/notices/USN-5582-1
REF:CVE-2022-2586:11,Reference,https://www.cisa.gov/known-exploited-vulnerabilities-catalog?field_cve=CVE-2022-2586,,,,,,,,https://www.cisa.gov/known-exploited-vulnerabilities-catalog?field_cve=CVE-2022-2586
REF:CVE-2022-2586:12,Reference,https://www.openwall.com/lists/oss-security/2022/08/09/5,,,,,,,,https://www.openwall.com/lists/oss-security/2022/08/09/5
REF:CVE-2022-2586:13,Reference,https://www.vicarius.io/vsociety/posts/use-after-free-vulnerability-linked-chain-between-nft-tables-cve-2022-2586,,,,,,,,https://www.vicarius.io/vsociety/posts/use-after-free-vulnerability-linked-chain-between-nft-tables-cve-2022-2586
REF:CVE-2022-2586:14,Reference,https://www.zerodayinitiative.com/advisories/ZDI-22-1118/,,,,,,,,https://www.zerodayinitiative.com/advisories/ZDI-22-1118/
CVE:CVE-2024-38107,CVE,CVE-2024-38107,25172,0.490000,HIGH,HIGH,True,2024-08-13T18:15:10.963000Z,2024-08-13,
CPE:cpe:2.3:o:microsoft:windows_11_24h2:*:*:*:*:*:*:*:*,CPE,cpe:2.3:o:microsoft:windows_11_24h2:*:*:*:*:*:*:*:*,,,,,,,,
CPE:cpe:2.3:o:microsoft:windows_server_2012:*:*:*:*:*:*:*:*,CPE,cpe:2.3:o:microsoft:windows_server_2012:*:*:*:*:*:*:*:*,,,,,,,,
REF:CVE-2024-38107:0,Reference,https://msrc.microsoft.com/update-guide/vulnerability/CVE-2024-38107,,,,,,,,https://msrc.microsoft.com/update-guide/vulnerability/CVE-2024-38107
REF:CVE-2024-38107:1,Reference,https://www.cisa.gov/known-exploited-vulnerabilities-catalog?field_cve=CVE-2024-38107,,,,,,,,https://www.cisa.gov/known-exploited-vulnerabilities-catalog?field_cve=CVE-2024-38107
CVE:CVE-2024-7965,CVE,CVE-2024-7965,26241,0.490000,HIGH,HIGH,True,2024-08-21T21:15:08.947000Z,2024-08-28,
CWE:CWE-358,CWE,CWE-358,,,,,,,,
CPE:cpe:2.3:a:microsoft:edge_chromium:*:*:*:*:*:*:*:*,CPE,cpe:2.3:a:microsoft:edge_chromium:*:*:*:*:*:*:*:*,,,,,,,,
REF:CVE-2024-7965:0,Reference,https://chromereleases.googleblog.com/2024/08/stable-channel-update-for-desktop_21.html,,,,,,,,https://chromereleases.googleblog.com/2024/08/stable-channel-update-for-desktop_21.html
REF:CVE-2024-7965:1,Reference,https://issues.chromium.org/issues/356196918,,,,,,,,https://issues.chromium.org/issues/356196918
REF:CVE-2024-7965:2,Reference,https://www.cisa.gov/known-exploited-vulnerabilities-catalog?field_cve=CVE-2024-7965,,,,,,,,https://www.cisa.gov/known-exploited-vulnerabilities-catalog?field_cve=CVE-2024-7965
CVE:CVE-2024-9379,CVE,CVE-2024-9379,30298,0.490000,HIGH,MEDIUM,True,2024-10-08T17:15:56.727000Z,2024-10-09,
CPE:cpe:2.3:a:ivanti:endpoint_manager_cloud_services_appliance:*:*:*:*:*:*:*:*,CPE,cpe:2.3:a:ivanti:endpoint_manager_cloud_services_appliance:*:*:*:*:*:*:*:*,,,,,,,,
REF:CVE-2024-9379:0,Reference,https://forums.ivanti.com/s/article/Security-Advisory-Ivanti-CSA-Cloud-Services-Appliance-CVE-2024-9379-CVE-2024-9380-CVE-2024-9381,,,,,,,,https://forums.ivanti.com/s/article/Security-Advisory-Ivanti-CSA-Cloud-Services-Appliance-CVE-2024-9379-CVE-2024-9380-CVE-2024-9381
REF:CVE-2024-9379:1,Reference,https://www.cisa.gov/known-exploited-vulnerabilities-catalog?field_cve=CVE-2024-9379,,,,,,,,https://www.cisa.gov/known-exploited-vulnerabilities-catalog?field_cve=CVE-2024-9379
CVE:CVE-2024-43468,CVE,CVE-2024-43468,30325,0.490000,HIGH,CRITICAL,True,2024-10-08T18:15:09.537000Z,2026-02-12,
CPE:cpe:2.3:a:microsoft:configuration_manager_2403:-:*:*:*:*:*:*:*,CPE,cpe:2.3:a:microsoft:configuration_manager_2403:-:*:*:*:*:*:*:*,,,,,,,,
CPE:cpe:2.3:a:microsoft:configuration_manager_2409:-:*:*:*:*:*:*:*,CPE,cpe:2.3:a:microsoft:configuration_manager_2409:-:*:*:*:*:*:*:*,,,,,,,,
CPE:cpe:2.3:a:microsoft:configuration_manager_2503:-:*:*:*:*:*:*:*,CPE,cpe:2.3:a:microsoft:configuration_manager_2503:-:*:*:*:*:*:*:*,,,,,,,,
REF:CVE-2024-43468:0,Reference,https://msrc.microsoft.com/update-guide/vulnerability/CVE-2024-43468,,,,,,,,https://msrc.microsoft.com/update-guide/vulnerability/CVE-2024-43468
REF:CVE-2024-43468:1,Reference,https://www.cisa.gov/known-exploited-vulnerabilities-catalog?field_cve=CVE-2024-43468,,,,,,,,https://www.cisa.gov/known-exploited-vulnerabilities-catalog?field_cve=CVE-2024-43468
CVE:CVE-2025-30066,CVE,CVE-2025-30066,50696,0.490000,HIGH,HIGH,True,2025-03-15T06:15:12.193000Z,2025-03-18,
CPE:cpe:2.3:a:tj-actions:changed-files:*:*:*:*:*:*:*:*,CPE,cpe:2.3:a:tj-actions:changed-files:*:*:*:*:*:*:*:*,,,,,,,,
REF:CVE-2025-30066:0,Reference,https://blog.gitguardian.com/compromised-tj-actions/,,,,,,,,https://blog.gitguardian.com/compromised-tj-actions/
REF:CVE-2025-30066:1,Reference,https://github.com/chains-project/maven-lockfile/pull/1111,,,,,,,,https://github.com/chains-project/maven-lockfile/pull/1111
REF:CVE-2025-30066:2,Reference,https://github.com/espressif/arduino-esp32/issues/11127,,,,,,,,https://github.com/espressif/arduino-esp32/issues/11127
REF:CVE-2025-30066:3,Reference,https://github.com/github/docs/blob/962a1c8dccb8c0f66548b324e5b921b5e4fbc3d6/content/actions/security-for-github-actions/security-guides/security-hardening-for-github-actions.md?plain=1#L191-L193,,,,,,,,https://github.com/github/docs/blob/962a1c8dccb8c0f66548b324e5b921b5e4fbc3d6/content/actions/security-for-github-actions/security-guides/security-hardening-for-github-actions.md?plain=1#L191-L193
REF:CVE-2025-30066:4,Reference,https://github.com/modal-labs/modal-examples/issues/1100,,,,,,,,https://github.com/modal-labs/modal-examples/issues/1100
REF:CVE-2025-30066:5,Reference,https://github.com/rackerlabs/genestack/pull/903,,,,,,,,https://github.com/rackerlabs/genestack/pull/903
REF:CVE-2025-30066:6,Reference,https://github.com/tj-actions/changed-files/blob/45fb12d7a8bedb4da42342e52fe054c6c2c3fd73/README.md?plain=1#L20-L28,,,,,,,,https://github.com/tj-actions/changed-files/blob/45fb12d7a8bedb4da42342e52fe054c6c2c3fd73/README.md?plain=1#L20-L28
REF:CVE-2025-30066:7,Reference,https://github.com/tj-actions/changed-files/issues/2463,,,,,,,,https://github.com/tj-actions/changed-files/issues/2463
REF:CVE-2025-30066:8,Reference,https://github.com/tj-actions/changed-files/issues/2464,,,,,,,,https://github.com/tj-actions/changed-files/issues/2464
REF:CVE-2025-30066:9,Reference,https://github.com/tj-actions/changed-files/issues/2477,,,,,,,,https://github.com/tj-actions/changed-files/issues/2477
REF:CVE-2025-30066:10,Reference,https://news.ycombinator.com/item?id=43367987,,,,,,,,https://news.ycombinator.com/item?id=43367987
REF:CVE-2025-30066:11,Reference,https://news.ycombinator.com/item?id=43368870,,,,,,,,https://news.ycombinator.com/item?id=43368870
REF:CVE-2025-30066:12,Reference,https://semgrep.dev/blog/2025/popular-github-action-tj-actionschanged-files-is-compromised/,,,,,,,,https://semgrep.dev/blog/2025/popular-github-action-tj-actionschanged-files-is-compromised/
REF:CVE-2025-30066:13,Reference,https://sysdig.com/blog/detecting-and-mitigating-the-tj-actions-changed-files-supply-chain-attack-cve-2025-30066/,,,,,,,,https://sysdig.com/blog/detecting-and-mitigating-the-tj-actions-changed-files-supply-chain-attack-cve-2025-30066/
REF:CVE-2025-30066:14,Reference,https://web.archive.org/web/20250315060250/https://github.com/tj-actions/changed-files/issues/2463,,,,,,,,https://web.archive.org/web/20250315060250/https://github.com/tj-actions/changed-files/issues/2463
REF:CVE-2025-30066:15,Reference,https://www.cisa.gov/known-exploited-vulnerabilities-catalog?field_cve=CVE-2025-30066,,,,,,,,https://www.cisa.gov/known-exploited-vulnerabilities-catalog?field_cve=CVE-2025-30066
REF:CVE-2025-30066:16,Reference,https://www.cisa.gov/news-events/alerts/2025/03/18/supply-chain-compromise-third-party-github-action-cve-2025-30066,,,,,,,,https://www.cisa.gov/news-events/alerts/2025/03/18/supply-chain-compromise-third-party-github-action-cve-2025-30066
REF:CVE-2025-30066:17,Reference,https://www.stepsecurity.io/blog/harden-runner-detection-tj-actions-changed-files-action-is-compromised,,,,,,,,https://www.stepsecurity.io/blog/harden-runner-detection-tj-actions-changed-files-action-is-compromised
REF:CVE-2025-30066:18,Reference,https://www.stream.security/post/github-action-supply-chain-attack-exposes-secrets-what-you-need-to-know-and-how-to-respond,,,,,,,,https://www.stream.security/post/github-action-supply-chain-attack-exposes-secrets-what-you-need-to-know-and-how-to-respond
REF:CVE-2025-30066:19,Reference,https://www.sweet.security/blog/cve-2025-30066-tj-actions-supply-chain-attack,,,,,,,,https://www.sweet.security/blog/cve-2025-30066-tj-actions-supply-chain-attack
REF:CVE-2025-30066:20,Reference,https://www.wiz.io/blog/github-action-tj-actions-changed-files-supply-chain-attack-cve-2025-30066,,,,,,,,https://www.wiz.io/blog/github-action-tj-actions-changed-files-supply-chain-attack-cve-2025-30066
CVE:CVE-2025-31161,CVE,CVE-2025-31161,53818,0.490000,HIGH,CRITICAL,True,2025-04-03T20:15:25.373000Z,2025-04-07,
CPE:cpe:2.3:a:crushftp:crushftp:*:*:*:*:*:*:*:*,CPE,cpe:2.3:a:crushftp:crushftp:*:*:*:*:*:*:*:*,,,,,,,,
REF:CVE-2025-31161:0,Reference,https://attackerkb.com/topics/k0EgiL9Psz/cve-2025-2825/rapid7-analysis,,,,,,,,https://attackerkb.com/topics/k0EgiL9Psz/cve-2025-2825/rapid7-analysis
REF:CVE-2025-31161:1,Reference,https://crushftp.com/crush11wiki/Wiki.jsp?page=Update#section-Update-VulnerabilityInfo,,,,,,,,https://crushftp.com/crush11wiki/Wiki.jsp?page=Update#section-Update-VulnerabilityInfo
REF:CVE-2025-31161:2,Reference,https://outpost24.com/blog/crushftp-auth-bypass-vulnerability/,,,,,,,,https://outpost24.com/blog/crushftp-auth-bypass-vulnerability/
REF:CVE-2025-31161:3,Reference,https://projectdiscovery.io/blog/crushftp-authentication-bypass,,,,,,,,https://projectdiscovery.io/blog/crushftp-authentication-bypass
REF:CVE-2025-31161:4,Reference,https://www.cisa.gov/known-exploited-vulnerabilities-catalog?field_cve=CVE-2025-31161,,,,,,,,https://www.cisa.gov/known-exploited-vulnerabilities-catalog?field_cve=CVE-2025-31161
REF:CVE-2025-31161:5,Reference,https://www.darkreading.com/vulnerabilities-threats/disclosure-drama-clouds-crushftp-vulnerability-exploitation,,,,,,,,https://www.darkreading.com/vulnerabilities-threats/disclosure-drama-clouds-crushftp-vulnerability-exploitation
REF:CVE-2025-31161:6,Reference,https://www.huntress.com/blog/crushftp-cve-2025-31161-auth-bypass-and-post-exploitation,,,,,,,,https://www.huntress.com/blog/crushftp-cve-2025-31161-auth-bypass-and-post-exploitation
REF:CVE-2025-31161:7,Reference,https://www.infosecurity-magazine.com/news/crushftp-flaw-exploited-disclosure/,,,,,,,,https://www.infosecurity-magazine.com/news/crushftp-flaw-exploited-disclosure/
REF:CVE-2025-31161:8,Reference,https://www.vicarius.io/vsociety/posts/cve-2025-31161-detect-crushftp-vulnerability,,,,,,,,https://www.vicarius.io/vsociety/posts/cve-2025-31161-detect-crushftp-vulnerability
REF:CVE-2025-31161:9,Reference,https://www.vicarius.io/vsociety/posts/cve-2025-31161-mitigate-crushftp-vulnerability,,,,,,,,https://www.vicarius.io/vsociety/posts/cve-2025-31161-mitigate-crushftp-vulnerability
CVE:CVE-2024-58136,CVE,CVE-2024-58136,54852,0.490000,HIGH,CRITICAL,True,2025-04-10T03:15:17.767000Z,2025-05-02,
CWE:CWE-424,CWE,CWE-424,,,,,,,,
CPE:cpe:2.3:a:yiiframework:yii:*:*:*:*:*:*:*:*,CPE,cpe:2.3:a:yiiframework:yii:*:*:*:*:*:*:*:*,,,,,,,,
REF:CVE-2024-58136:0,Reference,https://github.com/yiisoft/yii2/commit/40fe496eda529fd1d933b56a1022ec32d3cd0b12,,,,,,,,https://github.com/yiisoft/yii2/commit/40fe496eda529fd1d933b56a1022ec32d3cd0b12
REF:CVE-2024-58136:1,Reference,https://github.com/yiisoft/yii2/compare/2.0.51...2.0.52,,,,,,,,https://github.com/yiisoft/yii2/compare/2.0.51...2.0.52
REF:CVE-2024-58136:2,Reference,https://github.com/yiisoft/yii2/pull/20232,,,,,,,,https://github.com/yiisoft/yii2/pull/20232
REF:CVE-2024-58136:3,Reference,https://github.com/yiisoft/yii2/pull/20232#issuecomment-2252459709,,,,,,,,https://github.com/yiisoft/yii2/pull/20232#issuecomment-2252459709
REF:CVE-2024-58136:4,Reference,https://sensepost.com/blog/2025/investigating-an-in-the-wild-campaign-using-rce-in-craftcms/,,,,,,,,https://sensepost.com/blog/2025/investigating-an-in-the-wild-campaign-using-rce-in-craftcms/
REF:CVE-2024-58136:5,Reference,https://www.cisa.gov/known-exploited-vulnerabilities-catalog?field_cve=CVE-2024-58136,,,,,,,,https://www.cisa.gov/known-exploited-vulnerabilities-catalog?field_cve=CVE-2024-58136
REF:CVE-2024-58136:6,Reference,https://www.yiiframework.com/news/709/please-upgrade-to-yii-2-0-52,,,,,,,,https://www.yiiframework.com/news/709/please-upgrade-to-yii-2-0-52
CVE:CVE-2025-61884,CVE,CVE-2025-61884,79117,0.490000,HIGH,HIGH,True,2025-10-12T03:15:34.720000Z,2025-10-20,
CWE:CWE-444,CWE,CWE-444,,,,,,,,
CWE:CWE-501,CWE,CWE-501,,,,,,,,
CWE:CWE-918,CWE,CWE-918,,,,,,,,
CWE:CWE-93,CWE,CWE-93,,,,,,,,
CPE:cpe:2.3:a:oracle:configurator:*:*:*:*:*:*:*:*,CPE,cpe:2.3:a:oracle:configurator:*:*:*:*:*:*:*:*,,,,,,,,
REF:CVE-2025-61884:0,Reference,https://blogs.oracle.com/security/post/apply-july-2025-cpu,,,,,,,,https://blogs.oracle.com/security/post/apply-july-2025-cpu
REF:CVE-2025-61884:1,Reference,https://labs.watchtowr.com/well-well-well-its-another-day-oracle-e-business-suite-pre-auth-rce-chain-cve-2025-61882well-well-well-its-another-day-oracle-e-business-suite-pre-auth-rce-chain-cve-2025-61882/,,,,,,,,https://labs.watchtowr.com/well-well-well-its-another-day-oracle-e-business-suite-pre-auth-rce-chain-cve-2025-61882well-well-well-its-another-day-oracle-e-business-suite-pre-auth-rce-chain-cve-2025-61882/
REF:CVE-2025-61884:2,Reference,https://www.cisa.gov/known-exploited-vulnerabilities-catalog?field_cve=CVE-2025-61884,,,,,,,,https://www.cisa.gov/known-exploited-vulnerabilities-catalog?field_cve=CVE-2025-61884
REF:CVE-2025-61884:3,Reference,https://www.oracle.com/security-alerts/alert-cve-2025-61884.html,,,,,,,,https://www.oracle.com/security-alerts/alert-cve-2025-61884.html
CVE:CVE-2026-21962,CVE,CVE-2026-21962,93973,0.490000,HIGH,CRITICAL,True,2026-01-20T22:15:59.110000Z,2026-08-24,
CPE:cpe:2.3:a:oracle:http_server:12.2.1.4.0:*:*:*:*:*:*:*,CPE,cpe:2.3:a:oracle:http_server:12.2.1.4.0:*:*:*:*:*:*:*,,,,,,,,
CPE:cpe:2.3:a:oracle:http_server:14.1.1.0.0:*:*:*:*:*:*:*,CPE,cpe:2.3:a:oracle:http_server:14.1.1.0.0:*:*:*:*:*:*:*,,,,,,,,
CPE:cpe:2.3:a:oracle:http_server:14.1.2.0.0:*:*:*:*:*:*:*,CPE,cpe:2.3:a:oracle:http_server:14.1.2.0.0:*:*:*:*:*:*:*,,,,,,,,
CPE:cpe:2.3:a:oracle:weblogic_server_proxy_plug-in:12.2.1.4.0:*:*:*:*:*:*:*,CPE,cpe:2.3:a:oracle:weblogic_server_proxy_plug-in:12.2.1.4.0:*:*:*:*:*:*:*,,,,,,,,
CPE:cpe:2.3:a:oracle:weblogic_server_proxy_plug-in:14.1.1.0.0:*:*:*:*:*:*:*,CPE,cpe:2.3:a:oracle:weblogic_server_proxy_plug-in:14.1.1.0.0:*:*:*:*:*:*:*,,,,,,,,
CPE:cpe:2.3:a:oracle:weblogic_server_proxy_plug-in:14.1.2.0.0:*:*:*:*:*:*:*,CPE,cpe:2.3:a:oracle:weblogic_server_proxy_plug-in:14.1.2.0.0:*:*:*:*:*:*:*,,,,,,,,
REF:CVE-2026-21962:0,Reference,https://github.com/Ashwesker/Ashwesker-CVE-2026-21962/issues/1,,,,,,,,https://github.com/Ashwesker/Ashwesker-CVE-2026-21962/issues/1
REF:CVE-2026-21962:1,Reference,https://web.archive.org/web/20260129165916/https://github.com/Ashwesker/Ashwesker-CVE-2026-21962/issues/1,,,,,,,,https://web.archive.org/web/20260129165916/https://github.com/Ashwesker/Ashwesker-CVE-2026-21962/issues/1
REF:CVE-2026-21962:2,Reference,https://www.cisa.gov/known-exploited-vulnerabilities-catalog?field_cve=CVE-2026-21962,,,,,,,,https://www.cisa.gov/known-exploited-vulnerabilities-catalog?field_cve=CVE-2026-21962
REF:CVE-2026-21962:3,Reference,https://www.oracle.com/security-alerts/cpujan2026.html,,,,,,,,https://www.oracle.com/security-alerts/cpujan2026.html
REF:CVE-2026-21962:4,Reference,https://x.com/0xacb/status/2015473216844620280,,,,,,,,https://x.com/0xacb/status/2015473216844620280
CVE:CVE-2026-20230,CVE,CVE-2026-20230,120478,0.490000,HIGH,HIGH,True,2026-06-03T18:16:20.160000Z,2026-06-25,
CPE:cpe:2.3:a:cisco:unified_communications_manager:*:*:*:*:-:*:*:*,CPE,cpe:2.3:a:cisco:unified_communications_manager:*:*:*:*:-:*:*:*,,,,,,,,
CPE:cpe:2.3:a:cisco:unified_communications_manager:*:*:*:*:session_management:*:*:*,CPE,cpe:2.3:a:cisco:unified_communications_manager:*:*:*:*:session_management:*:*:*,,,,,,,,
REF:CVE-2026-20230:0,Reference,https://denizhalil.com/2026/06/12/cve-2026-20230-cisco-unified-cm-ssrf/,,,,,,,,https://denizhalil.com/2026/06/12/cve-2026-20230-cisco-unified-cm-ssrf/
REF:CVE-2026-20230:1,Reference,https://sec.cloudapps.cisco.com/security/center/content/CiscoSecurityAdvisory/cisco-sa-cucm-ssrf-cXPnHcW,,,,,,,,https://sec.cloudapps.cisco.com/security/center/content/CiscoSecurityAdvisory/cisco-sa-cucm-ssrf-cXPnHcW
REF:CVE-2026-20230:2,Reference,https://www.cisa.gov/known-exploited-vulnerabilities-catalog?field_cve=CVE-2026-20230,,,,,,,,https://www.cisa.gov/known-exploited-vulnerabilities-catalog?field_cve=CVE-2026-20230
CVE:CVE-2026-10520,CVE,CVE-2026-10520,121897,0.490000,HIGH,CRITICAL,True,2026-06-09T16:16:35.700000Z,2026-06-11,
CPE:cpe:2.3:a:ivanti:standalone_sentry:*:*:*:*:*:*:*:*,CPE,cpe:2.3:a:ivanti:standalone_sentry:*:*:*:*:*:*:*:*,,,,,,,,
CPE:cpe:2.3:a:ivanti:standalone_sentry:10.7.0:*:*:*:*:*:*:*,CPE,cpe:2.3:a:ivanti:standalone_sentry:10.7.0:*:*:*:*:*:*:*,,,,,,,,
REF:CVE-2026-10520:0,Reference,https://github.com/watchtowrlabs/watchTowr-vs-Ivanti-Sentry-RCE-CVE-2026-10520-CVE-2026-10523,,,,,,,,https://github.com/watchtowrlabs/watchTowr-vs-Ivanti-Sentry-RCE-CVE-2026-10520-CVE-2026-10523
REF:CVE-2026-10520:1,Reference,https://hub.ivanti.com/s/article/Security-Advisory-Ivanti-Sentry-CVE-2026-10520-CVE-2026-10523?language=en_US,,,,,,,,https://hub.ivanti.com/s/article/Security-Advisory-Ivanti-Sentry-CVE-2026-10520-CVE-2026-10523?language=en_US
REF:CVE-2026-10520:2,Reference,https://www.cisa.gov/known-exploited-vulnerabilities-catalog?field_cve=CVE-2026-10520,,,,,,,,https://www.cisa.gov/known-exploited-vulnerabilities-catalog?field_cve=CVE-2026-10520
CVE:CVE-2021-27137,CVE,CVE-2021-27137,132069,0.490000,HIGH,HIGH,True,2026-07-16T18:16:39.113000Z,2026-07-21,
CPE:cpe:2.3:o:dd-wrt:dd-wrt:*:*:*:*:*:*:*:*,CPE,cpe:2.3:o:dd-wrt:dd-wrt:*:*:*:*:*:*:*:*,,,,,,,,
REF:CVE-2021-27137:0,Reference,https://securityaffairs.com/193290/uncategorized/iot-botnet-c0xmo-adds-competitor-killing-capability.html,,,,,,,,https://securityaffairs.com/193290/uncategorized/iot-botnet-c0xmo-adds-competitor-killing-capability.html
REF:CVE-2021-27137:1,Reference,https://ssd-disclosure.com/ssd-advisory-dd-wrt-upnp-buffer-overflow/,,,,,,,,https://ssd-disclosure.com/ssd-advisory-dd-wrt-upnp-buffer-overflow/
REF:CVE-2021-27137:2,Reference,https://svn.dd-wrt.com/changeset/45724,,,,,,,,https://svn.dd-wrt.com/changeset/45724
REF:CVE-2021-27137:3,Reference,https://www.bleepingcomputer.com/news/security/c0xmo-botnet-spreads-via-dd-wrt-router-flaw-kills-rival-malware/,,,,,,,,https://www.bleepingcomputer.com/news/security/c0xmo-botnet-spreads-via-dd-wrt-router-flaw-kills-rival-malware/
REF:CVE-2021-27137:4,Reference,https://www.cisa.gov/known-exploited-vulnerabilities-catalog?field_cve=CVE-2021-27137,,,,,,,,https://www.cisa.gov/known-exploited-vulnerabilities-catalog?field_cve=CVE-2021-27137
REF:CVE-2021-27137:5,Reference,https://www.fortinet.com/blog/threat-research/inside-cross-platform-propagation-of-new-gafgyt-variant-c0xmo,,,,,,,,https://www.fortinet.com/blog/threat-research/inside-cross-platform-propagation-of-new-gafgyt-variant-c0xmo
CVE:CVE-2024-49138,CVE,CVE-2024-49138,38710,0.488000,HIGH,HIGH,True,2024-12-12T02:04:40.307000Z,2024-12-10,
CPE:cpe:2.3:o:microsoft:windows_server_2008:sp2:*:*:*:*:*:x64:*,CPE,cpe:2.3:o:microsoft:windows_server_2008:sp2:*:*:*:*:*:x64:*,,,,,,,,
REF:CVE-2024-49138:0,Reference,https://msrc.microsoft.com/update-guide/vulnerability/CVE-2024-49138,,,,,,,,https://msrc.microsoft.com/update-guide/vulnerability/CVE-2024-49138
REF:CVE-2024-49138:1,Reference,https://packetstorm.news/files/id/190585/,,,,,,,,https://packetstorm.news/files/id/190585/
REF:CVE-2024-49138:2,Reference,https://www.cisa.gov/known-exploited-vulnerabilities-catalog?field_cve=CVE-2024-49138,,,,,,,,https://www.cisa.gov/known-exploited-vulnerabilities-catalog?field_cve=CVE-2024-49138
REF:CVE-2024-49138:3,Reference,https://www.exploit-db.com/exploits/52270,,,,,,,,https://www.exploit-db.com/exploits/52270
CVE:CVE-2025-3248,CVE,CVE-2025-3248,54252,0.488000,HIGH,CRITICAL,True,2025-04-07T15:15:44.897000Z,2025-05-05,
REF:CVE-2025-3248:0,Reference,https://github.com/langflow-ai/langflow/pull/6911,,,,,,,,https://github.com/langflow-ai/langflow/pull/6911
REF:CVE-2025-3248:1,Reference,https://github.com/langflow-ai/langflow/releases/tag/1.3.0,,,,,,,,https://github.com/langflow-ai/langflow/releases/tag/1.3.0
REF:CVE-2025-3248:2,Reference,https://www.cisa.gov/known-exploited-vulnerabilities-catalog?field_cve=CVE-2025-3248,,,,,,,,https://www.cisa.gov/known-exploited-vulnerabilities-catalog?field_cve=CVE-2025-3248
REF:CVE-2025-3248:3,Reference,https://www.horizon3.ai/attack-research/disclosures/unsafe-at-any-speed-abusing-python-exec-for-unauth-rce-in-langflow-ai/,,,,,,,,https://www.horizon3.ai/attack-research/disclosures/unsafe-at-any-speed-abusing-python-exec-for-unauth-rce-in-langflow-ai/
REF:CVE-2025-3248:4,Reference,https://www.vulncheck.com/advisories/langflow-unauthenticated-rce,,,,,,,,https://www.vulncheck.com/advisories/langflow-unauthenticated-rce
CVE:CVE-2025-4632,CVE,CVE-2025-4632,58976,0.488000,HIGH,CRITICAL,True,2025-05-13T06:15:36.537000Z,2025-05-22,
REF:CVE-2025-4632:0,Reference,https://security.samsungtv.com/securityUpdates#SVP-MAY-2025,,,,,,,,https://security.samsungtv.com/securityUpdates#SVP-MAY-2025
REF:CVE-2025-4632:1,Reference,https://www.cisa.gov/known-exploited-vulnerabilities-catalog?field_cve=CVE-2025-4632,,,,,,,,https://www.cisa.gov/known-exploited-vulnerabilities-catalog?field_cve=CVE-2025-4632
CVE:CVE-2025-30400,CVE,CVE-2025-30400,59129,0.488000,HIGH,HIGH,True,2025-05-13T17:16:02.537000Z,2025-05-13,
REF:CVE-2025-30400:0,Reference,https://msrc.microsoft.com/update-guide/vulnerability/CVE-2025-30400,,,,,,,,https://msrc.microsoft.com/update-guide/vulnerability/CVE-2025-30400
REF:CVE-2025-30400:1,Reference,https://www.cisa.gov/known-exploited-vulnerabilities-catalog?field_cve=CVE-2025-30400,,,,,,,,https://www.cisa.gov/known-exploited-vulnerabilities-catalog?field_cve=CVE-2025-30400
CVE:CVE-2025-38352,CVE,CVE-2025-38352,68152,0.488000,HIGH,HIGH,True,2025-07-22T08:15:23.577000Z,2025-09-04,
CWE:CWE-367,CWE,CWE-367,,,,,,,,
CPE:cpe:2.3:o:linux:linux_kernel:6.16:rc1:*:*:*:*:*:*,CPE,cpe:2.3:o:linux:linux_kernel:6.16:rc1:*:*:*:*:*:*,,,,,,,,
REF:CVE-2025-38352:0,Reference,https://git.kernel.org/stable/c/2c72fe18cc5f9f1750f5bc148cf1c94c29e106ff,,,,,,,,https://git.kernel.org/stable/c/2c72fe18cc5f9f1750f5bc148cf1c94c29e106ff
REF:CVE-2025-38352:1,Reference,https://git.kernel.org/stable/c/2f3daa04a9328220de46f0d5c919a6c0073a9f0b,,,,,,,,https://git.kernel.org/stable/c/2f3daa04a9328220de46f0d5c919a6c0073a9f0b
REF:CVE-2025-38352:2,Reference,https://git.kernel.org/stable/c/460188bc042a3f40f72d34b9f7fc6ee66b0b757b,,,,,,,,https://git.kernel.org/stable/c/460188bc042a3f40f72d34b9f7fc6ee66b0b757b
REF:CVE-2025-38352:3,Reference,https://git.kernel.org/stable/c/764a7a5dfda23f69919441f2eac2a83e7db6e5bb,,,,,,,,https://git.kernel.org/stable/c/764a7a5dfda23f69919441f2eac2a83e7db6e5bb
REF:CVE-2025-38352:4,Reference,https://git.kernel.org/stable/c/78a4b8e3795b31dae58762bc091bb0f4f74a2200,,,,,,,,https://git.kernel.org/stable/c/78a4b8e3795b31dae58762bc091bb0f4f74a2200
REF:CVE-2025-38352:5,Reference,https://git.kernel.org/stable/c/c076635b3a42771ace7d276de8dc3bc76ee2ba1b,,,,,,,,https://git.kernel.org/stable/c/c076635b3a42771ace7d276de8dc3bc76ee2ba1b
REF:CVE-2025-38352:6,Reference,https://git.kernel.org/stable/c/c29d5318708e67ac13c1b6fc1007d179fb65b4d7,,,,,,,,https://git.kernel.org/stable/c/c29d5318708e67ac13c1b6fc1007d179fb65b4d7
REF:CVE-2025-38352:7,Reference,https://git.kernel.org/stable/c/f90fff1e152dedf52b932240ebbd670d83330eca,,,,,,,,https://git.kernel.org/stable/c/f90fff1e152dedf52b932240ebbd670d83330eca
REF:CVE-2025-38352:8,Reference,https://github.com/farazsth98/chronomaly,,,,,,,,https://github.com/farazsth98/chronomaly
REF:CVE-2025-38352:9,Reference,https://lists.debian.org/debian-lts-announce/2025/10/msg00007.html,,,,,,,,https://lists.debian.org/debian-lts-announce/2025/10/msg00007.html
REF:CVE-2025-38352:10,Reference,https://lists.debian.org/debian-lts-announce/2025/10/msg00008.html,,,,,,,,https://lists.debian.org/debian-lts-announce/2025/10/msg00008.html
REF:CVE-2025-38352:11,Reference,https://www.cisa.gov/known-exploited-vulnerabilities-catalog?field_cve=CVE-2025-38352,,,,,,,,https://www.cisa.gov/known-exploited-vulnerabilities-catalog?field_cve=CVE-2025-38352
CVE:CVE-2026-33825,CVE,CVE-2026-33825,109976,0.488000,HIGH,HIGH,True,2026-04-14T18:17:35.100000Z,2026-04-22,
CWE:CWE-1220,CWE,CWE-1220,,,,,,,,
CPE:cpe:2.3:a:microsoft:defender_antimalware_platform:*:*:*:*:*:*:*:*,CPE,cpe:2.3:a:microsoft:defender_antimalware_platform:*:*:*:*:*:*:*:*,,,,,,,,
REF:CVE-2026-33825:0,Reference,https://msrc.microsoft.com/update-guide/vulnerability/CVE-2026-33825,,,,,,,,https://msrc.microsoft.com/update-guide/vulnerability/CVE-2026-33825
REF:CVE-2026-33825:1,Reference,https://www.cisa.gov/known-exploited-vulnerabilities-catalog?field_cve=CVE-2026-33825,,,,,,,,https://www.cisa.gov/known-exploited-vulnerabilities-catalog?field_cve=CVE-2026-33825
REF:CVE-2026-33825:2,Reference,https://www.huntress.com/blog/nightmare-eclipse-intrusion,,,,,,,,https://www.huntress.com/blog/nightmare-eclipse-intrusion
CVE:CVE-2026-15409,CVE,CVE-2026-15409,131419,0.488000,HIGH,CRITICAL,True,2026-07-14T20:16:56.783000Z,2026-07-14,
CPE:cpe:2.3:a:sonicwall:sma8200v:-:*:*:*:*:*:*:*,CPE,cpe:2.3:a:sonicwall:sma8200v:-:*:*:*:*:*:*:*,,,,,,,,
CPE:cpe:2.3:a:sonicwall:sma8200v:12.4.3-03245:*:*:*:*:*:*:*,CPE,cpe:2.3:a:sonicwall:sma8200v:12.4.3-03245:*:*:*:*:*:*:*,,,,,,,,
CPE:cpe:2.3:a:sonicwall:sma8200v:12.4.3-03387:*:*:*:*:*:*:*,CPE,cpe:2.3:a:sonicwall:sma8200v:12.4.3-03387:*:*:*:*:*:*:*,,,,,,,,
CPE:cpe:2.3:a:sonicwall:sma8200v:12.4.3-03434:*:*:*:*:*:*:*,CPE,cpe:2.3:a:sonicwall:sma8200v:12.4.3-03434:*:*:*:*:*:*:*,,,,,,,,
CPE:cpe:2.3:a:sonicwall:sma8200v:12.5.0-02283:*:*:*:*:*:*:*,CPE,cpe:2.3:a:sonicwall:sma8200v:12.5.0-02283:*:*:*:*:*:*:*,,,,,,,,
CPE:cpe:2.3:a:sonicwall:sma8200v:12.5.0-02624:*:*:*:*:*:*:*,CPE,cpe:2.3:a:sonicwall:sma8200v:12.5.0-02624:*:*:*:*:*:*:*,,,,,,,,
CPE:cpe:2.3:a:sonicwall:sma8200v:12.5.0-02800:*:*:*:*:*:*:*,CPE,cpe:2.3:a:sonicwall:sma8200v:12.5.0-02800:*:*:*:*:*:*:*,,,,,,,,
CPE:cpe:2.3:o:sonicwall:sma6210_firmware:12.4.3-03245:*:*:*:*:*:*:*,CPE,cpe:2.3:o:sonicwall:sma6210_firmware:12.4.3-03245:*:*:*:*:*:*:*,,,,,,,,
CPE:cpe:2.3:o:sonicwall:sma6210_firmware:12.4.3-03387:*:*:*:*:*:*:*,CPE,cpe:2.3:o:sonicwall:sma6210_firmware:12.4.3-03387:*:*:*:*:*:*:*,,,,,,,,
CPE:cpe:2.3:o:sonicwall:sma6210_firmware:12.4.3-03434:*:*:*:*:*:*:*,CPE,cpe:2.3:o:sonicwall:sma6210_firmware:12.4.3-03434:*:*:*:*:*:*:*,,,,,,,,
CPE:cpe:2.3:o:sonicwall:sma6210_firmware:12.5.0-02283:*:*:*:*:*:*:*,CPE,cpe:2.3:o:sonicwall:sma6210_firmware:12.5.0-02283:*:*:*:*:*:*:*,,,,,,,,
CPE:cpe:2.3:o:sonicwall:sma6210_firmware:12.5.0-02624:*:*:*:*:*:*:*,CPE,cpe:2.3:o:sonicwall:sma6210_firmware:12.5.0-02624:*:*:*:*:*:*:*,,,,,,,,
CPE:cpe:2.3:o:sonicwall:sma6210_firmware:12.5.0-02800:*:*:*:*:*:*:*,CPE,cpe:2.3:o:sonicwall:sma6210_firmware:12.5.0-02800:*:*:*:*:*:*:*,,,,,,,,
CPE:cpe:2.3:o:sonicwall:sma7210_firmware:12.4.3-03245:*:*:*:*:*:*:*,CPE,cpe:2.3:o:sonicwall:sma7210_firmware:12.4.3-03245:*:*:*:*:*:*:*,,,,,,,,
CPE:cpe:2.3:o:sonicwall:sma7210_firmware:12.4.3-03387:*:*:*:*:*:*:*,CPE,cpe:2.3:o:sonicwall:sma7210_firmware:12.4.3-03387:*:*:*:*:*:*:*,,,,,,,,
CPE:cpe:2.3:o:sonicwall:sma7210_firmware:12.4.3-03434:*:*:*:*:*:*:*,CPE,cpe:2.3:o:sonicwall:sma7210_firmware:12.4.3-03434:*:*:*:*:*:*:*,,,,,,,,
CPE:cpe:2.3:o:sonicwall:sma7210_firmware:12.5.0-02283:*:*:*:*:*:*:*,CPE,cpe:2.3:o:sonicwall:sma7210_firmware:12.5.0-02283:*:*:*:*:*:*:*,,,,,,,,
CPE:cpe:2.3:o:sonicwall:sma7210_firmware:12.5.0-02624:*:*:*:*:*:*:*,CPE,cpe:2.3:o:sonicwall:sma7210_firmware:12.5.0-02624:*:*:*:*:*:*:*,,,,,,,,
CPE:cpe:2.3:o:sonicwall:sma7210_firmware:12.5.0-02800:*:*:*:*:*:*:*,CPE,cpe:2.3:o:sonicwall:sma7210_firmware:12.5.0-02800:*:*:*:*:*:*:*,,,,,,,,
REF:CVE-2026-15409:0,Reference,https://psirt.global.sonicwall.com/vuln-detail/SNWLID-2026-0008,,,,,,,,https://psirt.global.sonicwall.com/vuln-detail/SNWLID-2026-0008
REF:CVE-2026-15409:1,Reference,https://www.cisa.gov/known-exploited-vulnerabilities-catalog?field_cve=CVE-2026-15409,,,,,,,,https://www.cisa.gov/known-exploited-vulnerabilities-catalog?field_cve=CVE-2026-15409
CVE:CVE-2026-81963,CVE,CVE-2026-81963,153809,0.488000,HIGH,HIGH,True,2026-09-08T18:21:00.090000Z,2026-09-08,
CWE:CWE-59,CWE,CWE-59,,,,,,,,
CPE:cpe:2.3:o:microsoft:windows_11_26h1:*:*:*:*:*:*:arm64:*,CPE,cpe:2.3:o:microsoft:windows_11_26h1:*:*:*:*:*:*:arm64:*,,,,,,,,
CPE:cpe:2.3:o:microsoft:windows_11_26h1:*:*:*:*:*:*:x64:*,CPE,cpe:2.3:o:microsoft:windows_11_26h1:*:*:*:*:*:*:x64:*,,,,,,,,
REF:CVE-2026-81963:0,Reference,https://msrc.microsoft.com/update-guide/vulnerability/CVE-2026-81963,,,,,,,,https://msrc.microsoft.com/update-guide/vulnerability/CVE-2026-81963
REF:CVE-2026-81963:1,Reference,https://www.cisa.gov/known-exploited-vulnerabilities-catalog?field_cve=CVE-2026-81963,,,,,,,,https://www.cisa.gov/known-exploited-vulnerabilities-catalog?field_cve=CVE-2026-81963
CVE:CVE-2024-21410,CVE,CVE-2024-21410,3764,0.486000,HIGH,CRITICAL,True,2024-02-13T18:15:59.680000Z,2024-02-15,
CPE:cpe:2.3:a:microsoft:exchange_server:2016:cumulative_update_23:*:*:*:*:*:*,CPE,cpe:2.3:a:microsoft:exchange_server:2016:cumulative_update_23:*:*:*:*:*:*,,,,,,,,
CPE:cpe:2.3:a:microsoft:exchange_server:2019:cumulative_update_13:*:*:*:*:*:*,CPE,cpe:2.3:a:microsoft:exchange_server:2019:cumulative_update_13:*:*:*:*:*:*,,,,,,,,
CPE:cpe:2.3:a:microsoft:exchange_server:2019:cumulative_update_14:*:*:*:*:*:*,CPE,cpe:2.3:a:microsoft:exchange_server:2019:cumulative_update_14:*:*:*:*:*:*,,,,,,,,
REF:CVE-2024-21410:0,Reference,https://msrc.microsoft.com/update-guide/vulnerability/CVE-2024-21410,,,,,,,,https://msrc.microsoft.com/update-guide/vulnerability/CVE-2024-21410
REF:CVE-2024-21410:1,Reference,https://www.cisa.gov/known-exploited-vulnerabilities-catalog?field_cve=CVE-2024-21410,,,,,,,,https://www.cisa.gov/known-exploited-vulnerabilities-catalog?field_cve=CVE-2024-21410
CVE:CVE-2024-26169,CVE,CVE-2024-26169,6586,0.486000,HIGH,HIGH,True,2024-03-12T17:15:56.173000Z,2024-06-13,
CPE:cpe:2.3:o:microsoft:windows_server_2016:-:*:*:*:*:*:*:*,CPE,cpe:2.3:o:microsoft:windows_server_2016:-:*:*:*:*:*:*:*,,,,,,,,
REF:CVE-2024-26169:0,Reference,https://msrc.microsoft.com/update-guide/vulnerability/CVE-2024-26169,,,,,,,,https://msrc.microsoft.com/update-guide/vulnerability/CVE-2024-26169
REF:CVE-2024-26169:1,Reference,https://www.cisa.gov/known-exploited-vulnerabilities-catalog?field_cve=CVE-2024-26169,,,,,,,,https://www.cisa.gov/known-exploited-vulnerabilities-catalog?field_cve=CVE-2024-26169
CVE:CVE-2024-4040,CVE,CVE-2024-4040,11901,0.486000,HIGH,CRITICAL,True,2024-04-22T20:15:07.803000Z,2024-04-24,
CWE:CWE-1336,CWE,CWE-1336,,,,,,,,
REF:CVE-2024-4040:0,Reference,https://github.com/airbus-cert/CVE-2024-4040,,,,,,,,https://github.com/airbus-cert/CVE-2024-4040
REF:CVE-2024-4040:1,Reference,https://www.bleepingcomputer.com/news/security/crushftp-warns-users-to-patch-exploited-zero-day-immediately/,,,,,,,,https://www.bleepingcomputer.com/news/security/crushftp-warns-users-to-patch-exploited-zero-day-immediately/
REF:CVE-2024-4040:2,Reference,https://www.cisa.gov/known-exploited-vulnerabilities-catalog?field_cve=CVE-2024-4040,,,,,,,,https://www.cisa.gov/known-exploited-vulnerabilities-catalog?field_cve=CVE-2024-4040
REF:CVE-2024-4040:3,Reference,https://www.crushftp.com/crush10wiki/Wiki.jsp?page=Update,,,,,,,,https://www.crushftp.com/crush10wiki/Wiki.jsp?page=Update
REF:CVE-2024-4040:4,Reference,https://www.crushftp.com/crush11wiki/Wiki.jsp?page=Update,,,,,,,,https://www.crushftp.com/crush11wiki/Wiki.jsp?page=Update
REF:CVE-2024-4040:5,Reference,https://www.rapid7.com/blog/post/2024/04/23/etr-unauthenticated-crushftp-zero-day-enables-complete-server-compromise/,,,,,,,,https://www.rapid7.com/blog/post/2024/04/23/etr-unauthenticated-crushftp-zero-day-enables-complete-server-compromise/
REF:CVE-2024-4040:6,Reference,https://www.reddit.com/r/crowdstrike/comments/1c88788/situational_awareness_20240419_crushftp_virtual/,,,,,,,,https://www.reddit.com/r/crowdstrike/comments/1c88788/situational_awareness_20240419_crushftp_virtual/
REF:CVE-2024-4040:7,Reference,https://www.reddit.com/r/cybersecurity/comments/1c850i2/all_versions_of_crush_ftp_are_vulnerable/,,,,,,,,https://www.reddit.com/r/cybersecurity/comments/1c850i2/all_versions_of_crush_ftp_are_vulnerable/
CVE:CVE-2024-38193,CVE,CVE-2024-38193,25235,0.486000,HIGH,HIGH,True,2024-08-13T18:15:28.230000Z,2024-08-13,
CPE:cpe:2.3:o:microsoft:windows_server_2008:-:sp2:*:*:*:*:*:*,CPE,cpe:2.3:o:microsoft:windows_server_2008:-:sp2:*:*:*:*:*:*,,,,,,,,
REF:CVE-2024-38193:0,Reference,https://msrc.microsoft.com/update-guide/vulnerability/CVE-2024-38193,,,,,,,,https://msrc.microsoft.com/update-guide/vulnerability/CVE-2024-38193
REF:CVE-2024-38193:1,Reference,https://www.cisa.gov/known-exploited-vulnerabilities-catalog?field_cve=CVE-2024-38193,,,,,,,,https://www.cisa.gov/known-exploited-vulnerabilities-catalog?field_cve=CVE-2024-38193
REF:CVE-2024-38193:2,Reference,https://www.exploit-db.com/exploits/52284,,,,,,,,https://www.exploit-db.com/exploits/52284
CVE:CVE-2025-48927,CVE,CVE-2025-48927,61116,0.486000,HIGH,MEDIUM,True,2025-05-28T17:15:24.837000Z,2025-07-01,
CWE:CWE-1188,CWE,CWE-1188,,,,,,,,
CPE:cpe:2.3:a:smarsh:telemessage:-:*:*:*:*:*:*:*,CPE,cpe:2.3:a:smarsh:telemessage:-:*:*:*:*:*:*:*,,,,,,,,
REF:CVE-2025-48927:0,Reference,https://www.cisa.gov/known-exploited-vulnerabilities-catalog?field_cve=CVE-2025-48927,,,,,,,,https://www.cisa.gov/known-exploited-vulnerabilities-catalog?field_cve=CVE-2025-48927
REF:CVE-2025-48927:1,Reference,https://www.wired.com/story/how-the-signal-knock-off-app-telemessage-got-hacked-in-20-minutes/,,,,,,,,https://www.wired.com/story/how-the-signal-knock-off-app-telemessage-got-hacked-in-20-minutes/
CVE:CVE-2025-49113,CVE,CVE-2025-49113,61561,0.486000,HIGH,CRITICAL,True,2025-06-02T05:15:53.420000Z,2026-02-20,
REF:CVE-2025-49113:0,Reference,http://www.openwall.com/lists/oss-security/2025/06/02/3,,,,,,,,http://www.openwall.com/lists/oss-security/2025/06/02/3
REF:CVE-2025-49113:1,Reference,https://fearsoff.org/research/roundcube,,,,,,,,https://fearsoff.org/research/roundcube
REF:CVE-2025-49113:2,Reference,https://github.com/roundcube/roundcubemail/commit/0376f69e958a8fef7f6f09e352c541b4e7729c4d,,,,,,,,https://github.com/roundcube/roundcubemail/commit/0376f69e958a8fef7f6f09e352c541b4e7729c4d
REF:CVE-2025-49113:3,Reference,https://github.com/roundcube/roundcubemail/commit/7408f31379666124a39f9cb1018f62bc5e2dc695,,,,,,,,https://github.com/roundcube/roundcubemail/commit/7408f31379666124a39f9cb1018f62bc5e2dc695
REF:CVE-2025-49113:4,Reference,https://github.com/roundcube/roundcubemail/commit/c50a07d88ca38f018a0f4a0b008e9a1deb32637e,,,,,,,,https://github.com/roundcube/roundcubemail/commit/c50a07d88ca38f018a0f4a0b008e9a1deb32637e
REF:CVE-2025-49113:5,Reference,https://github.com/roundcube/roundcubemail/pull/9865,,,,,,,,https://github.com/roundcube/roundcubemail/pull/9865
REF:CVE-2025-49113:6,Reference,https://github.com/roundcube/roundcubemail/releases/tag/1.5.10,,,,,,,,https://github.com/roundcube/roundcubemail/releases/tag/1.5.10
REF:CVE-2025-49113:7,Reference,https://github.com/roundcube/roundcubemail/releases/tag/1.6.11,,,,,,,,https://github.com/roundcube/roundcubemail/releases/tag/1.6.11
REF:CVE-2025-49113:8,Reference,https://lists.debian.org/debian-lts-announce/2025/06/msg00008.html,,,,,,,,https://lists.debian.org/debian-lts-announce/2025/06/msg00008.html
REF:CVE-2025-49113:9,Reference,https://roundcube.net/news/2025/06/01/security-updates-1.6.11-and-1.5.10,,,,,,,,https://roundcube.net/news/2025/06/01/security-updates-1.6.11-and-1.5.10
REF:CVE-2025-49113:10,Reference,https://www.cisa.gov/known-exploited-vulnerabilities-catalog?field_cve=CVE-2025-49113,,,,,,,,https://www.cisa.gov/known-exploited-vulnerabilities-catalog?field_cve=CVE-2025-49113
REF:CVE-2025-49113:11,Reference,https://www.vicarius.io/vsociety/posts/cve-2025-49113-roundcube-mitigation-script,,,,,,,,https://www.vicarius.io/vsociety/posts/cve-2025-49113-roundcube-mitigation-script
REF:CVE-2025-49113:12,Reference,https://www.vicarius.io/vsociety/posts/cve-2025-49113-roundcube-vulnerability-detection,,,,,,,,https://www.vicarius.io/vsociety/posts/cve-2025-49113-roundcube-vulnerability-detection
CVE:CVE-2026-1603,CVE,CVE-2026-1603,97324,0.486000,HIGH,HIGH,True,2026-02-10T16:16:10.540000Z,2026-03-09,
CPE:cpe:2.3:a:ivanti:endpoint_manager:*:*:*:*:*:*:*:*,CPE,cpe:2.3:a:ivanti:endpoint_manager:*:*:*:*:*:*:*:*,,,,,,,,
CPE:cpe:2.3:a:ivanti:endpoint_manager:2024:su1:*:*:*:*:*:*,CPE,cpe:2.3:a:ivanti:endpoint_manager:2024:su1:*:*:*:*:*:*,,,,,,,,
CPE:cpe:2.3:a:ivanti:endpoint_manager:2024:su2:*:*:*:*:*:*,CPE,cpe:2.3:a:ivanti:endpoint_manager:2024:su2:*:*:*:*:*:*,,,,,,,,
CPE:cpe:2.3:a:ivanti:endpoint_manager:2024:su3:*:*:*:*:*:*,CPE,cpe:2.3:a:ivanti:endpoint_manager:2024:su3:*:*:*:*:*:*,,,,,,,,
CPE:cpe:2.3:a:ivanti:endpoint_manager:2024:su3_security_release_1:*:*:*:*:*:*,CPE,cpe:2.3:a:ivanti:endpoint_manager:2024:su3_security_release_1:*:*:*:*:*:*,,,,,,,,
CPE:cpe:2.3:a:ivanti:endpoint_manager:2024:su4:*:*:*:*:*:*,CPE,cpe:2.3:a:ivanti:endpoint_manager:2024:su4:*:*:*:*:*:*,,,,,,,,
CPE:cpe:2.3:a:ivanti:endpoint_manager:2024:su4_security_release_1:*:*:*:*:*:*,CPE,cpe:2.3:a:ivanti:endpoint_manager:2024:su4_security_release_1:*:*:*:*:*:*,,,,,,,,
REF:CVE-2026-1603:0,Reference,https://hub.ivanti.com/s/article/Security-Advisory-EPM-February-2026-for-EPM-2024?language=en_US,,,,,,,,https://hub.ivanti.com/s/article/Security-Advisory-EPM-February-2026-for-EPM-2024?language=en_US
REF:CVE-2026-1603:1,Reference,https://www.cisa.gov/known-exploited-vulnerabilities-catalog?field_cve=CVE-2026-1603,,,,,,,,https://www.cisa.gov/known-exploited-vulnerabilities-catalog?field_cve=CVE-2026-1603
CVE:CVE-2024-1709,CVE,CVE-2024-1709,4504,0.484000,HIGH,CRITICAL,True,2024-02-21T16:15:50.420000Z,2024-02-22,
CPE:cpe:2.3:a:connectwise:screenconnect:*:*:*:*:*:*:*:*,CPE,cpe:2.3:a:connectwise:screenconnect:*:*:*:*:*:*:*:*,,,,,,,,
REF:CVE-2024-1709:0,Reference,https://github.com/rapid7/metasploit-framework/pull/18870,,,,,,,,https://github.com/rapid7/metasploit-framework/pull/18870
REF:CVE-2024-1709:1,Reference,https://github.com/watchtowrlabs/connectwise-screenconnect_auth-bypass-add-user-poc,,,,,,,,https://github.com/watchtowrlabs/connectwise-screenconnect_auth-bypass-add-user-poc
REF:CVE-2024-1709:2,Reference,https://techcrunch.com/2024/02/21/researchers-warn-high-risk-connectwise-flaw-under-attack-is-embarrassingly-easy-to-exploit/,,,,,,,,https://techcrunch.com/2024/02/21/researchers-warn-high-risk-connectwise-flaw-under-attack-is-embarrassingly-easy-to-exploit/
REF:CVE-2024-1709:3,Reference,https://www.bleepingcomputer.com/news/security/connectwise-urges-screenconnect-admins-to-patch-critical-rce-flaw/,,,,,,,,https://www.bleepingcomputer.com/news/security/connectwise-urges-screenconnect-admins-to-patch-critical-rce-flaw/
REF:CVE-2024-1709:4,Reference,https://www.cisa.gov/known-exploited-vulnerabilities-catalog?field_cve=CVE-2024-1709,,,,,,,,https://www.cisa.gov/known-exploited-vulnerabilities-catalog?field_cve=CVE-2024-1709
REF:CVE-2024-1709:5,Reference,https://www.connectwise.com/company/trust/security-bulletins/connectwise-screenconnect-23.9.8,,,,,,,,https://www.connectwise.com/company/trust/security-bulletins/connectwise-screenconnect-23.9.8
REF:CVE-2024-1709:6,Reference,https://www.horizon3.ai/attack-research/red-team/connectwise-screenconnect-auth-bypass-deep-dive/,,,,,,,,https://www.horizon3.ai/attack-research/red-team/connectwise-screenconnect-auth-bypass-deep-dive/
REF:CVE-2024-1709:7,Reference,https://www.huntress.com/blog/a-catastrophe-for-control-understanding-the-screenconnect-authentication-bypass,,,,,,,,https://www.huntress.com/blog/a-catastrophe-for-control-understanding-the-screenconnect-authentication-bypass
REF:CVE-2024-1709:8,Reference,https://www.huntress.com/blog/detection-guidance-for-connectwise-cwe-288-2,,,,,,,,https://www.huntress.com/blog/detection-guidance-for-connectwise-cwe-288-2
REF:CVE-2024-1709:9,Reference,https://www.huntress.com/blog/vulnerability-reproduced-immediately-patch-screenconnect-23-9-8,,,,,,,,https://www.huntress.com/blog/vulnerability-reproduced-immediately-patch-screenconnect-23-9-8
REF:CVE-2024-1709:10,Reference,https://www.securityweek.com/connectwise-confirms-screenconnect-flaw-under-active-exploitation/,,,,,,,,https://www.securityweek.com/connectwise-confirms-screenconnect-flaw-under-active-exploitation/
CVE:CVE-2024-4761,CVE,CVE-2024-4761,15186,0.484000,HIGH,HIGH,True,2024-05-14T16:17:35.810000Z,2024-05-16,
REF:CVE-2024-4761:0,Reference,https://chromereleases.googleblog.com/2024/05/stable-channel-update-for-desktop_13.html,,,,,,,,https://chromereleases.googleblog.com/2024/05/stable-channel-update-for-desktop_13.html
REF:CVE-2024-4761:1,Reference,https://issues.chromium.org/issues/339458194,,,,,,,,https://issues.chromium.org/issues/339458194
REF:CVE-2024-4761:2,Reference,https://lists.fedoraproject.org/archives/list/package-announce@lists.fedoraproject.org/message/6G7EYH2JAK5OJPVNC6AXYQ5K7YGYNCDN/,,,,,,,,https://lists.fedoraproject.org/archives/list/package-announce@lists.fedoraproject.org/message/6G7EYH2JAK5OJPVNC6AXYQ5K7YGYNCDN/
REF:CVE-2024-4761:3,Reference,https://lists.fedoraproject.org/archives/list/package-announce@lists.fedoraproject.org/message/NTSN22LNYXMWHVTYNOYQVOY7VDZFHENQ/,,,,,,,,https://lists.fedoraproject.org/archives/list/package-announce@lists.fedoraproject.org/message/NTSN22LNYXMWHVTYNOYQVOY7VDZFHENQ/
REF:CVE-2024-4761:4,Reference,https://lists.fedoraproject.org/archives/list/package-announce@lists.fedoraproject.org/message/WSUWM73ZCXTN62AT2REYQDD5ZKPFMDZD/,,,,,,,,https://lists.fedoraproject.org/archives/list/package-announce@lists.fedoraproject.org/message/WSUWM73ZCXTN62AT2REYQDD5ZKPFMDZD/
REF:CVE-2024-4761:5,Reference,https://www.cisa.gov/known-exploited-vulnerabilities-catalog?field_cve=CVE-2024-4761,,,,,,,,https://www.cisa.gov/known-exploited-vulnerabilities-catalog?field_cve=CVE-2024-4761
CVE:CVE-2024-53197,CVE,CVE-2024-53197,40207,0.484000,HIGH,HIGH,True,2024-12-27T14:15:27.383000Z,2025-04-09,
REF:CVE-2024-53197:0,Reference,https://git.kernel.org/stable/c/0b4ea4bfe16566b84645ded1403756a2dc4e0f19,,,,,,,,https://git.kernel.org/stable/c/0b4ea4bfe16566b84645ded1403756a2dc4e0f19
REF:CVE-2024-53197:1,Reference,https://git.kernel.org/stable/c/379d3b9799d9da953391e973b934764f01e03960,,,,,,,,https://git.kernel.org/stable/c/379d3b9799d9da953391e973b934764f01e03960
REF:CVE-2024-53197:2,Reference,https://git.kernel.org/stable/c/62dc01c83fa71e10446ee4c31e0e3d5d1291e865,,,,,,,,https://git.kernel.org/stable/c/62dc01c83fa71e10446ee4c31e0e3d5d1291e865
REF:CVE-2024-53197:3,Reference,https://git.kernel.org/stable/c/920a369a9f014f10ec282fd298d0666129379f1b,,,,,,,,https://git.kernel.org/stable/c/920a369a9f014f10ec282fd298d0666129379f1b
REF:CVE-2024-53197:4,Reference,https://git.kernel.org/stable/c/9887d859cd60727432a01564e8f91302d361b72b,,,,,,,,https://git.kernel.org/stable/c/9887d859cd60727432a01564e8f91302d361b72b
REF:CVE-2024-53197:5,Reference,https://git.kernel.org/stable/c/9b8460a2a7ce478e0b625af7c56d444dc24190f7,,,,,,,,https://git.kernel.org/stable/c/9b8460a2a7ce478e0b625af7c56d444dc24190f7
REF:CVE-2024-53197:6,Reference,https://git.kernel.org/stable/c/b521b53ac6eb04e41c03f46f7fe452e4d8e9bcca,,,,,,,,https://git.kernel.org/stable/c/b521b53ac6eb04e41c03f46f7fe452e4d8e9bcca
REF:CVE-2024-53197:7,Reference,https://git.kernel.org/stable/c/b8f8b81dabe52b413fe9e062e8a852c48dd0680d,,,,,,,,https://git.kernel.org/stable/c/b8f8b81dabe52b413fe9e062e8a852c48dd0680d
REF:CVE-2024-53197:8,Reference,https://git.kernel.org/stable/c/b909df18ce2a998afef81d58bbd1a05dc0788c40,,,,,,,,https://git.kernel.org/stable/c/b909df18ce2a998afef81d58bbd1a05dc0788c40
REF:CVE-2024-53197:9,Reference,https://lists.debian.org/debian-lts-announce/2025/03/msg00001.html,,,,,,,,https://lists.debian.org/debian-lts-announce/2025/03/msg00001.html
REF:CVE-2024-53197:10,Reference,https://lists.debian.org/debian-lts-announce/2025/03/msg00002.html,,,,,,,,https://lists.debian.org/debian-lts-announce/2025/03/msg00002.html
REF:CVE-2024-53197:11,Reference,https://www.cisa.gov/known-exploited-vulnerabilities-catalog?field_cve=CVE-2024-53197,,,,,,,,https://www.cisa.gov/known-exploited-vulnerabilities-catalog?field_cve=CVE-2024-53197
CVE:CVE-2025-26399,CVE,CVE-2025-26399,76655,0.484000,HIGH,CRITICAL,True,2025-09-23T05:15:35.777000Z,2026-03-09,
CPE:cpe:2.3:a:solarwinds:web_help_desk:12.8.7:-:*:*:*:*:*:*,CPE,cpe:2.3:a:solarwinds:web_help_desk:12.8.7:-:*:*:*:*:*:*,,,,,,,,
REF:CVE-2025-26399:0,Reference,https://documentation.solarwinds.com/en/success_center/whd/content/release_notes/whd_12-8-7-hotfix-1_release_notes.htm,,,,,,,,https://documentation.solarwinds.com/en/success_center/whd/content/release_notes/whd_12-8-7-hotfix-1_release_notes.htm
REF:CVE-2025-26399:1,Reference,https://www.cisa.gov/known-exploited-vulnerabilities-catalog?field_cve=CVE-2025-26399,,,,,,,,https://www.cisa.gov/known-exploited-vulnerabilities-catalog?field_cve=CVE-2025-26399
REF:CVE-2025-26399:2,Reference,https://www.microsoft.com/en-us/security/blog/2026/02/06/active-exploitation-solarwinds-web-help-desk/,,,,,,,,https://www.microsoft.com/en-us/security/blog/2026/02/06/active-exploitation-solarwinds-web-help-desk/
REF:CVE-2025-26399:3,Reference,https://www.solarwinds.com/trust-center/security-advisories/CVE-2025-26399,,,,,,,,https://www.solarwinds.com/trust-center/security-advisories/CVE-2025-26399
CVE:CVE-2025-31200,CVE,CVE-2025-31200,55828,0.482000,HIGH,CRITICAL,True,2025-04-16T19:15:54.540000Z,2025-04-17,
REF:CVE-2025-31200:0,Reference,http://seclists.org/fulldisclosure/2025/Apr/26,,,,,,,,http://seclists.org/fulldisclosure/2025/Apr/26
REF:CVE-2025-31200:1,Reference,http://seclists.org/fulldisclosure/2025/Jun/14,,,,,,,,http://seclists.org/fulldisclosure/2025/Jun/14
REF:CVE-2025-31200:2,Reference,http://seclists.org/fulldisclosure/2025/May/10,,,,,,,,http://seclists.org/fulldisclosure/2025/May/10
REF:CVE-2025-31200:3,Reference,http://seclists.org/fulldisclosure/2025/Oct/0,,,,,,,,http://seclists.org/fulldisclosure/2025/Oct/0
REF:CVE-2025-31200:4,Reference,http://seclists.org/fulldisclosure/2025/Oct/4,,,,,,,,http://seclists.org/fulldisclosure/2025/Oct/4
REF:CVE-2025-31200:5,Reference,https://blog.noahhw.dev/posts/cve-2025-31200/,,,,,,,,https://blog.noahhw.dev/posts/cve-2025-31200/
REF:CVE-2025-31200:6,Reference,https://github.com/JGoyd/iOS-Attack-Chain-CVE-2025-31200-CVE-2025-31201/blob/main/Remote%20Crypto%20Attack%20Chain%20.md,,,,,,,,https://github.com/JGoyd/iOS-Attack-Chain-CVE-2025-31200-CVE-2025-31201/blob/main/Remote%20Crypto%20Attack%20Chain%20.md
REF:CVE-2025-31200:7,Reference,https://github.com/cisagov/vulnrichment/issues/200,,,,,,,,https://github.com/cisagov/vulnrichment/issues/200
REF:CVE-2025-31200:8,Reference,https://news.ycombinator.com/item?id=44161894,,,,,,,,https://news.ycombinator.com/item?id=44161894
REF:CVE-2025-31200:9,Reference,https://support.apple.com/en-us/122282,,,,,,,,https://support.apple.com/en-us/122282
REF:CVE-2025-31200:10,Reference,https://support.apple.com/en-us/122400,,,,,,,,https://support.apple.com/en-us/122400
REF:CVE-2025-31200:11,Reference,https://support.apple.com/en-us/122401,,,,,,,,https://support.apple.com/en-us/122401
REF:CVE-2025-31200:12,Reference,https://support.apple.com/en-us/122402,,,,,,,,https://support.apple.com/en-us/122402
REF:CVE-2025-31200:13,Reference,https://support.apple.com/en-us/122722,,,,,,,,https://support.apple.com/en-us/122722
REF:CVE-2025-31200:14,Reference,https://www.cisa.gov/known-exploited-vulnerabilities-catalog?field_cve=CVE-2025-31200,,,,,,,,https://www.cisa.gov/known-exploited-vulnerabilities-catalog?field_cve=CVE-2025-31200
CVE:CVE-2025-4427,CVE,CVE-2025-4427,59057,0.482000,HIGH,MEDIUM,True,2025-05-13T16:15:32.330000Z,2025-05-19,
CPE:cpe:2.3:a:ivanti:endpoint_manager_mobile:*:*:*:*:*:*:*:*,CPE,cpe:2.3:a:ivanti:endpoint_manager_mobile:*:*:*:*:*:*:*:*,,,,,,,,
CPE:cpe:2.3:a:ivanti:endpoint_manager_mobile:12.5.0.0:*:*:*:*:*:*:*,CPE,cpe:2.3:a:ivanti:endpoint_manager_mobile:12.5.0.0:*:*:*:*:*:*:*,,,,,,,,
REF:CVE-2025-4427:0,Reference,https://forums.ivanti.com/s/article/Security-Advisory-Ivanti-Endpoint-Manager-Mobile-EPMM,,,,,,,,https://forums.ivanti.com/s/article/Security-Advisory-Ivanti-Endpoint-Manager-Mobile-EPMM
REF:CVE-2025-4427:1,Reference,https://www.cisa.gov/known-exploited-vulnerabilities-catalog?field_cve=CVE-2025-4427,,,,,,,,https://www.cisa.gov/known-exploited-vulnerabilities-catalog?field_cve=CVE-2025-4427
CVE:CVE-2025-68645,CVE,CVE-2025-68645,88988,0.482000,HIGH,HIGH,True,2025-12-22T18:16:17.070000Z,2026-01-22,
CWE:CWE-98,CWE,CWE-98,,,,,,,,
REF:CVE-2025-68645:0,Reference,https://wiki.zimbra.com/wiki/Security_Center,,,,,,,,https://wiki.zimbra.com/wiki/Security_Center
REF:CVE-2025-68645:1,Reference,https://wiki.zimbra.com/wiki/Zimbra_Responsible_Disclosure_Policy,,,,,,,,https://wiki.zimbra.com/wiki/Zimbra_Responsible_Disclosure_Policy
REF:CVE-2025-68645:2,Reference,https://www.cisa.gov/known-exploited-vulnerabilities-catalog?field_cve=CVE-2025-68645,,,,,,,,https://www.cisa.gov/known-exploited-vulnerabilities-catalog?field_cve=CVE-2025-68645
CVE:CVE-2026-22769,CVE,CVE-2026-22769,98486,0.482000,HIGH,CRITICAL,True,2026-02-17T20:22:09.800000Z,2026-02-18,
CPE:cpe:2.3:a:dell:recoverpoint_for_virtual_machines:*:*:*:*:*:*:*:*,CPE,cpe:2.3:a:dell:recoverpoint_for_virtual_machines:*:*:*:*:*:*:*:*,,,,,,,,
CPE:cpe:2.3:a:dell:recoverpoint_for_virtual_machines:6.0:-:*:*:*:*:*:*,CPE,cpe:2.3:a:dell:recoverpoint_for_virtual_machines:6.0:-:*:*:*:*:*:*,,,,,,,,
CPE:cpe:2.3:a:dell:recoverpoint_for_virtual_machines:6.0:sp1:*:*:*:*:*:*,CPE,cpe:2.3:a:dell:recoverpoint_for_virtual_machines:6.0:sp1:*:*:*:*:*:*,,,,,,,,
CPE:cpe:2.3:a:dell:recoverpoint_for_virtual_machines:6.0:sp1_p1:*:*:*:*:*:*,CPE,cpe:2.3:a:dell:recoverpoint_for_virtual_machines:6.0:sp1_p1:*:*:*:*:*:*,,,,,,,,
CPE:cpe:2.3:a:dell:recoverpoint_for_virtual_machines:6.0:sp1_p2:*:*:*:*:*:*,CPE,cpe:2.3:a:dell:recoverpoint_for_virtual_machines:6.0:sp1_p2:*:*:*:*:*:*,,,,,,,,
CPE:cpe:2.3:a:dell:recoverpoint_for_virtual_machines:6.0:sp2:*:*:*:*:*:*,CPE,cpe:2.3:a:dell:recoverpoint_for_virtual_machines:6.0:sp2:*:*:*:*:*:*,,,,,,,,
CPE:cpe:2.3:a:dell:recoverpoint_for_virtual_machines:6.0:sp2_p1:*:*:*:*:*:*,CPE,cpe:2.3:a:dell:recoverpoint_for_virtual_machines:6.0:sp2_p1:*:*:*:*:*:*,,,,,,,,
CPE:cpe:2.3:a:dell:recoverpoint_for_virtual_machines:6.0:sp3:*:*:*:*:*:*,CPE,cpe:2.3:a:dell:recoverpoint_for_virtual_machines:6.0:sp3:*:*:*:*:*:*,,,,,,,,
CPE:cpe:2.3:a:dell:recoverpoint_for_virtual_machines:6.0:sp3_p1:*:*:*:*:*:*,CPE,cpe:2.3:a:dell:recoverpoint_for_virtual_machines:6.0:sp3_p1:*:*:*:*:*:*,,,,,,,,
REF:CVE-2026-22769:0,Reference,https://cloud.google.com/blog/topics/threat-intelligence/unc6201-exploiting-dell-recoverpoint-zero-day,,,,,,,,https://cloud.google.com/blog/topics/threat-intelligence/unc6201-exploiting-dell-recoverpoint-zero-day
REF:CVE-2026-22769:1,Reference,https://www.cisa.gov/known-exploited-vulnerabilities-catalog?field_cve=CVE-2026-22769,,,,,,,,https://www.cisa.gov/known-exploited-vulnerabilities-catalog?field_cve=CVE-2026-22769
REF:CVE-2026-22769:2,Reference,https://www.dell.com/support/kbdoc/en-us/000426773/dsa-2026-079,,,,,,,,https://www.dell.com/support/kbdoc/en-us/000426773/dsa-2026-079
CVE:CVE-2024-37079,CVE,CVE-2024-37079,19734,0.480000,HIGH,CRITICAL,True,2024-06-18T06:15:11.350000Z,2026-01-23,
CPE:cpe:2.3:a:vmware:cloud_foundation:*:*:*:*:*:*:*:*,CPE,cpe:2.3:a:vmware:cloud_foundation:*:*:*:*:*:*:*:*,,,,,,,,
CPE:cpe:2.3:a:vmware:vcenter_server:7.0:-:*:*:*:*:*:*,CPE,cpe:2.3:a:vmware:vcenter_server:7.0:-:*:*:*:*:*:*,,,,,,,,
CPE:cpe:2.3:a:vmware:vcenter_server:7.0:a:*:*:*:*:*:*,CPE,cpe:2.3:a:vmware:vcenter_server:7.0:a:*:*:*:*:*:*,,,,,,,,
CPE:cpe:2.3:a:vmware:vcenter_server:7.0:b:*:*:*:*:*:*,CPE,cpe:2.3:a:vmware:vcenter_server:7.0:b:*:*:*:*:*:*,,,,,,,,
CPE:cpe:2.3:a:vmware:vcenter_server:7.0:c:*:*:*:*:*:*,CPE,cpe:2.3:a:vmware:vcenter_server:7.0:c:*:*:*:*:*:*,,,,,,,,
CPE:cpe:2.3:a:vmware:vcenter_server:7.0:d:*:*:*:*:*:*,CPE,cpe:2.3:a:vmware:vcenter_server:7.0:d:*:*:*:*:*:*,,,,,,,,
CPE:cpe:2.3:a:vmware:vcenter_server:7.0:update1:*:*:*:*:*:*,CPE,cpe:2.3:a:vmware:vcenter_server:7.0:update1:*:*:*:*:*:*,,,,,,,,
CPE:cpe:2.3:a:vmware:vcenter_server:7.0:update1a:*:*:*:*:*:*,CPE,cpe:2.3:a:vmware:vcenter_server:7.0:update1a:*:*:*:*:*:*,,,,,,,,
CPE:cpe:2.3:a:vmware:vcenter_server:7.0:update1c:*:*:*:*:*:*,CPE,cpe:2.3:a:vmware:vcenter_server:7.0:update1c:*:*:*:*:*:*,,,,,,,,
CPE:cpe:2.3:a:vmware:vcenter_server:7.0:update1d:*:*:*:*:*:*,CPE,cpe:2.3:a:vmware:vcenter_server:7.0:update1d:*:*:*:*:*:*,,,,,,,,
CPE:cpe:2.3:a:vmware:vcenter_server:7.0:update2:*:*:*:*:*:*,CPE,cpe:2.3:a:vmware:vcenter_server:7.0:update2:*:*:*:*:*:*,,,,,,,,
CPE:cpe:2.3:a:vmware:vcenter_server:7.0:update2a:*:*:*:*:*:*,CPE,cpe:2.3:a:vmware:vcenter_server:7.0:update2a:*:*:*:*:*:*,,,,,,,,
CPE:cpe:2.3:a:vmware:vcenter_server:7.0:update2b:*:*:*:*:*:*,CPE,cpe:2.3:a:vmware:vcenter_server:7.0:update2b:*:*:*:*:*:*,,,,,,,,
CPE:cpe:2.3:a:vmware:vcenter_server:7.0:update2c:*:*:*:*:*:*,CPE,cpe:2.3:a:vmware:vcenter_server:7.0:update2c:*:*:*:*:*:*,,,,,,,,
CPE:cpe:2.3:a:vmware:vcenter_server:7.0:update2d:*:*:*:*:*:*,CPE,cpe:2.3:a:vmware:vcenter_server:7.0:update2d:*:*:*:*:*:*,,,,,,,,
CPE:cpe:2.3:a:vmware:vcenter_server:7.0:update3:*:*:*:*:*:*,CPE,cpe:2.3:a:vmware:vcenter_server:7.0:update3:*:*:*:*:*:*,,,,,,,,
CPE:cpe:2.3:a:vmware:vcenter_server:7.0:update3a:*:*:*:*:*:*,CPE,cpe:2.3:a:vmware:vcenter_server:7.0:update3a:*:*:*:*:*:*,,,,,,,,
CPE:cpe:2.3:a:vmware:vcenter_server:7.0:update3c:*:*:*:*:*:*,CPE,cpe:2.3:a:vmware:vcenter_server:7.0:update3c:*:*:*:*:*:*,,,,,,,,
CPE:cpe:2.3:a:vmware:vcenter_server:7.0:update3d:*:*:*:*:*:*,CPE,cpe:2.3:a:vmware:vcenter_server:7.0:update3d:*:*:*:*:*:*,,,,,,,,
CPE:cpe:2.3:a:vmware:vcenter_server:7.0:update3e:*:*:*:*:*:*,CPE,cpe:2.3:a:vmware:vcenter_server:7.0:update3e:*:*:*:*:*:*,,,,,,,,
CPE:cpe:2.3:a:vmware:vcenter_server:7.0:update3f:*:*:*:*:*:*,CPE,cpe:2.3:a:vmware:vcenter_server:7.0:update3f:*:*:*:*:*:*,,,,,,,,
CPE:cpe:2.3:a:vmware:vcenter_server:7.0:update3g:*:*:*:*:*:*,CPE,cpe:2.3:a:vmware:vcenter_server:7.0:update3g:*:*:*:*:*:*,,,,,,,,
CPE:cpe:2.3:a:vmware:vcenter_server:7.0:update3h:*:*:*:*:*:*,CPE,cpe:2.3:a:vmware:vcenter_server:7.0:update3h:*:*:*:*:*:*,,,,,,,,
CPE:cpe:2.3:a:vmware:vcenter_server:7.0:update3i:*:*:*:*:*:*,CPE,cpe:2.3:a:vmware:vcenter_server:7.0:update3i:*:*:*:*:*:*,,,,,,,,
CPE:cpe:2.3:a:vmware:vcenter_server:7.0:update3j:*:*:*:*:*:*,CPE,cpe:2.3:a:vmware:vcenter_server:7.0:update3j:*:*:*:*:*:*,,,,,,,,
CPE:cpe:2.3:a:vmware:vcenter_server:7.0:update3k:*:*:*:*:*:*,CPE,cpe:2.3:a:vmware:vcenter_server:7.0:update3k:*:*:*:*:*:*,,,,,,,,
CPE:cpe:2.3:a:vmware:vcenter_server:7.0:update3l:*:*:*:*:*:*,CPE,cpe:2.3:a:vmware:vcenter_server:7.0:update3l:*:*:*:*:*:*,,,,,,,,
CPE:cpe:2.3:a:vmware:vcenter_server:7.0:update3m:*:*:*:*:*:*,CPE,cpe:2.3:a:vmware:vcenter_server:7.0:update3m:*:*:*:*:*:*,,,,,,,,
CPE:cpe:2.3:a:vmware:vcenter_server:7.0:update3n:*:*:*:*:*:*,CPE,cpe:2.3:a:vmware:vcenter_server:7.0:update3n:*:*:*:*:*:*,,,,,,,,
CPE:cpe:2.3:a:vmware:vcenter_server:7.0:update3o:*:*:*:*:*:*,CPE,cpe:2.3:a:vmware:vcenter_server:7.0:update3o:*:*:*:*:*:*,,,,,,,,
CPE:cpe:2.3:a:vmware:vcenter_server:7.0:update3p:*:*:*:*:*:*,CPE,cpe:2.3:a:vmware:vcenter_server:7.0:update3p:*:*:*:*:*:*,,,,,,,,
REF:CVE-2024-37079:0,Reference,https://support.broadcom.com/web/ecx/support-content-notification/-/external/content/SecurityAdvisories/0/24453,,,,,,,,https://support.broadcom.com/web/ecx/support-content-notification/-/external/content/SecurityAdvisories/0/24453
REF:CVE-2024-37079:1,Reference,https://www.cisa.gov/known-exploited-vulnerabilities-catalog?field_cve=CVE-2024-37079,,,,,,,,https://www.cisa.gov/known-exploited-vulnerabilities-catalog?field_cve=CVE-2024-37079
CVE:CVE-2024-45195,CVE,CVE-2024-45195,27249,0.480000,HIGH,HIGH,True,2024-09-04T09:15:04.397000Z,2025-02-04,
CWE:CWE-425,CWE,CWE-425,,,,,,,,
CPE:cpe:2.3:a:apache:ofbiz:*:*:*:*:*:*:*:*,CPE,cpe:2.3:a:apache:ofbiz:*:*:*:*:*:*:*:*,,,,,,,,
REF:CVE-2024-45195:0,Reference,http://www.openwall.com/lists/oss-security/2024/09/03/6,,,,,,,,http://www.openwall.com/lists/oss-security/2024/09/03/6
REF:CVE-2024-45195:1,Reference,https://issues.apache.org/jira/browse/OFBIZ-13130,,,,,,,,https://issues.apache.org/jira/browse/OFBIZ-13130
REF:CVE-2024-45195:2,Reference,https://lists.apache.org/thread/o90dd9lbk1hh3t2557t2y2qvrh92p7wy,,,,,,,,https://lists.apache.org/thread/o90dd9lbk1hh3t2557t2y2qvrh92p7wy
REF:CVE-2024-45195:3,Reference,https://ofbiz.apache.org/download.html,,,,,,,,https://ofbiz.apache.org/download.html
REF:CVE-2024-45195:4,Reference,https://ofbiz.apache.org/security.html,,,,,,,,https://ofbiz.apache.org/security.html
REF:CVE-2024-45195:5,Reference,https://www.cisa.gov/known-exploited-vulnerabilities-catalog?field_cve=CVE-2024-45195,,,,,,,,https://www.cisa.gov/known-exploited-vulnerabilities-catalog?field_cve=CVE-2024-45195
CVE:CVE-2024-9380,CVE,CVE-2024-9380,30299,0.480000,HIGH,HIGH,True,2024-10-08T17:15:56.970000Z,2024-10-09,
REF:CVE-2024-9380:0,Reference,https://forums.ivanti.com/s/article/Security-Advisory-Ivanti-CSA-Cloud-Services-Appliance-CVE-2024-9379-CVE-2024-9380-CVE-2024-9381,,,,,,,,https://forums.ivanti.com/s/article/Security-Advisory-Ivanti-CSA-Cloud-Services-Appliance-CVE-2024-9379-CVE-2024-9380-CVE-2024-9381
REF:CVE-2024-9380:1,Reference,https://www.cisa.gov/known-exploited-vulnerabilities-catalog?field_cve=CVE-2024-9380,,,,,,,,https://www.cisa.gov/known-exploited-vulnerabilities-catalog?field_cve=CVE-2024-9380
CVE:CVE-2024-57726,CVE,CVE-2024-57726,43008,0.480000,HIGH,CRITICAL,True,2025-01-15T23:15:09.520000Z,2026-04-24,
CWE:CWE-862,CWE,CWE-862,,,,,,,,
REF:CVE-2024-57726:0,Reference,https://simple-help.com/kb---security-vulnerabilities-01-2025#security-vulnerabilities-in-simplehelp-5-5-7-and-earlier,,,,,,,,https://simple-help.com/kb---security-vulnerabilities-01-2025#security-vulnerabilities-in-simplehelp-5-5-7-and-earlier
REF:CVE-2024-57726:1,Reference,https://www.cisa.gov/known-exploited-vulnerabilities-catalog?field_cve=CVE-2024-57726,,,,,,,,https://www.cisa.gov/known-exploited-vulnerabilities-catalog?field_cve=CVE-2024-57726
REF:CVE-2024-57726:2,Reference,https://www.horizon3.ai/attack-research/disclosures/critical-vulnerabilities-in-simplehelp-remote-support-software/,,,,,,,,https://www.horizon3.ai/attack-research/disclosures/critical-vulnerabilities-in-simplehelp-remote-support-software/
REF:CVE-2024-57726:3,Reference,https://www.microsoft.com/en-us/security/blog/2026/04/06/storm-1175-focuses-gaze-on-vulnerable-web-facing-assets-in-high-tempo-medusa-ransomware-operations/,,,,,,,,https://www.microsoft.com/en-us/security/blog/2026/04/06/storm-1175-focuses-gaze-on-vulnerable-web-facing-assets-in-high-tempo-medusa-ransomware-operations/
REF:CVE-2024-57726:4,Reference,https://www.trendmicro.com/vinfo/us/security/news/ransomware-spotlight/ransomware-spotlight-dragonforce,,,,,,,,https://www.trendmicro.com/vinfo/us/security/news/ransomware-spotlight/ransomware-spotlight-dragonforce
CVE:CVE-2024-57968,CVE,CVE-2024-57968,45313,0.480000,HIGH,CRITICAL,True,2025-02-03T20:15:36.550000Z,2025-03-10,
CPE:cpe:2.3:a:advantive:veracore:*:*:*:*:*:*:*:*,CPE,cpe:2.3:a:advantive:veracore:*:*:*:*:*:*:*:*,,,,,,,,
REF:CVE-2024-57968:0,Reference,https://advantive.my.site.com/support/s/article/VeraCore-Release-Notes-2024-4-2-1,,,,,,,,https://advantive.my.site.com/support/s/article/VeraCore-Release-Notes-2024-4-2-1
REF:CVE-2024-57968:1,Reference,https://intezer.com/blog/research/xe-group-exploiting-zero-days/,,,,,,,,https://intezer.com/blog/research/xe-group-exploiting-zero-days/
REF:CVE-2024-57968:2,Reference,https://www.cisa.gov/known-exploited-vulnerabilities-catalog?field_cve=CVE-2024-57968,,,,,,,,https://www.cisa.gov/known-exploited-vulnerabilities-catalog?field_cve=CVE-2024-57968
REF:CVE-2024-57968:3,Reference,https://www.solissecurity.com/en-us/insights/xe-group-from-credit-card-skimming-to-exploiting-zero-days/,,,,,,,,https://www.solissecurity.com/en-us/insights/xe-group-from-credit-card-skimming-to-exploiting-zero-days/
CVE:CVE-2025-24472,CVE,CVE-2025-24472,46156,0.480000,HIGH,HIGH,True,2025-02-11T17:15:34.867000Z,2025-03-18,
REF:CVE-2025-24472:0,Reference,https://fortiguard.fortinet.com/psirt/FG-IR-24-535,,,,,,,,https://fortiguard.fortinet.com/psirt/FG-IR-24-535
REF:CVE-2025-24472:1,Reference,https://www.cisa.gov/known-exploited-vulnerabilities-catalog?field_cve=CVE-2025-24472,,,,,,,,https://www.cisa.gov/known-exploited-vulnerabilities-catalog?field_cve=CVE-2025-24472
CVE:CVE-2025-24989,CVE,CVE-2025-24989,47239,0.480000,HIGH,HIGH,True,2025-02-19T23:15:15.167000Z,2025-02-21,
CPE:cpe:2.3:a:microsoft:power_pages:-:*:*:*:*:*:*:*,CPE,cpe:2.3:a:microsoft:power_pages:-:*:*:*:*:*:*:*,,,,,,,,
REF:CVE-2025-24989:0,Reference,https://msrc.microsoft.com/update-guide/vulnerability/CVE-2025-24989,,,,,,,,https://msrc.microsoft.com/update-guide/vulnerability/CVE-2025-24989
REF:CVE-2025-24989:1,Reference,https://www.cisa.gov/known-exploited-vulnerabilities-catalog?field_cve=CVE-2025-24989,,,,,,,,https://www.cisa.gov/known-exploited-vulnerabilities-catalog?field_cve=CVE-2025-24989
CVE:CVE-2025-31201,CVE,CVE-2025-31201,55829,0.480000,HIGH,CRITICAL,True,2025-04-16T19:15:54.673000Z,2025-04-17,
REF:CVE-2025-31201:0,Reference,http://seclists.org/fulldisclosure/2025/Apr/26,,,,,,,,http://seclists.org/fulldisclosure/2025/Apr/26
REF:CVE-2025-31201:1,Reference,http://seclists.org/fulldisclosure/2025/Jun/14,,,,,,,,http://seclists.org/fulldisclosure/2025/Jun/14
REF:CVE-2025-31201:2,Reference,http://seclists.org/fulldisclosure/2025/Oct/0,,,,,,,,http://seclists.org/fulldisclosure/2025/Oct/0
REF:CVE-2025-31201:3,Reference,http://seclists.org/fulldisclosure/2025/Oct/3,,,,,,,,http://seclists.org/fulldisclosure/2025/Oct/3
REF:CVE-2025-31201:4,Reference,http://seclists.org/fulldisclosure/2025/Oct/4,,,,,,,,http://seclists.org/fulldisclosure/2025/Oct/4
REF:CVE-2025-31201:5,Reference,https://github.com/JGoyd/iOS-Attack-Chain-CVE-2025-31200-CVE-2025-31201/blob/main/Remote%20Crypto%20Attack%20Chain%20.md,,,,,,,,https://github.com/JGoyd/iOS-Attack-Chain-CVE-2025-31200-CVE-2025-31201/blob/main/Remote%20Crypto%20Attack%20Chain%20.md
REF:CVE-2025-31201:6,Reference,https://github.com/cisagov/vulnrichment/issues/200,,,,,,,,https://github.com/cisagov/vulnrichment/issues/200
REF:CVE-2025-31201:7,Reference,https://support.apple.com/en-us/122282,,,,,,,,https://support.apple.com/en-us/122282
REF:CVE-2025-31201:8,Reference,https://support.apple.com/en-us/122400,,,,,,,,https://support.apple.com/en-us/122400
REF:CVE-2025-31201:9,Reference,https://support.apple.com/en-us/122401,,,,,,,,https://support.apple.com/en-us/122401
REF:CVE-2025-31201:10,Reference,https://support.apple.com/en-us/122402,,,,,,,,https://support.apple.com/en-us/122402
REF:CVE-2025-31201:11,Reference,https://www.cisa.gov/known-exploited-vulnerabilities-catalog?field_cve=CVE-2025-31201,,,,,,,,https://www.cisa.gov/known-exploited-vulnerabilities-catalog?field_cve=CVE-2025-31201
CVE:CVE-2026-2441,CVE,CVE-2026-2441,98098,0.480000,HIGH,HIGH,True,2026-02-13T19:17:31.310000Z,2026-02-17,
CPE:cpe:2.3:o:apple:macos:-:*:*:*:*:*:*:*,CPE,cpe:2.3:o:apple:macos:-:*:*:*:*:*:*:*,,,,,,,,
REF:CVE-2026-2441:0,Reference,https://chromereleases.googleblog.com/2026/02/stable-channel-update-for-desktop_13.html,,,,,,,,https://chromereleases.googleblog.com/2026/02/stable-channel-update-for-desktop_13.html
REF:CVE-2026-2441:1,Reference,https://github.com/huseyinstif/CVE-2026-2441-PoC/blob/main/poc.html,,,,,,,,https://github.com/huseyinstif/CVE-2026-2441-PoC/blob/main/poc.html
REF:CVE-2026-2441:2,Reference,https://issues.chromium.org/issues/483569511,,,,,,,,https://issues.chromium.org/issues/483569511
REF:CVE-2026-2441:3,Reference,https://www.cisa.gov/known-exploited-vulnerabilities-catalog?field_cve=CVE-2026-2441,,,,,,,,https://www.cisa.gov/known-exploited-vulnerabilities-catalog?field_cve=CVE-2026-2441
CVE:CVE-2026-34621,CVE,CVE-2026-34621,109377,0.480000,HIGH,HIGH,True,2026-04-11T07:16:03.633000Z,2026-04-13,
CWE:CWE-1321,CWE,CWE-1321,,,,,,,,
CPE:cpe:2.3:a:adobe:acrobat:*:*:*:*:classic:*:*:*,CPE,cpe:2.3:a:adobe:acrobat:*:*:*:*:classic:*:*:*,,,,,,,,
CPE:cpe:2.3:a:adobe:acrobat_dc:*:*:*:*:continuous:*:*:*,CPE,cpe:2.3:a:adobe:acrobat_dc:*:*:*:*:continuous:*:*:*,,,,,,,,
CPE:cpe:2.3:a:adobe:acrobat_reader_dc:*:*:*:*:continuous:*:*:*,CPE,cpe:2.3:a:adobe:acrobat_reader_dc:*:*:*:*:continuous:*:*:*,,,,,,,,
REF:CVE-2026-34621:0,Reference,https://helpx.adobe.com/security/products/acrobat/apsb26-43.html,,,,,,,,https://helpx.adobe.com/security/products/acrobat/apsb26-43.html
REF:CVE-2026-34621:1,Reference,https://www.cisa.gov/known-exploited-vulnerabilities-catalog?field_cve=CVE-2026-34621,,,,,,,,https://www.cisa.gov/known-exploited-vulnerabilities-catalog?field_cve=CVE-2026-34621
CVE:CVE-2024-21338,CVE,CVE-2024-21338,3706,0.478000,HIGH,HIGH,True,2024-02-13T18:15:49.083000Z,2024-03-04,
REF:CVE-2024-21338:0,Reference,https://decoded.avast.io/janvojtesek/lazarus-and-the-fudmodule-rootkit-beyond-byovd-with-an-admin-to-kernel-zero-day/,,,,,,,,https://decoded.avast.io/janvojtesek/lazarus-and-the-fudmodule-rootkit-beyond-byovd-with-an-admin-to-kernel-zero-day/
REF:CVE-2024-21338:1,Reference,https://msrc.microsoft.com/update-guide/vulnerability/CVE-2024-21338,,,,,,,,https://msrc.microsoft.com/update-guide/vulnerability/CVE-2024-21338
REF:CVE-2024-21338:2,Reference,https://packetstorm.news/files/id/190586/,,,,,,,,https://packetstorm.news/files/id/190586/
REF:CVE-2024-21338:3,Reference,https://www.cisa.gov/known-exploited-vulnerabilities-catalog?field_cve=CVE-2024-21338,,,,,,,,https://www.cisa.gov/known-exploited-vulnerabilities-catalog?field_cve=CVE-2024-21338
REF:CVE-2024-21338:4,Reference,https://www.exploit-db.com/exploits/52275,,,,,,,,https://www.exploit-db.com/exploits/52275
CVE:CVE-2024-29745,CVE,CVE-2024-29745,9626,0.478000,HIGH,MEDIUM,True,2024-04-05T20:15:08.253000Z,2024-04-04,
CPE:cpe:2.3:o:google:android:-:*:*:*:*:*:*:*,CPE,cpe:2.3:o:google:android:-:*:*:*:*:*:*:*,,,,,,,,
REF:CVE-2024-29745:0,Reference,https://source.android.com/security/bulletin/pixel/2024-04-01,,,,,,,,https://source.android.com/security/bulletin/pixel/2024-04-01
REF:CVE-2024-29745:1,Reference,https://twitter.com/GrapheneOS/status/1775306481622995226,,,,,,,,https://twitter.com/GrapheneOS/status/1775306481622995226
REF:CVE-2024-29745:2,Reference,https://www.cisa.gov/known-exploited-vulnerabilities-catalog?field_cve=CVE-2024-29745,,,,,,,,https://www.cisa.gov/known-exploited-vulnerabilities-catalog?field_cve=CVE-2024-29745
CVE:CVE-2024-38226,CVE,CVE-2024-38226,27805,0.478000,HIGH,HIGH,True,2024-09-10T17:15:25.267000Z,2024-09-10,
CPE:cpe:2.3:a:microsoft:office_2019:-:*:*:*:*:*:x64:*,CPE,cpe:2.3:a:microsoft:office_2019:-:*:*:*:*:*:x64:*,,,,,,,,
CPE:cpe:2.3:a:microsoft:office_2019:-:*:*:*:*:*:x86:*,CPE,cpe:2.3:a:microsoft:office_2019:-:*:*:*:*:*:x86:*,,,,,,,,
CPE:cpe:2.3:a:microsoft:office_long_term_servicing_channel:2021:*:*:*:*:*:x64:*,CPE,cpe:2.3:a:microsoft:office_long_term_servicing_channel:2021:*:*:*:*:*:x64:*,,,,,,,,
CPE:cpe:2.3:a:microsoft:office_long_term_servicing_channel:2021:*:*:*:*:*:x86:*,CPE,cpe:2.3:a:microsoft:office_long_term_servicing_channel:2021:*:*:*:*:*:x86:*,,,,,,,,
CPE:cpe:2.3:a:microsoft:publisher:2016:*:*:*:*:*:x64:*,CPE,cpe:2.3:a:microsoft:publisher:2016:*:*:*:*:*:x64:*,,,,,,,,
CPE:cpe:2.3:a:microsoft:publisher:2016:*:*:*:*:*:x86:*,CPE,cpe:2.3:a:microsoft:publisher:2016:*:*:*:*:*:x86:*,,,,,,,,
REF:CVE-2024-38226:0,Reference,https://msrc.microsoft.com/update-guide/vulnerability/CVE-2024-38226,,,,,,,,https://msrc.microsoft.com/update-guide/vulnerability/CVE-2024-38226
REF:CVE-2024-38226:1,Reference,https://www.cisa.gov/known-exploited-vulnerabilities-catalog?field_cve=CVE-2024-38226,,,,,,,,https://www.cisa.gov/known-exploited-vulnerabilities-catalog?field_cve=CVE-2024-38226
CVE:CVE-2024-43573,CVE,CVE-2024-43573,30397,0.478000,HIGH,MEDIUM,True,2024-10-08T18:15:24.817000Z,2024-10-08,
CPE:cpe:2.3:o:microsoft:windows_server_2012:r2:*:*:*:*:*:x64:*,CPE,cpe:2.3:o:microsoft:windows_server_2012:r2:*:*:*:*:*:x64:*,,,,,,,,
REF:CVE-2024-43573:0,Reference,https://msrc.microsoft.com/update-guide/vulnerability/CVE-2024-43573,,,,,,,,https://msrc.microsoft.com/update-guide/vulnerability/CVE-2024-43573
REF:CVE-2024-43573:1,Reference,https://www.cisa.gov/known-exploited-vulnerabilities-catalog?field_cve=CVE-2024-43573,,,,,,,,https://www.cisa.gov/known-exploited-vulnerabilities-catalog?field_cve=CVE-2024-43573
CVE:CVE-2024-11120,CVE,CVE-2024-11120,35188,0.478000,HIGH,CRITICAL,True,2024-11-15T02:15:17.757000Z,2025-05-07,
CPE:cpe:2.3:h:geovision:gv-dsp_lpr:3.0:*:*:*:*:*:*:*,CPE,cpe:2.3:h:geovision:gv-dsp_lpr:3.0:*:*:*:*:*:*:*,,,,,,,,
CPE:cpe:2.3:h:geovision:gv-vs11:-:*:*:*:*:*:*:*,CPE,cpe:2.3:h:geovision:gv-vs11:-:*:*:*:*:*:*:*,,,,,,,,
CPE:cpe:2.3:h:geovision:gv-vs12:-:*:*:*:*:*:*:*,CPE,cpe:2.3:h:geovision:gv-vs12:-:*:*:*:*:*:*:*,,,,,,,,
CPE:cpe:2.3:h:geovision:gvlx_4:2.0:*:*:*:*:*:*:*,CPE,cpe:2.3:h:geovision:gvlx_4:2.0:*:*:*:*:*:*:*,,,,,,,,
CPE:cpe:2.3:h:geovision:gvlx_4:3.0:*:*:*:*:*:*:*,CPE,cpe:2.3:h:geovision:gvlx_4:3.0:*:*:*:*:*:*:*,,,,,,,,
CPE:cpe:2.3:o:geovision:gv-dsp_lpr_firmware:-:*:*:*:*:*:*:*,CPE,cpe:2.3:o:geovision:gv-dsp_lpr_firmware:-:*:*:*:*:*:*:*,,,,,,,,
CPE:cpe:2.3:o:geovision:gv-vs11_firmware:-:*:*:*:*:*:*:*,CPE,cpe:2.3:o:geovision:gv-vs11_firmware:-:*:*:*:*:*:*:*,,,,,,,,
CPE:cpe:2.3:o:geovision:gv-vs12_firmware:-:*:*:*:*:*:*:*,CPE,cpe:2.3:o:geovision:gv-vs12_firmware:-:*:*:*:*:*:*:*,,,,,,,,
CPE:cpe:2.3:o:geovision:gvlx_4_firmware:-:*:*:*:*:*:*:*,CPE,cpe:2.3:o:geovision:gvlx_4_firmware:-:*:*:*:*:*:*:*,,,,,,,,
REF:CVE-2024-11120:0,Reference,https://www.akamai.com/blog/security-research/active-exploitation-mirai-geovision-iot-botnet,,,,,,,,https://www.akamai.com/blog/security-research/active-exploitation-mirai-geovision-iot-botnet
REF:CVE-2024-11120:1,Reference,https://www.cisa.gov/known-exploited-vulnerabilities-catalog?field_cve=CVE-2024-11120,,,,,,,,https://www.cisa.gov/known-exploited-vulnerabilities-catalog?field_cve=CVE-2024-11120
REF:CVE-2024-11120:2,Reference,https://www.twcert.org.tw/en/cp-139-8237-26d7a-2.html,,,,,,,,https://www.twcert.org.tw/en/cp-139-8237-26d7a-2.html
REF:CVE-2024-11120:3,Reference,https://www.twcert.org.tw/tw/cp-132-8236-d4836-1.html,,,,,,,,https://www.twcert.org.tw/tw/cp-132-8236-d4836-1.html
CVE:CVE-2025-47729,CVE,CVE-2025-47729,58531,0.478000,HIGH,LOW,True,2025-05-08T14:15:26.883000Z,2025-05-12,
CWE:CWE-912,CWE,CWE-912,,,,,,,,
CPE:cpe:2.3:a:telemessage:text_message_archiver:*:*:*:*:*:*:*:*,CPE,cpe:2.3:a:telemessage:text_message_archiver:*:*:*:*:*:*:*:*,,,,,,,,
REF:CVE-2025-47729:0,Reference,https://arstechnica.com/security/2025/05/signal-clone-used-by-trump-official-stops-operations-after-report-it-was-hacked/,,,,,,,,https://arstechnica.com/security/2025/05/signal-clone-used-by-trump-official-stops-operations-after-report-it-was-hacked/
REF:CVE-2025-47729:1,Reference,https://news.ycombinator.com/item?id=43909220,,,,,,,,https://news.ycombinator.com/item?id=43909220
REF:CVE-2025-47729:2,Reference,https://www.cisa.gov/known-exploited-vulnerabilities-catalog?field_cve=CVE-2025-47729,,,,,,,,https://www.cisa.gov/known-exploited-vulnerabilities-catalog?field_cve=CVE-2025-47729
REF:CVE-2025-47729:3,Reference,https://www.theregister.com/2025/05/05/telemessage_investigating/,,,,,,,,https://www.theregister.com/2025/05/05/telemessage_investigating/
CVE:CVE-2025-48384,CVE,CVE-2025-48384,66475,0.478000,HIGH,HIGH,True,2025-07-08T19:15:42.800000Z,2025-08-25,
CPE:cpe:2.3:a:apple:xcode:*:*:*:*:*:*:*:*,CPE,cpe:2.3:a:apple:xcode:*:*:*:*:*:*:*:*,,,,,,,,
CPE:cpe:2.3:a:git-scm:git:*:*:*:*:*:*:*:*,CPE,cpe:2.3:a:git-scm:git:*:*:*:*:*:*:*:*,,,,,,,,
REF:CVE-2025-48384:0,Reference,http://seclists.org/fulldisclosure/2025/Sep/60,,,,,,,,http://seclists.org/fulldisclosure/2025/Sep/60
REF:CVE-2025-48384:1,Reference,http://www.openwall.com/lists/oss-security/2025/07/08/4,,,,,,,,http://www.openwall.com/lists/oss-security/2025/07/08/4
REF:CVE-2025-48384:2,Reference,https://github.com/git/git/security/advisories/GHSA-vwqx-4fm8-6qc9,,,,,,,,https://github.com/git/git/security/advisories/GHSA-vwqx-4fm8-6qc9
REF:CVE-2025-48384:3,Reference,https://lists.debian.org/debian-lts-announce/2025/10/msg00003.html,,,,,,,,https://lists.debian.org/debian-lts-announce/2025/10/msg00003.html
REF:CVE-2025-48384:4,Reference,https://www.cisa.gov/known-exploited-vulnerabilities-catalog?field_cve=CVE-2025-48384,,,,,,,,https://www.cisa.gov/known-exploited-vulnerabilities-catalog?field_cve=CVE-2025-48384
CVE:CVE-2025-55182,CVE,CVE-2025-55182,85387,0.478000,HIGH,CRITICAL,True,2025-12-03T16:15:56.463000Z,2025-12-05,
CPE:cpe:2.3:a:facebook:react:19.0.0:*:*:*:*:*:*:*,CPE,cpe:2.3:a:facebook:react:19.0.0:*:*:*:*:*:*:*,,,,,,,,
CPE:cpe:2.3:a:facebook:react:19.1.0:*:*:*:*:*:*:*,CPE,cpe:2.3:a:facebook:react:19.1.0:*:*:*:*:*:*:*,,,,,,,,
CPE:cpe:2.3:a:facebook:react:19.1.1:*:*:*:*:*:*:*,CPE,cpe:2.3:a:facebook:react:19.1.1:*:*:*:*:*:*:*,,,,,,,,
CPE:cpe:2.3:a:facebook:react:19.2.0:*:*:*:*:*:*:*,CPE,cpe:2.3:a:facebook:react:19.2.0:*:*:*:*:*:*:*,,,,,,,,
CPE:cpe:2.3:a:vercel:next.js:*:*:*:*:*:node.js:*:*,CPE,cpe:2.3:a:vercel:next.js:*:*:*:*:*:node.js:*:*,,,,,,,,
CPE:cpe:2.3:a:vercel:next.js:14.3.0:canary77:*:*:*:node.js:*:*,CPE,cpe:2.3:a:vercel:next.js:14.3.0:canary77:*:*:*:node.js:*:*,,,,,,,,
CPE:cpe:2.3:a:vercel:next.js:14.3.0:canary78:*:*:*:node.js:*:*,CPE,cpe:2.3:a:vercel:next.js:14.3.0:canary78:*:*:*:node.js:*:*,,,,,,,,
CPE:cpe:2.3:a:vercel:next.js:14.3.0:canary79:*:*:*:node.js:*:*,CPE,cpe:2.3:a:vercel:next.js:14.3.0:canary79:*:*:*:node.js:*:*,,,,,,,,
CPE:cpe:2.3:a:vercel:next.js:14.3.0:canary80:*:*:*:node.js:*:*,CPE,cpe:2.3:a:vercel:next.js:14.3.0:canary80:*:*:*:node.js:*:*,,,,,,,,
CPE:cpe:2.3:a:vercel:next.js:14.3.0:canary81:*:*:*:node.js:*:*,CPE,cpe:2.3:a:vercel:next.js:14.3.0:canary81:*:*:*:node.js:*:*,,,,,,,,
CPE:cpe:2.3:a:vercel:next.js:14.3.0:canary82:*:*:*:node.js:*:*,CPE,cpe:2.3:a:vercel:next.js:14.3.0:canary82:*:*:*:node.js:*:*,,,,,,,,
CPE:cpe:2.3:a:vercel:next.js:14.3.0:canary83:*:*:*:node.js:*:*,CPE,cpe:2.3:a:vercel:next.js:14.3.0:canary83:*:*:*:node.js:*:*,,,,,,,,
CPE:cpe:2.3:a:vercel:next.js:14.3.0:canary84:*:*:*:node.js:*:*,CPE,cpe:2.3:a:vercel:next.js:14.3.0:canary84:*:*:*:node.js:*:*,,,,,,,,
CPE:cpe:2.3:a:vercel:next.js:14.3.0:canary85:*:*:*:node.js:*:*,CPE,cpe:2.3:a:vercel:next.js:14.3.0:canary85:*:*:*:node.js:*:*,,,,,,,,
CPE:cpe:2.3:a:vercel:next.js:14.3.0:canary86:*:*:*:node.js:*:*,CPE,cpe:2.3:a:vercel:next.js:14.3.0:canary86:*:*:*:node.js:*:*,,,,,,,,
CPE:cpe:2.3:a:vercel:next.js:14.3.0:canary87:*:*:*:node.js:*:*,CPE,cpe:2.3:a:vercel:next.js:14.3.0:canary87:*:*:*:node.js:*:*,,,,,,,,
CPE:cpe:2.3:a:vercel:next.js:15.6.0:-:*:*:*:node.js:*:*,CPE,cpe:2.3:a:vercel:next.js:15.6.0:-:*:*:*:node.js:*:*,,,,,,,,
CPE:cpe:2.3:a:vercel:next.js:15.6.0:canary0:*:*:*:node.js:*:*,CPE,cpe:2.3:a:vercel:next.js:15.6.0:canary0:*:*:*:node.js:*:*,,,,,,,,
CPE:cpe:2.3:a:vercel:next.js:15.6.0:canary10:*:*:*:node.js:*:*,CPE,cpe:2.3:a:vercel:next.js:15.6.0:canary10:*:*:*:node.js:*:*,,,,,,,,
CPE:cpe:2.3:a:vercel:next.js:15.6.0:canary11:*:*:*:node.js:*:*,CPE,cpe:2.3:a:vercel:next.js:15.6.0:canary11:*:*:*:node.js:*:*,,,,,,,,
CPE:cpe:2.3:a:vercel:next.js:15.6.0:canary12:*:*:*:node.js:*:*,CPE,cpe:2.3:a:vercel:next.js:15.6.0:canary12:*:*:*:node.js:*:*,,,,,,,,
CPE:cpe:2.3:a:vercel:next.js:15.6.0:canary13:*:*:*:node.js:*:*,CPE,cpe:2.3:a:vercel:next.js:15.6.0:canary13:*:*:*:node.js:*:*,,,,,,,,
CPE:cpe:2.3:a:vercel:next.js:15.6.0:canary14:*:*:*:node.js:*:*,CPE,cpe:2.3:a:vercel:next.js:15.6.0:canary14:*:*:*:node.js:*:*,,,,,,,,
CPE:cpe:2.3:a:vercel:next.js:15.6.0:canary15:*:*:*:node.js:*:*,CPE,cpe:2.3:a:vercel:next.js:15.6.0:canary15:*:*:*:node.js:*:*,,,,,,,,
CPE:cpe:2.3:a:vercel:next.js:15.6.0:canary16:*:*:*:node.js:*:*,CPE,cpe:2.3:a:vercel:next.js:15.6.0:canary16:*:*:*:node.js:*:*,,,,,,,,
CPE:cpe:2.3:a:vercel:next.js:15.6.0:canary17:*:*:*:node.js:*:*,CPE,cpe:2.3:a:vercel:next.js:15.6.0:canary17:*:*:*:node.js:*:*,,,,,,,,
CPE:cpe:2.3:a:vercel:next.js:15.6.0:canary18:*:*:*:node.js:*:*,CPE,cpe:2.3:a:vercel:next.js:15.6.0:canary18:*:*:*:node.js:*:*,,,,,,,,
CPE:cpe:2.3:a:vercel:next.js:15.6.0:canary19:*:*:*:node.js:*:*,CPE,cpe:2.3:a:vercel:next.js:15.6.0:canary19:*:*:*:node.js:*:*,,,,,,,,
CPE:cpe:2.3:a:vercel:next.js:15.6.0:canary1:*:*:*:node.js:*:*,CPE,cpe:2.3:a:vercel:next.js:15.6.0:canary1:*:*:*:node.js:*:*,,,,,,,,
CPE:cpe:2.3:a:vercel:next.js:15.6.0:canary20:*:*:*:node.js:*:*,CPE,cpe:2.3:a:vercel:next.js:15.6.0:canary20:*:*:*:node.js:*:*,,,,,,,,
CPE:cpe:2.3:a:vercel:next.js:15.6.0:canary21:*:*:*:node.js:*:*,CPE,cpe:2.3:a:vercel:next.js:15.6.0:canary21:*:*:*:node.js:*:*,,,,,,,,
CPE:cpe:2.3:a:vercel:next.js:15.6.0:canary22:*:*:*:node.js:*:*,CPE,cpe:2.3:a:vercel:next.js:15.6.0:canary22:*:*:*:node.js:*:*,,,,,,,,
CPE:cpe:2.3:a:vercel:next.js:15.6.0:canary23:*:*:*:node.js:*:*,CPE,cpe:2.3:a:vercel:next.js:15.6.0:canary23:*:*:*:node.js:*:*,,,,,,,,
CPE:cpe:2.3:a:vercel:next.js:15.6.0:canary24:*:*:*:node.js:*:*,CPE,cpe:2.3:a:vercel:next.js:15.6.0:canary24:*:*:*:node.js:*:*,,,,,,,,
CPE:cpe:2.3:a:vercel:next.js:15.6.0:canary25:*:*:*:node.js:*:*,CPE,cpe:2.3:a:vercel:next.js:15.6.0:canary25:*:*:*:node.js:*:*,,,,,,,,
CPE:cpe:2.3:a:vercel:next.js:15.6.0:canary26:*:*:*:node.js:*:*,CPE,cpe:2.3:a:vercel:next.js:15.6.0:canary26:*:*:*:node.js:*:*,,,,,,,,
CPE:cpe:2.3:a:vercel:next.js:15.6.0:canary27:*:*:*:node.js:*:*,CPE,cpe:2.3:a:vercel:next.js:15.6.0:canary27:*:*:*:node.js:*:*,,,,,,,,
CPE:cpe:2.3:a:vercel:next.js:15.6.0:canary28:*:*:*:node.js:*:*,CPE,cpe:2.3:a:vercel:next.js:15.6.0:canary28:*:*:*:node.js:*:*,,,,,,,,
CPE:cpe:2.3:a:vercel:next.js:15.6.0:canary29:*:*:*:node.js:*:*,CPE,cpe:2.3:a:vercel:next.js:15.6.0:canary29:*:*:*:node.js:*:*,,,,,,,,
CPE:cpe:2.3:a:vercel:next.js:15.6.0:canary2:*:*:*:node.js:*:*,CPE,cpe:2.3:a:vercel:next.js:15.6.0:canary2:*:*:*:node.js:*:*,,,,,,,,
CPE:cpe:2.3:a:vercel:next.js:15.6.0:canary30:*:*:*:node.js:*:*,CPE,cpe:2.3:a:vercel:next.js:15.6.0:canary30:*:*:*:node.js:*:*,,,,,,,,
CPE:cpe:2.3:a:vercel:next.js:15.6.0:canary31:*:*:*:node.js:*:*,CPE,cpe:2.3:a:vercel:next.js:15.6.0:canary31:*:*:*:node.js:*:*,,,,,,,,
CPE:cpe:2.3:a:vercel:next.js:15.6.0:canary32:*:*:*:node.js:*:*,CPE,cpe:2.3:a:vercel:next.js:15.6.0:canary32:*:*:*:node.js:*:*,,,,,,,,
CPE:cpe:2.3:a:vercel:next.js:15.6.0:canary33:*:*:*:node.js:*:*,CPE,cpe:2.3:a:vercel:next.js:15.6.0:canary33:*:*:*:node.js:*:*,,,,,,,,
CPE:cpe:2.3:a:vercel:next.js:15.6.0:canary34:*:*:*:node.js:*:*,CPE,cpe:2.3:a:vercel:next.js:15.6.0:canary34:*:*:*:node.js:*:*,,,,,,,,
CPE:cpe:2.3:a:vercel:next.js:15.6.0:canary35:*:*:*:node.js:*:*,CPE,cpe:2.3:a:vercel:next.js:15.6.0:canary35:*:*:*:node.js:*:*,,,,,,,,
CPE:cpe:2.3:a:vercel:next.js:15.6.0:canary36:*:*:*:node.js:*:*,CPE,cpe:2.3:a:vercel:next.js:15.6.0:canary36:*:*:*:node.js:*:*,,,,,,,,
CPE:cpe:2.3:a:vercel:next.js:15.6.0:canary37:*:*:*:node.js:*:*,CPE,cpe:2.3:a:vercel:next.js:15.6.0:canary37:*:*:*:node.js:*:*,,,,,,,,
CPE:cpe:2.3:a:vercel:next.js:15.6.0:canary38:*:*:*:node.js:*:*,CPE,cpe:2.3:a:vercel:next.js:15.6.0:canary38:*:*:*:node.js:*:*,,,,,,,,
CPE:cpe:2.3:a:vercel:next.js:15.6.0:canary39:*:*:*:node.js:*:*,CPE,cpe:2.3:a:vercel:next.js:15.6.0:canary39:*:*:*:node.js:*:*,,,,,,,,
CPE:cpe:2.3:a:vercel:next.js:15.6.0:canary3:*:*:*:node.js:*:*,CPE,cpe:2.3:a:vercel:next.js:15.6.0:canary3:*:*:*:node.js:*:*,,,,,,,,
CPE:cpe:2.3:a:vercel:next.js:15.6.0:canary40:*:*:*:node.js:*:*,CPE,cpe:2.3:a:vercel:next.js:15.6.0:canary40:*:*:*:node.js:*:*,,,,,,,,
CPE:cpe:2.3:a:vercel:next.js:15.6.0:canary41:*:*:*:node.js:*:*,CPE,cpe:2.3:a:vercel:next.js:15.6.0:canary41:*:*:*:node.js:*:*,,,,,,,,
CPE:cpe:2.3:a:vercel:next.js:15.6.0:canary42:*:*:*:node.js:*:*,CPE,cpe:2.3:a:vercel:next.js:15.6.0:canary42:*:*:*:node.js:*:*,,,,,,,,
CPE:cpe:2.3:a:vercel:next.js:15.6.0:canary43:*:*:*:node.js:*:*,CPE,cpe:2.3:a:vercel:next.js:15.6.0:canary43:*:*:*:node.js:*:*,,,,,,,,
CPE:cpe:2.3:a:vercel:next.js:15.6.0:canary44:*:*:*:node.js:*:*,CPE,cpe:2.3:a:vercel:next.js:15.6.0:canary44:*:*:*:node.js:*:*,,,,,,,,
CPE:cpe:2.3:a:vercel:next.js:15.6.0:canary45:*:*:*:node.js:*:*,CPE,cpe:2.3:a:vercel:next.js:15.6.0:canary45:*:*:*:node.js:*:*,,,,,,,,
CPE:cpe:2.3:a:vercel:next.js:15.6.0:canary46:*:*:*:node.js:*:*,CPE,cpe:2.3:a:vercel:next.js:15.6.0:canary46:*:*:*:node.js:*:*,,,,,,,,
CPE:cpe:2.3:a:vercel:next.js:15.6.0:canary47:*:*:*:node.js:*:*,CPE,cpe:2.3:a:vercel:next.js:15.6.0:canary47:*:*:*:node.js:*:*,,,,,,,,
CPE:cpe:2.3:a:vercel:next.js:15.6.0:canary48:*:*:*:node.js:*:*,CPE,cpe:2.3:a:vercel:next.js:15.6.0:canary48:*:*:*:node.js:*:*,,,,,,,,
CPE:cpe:2.3:a:vercel:next.js:15.6.0:canary49:*:*:*:node.js:*:*,CPE,cpe:2.3:a:vercel:next.js:15.6.0:canary49:*:*:*:node.js:*:*,,,,,,,,
CPE:cpe:2.3:a:vercel:next.js:15.6.0:canary4:*:*:*:node.js:*:*,CPE,cpe:2.3:a:vercel:next.js:15.6.0:canary4:*:*:*:node.js:*:*,,,,,,,,
CPE:cpe:2.3:a:vercel:next.js:15.6.0:canary50:*:*:*:node.js:*:*,CPE,cpe:2.3:a:vercel:next.js:15.6.0:canary50:*:*:*:node.js:*:*,,,,,,,,
CPE:cpe:2.3:a:vercel:next.js:15.6.0:canary51:*:*:*:node.js:*:*,CPE,cpe:2.3:a:vercel:next.js:15.6.0:canary51:*:*:*:node.js:*:*,,,,,,,,
CPE:cpe:2.3:a:vercel:next.js:15.6.0:canary52:*:*:*:node.js:*:*,CPE,cpe:2.3:a:vercel:next.js:15.6.0:canary52:*:*:*:node.js:*:*,,,,,,,,
CPE:cpe:2.3:a:vercel:next.js:15.6.0:canary53:*:*:*:node.js:*:*,CPE,cpe:2.3:a:vercel:next.js:15.6.0:canary53:*:*:*:node.js:*:*,,,,,,,,
CPE:cpe:2.3:a:vercel:next.js:15.6.0:canary54:*:*:*:node.js:*:*,CPE,cpe:2.3:a:vercel:next.js:15.6.0:canary54:*:*:*:node.js:*:*,,,,,,,,
CPE:cpe:2.3:a:vercel:next.js:15.6.0:canary55:*:*:*:node.js:*:*,CPE,cpe:2.3:a:vercel:next.js:15.6.0:canary55:*:*:*:node.js:*:*,,,,,,,,
CPE:cpe:2.3:a:vercel:next.js:15.6.0:canary56:*:*:*:node.js:*:*,CPE,cpe:2.3:a:vercel:next.js:15.6.0:canary56:*:*:*:node.js:*:*,,,,,,,,
CPE:cpe:2.3:a:vercel:next.js:15.6.0:canary57:*:*:*:node.js:*:*,CPE,cpe:2.3:a:vercel:next.js:15.6.0:canary57:*:*:*:node.js:*:*,,,,,,,,
CPE:cpe:2.3:a:vercel:next.js:15.6.0:canary5:*:*:*:node.js:*:*,CPE,cpe:2.3:a:vercel:next.js:15.6.0:canary5:*:*:*:node.js:*:*,,,,,,,,
CPE:cpe:2.3:a:vercel:next.js:15.6.0:canary6:*:*:*:node.js:*:*,CPE,cpe:2.3:a:vercel:next.js:15.6.0:canary6:*:*:*:node.js:*:*,,,,,,,,
CPE:cpe:2.3:a:vercel:next.js:15.6.0:canary7:*:*:*:node.js:*:*,CPE,cpe:2.3:a:vercel:next.js:15.6.0:canary7:*:*:*:node.js:*:*,,,,,,,,
CPE:cpe:2.3:a:vercel:next.js:15.6.0:canary8:*:*:*:node.js:*:*,CPE,cpe:2.3:a:vercel:next.js:15.6.0:canary8:*:*:*:node.js:*:*,,,,,,,,
CPE:cpe:2.3:a:vercel:next.js:15.6.0:canary9:*:*:*:node.js:*:*,CPE,cpe:2.3:a:vercel:next.js:15.6.0:canary9:*:*:*:node.js:*:*,,,,,,,,
CPE:cpe:2.3:a:vercel:next.js:16.0.0:-:*:*:*:node.js:*:*,CPE,cpe:2.3:a:vercel:next.js:16.0.0:-:*:*:*:node.js:*:*,,,,,,,,
REF:CVE-2025-55182:0,Reference,http://www.openwall.com/lists/oss-security/2025/12/03/4,,,,,,,,http://www.openwall.com/lists/oss-security/2025/12/03/4
REF:CVE-2025-55182:1,Reference,https://aws.amazon.com/blogs/security/china-nexus-cyber-threat-groups-rapidly-exploit-react2shell-vulnerability-cve-2025-55182/,,,,,,,,https://aws.amazon.com/blogs/security/china-nexus-cyber-threat-groups-rapidly-exploit-react2shell-vulnerability-cve-2025-55182/
REF:CVE-2025-55182:2,Reference,https://news.ycombinator.com/item?id=46136026,,,,,,,,https://news.ycombinator.com/item?id=46136026
REF:CVE-2025-55182:3,Reference,https://react.dev/blog/2025/12/03/critical-security-vulnerability-in-react-server-components,,,,,,,,https://react.dev/blog/2025/12/03/critical-security-vulnerability-in-react-server-components
REF:CVE-2025-55182:4,Reference,https://www.cisa.gov/known-exploited-vulnerabilities-catalog?field_cve=CVE-2025-55182,,,,,,,,https://www.cisa.gov/known-exploited-vulnerabilities-catalog?field_cve=CVE-2025-55182
REF:CVE-2025-55182:5,Reference,https://www.facebook.com/security/advisories/cve-2025-55182,,,,,,,,https://www.facebook.com/security/advisories/cve-2025-55182
CVE:CVE-2026-3910,CVE,CVE-2026-3910,103346,0.478000,HIGH,HIGH,True,2026-03-13T19:55:11.363000Z,2026-03-13,
REF:CVE-2026-3910:0,Reference,https://chromereleases.googleblog.com/2026/03/stable-channel-update-for-desktop_12.html,,,,,,,,https://chromereleases.googleblog.com/2026/03/stable-channel-update-for-desktop_12.html
REF:CVE-2026-3910:1,Reference,https://issues.chromium.org/issues/491410818,,,,,,,,https://issues.chromium.org/issues/491410818
REF:CVE-2026-3910:2,Reference,https://www.cisa.gov/known-exploited-vulnerabilities-catalog?field_cve=CVE-2026-3910,,,,,,,,https://www.cisa.gov/known-exploited-vulnerabilities-catalog?field_cve=CVE-2026-3910
CVE:CVE-2026-9082,CVE,CVE-2026-9082,117239,0.478000,HIGH,CRITICAL,True,2026-05-20T20:16:41.230000Z,2026-05-22,
CPE:cpe:2.3:a:drupal:drupal:*:*:*:*:*:*:*:*,CPE,cpe:2.3:a:drupal:drupal:*:*:*:*:*:*:*:*,,,,,,,,
REF:CVE-2026-9082:0,Reference,https://www.cisa.gov/known-exploited-vulnerabilities-catalog?field_cve=CVE-2026-9082,,,,,,,,https://www.cisa.gov/known-exploited-vulnerabilities-catalog?field_cve=CVE-2026-9082
REF:CVE-2026-9082:1,Reference,https://www.drupal.org/sa-core-2026-004,,,,,,,,https://www.drupal.org/sa-core-2026-004
CVE:CVE-2024-4358,CVE,CVE-2024-4358,17460,0.476000,HIGH,CRITICAL,True,2024-05-29T15:16:06.477000Z,2024-06-13,
CPE:cpe:2.3:a:telerik:report_server_2024:*:*:*:*:*:*:*:*,CPE,cpe:2.3:a:telerik:report_server_2024:*:*:*:*:*:*:*:*,,,,,,,,
REF:CVE-2024-4358:0,Reference,https://docs.telerik.com/report-server/knowledge-base/registration-auth-bypass-cve-2024-4358,,,,,,,,https://docs.telerik.com/report-server/knowledge-base/registration-auth-bypass-cve-2024-4358
REF:CVE-2024-4358:1,Reference,https://www.cisa.gov/known-exploited-vulnerabilities-catalog?field_cve=CVE-2024-4358,,,,,,,,https://www.cisa.gov/known-exploited-vulnerabilities-catalog?field_cve=CVE-2024-4358
CVE:CVE-2024-23692,CVE,CVE-2024-23692,17681,0.476000,HIGH,CRITICAL,True,2024-05-31T10:15:09.330000Z,2024-07-09,
CPE:cpe:2.3:a:rejetto:http_file_server:*:*:*:*:*:*:*:*,CPE,cpe:2.3:a:rejetto:http_file_server:*:*:*:*:*:*:*:*,,,,,,,,
REF:CVE-2024-23692:0,Reference,https://github.com/rapid7/metasploit-framework/pull/19240,,,,,,,,https://github.com/rapid7/metasploit-framework/pull/19240
REF:CVE-2024-23692:1,Reference,https://mohemiv.com/all/rejetto-http-file-server-2-3m-unauthenticated-rce/,,,,,,,,https://mohemiv.com/all/rejetto-http-file-server-2-3m-unauthenticated-rce/
REF:CVE-2024-23692:2,Reference,https://vulncheck.com/advisories/rejetto-unauth-rce,,,,,,,,https://vulncheck.com/advisories/rejetto-unauth-rce
REF:CVE-2024-23692:3,Reference,https://www.cisa.gov/known-exploited-vulnerabilities-catalog?field_cve=CVE-2024-23692,,,,,,,,https://www.cisa.gov/known-exploited-vulnerabilities-catalog?field_cve=CVE-2024-23692
REF:CVE-2024-23692:4,Reference,https://www.vicarius.io/vsociety/posts/cve-2024-23692-detect-rejetto-hfs-vulnerability,,,,,,,,https://www.vicarius.io/vsociety/posts/cve-2024-23692-detect-rejetto-hfs-vulnerability
REF:CVE-2024-23692:5,Reference,https://www.vicarius.io/vsociety/posts/cve-2024-23692-rejetto-hfs-mitigate-vulnerability,,,,,,,,https://www.vicarius.io/vsociety/posts/cve-2024-23692-rejetto-hfs-mitigate-vulnerability
REF:CVE-2024-23692:6,Reference,https://www.vicarius.io/vsociety/posts/unauthenticated-rce-flaw-in-rejetto-http-file-server-cve-2024-23692,,,,,,,,https://www.vicarius.io/vsociety/posts/unauthenticated-rce-flaw-in-rejetto-http-file-server-cve-2024-23692
CVE:CVE-2024-36401,CVE,CVE-2024-36401,20981,0.476000,HIGH,CRITICAL,True,2024-07-01T16:15:04.120000Z,2024-07-15,
CPE:cpe:2.3:a:geoserver:geoserver:*:*:*:*:*:*:*:*,CPE,cpe:2.3:a:geoserver:geoserver:*:*:*:*:*:*:*:*,,,,,,,,
CPE:cpe:2.3:a:geotools:geotools:*:*:*:*:*:*:*:*,CPE,cpe:2.3:a:geotools:geotools:*:*:*:*:*:*:*:*,,,,,,,,
CPE:cpe:2.3:a:geotools:geotools:30.0:-:*:*:*:*:*:*,CPE,cpe:2.3:a:geotools:geotools:30.0:-:*:*:*:*:*:*,,,,,,,,
CPE:cpe:2.3:a:geotools:geotools:30.0:rc:*:*:*:*:*:*,CPE,cpe:2.3:a:geotools:geotools:30.0:rc:*:*:*:*:*:*,,,,,,,,
CPE:cpe:2.3:a:geotools:geotools:31.0:-:*:*:*:*:*:*,CPE,cpe:2.3:a:geotools:geotools:31.0:-:*:*:*:*:*:*,,,,,,,,
CPE:cpe:2.3:a:geotools:geotools:31.0:rc:*:*:*:*:*:*,CPE,cpe:2.3:a:geotools:geotools:31.0:rc:*:*:*:*:*:*,,,,,,,,
REF:CVE-2024-36401:0,Reference,https://github.com/Warxim/CVE-2022-41852?tab=readme-ov-file#workaround-for-cve-2022-41852,,,,,,,,https://github.com/Warxim/CVE-2022-41852?tab=readme-ov-file#workaround-for-cve-2022-41852
REF:CVE-2024-36401:1,Reference,https://github.com/geoserver/geoserver/security/advisories/GHSA-6jj6-gm7p-fcvv,,,,,,,,https://github.com/geoserver/geoserver/security/advisories/GHSA-6jj6-gm7p-fcvv
REF:CVE-2024-36401:2,Reference,https://github.com/geotools/geotools/pull/4797,,,,,,,,https://github.com/geotools/geotools/pull/4797
REF:CVE-2024-36401:3,Reference,https://github.com/geotools/geotools/security/advisories/GHSA-w3pj-wh35-fq8w,,,,,,,,https://github.com/geotools/geotools/security/advisories/GHSA-w3pj-wh35-fq8w
REF:CVE-2024-36401:4,Reference,https://osgeo-org.atlassian.net/browse/GEOT-7587,,,,,,,,https://osgeo-org.atlassian.net/browse/GEOT-7587
REF:CVE-2024-36401:5,Reference,https://www.cisa.gov/known-exploited-vulnerabilities-catalog?field_cve=CVE-2024-36401,,,,,,,,https://www.cisa.gov/known-exploited-vulnerabilities-catalog?field_cve=CVE-2024-36401
REF:CVE-2024-36401:6,Reference,https://www.vicarius.io/vsociety/posts/geoserver-rce-cve-2024-36401,,,,,,,,https://www.vicarius.io/vsociety/posts/geoserver-rce-cve-2024-36401
CVE:CVE-2024-49039,CVE,CVE-2024-49039,34698,0.476000,HIGH,HIGH,True,2024-11-12T18:15:44.160000Z,2024-11-12,
REF:CVE-2024-49039:0,Reference,https://msrc.microsoft.com/update-guide/vulnerability/CVE-2024-49039,,,,,,,,https://msrc.microsoft.com/update-guide/vulnerability/CVE-2024-49039
REF:CVE-2024-49039:1,Reference,https://www.cisa.gov/known-exploited-vulnerabilities-catalog?field_cve=CVE-2024-49039,,,,,,,,https://www.cisa.gov/known-exploited-vulnerabilities-catalog?field_cve=CVE-2024-49039
CVE:CVE-2025-54253,CVE,CVE-2025-54253,69605,0.476000,HIGH,CRITICAL,True,2025-08-05T17:15:29.283000Z,2025-10-15,
CPE:cpe:2.3:a:adobe:experience_manager_forms:*:*:*:*:*:*:*:*,CPE,cpe:2.3:a:adobe:experience_manager_forms:*:*:*:*:*:*:*:*,,,,,,,,
REF:CVE-2025-54253:0,Reference,https://helpx.adobe.com/security/products/aem-forms/apsb25-82.html,,,,,,,,https://helpx.adobe.com/security/products/aem-forms/apsb25-82.html
REF:CVE-2025-54253:1,Reference,https://slcyber.io/assetnote-security-research-center/struts-devmode-in-2025-critical-pre-auth-vulnerabilities-in-adobe-experience-manager-forms/,,,,,,,,https://slcyber.io/assetnote-security-research-center/struts-devmode-in-2025-critical-pre-auth-vulnerabilities-in-adobe-experience-manager-forms/
REF:CVE-2025-54253:2,Reference,https://www.cisa.gov/known-exploited-vulnerabilities-catalog?field_cve=CVE-2025-54253,,,,,,,,https://www.cisa.gov/known-exploited-vulnerabilities-catalog?field_cve=CVE-2025-54253
CVE:CVE-2026-24061,CVE,CVE-2026-24061,94015,0.476000,HIGH,CRITICAL,True,2026-01-21T07:16:01.597000Z,2026-01-26,
CWE:CWE-88,CWE,CWE-88,,,,,,,,
CPE:cpe:2.3:a:gnu:inetutils:*:*:*:*:*:*:*:*,CPE,cpe:2.3:a:gnu:inetutils:*:*:*:*:*:*:*:*,,,,,,,,
REF:CVE-2026-24061:0,Reference,http://www.openwall.com/lists/oss-security/2026/01/22/1,,,,,,,,http://www.openwall.com/lists/oss-security/2026/01/22/1
REF:CVE-2026-24061:1,Reference,https://codeberg.org/inetutils/inetutils/commit/ccba9f748aa8d50a38d7748e2e60362edd6a32cc,,,,,,,,https://codeberg.org/inetutils/inetutils/commit/ccba9f748aa8d50a38d7748e2e60362edd6a32cc
REF:CVE-2026-24061:2,Reference,https://codeberg.org/inetutils/inetutils/commit/fd702c02497b2f398e739e3119bed0b23dd7aa7b,,,,,,,,https://codeberg.org/inetutils/inetutils/commit/fd702c02497b2f398e739e3119bed0b23dd7aa7b
REF:CVE-2026-24061:3,Reference,https://lists.debian.org/debian-lts-announce/2026/01/msg00025.html,,,,,,,,https://lists.debian.org/debian-lts-announce/2026/01/msg00025.html
REF:CVE-2026-24061:4,Reference,https://lists.gnu.org/archive/html/bug-inetutils/2026-01/msg00004.html,,,,,,,,https://lists.gnu.org/archive/html/bug-inetutils/2026-01/msg00004.html
REF:CVE-2026-24061:5,Reference,https://www.cisa.gov/known-exploited-vulnerabilities-catalog?field_cve=CVE-2026-24061,,,,,,,,https://www.cisa.gov/known-exploited-vulnerabilities-catalog?field_cve=CVE-2026-24061
REF:CVE-2026-24061:6,Reference,https://www.gnu.org/software/inetutils/,,,,,,,,https://www.gnu.org/software/inetutils/
REF:CVE-2026-24061:7,Reference,https://www.labs.greynoise.io/grimoire/2026-01-22-f-around-and-find-out-18-hours-of-unsolicited-houseguests/index.html,,,,,,,,https://www.labs.greynoise.io/grimoire/2026-01-22-f-around-and-find-out-18-hours-of-unsolicited-houseguests/index.html
REF:CVE-2026-24061:8,Reference,https://www.openwall.com/lists/oss-security/2026/01/20/2,,,,,,,,https://www.openwall.com/lists/oss-security/2026/01/20/2
REF:CVE-2026-24061:9,Reference,https://www.openwall.com/lists/oss-security/2026/01/20/2#:~:text=root@...a%3A~%20USER=',,,,,,,,https://www.openwall.com/lists/oss-security/2026/01/20/2#:~:text=root@...a%3A~%20USER='
REF:CVE-2026-24061:10,Reference,https://www.openwall.com/lists/oss-security/2026/01/20/8,,,,,,,,https://www.openwall.com/lists/oss-security/2026/01/20/8
REF:CVE-2026-24061:11,Reference,https://www.vicarius.io/vsociety/posts/cve-2026-24061-detection-script-remote-authentication-bypass-in-gnu-inetutils-package,,,,,,,,https://www.vicarius.io/vsociety/posts/cve-2026-24061-detection-script-remote-authentication-bypass-in-gnu-inetutils-package
REF:CVE-2026-24061:12,Reference,https://www.vicarius.io/vsociety/posts/cve-2026-24061-mitigation-script-remote-authentication-bypass-in-gnu-inetutils-package,,,,,,,,https://www.vicarius.io/vsociety/posts/cve-2026-24061-mitigation-script-remote-authentication-bypass-in-gnu-inetutils-package
CVE:CVE-2026-45498,CVE,CVE-2026-45498,117174,0.476000,HIGH,MEDIUM,True,2026-05-20T13:16:36.780000Z,2026-05-20,
CWE:CWE-400,CWE,CWE-400,,,,,,,,
REF:CVE-2026-45498:0,Reference,https://msrc.microsoft.com/update-guide/vulnerability/CVE-2026-45498,,,,,,,,https://msrc.microsoft.com/update-guide/vulnerability/CVE-2026-45498
REF:CVE-2026-45498:1,Reference,https://www.cisa.gov/known-exploited-vulnerabilities-catalog?field_cve=CVE-2026-45498,,,,,,,,https://www.cisa.gov/known-exploited-vulnerabilities-catalog?field_cve=CVE-2026-45498
CVE:CVE-2026-82329,CVE,CVE-2026-82329,149853,0.476000,HIGH,CRITICAL,True,2026-08-28T20:20:21.293000Z,2026-09-02,
CPE:cpe:2.3:a:jfrog:artifactory:*:*:*:*:*:-:*:*,CPE,cpe:2.3:a:jfrog:artifactory:*:*:*:*:*:-:*:*,,,,,,,,
REF:CVE-2026-82329:0,Reference,https://docs.jfrog.com/releases/docs/artifactory-self-managed-releases,,,,,,,,https://docs.jfrog.com/releases/docs/artifactory-self-managed-releases
REF:CVE-2026-82329:1,Reference,https://docs.jfrog.com/releases/docs/jfrog-security-advisories,,,,,,,,https://docs.jfrog.com/releases/docs/jfrog-security-advisories
REF:CVE-2026-82329:2,Reference,https://www.cisa.gov/known-exploited-vulnerabilities-catalog?field_cve=CVE-2026-82329,,,,,,,,https://www.cisa.gov/known-exploited-vulnerabilities-catalog?field_cve=CVE-2026-82329
CVE:CVE-2024-38080,CVE,CVE-2024-38080,21772,0.474000,HIGH,HIGH,True,2024-07-09T17:15:43.410000Z,2024-07-09,
CWE:CWE-190,CWE,CWE-190,,,,,,,,
REF:CVE-2024-38080:0,Reference,https://msrc.microsoft.com/update-guide/vulnerability/CVE-2024-38080,,,,,,,,https://msrc.microsoft.com/update-guide/vulnerability/CVE-2024-38080
REF:CVE-2024-38080:1,Reference,https://www.cisa.gov/known-exploited-vulnerabilities-catalog?field_cve=CVE-2024-38080,,,,,,,,https://www.cisa.gov/known-exploited-vulnerabilities-catalog?field_cve=CVE-2024-38080
CVE:CVE-2024-38014,CVE,CVE-2024-38014,27794,0.474000,HIGH,HIGH,True,2024-09-10T17:15:20.320000Z,2024-09-10,
CPE:cpe:2.3:o:microsoft:windows_server_2008:r2:*:*:*:*:*:x64:*,CPE,cpe:2.3:o:microsoft:windows_server_2008:r2:*:*:*:*:*:x64:*,,,,,,,,
CPE:cpe:2.3:o:microsoft:windows_server_2012:-:*:*:*:*:*:x64:*,CPE,cpe:2.3:o:microsoft:windows_server_2012:-:*:*:*:*:*:x64:*,,,,,,,,
REF:CVE-2024-38014:0,Reference,http://seclists.org/fulldisclosure/2024/Sep/43,,,,,,,,http://seclists.org/fulldisclosure/2024/Sep/43
REF:CVE-2024-38014:1,Reference,https://msrc.microsoft.com/update-guide/vulnerability/CVE-2024-38014,,,,,,,,https://msrc.microsoft.com/update-guide/vulnerability/CVE-2024-38014
REF:CVE-2024-38014:2,Reference,https://www.cisa.gov/known-exploited-vulnerabilities-catalog?field_cve=CVE-2024-38014,,,,,,,,https://www.cisa.gov/known-exploited-vulnerabilities-catalog?field_cve=CVE-2024-38014
CVE:CVE-2024-43047,CVE,CVE-2024-43047,30130,0.474000,HIGH,HIGH,True,2024-10-07T13:15:15.257000Z,2024-10-08,
CPE:cpe:2.3:h:qualcomm:qam8295p:-:*:*:*:*:*:*:*,CPE,cpe:2.3:h:qualcomm:qam8295p:-:*:*:*:*:*:*:*,,,,,,,,
CPE:cpe:2.3:h:qualcomm:qca6174a:-:*:*:*:*:*:*:*,CPE,cpe:2.3:h:qualcomm:qca6174a:-:*:*:*:*:*:*:*,,,,,,,,
CPE:cpe:2.3:h:qualcomm:qca6426:-:*:*:*:*:*:*:*,CPE,cpe:2.3:h:qualcomm:qca6426:-:*:*:*:*:*:*:*,,,,,,,,
CPE:cpe:2.3:h:qualcomm:qca6436:-:*:*:*:*:*:*:*,CPE,cpe:2.3:h:qualcomm:qca6436:-:*:*:*:*:*:*:*,,,,,,,,
CPE:cpe:2.3:h:qualcomm:qca6574au:-:*:*:*:*:*:*:*,CPE,cpe:2.3:h:qualcomm:qca6574au:-:*:*:*:*:*:*:*,,,,,,,,
CPE:cpe:2.3:h:qualcomm:qca6584au:-:*:*:*:*:*:*:*,CPE,cpe:2.3:h:qualcomm:qca6584au:-:*:*:*:*:*:*:*,,,,,,,,
CPE:cpe:2.3:h:qualcomm:qca6595:-:*:*:*:*:*:*:*,CPE,cpe:2.3:h:qualcomm:qca6595:-:*:*:*:*:*:*:*,,,,,,,,
CPE:cpe:2.3:h:qualcomm:qca6595au:-:*:*:*:*:*:*:*,CPE,cpe:2.3:h:qualcomm:qca6595au:-:*:*:*:*:*:*:*,,,,,,,,
CPE:cpe:2.3:h:qualcomm:qca6688aq:-:*:*:*:*:*:*:*,CPE,cpe:2.3:h:qualcomm:qca6688aq:-:*:*:*:*:*:*:*,,,,,,,,
CPE:cpe:2.3:h:qualcomm:qca6696:-:*:*:*:*:*:*:*,CPE,cpe:2.3:h:qualcomm:qca6696:-:*:*:*:*:*:*:*,,,,,,,,
CPE:cpe:2.3:h:qualcomm:qca6698aq:-:*:*:*:*:*:*:*,CPE,cpe:2.3:h:qualcomm:qca6698aq:-:*:*:*:*:*:*:*,,,,,,,,
CPE:cpe:2.3:h:qualcomm:qcs410:-:*:*:*:*:*:*:*,CPE,cpe:2.3:h:qualcomm:qcs410:-:*:*:*:*:*:*:*,,,,,,,,
CPE:cpe:2.3:h:qualcomm:qcs610:-:*:*:*:*:*:*:*,CPE,cpe:2.3:h:qualcomm:qcs610:-:*:*:*:*:*:*:*,,,,,,,,
CPE:cpe:2.3:h:qualcomm:qcs6490:-:*:*:*:*:*:*:*,CPE,cpe:2.3:h:qualcomm:qcs6490:-:*:*:*:*:*:*:*,,,,,,,,
CPE:cpe:2.3:h:qualcomm:sa4150p:-:*:*:*:*:*:*:*,CPE,cpe:2.3:h:qualcomm:sa4150p:-:*:*:*:*:*:*:*,,,,,,,,
CPE:cpe:2.3:h:qualcomm:sa4155p:-:*:*:*:*:*:*:*,CPE,cpe:2.3:h:qualcomm:sa4155p:-:*:*:*:*:*:*:*,,,,,,,,
CPE:cpe:2.3:h:qualcomm:sa6145p:-:*:*:*:*:*:*:*,CPE,cpe:2.3:h:qualcomm:sa6145p:-:*:*:*:*:*:*:*,,,,,,,,
CPE:cpe:2.3:h:qualcomm:sa6150p:-:*:*:*:*:*:*:*,CPE,cpe:2.3:h:qualcomm:sa6150p:-:*:*:*:*:*:*:*,,,,,,,,
CPE:cpe:2.3:h:qualcomm:sa6155p:-:*:*:*:*:*:*:*,CPE,cpe:2.3:h:qualcomm:sa6155p:-:*:*:*:*:*:*:*,,,,,,,,
CPE:cpe:2.3:h:qualcomm:sa8145p:-:*:*:*:*:*:*:*,CPE,cpe:2.3:h:qualcomm:sa8145p:-:*:*:*:*:*:*:*,,,,,,,,
CPE:cpe:2.3:h:qualcomm:sa8150p:-:*:*:*:*:*:*:*,CPE,cpe:2.3:h:qualcomm:sa8150p:-:*:*:*:*:*:*:*,,,,,,,,
CPE:cpe:2.3:h:qualcomm:sa8155p:-:*:*:*:*:*:*:*,CPE,cpe:2.3:h:qualcomm:sa8155p:-:*:*:*:*:*:*:*,,,,,,,,
CPE:cpe:2.3:h:qualcomm:sa8195p:-:*:*:*:*:*:*:*,CPE,cpe:2.3:h:qualcomm:sa8195p:-:*:*:*:*:*:*:*,,,,,,,,
CPE:cpe:2.3:h:qualcomm:sa8295p:-:*:*:*:*:*:*:*,CPE,cpe:2.3:h:qualcomm:sa8295p:-:*:*:*:*:*:*:*,,,,,,,,
CPE:cpe:2.3:h:qualcomm:sd660:-:*:*:*:*:*:*:*,CPE,cpe:2.3:h:qualcomm:sd660:-:*:*:*:*:*:*:*,,,,,,,,
CPE:cpe:2.3:h:qualcomm:sd865_5g:-:*:*:*:*:*:*:*,CPE,cpe:2.3:h:qualcomm:sd865_5g:-:*:*:*:*:*:*:*,,,,,,,,
CPE:cpe:2.3:h:qualcomm:sg4150p:-:*:*:*:*:*:*:*,CPE,cpe:2.3:h:qualcomm:sg4150p:-:*:*:*:*:*:*:*,,,,,,,,
CPE:cpe:2.3:h:qualcomm:snapdragon_660_mobile:-:*:*:*:*:*:*:*,CPE,cpe:2.3:h:qualcomm:snapdragon_660_mobile:-:*:*:*:*:*:*:*,,,,,,,,
CPE:cpe:2.3:h:qualcomm:snapdragon_680_4g_mobile:-:*:*:*:*:*:*:*,CPE,cpe:2.3:h:qualcomm:snapdragon_680_4g_mobile:-:*:*:*:*:*:*:*,,,,,,,,
CPE:cpe:2.3:h:qualcomm:snapdragon_685_4g_mobile:-:*:*:*:*:*:*:*,CPE,cpe:2.3:h:qualcomm:snapdragon_685_4g_mobile:-:*:*:*:*:*:*:*,,,,,,,,
CPE:cpe:2.3:h:qualcomm:snapdragon_865\+_5g_mobile:-:*:*:*:*:*:*:*,CPE,cpe:2.3:h:qualcomm:snapdragon_865\+_5g_mobile:-:*:*:*:*:*:*:*,,,,,,,,
CPE:cpe:2.3:h:qualcomm:snapdragon_865_5g_mobile:-:*:*:*:*:*:*:*,CPE,cpe:2.3:h:qualcomm:snapdragon_865_5g_mobile:-:*:*:*:*:*:*:*,,,,,,,,
CPE:cpe:2.3:h:qualcomm:snapdragon_870_5g_mobile:-:*:*:*:*:*:*:*,CPE,cpe:2.3:h:qualcomm:snapdragon_870_5g_mobile:-:*:*:*:*:*:*:*,,,,,,,,
CPE:cpe:2.3:h:qualcomm:snapdragon_888\+_5g_mobile:-:*:*:*:*:*:*:*,CPE,cpe:2.3:h:qualcomm:snapdragon_888\+_5g_mobile:-:*:*:*:*:*:*:*,,,,,,,,
CPE:cpe:2.3:h:qualcomm:snapdragon_888_5g_mobile:-:*:*:*:*:*:*:*,CPE,cpe:2.3:h:qualcomm:snapdragon_888_5g_mobile:-:*:*:*:*:*:*:*,,,,,,,,
CPE:cpe:2.3:h:qualcomm:snapdragon_8_gen_1_mobile:-:*:*:*:*:*:*:*,CPE,cpe:2.3:h:qualcomm:snapdragon_8_gen_1_mobile:-:*:*:*:*:*:*:*,,,,,,,,
CPE:cpe:2.3:h:qualcomm:snapdragon_auto_5g_modem-rf:-:*:*:*:*:*:*:*,CPE,cpe:2.3:h:qualcomm:snapdragon_auto_5g_modem-rf:-:*:*:*:*:*:*:*,,,,,,,,
CPE:cpe:2.3:h:qualcomm:snapdragon_auto_5g_modem-rf_gen_2:-:*:*:*:*:*:*:*,CPE,cpe:2.3:h:qualcomm:snapdragon_auto_5g_modem-rf_gen_2:-:*:*:*:*:*:*:*,,,,,,,,
CPE:cpe:2.3:h:qualcomm:snapdragon_x55_5g_modem-rf:-:*:*:*:*:*:*:*,CPE,cpe:2.3:h:qualcomm:snapdragon_x55_5g_modem-rf:-:*:*:*:*:*:*:*,,,,,,,,
CPE:cpe:2.3:h:qualcomm:snapdragon_xr2_5g:-:*:*:*:*:*:*:*,CPE,cpe:2.3:h:qualcomm:snapdragon_xr2_5g:-:*:*:*:*:*:*:*,,,,,,,,
CPE:cpe:2.3:h:qualcomm:sw5100:-:*:*:*:*:*:*:*,CPE,cpe:2.3:h:qualcomm:sw5100:-:*:*:*:*:*:*:*,,,,,,,,
CPE:cpe:2.3:h:qualcomm:sw5100p:-:*:*:*:*:*:*:*,CPE,cpe:2.3:h:qualcomm:sw5100p:-:*:*:*:*:*:*:*,,,,,,,,
CPE:cpe:2.3:h:qualcomm:sxr2130:-:*:*:*:*:*:*:*,CPE,cpe:2.3:h:qualcomm:sxr2130:-:*:*:*:*:*:*:*,,,,,,,,
CPE:cpe:2.3:h:qualcomm:video_collaboration_vc1_platform:-:*:*:*:*:*:*:*,CPE,cpe:2.3:h:qualcomm:video_collaboration_vc1_platform:-:*:*:*:*:*:*:*,,,,,,,,
CPE:cpe:2.3:h:qualcomm:video_collaboration_vc3_platform:-:*:*:*:*:*:*:*,CPE,cpe:2.3:h:qualcomm:video_collaboration_vc3_platform:-:*:*:*:*:*:*:*,,,,,,,,
CPE:cpe:2.3:h:qualcomm:wcd9335:-:*:*:*:*:*:*:*,CPE,cpe:2.3:h:qualcomm:wcd9335:-:*:*:*:*:*:*:*,,,,,,,,
CPE:cpe:2.3:h:qualcomm:wcn3980:-:*:*:*:*:*:*:*,CPE,cpe:2.3:h:qualcomm:wcn3980:-:*:*:*:*:*:*:*,,,,,,,,
CPE:cpe:2.3:h:qualcomm:wcn3990:-:*:*:*:*:*:*:*,CPE,cpe:2.3:h:qualcomm:wcn3990:-:*:*:*:*:*:*:*,,,,,,,,
CPE:cpe:2.3:o:qualcomm:qam8295p_firmware:-:*:*:*:*:*:*:*,CPE,cpe:2.3:o:qualcomm:qam8295p_firmware:-:*:*:*:*:*:*:*,,,,,,,,
CPE:cpe:2.3:o:qualcomm:qca6174a_firmware:-:*:*:*:*:*:*:*,CPE,cpe:2.3:o:qualcomm:qca6174a_firmware:-:*:*:*:*:*:*:*,,,,,,,,
CPE:cpe:2.3:o:qualcomm:qca6426_firmware:-:*:*:*:*:*:*:*,CPE,cpe:2.3:o:qualcomm:qca6426_firmware:-:*:*:*:*:*:*:*,,,,,,,,
CPE:cpe:2.3:o:qualcomm:qca6436_firmware:-:*:*:*:*:*:*:*,CPE,cpe:2.3:o:qualcomm:qca6436_firmware:-:*:*:*:*:*:*:*,,,,,,,,
CPE:cpe:2.3:o:qualcomm:qca6574au_firmware:-:*:*:*:*:*:*:*,CPE,cpe:2.3:o:qualcomm:qca6574au_firmware:-:*:*:*:*:*:*:*,,,,,,,,
CPE:cpe:2.3:o:qualcomm:qca6584au_firmware:-:*:*:*:*:*:*:*,CPE,cpe:2.3:o:qualcomm:qca6584au_firmware:-:*:*:*:*:*:*:*,,,,,,,,
CPE:cpe:2.3:o:qualcomm:qca6595_firmware:-:*:*:*:*:*:*:*,CPE,cpe:2.3:o:qualcomm:qca6595_firmware:-:*:*:*:*:*:*:*,,,,,,,,
CPE:cpe:2.3:o:qualcomm:qca6595au_firmware:-:*:*:*:*:*:*:*,CPE,cpe:2.3:o:qualcomm:qca6595au_firmware:-:*:*:*:*:*:*:*,,,,,,,,
CPE:cpe:2.3:o:qualcomm:qca6688aq_firmware:-:*:*:*:*:*:*:*,CPE,cpe:2.3:o:qualcomm:qca6688aq_firmware:-:*:*:*:*:*:*:*,,,,,,,,
CPE:cpe:2.3:o:qualcomm:qca6696_firmware:-:*:*:*:*:*:*:*,CPE,cpe:2.3:o:qualcomm:qca6696_firmware:-:*:*:*:*:*:*:*,,,,,,,,
CPE:cpe:2.3:o:qualcomm:qca6698aq_firmware:-:*:*:*:*:*:*:*,CPE,cpe:2.3:o:qualcomm:qca6698aq_firmware:-:*:*:*:*:*:*:*,,,,,,,,
CPE:cpe:2.3:o:qualcomm:qcs410_firmware:-:*:*:*:*:*:*:*,CPE,cpe:2.3:o:qualcomm:qcs410_firmware:-:*:*:*:*:*:*:*,,,,,,,,
CPE:cpe:2.3:o:qualcomm:qcs610_firmware:-:*:*:*:*:*:*:*,CPE,cpe:2.3:o:qualcomm:qcs610_firmware:-:*:*:*:*:*:*:*,,,,,,,,
CPE:cpe:2.3:o:qualcomm:qcs6490_firmware:-:*:*:*:*:*:*:*,CPE,cpe:2.3:o:qualcomm:qcs6490_firmware:-:*:*:*:*:*:*:*,,,,,,,,
CPE:cpe:2.3:o:qualcomm:sa4150p_firmware:-:*:*:*:*:*:*:*,CPE,cpe:2.3:o:qualcomm:sa4150p_firmware:-:*:*:*:*:*:*:*,,,,,,,,
CPE:cpe:2.3:o:qualcomm:sa4155p_firmware:-:*:*:*:*:*:*:*,CPE,cpe:2.3:o:qualcomm:sa4155p_firmware:-:*:*:*:*:*:*:*,,,,,,,,
CPE:cpe:2.3:o:qualcomm:sa6145p_firmware:-:*:*:*:*:*:*:*,CPE,cpe:2.3:o:qualcomm:sa6145p_firmware:-:*:*:*:*:*:*:*,,,,,,,,
CPE:cpe:2.3:o:qualcomm:sa6150p_firmware:-:*:*:*:*:*:*:*,CPE,cpe:2.3:o:qualcomm:sa6150p_firmware:-:*:*:*:*:*:*:*,,,,,,,,
CPE:cpe:2.3:o:qualcomm:sa6155p_firmware:-:*:*:*:*:*:*:*,CPE,cpe:2.3:o:qualcomm:sa6155p_firmware:-:*:*:*:*:*:*:*,,,,,,,,
CPE:cpe:2.3:o:qualcomm:sa8145p_firmware:-:*:*:*:*:*:*:*,CPE,cpe:2.3:o:qualcomm:sa8145p_firmware:-:*:*:*:*:*:*:*,,,,,,,,
CPE:cpe:2.3:o:qualcomm:sa8150p_firmware:-:*:*:*:*:*:*:*,CPE,cpe:2.3:o:qualcomm:sa8150p_firmware:-:*:*:*:*:*:*:*,,,,,,,,
CPE:cpe:2.3:o:qualcomm:sa8155p_firmware:-:*:*:*:*:*:*:*,CPE,cpe:2.3:o:qualcomm:sa8155p_firmware:-:*:*:*:*:*:*:*,,,,,,,,
CPE:cpe:2.3:o:qualcomm:sa8195p_firmware:-:*:*:*:*:*:*:*,CPE,cpe:2.3:o:qualcomm:sa8195p_firmware:-:*:*:*:*:*:*:*,,,,,,,,
CPE:cpe:2.3:o:qualcomm:sa8295p_firmware:-:*:*:*:*:*:*:*,CPE,cpe:2.3:o:qualcomm:sa8295p_firmware:-:*:*:*:*:*:*:*,,,,,,,,
CPE:cpe:2.3:o:qualcomm:sd660_firmware:-:*:*:*:*:*:*:*,CPE,cpe:2.3:o:qualcomm:sd660_firmware:-:*:*:*:*:*:*:*,,,,,,,,
CPE:cpe:2.3:o:qualcomm:sd865_5g_firmware:-:*:*:*:*:*:*:*,CPE,cpe:2.3:o:qualcomm:sd865_5g_firmware:-:*:*:*:*:*:*:*,,,,,,,,
CPE:cpe:2.3:o:qualcomm:sg4150p_firmware:-:*:*:*:*:*:*:*,CPE,cpe:2.3:o:qualcomm:sg4150p_firmware:-:*:*:*:*:*:*:*,,,,,,,,
CPE:cpe:2.3:o:qualcomm:snapdragon_660_mobile_firmware:-:*:*:*:*:*:*:*,CPE,cpe:2.3:o:qualcomm:snapdragon_660_mobile_firmware:-:*:*:*:*:*:*:*,,,,,,,,
CPE:cpe:2.3:o:qualcomm:snapdragon_680_4g_mobile_firmware:-:*:*:*:*:*:*:*,CPE,cpe:2.3:o:qualcomm:snapdragon_680_4g_mobile_firmware:-:*:*:*:*:*:*:*,,,,,,,,
CPE:cpe:2.3:o:qualcomm:snapdragon_685_4g_mobile_firmware:-:*:*:*:*:*:*:*,CPE,cpe:2.3:o:qualcomm:snapdragon_685_4g_mobile_firmware:-:*:*:*:*:*:*:*,,,,,,,,
CPE:cpe:2.3:o:qualcomm:snapdragon_865\+_5g_mobile_firmware:-:*:*:*:*:*:*:*,CPE,cpe:2.3:o:qualcomm:snapdragon_865\+_5g_mobile_firmware:-:*:*:*:*:*:*:*,,,,,,,,
CPE:cpe:2.3:o:qualcomm:snapdragon_865_5g_mobile_firmware:-:*:*:*:*:*:*:*,CPE,cpe:2.3:o:qualcomm:snapdragon_865_5g_mobile_firmware:-:*:*:*:*:*:*:*,,,,,,,,
CPE:cpe:2.3:o:qualcomm:snapdragon_870_5g_mobile_firmware:-:*:*:*:*:*:*:*,CPE,cpe:2.3:o:qualcomm:snapdragon_870_5g_mobile_firmware:-:*:*:*:*:*:*:*,,,,,,,,
CPE:cpe:2.3:o:qualcomm:snapdragon_888\+_5g_mobile_firmware:-:*:*:*:*:*:*:*,CPE,cpe:2.3:o:qualcomm:snapdragon_888\+_5g_mobile_firmware:-:*:*:*:*:*:*:*,,,,,,,,
CPE:cpe:2.3:o:qualcomm:snapdragon_888_5g_mobile_firmware:-:*:*:*:*:*:*:*,CPE,cpe:2.3:o:qualcomm:snapdragon_888_5g_mobile_firmware:-:*:*:*:*:*:*:*,,,,,,,,
CPE:cpe:2.3:o:qualcomm:snapdragon_8_gen_1_mobile_firmware:-:*:*:*:*:*:*:*,CPE,cpe:2.3:o:qualcomm:snapdragon_8_gen_1_mobile_firmware:-:*:*:*:*:*:*:*,,,,,,,,
CPE:cpe:2.3:o:qualcomm:snapdragon_auto_5g_modem-rf_firmware:-:*:*:*:*:*:*:*,CPE,cpe:2.3:o:qualcomm:snapdragon_auto_5g_modem-rf_firmware:-:*:*:*:*:*:*:*,,,,,,,,
CPE:cpe:2.3:o:qualcomm:snapdragon_auto_5g_modem-rf_gen_2_firmware:-:*:*:*:*:*:*:*,CPE,cpe:2.3:o:qualcomm:snapdragon_auto_5g_modem-rf_gen_2_firmware:-:*:*:*:*:*:*:*,,,,,,,,
CPE:cpe:2.3:o:qualcomm:snapdragon_x55_5g_modem-rf_firmware:-:*:*:*:*:*:*:*,CPE,cpe:2.3:o:qualcomm:snapdragon_x55_5g_modem-rf_firmware:-:*:*:*:*:*:*:*,,,,,,,,
CPE:cpe:2.3:o:qualcomm:snapdragon_xr2_5g_firmware:-:*:*:*:*:*:*:*,CPE,cpe:2.3:o:qualcomm:snapdragon_xr2_5g_firmware:-:*:*:*:*:*:*:*,,,,,,,,
CPE:cpe:2.3:o:qualcomm:sw5100_firmware:-:*:*:*:*:*:*:*,CPE,cpe:2.3:o:qualcomm:sw5100_firmware:-:*:*:*:*:*:*:*,,,,,,,,
CPE:cpe:2.3:o:qualcomm:sw5100p_firmware:-:*:*:*:*:*:*:*,CPE,cpe:2.3:o:qualcomm:sw5100p_firmware:-:*:*:*:*:*:*:*,,,,,,,,
CPE:cpe:2.3:o:qualcomm:sxr2130_firmware:-:*:*:*:*:*:*:*,CPE,cpe:2.3:o:qualcomm:sxr2130_firmware:-:*:*:*:*:*:*:*,,,,,,,,
CPE:cpe:2.3:o:qualcomm:video_collaboration_vc1_platform_firmware:-:*:*:*:*:*:*:*,CPE,cpe:2.3:o:qualcomm:video_collaboration_vc1_platform_firmware:-:*:*:*:*:*:*:*,,,,,,,,
CPE:cpe:2.3:o:qualcomm:video_collaboration_vc3_platform_firmware:-:*:*:*:*:*:*:*,CPE,cpe:2.3:o:qualcomm:video_collaboration_vc3_platform_firmware:-:*:*:*:*:*:*:*,,,,,,,,
CPE:cpe:2.3:o:qualcomm:wcd9335_firmware:-:*:*:*:*:*:*:*,CPE,cpe:2.3:o:qualcomm:wcd9335_firmware:-:*:*:*:*:*:*:*,,,,,,,,
CPE:cpe:2.3:o:qualcomm:wcn3980_firmware:-:*:*:*:*:*:*:*,CPE,cpe:2.3:o:qualcomm:wcn3980_firmware:-:*:*:*:*:*:*:*,,,,,,,,
CPE:cpe:2.3:o:qualcomm:wcn3990_firmware:-:*:*:*:*:*:*:*,CPE,cpe:2.3:o:qualcomm:wcn3990_firmware:-:*:*:*:*:*:*:*,,,,,,,,
REF:CVE-2024-43047:0,Reference,https://docs.qualcomm.com/product/publicresources/securitybulletin/october-2024-bulletin.html,,,,,,,,https://docs.qualcomm.com/product/publicresources/securitybulletin/october-2024-bulletin.html
REF:CVE-2024-43047:1,Reference,https://www.cisa.gov/known-exploited-vulnerabilities-catalog?field_cve=CVE-2024-43047,,,,,,,,https://www.cisa.gov/known-exploited-vulnerabilities-catalog?field_cve=CVE-2024-43047
CVE:CVE-2024-55591,CVE,CVE-2024-55591,42462,0.474000,HIGH,CRITICAL,True,2025-01-14T14:15:34.450000Z,2025-01-14,
REF:CVE-2024-55591:0,Reference,https://fortiguard.fortinet.com/psirt/FG-IR-24-535,,,,,,,,https://fortiguard.fortinet.com/psirt/FG-IR-24-535
REF:CVE-2024-55591:1,Reference,https://www.cisa.gov/known-exploited-vulnerabilities-catalog?field_cve=CVE-2024-55591,,,,,,,,https://www.cisa.gov/known-exploited-vulnerabilities-catalog?field_cve=CVE-2024-55591
CVE:CVE-2025-6558,CVE,CVE-2025-6558,67285,0.474000,HIGH,HIGH,True,2025-07-15T18:15:24.533000Z,2025-07-22,
CPE:cpe:2.3:a:apple:safari:*:*:*:*:*:*:*:*,CPE,cpe:2.3:a:apple:safari:*:*:*:*:*:*:*:*,,,,,,,,
CPE:cpe:2.3:a:webkitgtk:webkitgtk:*:*:*:*:*:*:*:*,CPE,cpe:2.3:a:webkitgtk:webkitgtk:*:*:*:*:*:*:*:*,,,,,,,,
CPE:cpe:2.3:a:wpewebkit:wpe_webkit:*:*:*:*:*:*:*:*,CPE,cpe:2.3:a:wpewebkit:wpe_webkit:*:*:*:*:*:*:*:*,,,,,,,,
REF:CVE-2025-6558:0,Reference,http://seclists.org/fulldisclosure/2025/Aug/0,,,,,,,,http://seclists.org/fulldisclosure/2025/Aug/0
REF:CVE-2025-6558:1,Reference,http://seclists.org/fulldisclosure/2025/Jul/30,,,,,,,,http://seclists.org/fulldisclosure/2025/Jul/30
REF:CVE-2025-6558:2,Reference,http://seclists.org/fulldisclosure/2025/Jul/32,,,,,,,,http://seclists.org/fulldisclosure/2025/Jul/32
REF:CVE-2025-6558:3,Reference,http://seclists.org/fulldisclosure/2025/Jul/35,,,,,,,,http://seclists.org/fulldisclosure/2025/Jul/35
REF:CVE-2025-6558:4,Reference,http://seclists.org/fulldisclosure/2025/Jul/37,,,,,,,,http://seclists.org/fulldisclosure/2025/Jul/37
REF:CVE-2025-6558:5,Reference,http://www.openwall.com/lists/oss-security/2025/08/02/1,,,,,,,,http://www.openwall.com/lists/oss-security/2025/08/02/1
REF:CVE-2025-6558:6,Reference,https://chromereleases.googleblog.com/2025/07/stable-channel-update-for-desktop_15.html,,,,,,,,https://chromereleases.googleblog.com/2025/07/stable-channel-update-for-desktop_15.html
REF:CVE-2025-6558:7,Reference,https://issues.chromium.org/issues/427162086,,,,,,,,https://issues.chromium.org/issues/427162086
REF:CVE-2025-6558:8,Reference,https://lists.debian.org/debian-lts-announce/2025/08/msg00015.html,,,,,,,,https://lists.debian.org/debian-lts-announce/2025/08/msg00015.html
REF:CVE-2025-6558:9,Reference,https://www.cisa.gov/known-exploited-vulnerabilities-catalog?field_cve=CVE-2025-6558,,,,,,,,https://www.cisa.gov/known-exploited-vulnerabilities-catalog?field_cve=CVE-2025-6558
CVE:CVE-2025-61882,CVE,CVE-2025-61882,78254,0.474000,HIGH,CRITICAL,True,2025-10-05T04:15:40.340000Z,2025-10-06,
CPE:cpe:2.3:a:oracle:concurrent_processing:*:*:*:*:*:*:*:*,CPE,cpe:2.3:a:oracle:concurrent_processing:*:*:*:*:*:*:*:*,,,,,,,,
REF:CVE-2025-61882:0,Reference,https://blogs.oracle.com/security/post/apply-july-2025-cpu,,,,,,,,https://blogs.oracle.com/security/post/apply-july-2025-cpu
REF:CVE-2025-61882:1,Reference,https://www.cisa.gov/known-exploited-vulnerabilities-catalog?field_cve=CVE-2025-61882,,,,,,,,https://www.cisa.gov/known-exploited-vulnerabilities-catalog?field_cve=CVE-2025-61882
REF:CVE-2025-61882:2,Reference,https://www.crowdstrike.com/en-us/blog/crowdstrike-identifies-campaign-targeting-oracle-e-business-suite-zero-day-CVE-2025-61882/,,,,,,,,https://www.crowdstrike.com/en-us/blog/crowdstrike-identifies-campaign-targeting-oracle-e-business-suite-zero-day-CVE-2025-61882/
REF:CVE-2025-61882:3,Reference,https://www.oracle.com/security-alerts/alert-cve-2025-61882.html,,,,,,,,https://www.oracle.com/security-alerts/alert-cve-2025-61882.html
CVE:CVE-2025-59287,CVE,CVE-2025-59287,79550,0.474000,HIGH,CRITICAL,True,2025-10-14T17:16:11.670000Z,2025-10-24,
REF:CVE-2025-59287:0,Reference,https://gist.github.com/hawktrace/880b54fb9c07ddb028baaae401bd3951,,,,,,,,https://gist.github.com/hawktrace/880b54fb9c07ddb028baaae401bd3951
REF:CVE-2025-59287:1,Reference,https://hawktrace.com/blog/CVE-2025-59287,,,,,,,,https://hawktrace.com/blog/CVE-2025-59287
REF:CVE-2025-59287:2,Reference,https://msrc.microsoft.com/update-guide/vulnerability/CVE-2025-59287,,,,,,,,https://msrc.microsoft.com/update-guide/vulnerability/CVE-2025-59287
REF:CVE-2025-59287:3,Reference,https://www.bleepingcomputer.com/news/security/cisa-orders-feds-to-patch-windows-server-wsus-flaw-exploited-in-attacks/,,,,,,,,https://www.bleepingcomputer.com/news/security/cisa-orders-feds-to-patch-windows-server-wsus-flaw-exploited-in-attacks/
REF:CVE-2025-59287:4,Reference,https://www.cisa.gov/known-exploited-vulnerabilities-catalog?field_cve=CVE-2025-59287,,,,,,,,https://www.cisa.gov/known-exploited-vulnerabilities-catalog?field_cve=CVE-2025-59287
REF:CVE-2025-59287:5,Reference,https://www.vicarius.io/vsociety/posts/cve-2025-59287-detection-script-rce-vulnerability-in-windows-server-update-service,,,,,,,,https://www.vicarius.io/vsociety/posts/cve-2025-59287-detection-script-rce-vulnerability-in-windows-server-update-service
REF:CVE-2025-59287:6,Reference,https://www.vicarius.io/vsociety/posts/cve-2025-59287-mitigation-script-rce-vulnerability-in-windows-server-update-service,,,,,,,,https://www.vicarius.io/vsociety/posts/cve-2025-59287-mitigation-script-rce-vulnerability-in-windows-server-update-service
CVE:CVE-2025-68461,CVE,CVE-2025-68461,88359,0.474000,HIGH,HIGH,True,2025-12-18T05:15:56.623000Z,2026-02-20,
REF:CVE-2025-68461:0,Reference,https://github.com/roundcube/roundcubemail/commit/bfa032631c36b900e7444dfa278340b33cbf7cdb,,,,,,,,https://github.com/roundcube/roundcubemail/commit/bfa032631c36b900e7444dfa278340b33cbf7cdb
REF:CVE-2025-68461:1,Reference,https://roundcube.net/news/2025/12/13/security-updates-1.6.12-and-1.5.12,,,,,,,,https://roundcube.net/news/2025/12/13/security-updates-1.6.12-and-1.5.12
REF:CVE-2025-68461:2,Reference,https://www.cisa.gov/known-exploited-vulnerabilities-catalog?field_cve=CVE-2025-68461,,,,,,,,https://www.cisa.gov/known-exploited-vulnerabilities-catalog?field_cve=CVE-2025-68461
CVE:CVE-2024-38191,CVE,CVE-2024-38191,25234,0.168000,MEDIUM,HIGH,False,2024-08-13T18:15:27.977000Z,,
RISK:MEDIUM,RiskCategory,MEDIUM,,,,,,,,
CWE:CWE-362,CWE,CWE-362,,,,,,,,
REF:CVE-2024-38191:0,Reference,https://msrc.microsoft.com/update-guide/vulnerability/CVE-2024-38191,,,,,,,,https://msrc.microsoft.com/update-guide/vulnerability/CVE-2024-38191
CVE:CVE-2024-38196,CVE,CVE-2024-38196,25237,0.168000,MEDIUM,HIGH,False,2024-08-13T18:15:28.710000Z,,
REF:CVE-2024-38196:0,Reference,https://msrc.microsoft.com/update-guide/vulnerability/CVE-2024-38196,,,,,,,,https://msrc.microsoft.com/update-guide/vulnerability/CVE-2024-38196
CVE:CVE-2024-10811,CVE,CVE-2024-10811,42539,0.164000,MEDIUM,CRITICAL,False,2025-01-14T17:15:14.007000Z,,
REF:CVE-2024-10811:0,Reference,https://forums.ivanti.com/s/article/Security-Advisory-EPM-January-2025-for-EPM-2024-and-EPM-2022-SU6,,,,,,,,https://forums.ivanti.com/s/article/Security-Advisory-EPM-January-2025-for-EPM-2024-and-EPM-2022-SU6
REF:CVE-2024-10811:1,Reference,https://www.horizon3.ai/attack-research/attack-blogs/ivanti-endpoint-manager-multiple-credential-coercion-vulnerabilities/,,,,,,,,https://www.horizon3.ai/attack-research/attack-blogs/ivanti-endpoint-manager-multiple-credential-coercion-vulnerabilities/
CVE:CVE-2024-38141,CVE,CVE-2024-38141,25198,0.158000,MEDIUM,HIGH,False,2024-08-13T18:15:17.953000Z,,
REF:CVE-2024-38141:0,Reference,https://msrc.microsoft.com/update-guide/vulnerability/CVE-2024-38141,,,,,,,,https://msrc.microsoft.com/update-guide/vulnerability/CVE-2024-38141
CVE:CVE-2025-2777,CVE,CVE-2025-2777,58246,0.154000,MEDIUM,CRITICAL,False,2025-05-07T15:15:57.693000Z,,
REF:CVE-2025-2777:0,Reference,https://documentation.sysaid.com/docs/24-40-60,,,,,,,,https://documentation.sysaid.com/docs/24-40-60
REF:CVE-2025-2777:1,Reference,https://labs.watchtowr.com/sysowned-your-friendly-rce-support-ticket/,,,,,,,,https://labs.watchtowr.com/sysowned-your-friendly-rce-support-ticket/
CVE:CVE-2024-37080,CVE,CVE-2024-37080,19735,0.148000,MEDIUM,CRITICAL,False,2024-06-18T06:15:11.640000Z,,
REF:CVE-2024-37080:0,Reference,https://support.broadcom.com/web/ecx/support-content-notification/-/external/content/SecurityAdvisories/0/24453,,,,,,,,https://support.broadcom.com/web/ecx/support-content-notification/-/external/content/SecurityAdvisories/0/24453
CVE:CVE-2024-12986,CVE,CVE-2024-12986,40398,0.142000,MEDIUM,MEDIUM,False,2024-12-27T16:15:23.927000Z,,
CPE:cpe:2.3:o:draytek:vigor2960_firmware:*:*:*:*:*:*:*:*,CPE,cpe:2.3:o:draytek:vigor2960_firmware:*:*:*:*:*:*:*:*,,,,,,,,
CPE:cpe:2.3:o:draytek:vigor300b_firmware:*:*:*:*:*:*:*:*,CPE,cpe:2.3:o:draytek:vigor300b_firmware:*:*:*:*:*:*:*:*,,,,,,,,
REF:CVE-2024-12986:0,Reference,https://netsecfish.notion.site/Command-Injection-in-apmcfgupptim-endpoint-for-DrayTek-Gateway-Devices-1676b683e67c80b9ad8cc37b93273bf6?pvs=4,,,,,,,,https://netsecfish.notion.site/Command-Injection-in-apmcfgupptim-endpoint-for-DrayTek-Gateway-Devices-1676b683e67c80b9ad8cc37b93273bf6?pvs=4
REF:CVE-2024-12986:1,Reference,https://vuldb.com/?ctiid.289379,,,,,,,,https://vuldb.com/?ctiid.289379
REF:CVE-2024-12986:2,Reference,https://vuldb.com/?id.289379,,,,,,,,https://vuldb.com/?id.289379
REF:CVE-2024-12986:3,Reference,https://vuldb.com/?submit.468794,,,,,,,,https://vuldb.com/?submit.468794
CVE:CVE-2024-30099,CVE,CVE-2024-30099,18922,0.136000,MEDIUM,HIGH,False,2024-06-11T17:15:58.927000Z,,
REF:CVE-2024-30099:0,Reference,https://msrc.microsoft.com/update-guide/vulnerability/CVE-2024-30099,,,,,,,,https://msrc.microsoft.com/update-guide/vulnerability/CVE-2024-30099
CVE:CVE-2026-21531,CVE,CVE-2026-21531,97452,0.136000,MEDIUM,CRITICAL,False,2026-02-10T18:16:35.580000Z,,
CPE:cpe:2.3:a:microsoft:azure_conversation_authoring_client_library:1.0.0:beta1:*:*:*:python:*:*,CPE,cpe:2.3:a:microsoft:azure_conversation_authoring_client_library:1.0.0:beta1:*:*:*:python:*:*,,,,,,,,
CPE:cpe:2.3:a:microsoft:azure_conversation_authoring_client_library:1.0.0:beta2:*:*:*:python:*:*,CPE,cpe:2.3:a:microsoft:azure_conversation_authoring_client_library:1.0.0:beta2:*:*:*:python:*:*,,,,,,,,
CPE:cpe:2.3:a:microsoft:azure_conversation_authoring_client_library:1.0.0:beta3:*:*:*:python:*:*,CPE,cpe:2.3:a:microsoft:azure_conversation_authoring_client_library:1.0.0:beta3:*:*:*:python:*:*,,,,,,,,
REF:CVE-2026-21531:0,Reference,https://msrc.microsoft.com/update-guide/vulnerability/CVE-2026-21531,,,,,,,,https://msrc.microsoft.com/update-guide/vulnerability/CVE-2026-21531
CVE:CVE-2026-46376,CVE,CVE-2026-46376,119547,0.130000,MEDIUM,CRITICAL,False,2026-05-29T14:16:31.677000Z,,
REF:CVE-2026-46376:0,Reference,https://github.com/FreePBX/security-reporting/security/advisories/GHSA-m55x-h47x-v3gx,,,,,,,,https://github.com/FreePBX/security-reporting/security/advisories/GHSA-m55x-h47x-v3gx
CVE:CVE-2024-8923,CVE,CVE-2024-8923,32950,0.128000,MEDIUM,CRITICAL,False,2024-10-29T16:15:06.417000Z,,
CPE:cpe:2.3:a:servicenow:servicenow:vancouver:early_availability:*:*:*:*:*:*,CPE,cpe:2.3:a:servicenow:servicenow:vancouver:early_availability:*:*:*:*:*:*,,,,,,,,
CPE:cpe:2.3:a:servicenow:servicenow:vancouver:early_availability_hotfix_1:*:*:*:*:*:*,CPE,cpe:2.3:a:servicenow:servicenow:vancouver:early_availability_hotfix_1:*:*:*:*:*:*,,,,,,,,
CPE:cpe:2.3:a:servicenow:servicenow:vancouver:early_availability_hotfix_2:*:*:*:*:*:*,CPE,cpe:2.3:a:servicenow:servicenow:vancouver:early_availability_hotfix_2:*:*:*:*:*:*,,,,,,,,
CPE:cpe:2.3:a:servicenow:servicenow:vancouver:patch_6_hotfix_2:*:*:*:*:*:*,CPE,cpe:2.3:a:servicenow:servicenow:vancouver:patch_6_hotfix_2:*:*:*:*:*:*,,,,,,,,
CPE:cpe:2.3:a:servicenow:servicenow:vancouver:patch_7_hotfix_3b:*:*:*:*:*:*,CPE,cpe:2.3:a:servicenow:servicenow:vancouver:patch_7_hotfix_3b:*:*:*:*:*:*,,,,,,,,
CPE:cpe:2.3:a:servicenow:servicenow:vancouver:patch_8_hotfix_4:*:*:*:*:*:*,CPE,cpe:2.3:a:servicenow:servicenow:vancouver:patch_8_hotfix_4:*:*:*:*:*:*,,,,,,,,
CPE:cpe:2.3:a:servicenow:servicenow:vancouver:patch_8_hotfix_5:*:*:*:*:*:*,CPE,cpe:2.3:a:servicenow:servicenow:vancouver:patch_8_hotfix_5:*:*:*:*:*:*,,,,,,,,
CPE:cpe:2.3:a:servicenow:servicenow:vancouver:patch_9_hotfix_1:*:*:*:*:*:*,CPE,cpe:2.3:a:servicenow:servicenow:vancouver:patch_9_hotfix_1:*:*:*:*:*:*,,,,,,,,
CPE:cpe:2.3:a:servicenow:servicenow:vancouver:patch_9_hotfix_2:*:*:*:*:*:*,CPE,cpe:2.3:a:servicenow:servicenow:vancouver:patch_9_hotfix_2:*:*:*:*:*:*,,,,,,,,
CPE:cpe:2.3:a:servicenow:servicenow:washington_dc:early_availability:*:*:*:*:*:*,CPE,cpe:2.3:a:servicenow:servicenow:washington_dc:early_availability:*:*:*:*:*:*,,,,,,,,
CPE:cpe:2.3:a:servicenow:servicenow:washington_dc:early_availability_hotfix_1:*:*:*:*:*:*,CPE,cpe:2.3:a:servicenow:servicenow:washington_dc:early_availability_hotfix_1:*:*:*:*:*:*,,,,,,,,
CPE:cpe:2.3:a:servicenow:servicenow:washington_dc:patch_1_hotfix_3b:*:*:*:*:*:*,CPE,cpe:2.3:a:servicenow:servicenow:washington_dc:patch_1_hotfix_3b:*:*:*:*:*:*,,,,,,,,
CPE:cpe:2.3:a:servicenow:servicenow:washington_dc:patch_2_hotfix_2:*:*:*:*:*:*,CPE,cpe:2.3:a:servicenow:servicenow:washington_dc:patch_2_hotfix_2:*:*:*:*:*:*,,,,,,,,
CPE:cpe:2.3:a:servicenow:servicenow:washington_dc:patch_3_hotfix_2:*:*:*:*:*:*,CPE,cpe:2.3:a:servicenow:servicenow:washington_dc:patch_3_hotfix_2:*:*:*:*:*:*,,,,,,,,
CPE:cpe:2.3:a:servicenow:servicenow:washington_dc:patch_3_hotfix_3:*:*:*:*:*:*,CPE,cpe:2.3:a:servicenow:servicenow:washington_dc:patch_3_hotfix_3:*:*:*:*:*:*,,,,,,,,
CPE:cpe:2.3:a:servicenow:servicenow:washington_dc:patch_4_hotfix_1:*:*:*:*:*:*,CPE,cpe:2.3:a:servicenow:servicenow:washington_dc:patch_4_hotfix_1:*:*:*:*:*:*,,,,,,,,
CPE:cpe:2.3:a:servicenow:servicenow:xanadu:early_availability:*:*:*:*:*:*,CPE,cpe:2.3:a:servicenow:servicenow:xanadu:early_availability:*:*:*:*:*:*,,,,,,,,
CPE:cpe:2.3:a:servicenow:servicenow:xanadu:early_availability_hotfix_1:*:*:*:*:*:*,CPE,cpe:2.3:a:servicenow:servicenow:xanadu:early_availability_hotfix_1:*:*:*:*:*:*,,,,,,,,
REF:CVE-2024-8923:0,Reference,https://support.servicenow.com/kb?id=kb_article_view&sysparm_article=KB1706070,,,,,,,,https://support.servicenow.com/kb?id=kb_article_view&sysparm_article=KB1706070
CVE:CVE-2025-7776,CVE,CVE-2025-7776,72323,0.122000,MEDIUM,HIGH,False,2025-08-26T13:15:33.193000Z,,
REF:CVE-2025-7776:0,Reference,https://support.citrix.com/support-home/kbsearch/article?articleNumber=CTX694938,,,,,,,,https://support.citrix.com/support-home/kbsearch/article?articleNumber=CTX694938
CVE:CVE-2025-59511,CVE,CVE-2025-59511,83170,0.122000,MEDIUM,HIGH,False,2025-11-11T18:15:37.067000Z,,
CPE:cpe:2.3:o:microsoft:windows_11_25h2:*:*:*:*:*:*:*:*,CPE,cpe:2.3:o:microsoft:windows_11_25h2:*:*:*:*:*:*:*:*,,,,,,,,
REF:CVE-2025-59511:0,Reference,https://msrc.microsoft.com/update-guide/vulnerability/CVE-2025-59511,,,,,,,,https://msrc.microsoft.com/update-guide/vulnerability/CVE-2025-59511
CVE:CVE-2025-32429,CVE,CVE-2025-32429,68420,0.118000,MEDIUM,CRITICAL,False,2025-07-24T23:15:26.283000Z,,
CPE:cpe:2.3:a:xwiki:xwiki:*:*:*:*:*:*:*:*,CPE,cpe:2.3:a:xwiki:xwiki:*:*:*:*:*:*:*:*,,,,,,,,
REF:CVE-2025-32429:0,Reference,https://github.com/xwiki/xwiki-platform/commit/dfd0744e9c18d24ac66a0d261dc6cafd1c209101,,,,,,,,https://github.com/xwiki/xwiki-platform/commit/dfd0744e9c18d24ac66a0d261dc6cafd1c209101
REF:CVE-2025-32429:1,Reference,https://github.com/xwiki/xwiki-platform/commit/f502b5d5fd36284a50890ad26d168b7d8dc80bd3,,,,,,,,https://github.com/xwiki/xwiki-platform/commit/f502b5d5fd36284a50890ad26d168b7d8dc80bd3
REF:CVE-2025-32429:2,Reference,https://github.com/xwiki/xwiki-platform/security/advisories/GHSA-vr59-gm53-v7cq,,,,,,,,https://github.com/xwiki/xwiki-platform/security/advisories/GHSA-vr59-gm53-v7cq
REF:CVE-2025-32429:3,Reference,https://jira.xwiki.org/browse/XWIKI-23093,,,,,,,,https://jira.xwiki.org/browse/XWIKI-23093
CVE:CVE-2025-48566,CVE,CVE-2025-48566,86026,0.116000,MEDIUM,HIGH,False,2025-12-08T17:16:14.893000Z,,
CPE:cpe:2.3:o:google:android:13.0:*:*:*:*:*:*:*,CPE,cpe:2.3:o:google:android:13.0:*:*:*:*:*:*:*,,,,,,,,
CPE:cpe:2.3:o:google:android:14.0:*:*:*:*:*:*:*,CPE,cpe:2.3:o:google:android:14.0:*:*:*:*:*:*:*,,,,,,,,
CPE:cpe:2.3:o:google:android:15.0:*:*:*:*:*:*:*,CPE,cpe:2.3:o:google:android:15.0:*:*:*:*:*:*:*,,,,,,,,
CPE:cpe:2.3:o:google:android:16.0:-:*:*:*:*:*:*,CPE,cpe:2.3:o:google:android:16.0:-:*:*:*:*:*:*,,,,,,,,
REF:CVE-2025-48566:0,Reference,https://source.android.com/docs/security/bulletin/2026/2026-09-01,,,,,,,,https://source.android.com/docs/security/bulletin/2026/2026-09-01
CVE:CVE-2025-20188,CVE,CVE-2025-20188,58419,0.114000,MEDIUM,CRITICAL,False,2025-05-07T18:15:38.617000Z,,
CPE:cpe:2.3:o:cisco:ios_xe:17.11.1:*:*:*:*:*:*:*,CPE,cpe:2.3:o:cisco:ios_xe:17.11.1:*:*:*:*:*:*:*,,,,,,,,
CPE:cpe:2.3:o:cisco:ios_xe:17.11.99sw:*:*:*:*:*:*:*,CPE,cpe:2.3:o:cisco:ios_xe:17.11.99sw:*:*:*:*:*:*:*,,,,,,,,
CPE:cpe:2.3:o:cisco:ios_xe:17.12.1:*:*:*:*:*:*:*,CPE,cpe:2.3:o:cisco:ios_xe:17.12.1:*:*:*:*:*:*:*,,,,,,,,
CPE:cpe:2.3:o:cisco:ios_xe:17.12.2:*:*:*:*:*:*:*,CPE,cpe:2.3:o:cisco:ios_xe:17.12.2:*:*:*:*:*:*:*,,,,,,,,
CPE:cpe:2.3:o:cisco:ios_xe:17.12.3:*:*:*:*:*:*:*,CPE,cpe:2.3:o:cisco:ios_xe:17.12.3:*:*:*:*:*:*:*,,,,,,,,
CPE:cpe:2.3:o:cisco:ios_xe:17.13.1:*:*:*:*:*:*:*,CPE,cpe:2.3:o:cisco:ios_xe:17.13.1:*:*:*:*:*:*:*,,,,,,,,
CPE:cpe:2.3:o:cisco:ios_xe:17.14.1:*:*:*:*:*:*:*,CPE,cpe:2.3:o:cisco:ios_xe:17.14.1:*:*:*:*:*:*:*,,,,,,,,
REF:CVE-2025-20188:0,Reference,https://horizon3.ai/attack-research/attack-blogs/cisco-ios-xe-wlc-arbitrary-file-upload-vulnerability-cve-2025-20188-analysis/,,,,,,,,https://horizon3.ai/attack-research/attack-blogs/cisco-ios-xe-wlc-arbitrary-file-upload-vulnerability-cve-2025-20188-analysis/
REF:CVE-2025-20188:1,Reference,https://sec.cloudapps.cisco.com/security/center/content/CiscoSecurityAdvisory/cisco-sa-wlc-file-uplpd-rHZG9UfC,,,,,,,,https://sec.cloudapps.cisco.com/security/center/content/CiscoSecurityAdvisory/cisco-sa-wlc-file-uplpd-rHZG9UfC
CVE:CVE-2024-42008,CVE,CVE-2024-42008,24398,0.112000,MEDIUM,CRITICAL,False,2024-08-05T19:15:38.153000Z,,
REF:CVE-2024-42008:0,Reference,https://github.com/roundcube/roundcubemail/releases,,,,,,,,https://github.com/roundcube/roundcubemail/releases
REF:CVE-2024-42008:1,Reference,https://github.com/roundcube/roundcubemail/releases/tag/1.5.8,,,,,,,,https://github.com/roundcube/roundcubemail/releases/tag/1.5.8
REF:CVE-2024-42008:2,Reference,https://github.com/roundcube/roundcubemail/releases/tag/1.6.8,,,,,,,,https://github.com/roundcube/roundcubemail/releases/tag/1.6.8
REF:CVE-2024-42008:3,Reference,https://roundcube.net/news/2024/08/04/security-updates-1.6.8-and-1.5.8,,,,,,,,https://roundcube.net/news/2024/08/04/security-updates-1.6.8-and-1.5.8
REF:CVE-2024-42008:4,Reference,https://sonarsource.com/blog/government-emails-at-risk-critical-cross-site-scripting-vulnerability-in-roundcube-webmail/,,,,,,,,https://sonarsource.com/blog/government-emails-at-risk-critical-cross-site-scripting-vulnerability-in-roundcube-webmail/
CVE:CVE-2023-42789,CVE,CVE-2023-42789,6524,0.106000,MEDIUM,CRITICAL,False,2024-03-12T15:15:46.107000Z,,
CPE:cpe:2.3:a:fortinet:fortiproxy:7.4.0:*:*:*:*:*:*:*,CPE,cpe:2.3:a:fortinet:fortiproxy:7.4.0:*:*:*:*:*:*:*,,,,,,,,
CPE:cpe:2.3:o:fortinet:fortios:7.4.0:*:*:*:*:*:*:*,CPE,cpe:2.3:o:fortinet:fortios:7.4.0:*:*:*:*:*:*:*,,,,,,,,
CPE:cpe:2.3:o:fortinet:fortios:7.4.1:*:*:*:*:*:*:*,CPE,cpe:2.3:o:fortinet:fortios:7.4.1:*:*:*:*:*:*:*,,,,,,,,
REF:CVE-2023-42789:0,Reference,https://fortiguard.com/psirt/FG-IR-23-328,,,,,,,,https://fortiguard.com/psirt/FG-IR-23-328
CVE:CVE-2024-9464,CVE,CVE-2024-9464,30534,0.106000,MEDIUM,CRITICAL,False,2024-10-09T17:15:20.170000Z,,
REF:CVE-2024-9464:0,Reference,https://security.paloaltonetworks.com/PAN-SA-2024-0010,,,,,,,,https://security.paloaltonetworks.com/PAN-SA-2024-0010
REF:CVE-2024-9464:1,Reference,https://www.horizon3.ai/attack-research/palo-alto-expedition-from-n-day-to-full-compromise/,,,,,,,,https://www.horizon3.ai/attack-research/palo-alto-expedition-from-n-day-to-full-compromise/
CVE:CVE-2025-35451,CVE,CVE-2025-35451,73852,0.104000,MEDIUM,CRITICAL,False,2025-09-05T18:15:41.900000Z,,
CPE:cpe:2.3:h:multicam-systems:mcamii_ptz:*:*:*:*:*:*:*:*,CPE,cpe:2.3:h:multicam-systems:mcamii_ptz:*:*:*:*:*:*:*:*,,,,,,,,
CPE:cpe:2.3:h:ptzoptics:ndi_fixed_camera:-:*:*:*:*:*:*:*,CPE,cpe:2.3:h:ptzoptics:ndi_fixed_camera:-:*:*:*:*:*:*:*,,,,,,,,
CPE:cpe:2.3:h:ptzoptics:pt12x-ndi-xx:-:*:*:*:*:*:*:*,CPE,cpe:2.3:h:ptzoptics:pt12x-ndi-xx:-:*:*:*:*:*:*:*,,,,,,,,
CPE:cpe:2.3:h:ptzoptics:pt12x-sdi-xx-g2:-:*:*:*:*:*:*:*,CPE,cpe:2.3:h:ptzoptics:pt12x-sdi-xx-g2:-:*:*:*:*:*:*:*,,,,,,,,
CPE:cpe:2.3:h:ptzoptics:pt12x-usb-xx-g2:-:*:*:*:*:*:*:*,CPE,cpe:2.3:h:ptzoptics:pt12x-usb-xx-g2:-:*:*:*:*:*:*:*,,,,,,,,
CPE:cpe:2.3:h:ptzoptics:pt12x-zcam:-:*:*:*:*:*:*:*,CPE,cpe:2.3:h:ptzoptics:pt12x-zcam:-:*:*:*:*:*:*:*,,,,,,,,
CPE:cpe:2.3:h:ptzoptics:pt20x-ndi-xx:-:*:*:*:*:*:*:*,CPE,cpe:2.3:h:ptzoptics:pt20x-ndi-xx:-:*:*:*:*:*:*:*,,,,,,,,
CPE:cpe:2.3:h:ptzoptics:pt20x-sdi-xx-g2:-:*:*:*:*:*:*:*,CPE,cpe:2.3:h:ptzoptics:pt20x-sdi-xx-g2:-:*:*:*:*:*:*:*,,,,,,,,
CPE:cpe:2.3:h:ptzoptics:pt20x-usb-xx-g2:-:*:*:*:*:*:*:*,CPE,cpe:2.3:h:ptzoptics:pt20x-usb-xx-g2:-:*:*:*:*:*:*:*,,,,,,,,
CPE:cpe:2.3:h:ptzoptics:pt20x-zcam:-:*:*:*:*:*:*:*,CPE,cpe:2.3:h:ptzoptics:pt20x-zcam:-:*:*:*:*:*:*:*,,,,,,,,
CPE:cpe:2.3:h:ptzoptics:pt30x-ndi-xx:-:*:*:*:*:*:*:*,CPE,cpe:2.3:h:ptzoptics:pt30x-ndi-xx:-:*:*:*:*:*:*:*,,,,,,,,
CPE:cpe:2.3:h:ptzoptics:pt30x-sdi-xx-g2:-:*:*:*:*:*:*:*,CPE,cpe:2.3:h:ptzoptics:pt30x-sdi-xx-g2:-:*:*:*:*:*:*:*,,,,,,,,
CPE:cpe:2.3:h:ptzoptics:pteptz-ndi-zcam-g2:-:*:*:*:*:*:*:*,CPE,cpe:2.3:h:ptzoptics:pteptz-ndi-zcam-g2:-:*:*:*:*:*:*:*,,,,,,,,
CPE:cpe:2.3:h:ptzoptics:pteptz-zcam-g2:-:*:*:*:*:*:*:*,CPE,cpe:2.3:h:ptzoptics:pteptz-zcam-g2:-:*:*:*:*:*:*:*,,,,,,,,
CPE:cpe:2.3:h:ptzoptics:ptvl-zcam:-:*:*:*:*:*:*:*,CPE,cpe:2.3:h:ptzoptics:ptvl-zcam:-:*:*:*:*:*:*:*,,,,,,,,
CPE:cpe:2.3:h:ptzoptics:vl_fixed_camera:-:*:*:*:*:*:*:*,CPE,cpe:2.3:h:ptzoptics:vl_fixed_camera:-:*:*:*:*:*:*:*,,,,,,,,
CPE:cpe:2.3:h:smtav:ba12-n:*:*:*:*:*:*:*:*,CPE,cpe:2.3:h:smtav:ba12-n:*:*:*:*:*:*:*:*,,,,,,,,
CPE:cpe:2.3:h:smtav:ba12s:*:*:*:*:*:*:*:*,CPE,cpe:2.3:h:smtav:ba12s:*:*:*:*:*:*:*:*,,,,,,,,
CPE:cpe:2.3:h:smtav:ba20-n:*:*:*:*:*:*:*:*,CPE,cpe:2.3:h:smtav:ba20-n:*:*:*:*:*:*:*:*,,,,,,,,
CPE:cpe:2.3:h:smtav:ba20s:*:*:*:*:*:*:*:*,CPE,cpe:2.3:h:smtav:ba20s:*:*:*:*:*:*:*:*,,,,,,,,
CPE:cpe:2.3:h:smtav:ba30-n:*:*:*:*:*:*:*:*,CPE,cpe:2.3:h:smtav:ba30-n:*:*:*:*:*:*:*:*,,,,,,,,
CPE:cpe:2.3:h:smtav:ba30s:*:*:*:*:*:*:*:*,CPE,cpe:2.3:h:smtav:ba30s:*:*:*:*:*:*:*:*,,,,,,,,
CPE:cpe:2.3:h:smtav:bv20s:*:*:*:*:*:*:*:*,CPE,cpe:2.3:h:smtav:bv20s:*:*:*:*:*:*:*:*,,,,,,,,
CPE:cpe:2.3:h:smtav:bv30s:*:*:*:*:*:*:*:*,CPE,cpe:2.3:h:smtav:bv30s:*:*:*:*:*:*:*:*,,,,,,,,
CPE:cpe:2.3:h:smtav:bx20n:*:*:*:*:*:*:*:*,CPE,cpe:2.3:h:smtav:bx20n:*:*:*:*:*:*:*:*,,,,,,,,
CPE:cpe:2.3:h:smtav:bx20s-sh:*:*:*:*:*:*:*:*,CPE,cpe:2.3:h:smtav:bx20s-sh:*:*:*:*:*:*:*:*,,,,,,,,
CPE:cpe:2.3:h:smtav:bx20uhd-n:*:*:*:*:*:*:*:*,CPE,cpe:2.3:h:smtav:bx20uhd-n:*:*:*:*:*:*:*:*,,,,,,,,
CPE:cpe:2.3:h:smtav:bx20uhd:*:*:*:*:*:*:*:*,CPE,cpe:2.3:h:smtav:bx20uhd:*:*:*:*:*:*:*:*,,,,,,,,
CPE:cpe:2.3:h:smtav:bx30s:*:*:*:*:*:*:*:*,CPE,cpe:2.3:h:smtav:bx30s:*:*:*:*:*:*:*:*,,,,,,,,
CPE:cpe:2.3:h:smtav:hd17h-n:*:*:*:*:*:*:*:*,CPE,cpe:2.3:h:smtav:hd17h-n:*:*:*:*:*:*:*:*,,,,,,,,
CPE:cpe:2.3:h:smtav:hd17h:*:*:*:*:*:*:*:*,CPE,cpe:2.3:h:smtav:hd17h:*:*:*:*:*:*:*:*,,,,,,,,
CPE:cpe:2.3:h:valuehd:v60xl:*:*:*:*:*:*:*:*,CPE,cpe:2.3:h:valuehd:v60xl:*:*:*:*:*:*:*:*,,,,,,,,
CPE:cpe:2.3:h:valuehd:v61w:*:*:*:*:*:*:*:*,CPE,cpe:2.3:h:valuehd:v61w:*:*:*:*:*:*:*:*,,,,,,,,
CPE:cpe:2.3:h:valuehd:v63xl:*:*:*:*:*:*:*:*,CPE,cpe:2.3:h:valuehd:v63xl:*:*:*:*:*:*:*:*,,,,,,,,
CPE:cpe:2.3:h:valuehd:v71uvs:*:*:*:*:*:*:*:*,CPE,cpe:2.3:h:valuehd:v71uvs:*:*:*:*:*:*:*:*,,,,,,,,
CPE:cpe:2.3:h:valuehd:vx60al:*:*:*:*:*:*:*:*,CPE,cpe:2.3:h:valuehd:vx60al:*:*:*:*:*:*:*:*,,,,,,,,
CPE:cpe:2.3:h:valuehd:vx60asl:*:*:*:*:*:*:*:*,CPE,cpe:2.3:h:valuehd:vx60asl:*:*:*:*:*:*:*:*,,,,,,,,
CPE:cpe:2.3:h:valuehd:vx61al:*:*:*:*:*:*:*:*,CPE,cpe:2.3:h:valuehd:vx61al:*:*:*:*:*:*:*:*,,,,,,,,
CPE:cpe:2.3:h:valuehd:vx61asl:*:*:*:*:*:*:*:*,CPE,cpe:2.3:h:valuehd:vx61asl:*:*:*:*:*:*:*:*,,,,,,,,
CPE:cpe:2.3:h:valuehd:vx61basl:*:*:*:*:*:*:*:*,CPE,cpe:2.3:h:valuehd:vx61basl:*:*:*:*:*:*:*:*,,,,,,,,
CPE:cpe:2.3:h:valuehd:vx630al:*:*:*:*:*:*:*:*,CPE,cpe:2.3:h:valuehd:vx630al:*:*:*:*:*:*:*:*,,,,,,,,
CPE:cpe:2.3:h:valuehd:vx701ra:*:*:*:*:*:*:*:*,CPE,cpe:2.3:h:valuehd:vx701ra:*:*:*:*:*:*:*:*,,,,,,,,
CPE:cpe:2.3:h:valuehd:vx701ta:*:*:*:*:*:*:*:*,CPE,cpe:2.3:h:valuehd:vx701ta:*:*:*:*:*:*:*:*,,,,,,,,
CPE:cpe:2.3:h:valuehd:vx70uvs:*:*:*:*:*:*:*:*,CPE,cpe:2.3:h:valuehd:vx70uvs:*:*:*:*:*:*:*:*,,,,,,,,
CPE:cpe:2.3:h:valuehd:vx71uvs:*:*:*:*:*:*:*:*,CPE,cpe:2.3:h:valuehd:vx71uvs:*:*:*:*:*:*:*:*,,,,,,,,
CPE:cpe:2.3:h:valuehd:vx720l:*:*:*:*:*:*:*:*,CPE,cpe:2.3:h:valuehd:vx720l:*:*:*:*:*:*:*:*,,,,,,,,
CPE:cpe:2.3:h:valuehd:vx751ba:*:*:*:*:*:*:*:*,CPE,cpe:2.3:h:valuehd:vx751ba:*:*:*:*:*:*:*:*,,,,,,,,
CPE:cpe:2.3:h:valuehd:vx752a:*:*:*:*:*:*:*:*,CPE,cpe:2.3:h:valuehd:vx752a:*:*:*:*:*:*:*:*,,,,,,,,
CPE:cpe:2.3:h:valuehd:vx752ag:*:*:*:*:*:*:*:*,CPE,cpe:2.3:h:valuehd:vx752ag:*:*:*:*:*:*:*:*,,,,,,,,
CPE:cpe:2.3:h:valuehd:vx800i2:*:*:*:*:*:*:*:*,CPE,cpe:2.3:h:valuehd:vx800i2:*:*:*:*:*:*:*:*,,,,,,,,
CPE:cpe:2.3:h:valuehd:vx90:*:*:*:*:*:*:*:*,CPE,cpe:2.3:h:valuehd:vx90:*:*:*:*:*:*:*:*,,,,,,,,
CPE:cpe:2.3:o:multicam-systems:mcamii_ptz_firmware:*:*:*:*:*:*:*:*,CPE,cpe:2.3:o:multicam-systems:mcamii_ptz_firmware:*:*:*:*:*:*:*:*,,,,,,,,
CPE:cpe:2.3:o:ptzoptics:ndi_fixed_camera_firmware:*:*:*:*:*:*:*:*,CPE,cpe:2.3:o:ptzoptics:ndi_fixed_camera_firmware:*:*:*:*:*:*:*:*,,,,,,,,
CPE:cpe:2.3:o:ptzoptics:pt12x-ndi-xx_firmware:*:*:*:*:*:*:*:*,CPE,cpe:2.3:o:ptzoptics:pt12x-ndi-xx_firmware:*:*:*:*:*:*:*:*,,,,,,,,
CPE:cpe:2.3:o:ptzoptics:pt12x-sdi-xx-g2_firmware:*:*:*:*:*:*:*:*,CPE,cpe:2.3:o:ptzoptics:pt12x-sdi-xx-g2_firmware:*:*:*:*:*:*:*:*,,,,,,,,
CPE:cpe:2.3:o:ptzoptics:pt12x-usb-xx-g2_firmware:*:*:*:*:*:*:*:*,CPE,cpe:2.3:o:ptzoptics:pt12x-usb-xx-g2_firmware:*:*:*:*:*:*:*:*,,,,,,,,
CPE:cpe:2.3:o:ptzoptics:pt12x-zcam_firmware:*:*:*:*:*:*:*:*,CPE,cpe:2.3:o:ptzoptics:pt12x-zcam_firmware:*:*:*:*:*:*:*:*,,,,,,,,
CPE:cpe:2.3:o:ptzoptics:pt20x-ndi-xx_firmware:*:*:*:*:*:*:*:*,CPE,cpe:2.3:o:ptzoptics:pt20x-ndi-xx_firmware:*:*:*:*:*:*:*:*,,,,,,,,
CPE:cpe:2.3:o:ptzoptics:pt20x-sdi-xx-g2_firmware:*:*:*:*:*:*:*:*,CPE,cpe:2.3:o:ptzoptics:pt20x-sdi-xx-g2_firmware:*:*:*:*:*:*:*:*,,,,,,,,
CPE:cpe:2.3:o:ptzoptics:pt20x-usb-xx-g2_firmware:*:*:*:*:*:*:*:*,CPE,cpe:2.3:o:ptzoptics:pt20x-usb-xx-g2_firmware:*:*:*:*:*:*:*:*,,,,,,,,
CPE:cpe:2.3:o:ptzoptics:pt20x-zcam_firmware:*:*:*:*:*:*:*:*,CPE,cpe:2.3:o:ptzoptics:pt20x-zcam_firmware:*:*:*:*:*:*:*:*,,,,,,,,
CPE:cpe:2.3:o:ptzoptics:pt30x-ndi-xx_firmware:*:*:*:*:*:*:*:*,CPE,cpe:2.3:o:ptzoptics:pt30x-ndi-xx_firmware:*:*:*:*:*:*:*:*,,,,,,,,
CPE:cpe:2.3:o:ptzoptics:pt30x-sdi-xx-g2_firmware:*:*:*:*:*:*:*:*,CPE,cpe:2.3:o:ptzoptics:pt30x-sdi-xx-g2_firmware:*:*:*:*:*:*:*:*,,,,,,,,
CPE:cpe:2.3:o:ptzoptics:pteptz-ndi-zcam-g2_firmware:*:*:*:*:*:*:*:*,CPE,cpe:2.3:o:ptzoptics:pteptz-ndi-zcam-g2_firmware:*:*:*:*:*:*:*:*,,,,,,,,
CPE:cpe:2.3:o:ptzoptics:pteptz-zcam-g2_firmware:*:*:*:*:*:*:*:*,CPE,cpe:2.3:o:ptzoptics:pteptz-zcam-g2_firmware:*:*:*:*:*:*:*:*,,,,,,,,
CPE:cpe:2.3:o:ptzoptics:ptvl-zcam_firmware:*:*:*:*:*:*:*:*,CPE,cpe:2.3:o:ptzoptics:ptvl-zcam_firmware:*:*:*:*:*:*:*:*,,,,,,,,
CPE:cpe:2.3:o:ptzoptics:vl_fixed_camera_firmware:*:*:*:*:*:*:*:*,CPE,cpe:2.3:o:ptzoptics:vl_fixed_camera_firmware:*:*:*:*:*:*:*:*,,,,,,,,
CPE:cpe:2.3:o:smtav:ba12-n_firmware:*:*:*:*:*:*:*:*,CPE,cpe:2.3:o:smtav:ba12-n_firmware:*:*:*:*:*:*:*:*,,,,,,,,
CPE:cpe:2.3:o:smtav:ba12s_firmware:*:*:*:*:*:*:*:*,CPE,cpe:2.3:o:smtav:ba12s_firmware:*:*:*:*:*:*:*:*,,,,,,,,
CPE:cpe:2.3:o:smtav:ba20-n_firmware:*:*:*:*:*:*:*:*,CPE,cpe:2.3:o:smtav:ba20-n_firmware:*:*:*:*:*:*:*:*,,,,,,,,
CPE:cpe:2.3:o:smtav:ba20s_firmware:*:*:*:*:*:*:*:*,CPE,cpe:2.3:o:smtav:ba20s_firmware:*:*:*:*:*:*:*:*,,,,,,,,
CPE:cpe:2.3:o:smtav:ba30-n_firmware:*:*:*:*:*:*:*:*,CPE,cpe:2.3:o:smtav:ba30-n_firmware:*:*:*:*:*:*:*:*,,,,,,,,
CPE:cpe:2.3:o:smtav:ba30s_firmware:*:*:*:*:*:*:*:*,CPE,cpe:2.3:o:smtav:ba30s_firmware:*:*:*:*:*:*:*:*,,,,,,,,
CPE:cpe:2.3:o:smtav:bv20s_firmware:*:*:*:*:*:*:*:*,CPE,cpe:2.3:o:smtav:bv20s_firmware:*:*:*:*:*:*:*:*,,,,,,,,
CPE:cpe:2.3:o:smtav:bv30s_firmware:*:*:*:*:*:*:*:*,CPE,cpe:2.3:o:smtav:bv30s_firmware:*:*:*:*:*:*:*:*,,,,,,,,
CPE:cpe:2.3:o:smtav:bx20n_firmware:*:*:*:*:*:*:*:*,CPE,cpe:2.3:o:smtav:bx20n_firmware:*:*:*:*:*:*:*:*,,,,,,,,
CPE:cpe:2.3:o:smtav:bx20s-sh_firmware:*:*:*:*:*:*:*:*,CPE,cpe:2.3:o:smtav:bx20s-sh_firmware:*:*:*:*:*:*:*:*,,,,,,,,
CPE:cpe:2.3:o:smtav:bx20uhd-n_firmware:*:*:*:*:*:*:*:*,CPE,cpe:2.3:o:smtav:bx20uhd-n_firmware:*:*:*:*:*:*:*:*,,,,,,,,
CPE:cpe:2.3:o:smtav:bx20uhd_firmware:*:*:*:*:*:*:*:*,CPE,cpe:2.3:o:smtav:bx20uhd_firmware:*:*:*:*:*:*:*:*,,,,,,,,
CPE:cpe:2.3:o:smtav:bx30s_firmware:*:*:*:*:*:*:*:*,CPE,cpe:2.3:o:smtav:bx30s_firmware:*:*:*:*:*:*:*:*,,,,,,,,
CPE:cpe:2.3:o:smtav:hd17h-n_firmware:*:*:*:*:*:*:*:*,CPE,cpe:2.3:o:smtav:hd17h-n_firmware:*:*:*:*:*:*:*:*,,,,,,,,
CPE:cpe:2.3:o:smtav:hd17h_firmware:*:*:*:*:*:*:*:*,CPE,cpe:2.3:o:smtav:hd17h_firmware:*:*:*:*:*:*:*:*,,,,,,,,
CPE:cpe:2.3:o:valuehd:v60xl_firmware:*:*:*:*:*:*:*:*,CPE,cpe:2.3:o:valuehd:v60xl_firmware:*:*:*:*:*:*:*:*,,,,,,,,
CPE:cpe:2.3:o:valuehd:v61w_firmware:*:*:*:*:*:*:*:*,CPE,cpe:2.3:o:valuehd:v61w_firmware:*:*:*:*:*:*:*:*,,,,,,,,
CPE:cpe:2.3:o:valuehd:v63xl_firmware:*:*:*:*:*:*:*:*,CPE,cpe:2.3:o:valuehd:v63xl_firmware:*:*:*:*:*:*:*:*,,,,,,,,
CPE:cpe:2.3:o:valuehd:v71uvs_firmware:*:*:*:*:*:*:*:*,CPE,cpe:2.3:o:valuehd:v71uvs_firmware:*:*:*:*:*:*:*:*,,,,,,,,
CPE:cpe:2.3:o:valuehd:vx60al_firmware:*:*:*:*:*:*:*:*,CPE,cpe:2.3:o:valuehd:vx60al_firmware:*:*:*:*:*:*:*:*,,,,,,,,
CPE:cpe:2.3:o:valuehd:vx60asl_firmware:*:*:*:*:*:*:*:*,CPE,cpe:2.3:o:valuehd:vx60asl_firmware:*:*:*:*:*:*:*:*,,,,,,,,
CPE:cpe:2.3:o:valuehd:vx61al_firmware:*:*:*:*:*:*:*:*,CPE,cpe:2.3:o:valuehd:vx61al_firmware:*:*:*:*:*:*:*:*,,,,,,,,
CPE:cpe:2.3:o:valuehd:vx61asl_firmware:*:*:*:*:*:*:*:*,CPE,cpe:2.3:o:valuehd:vx61asl_firmware:*:*:*:*:*:*:*:*,,,,,,,,
CPE:cpe:2.3:o:valuehd:vx61basl_firmware:*:*:*:*:*:*:*:*,CPE,cpe:2.3:o:valuehd:vx61basl_firmware:*:*:*:*:*:*:*:*,,,,,,,,
CPE:cpe:2.3:o:valuehd:vx630al_firmware:*:*:*:*:*:*:*:*,CPE,cpe:2.3:o:valuehd:vx630al_firmware:*:*:*:*:*:*:*:*,,,,,,,,
CPE:cpe:2.3:o:valuehd:vx701ra_firmware:*:*:*:*:*:*:*:*,CPE,cpe:2.3:o:valuehd:vx701ra_firmware:*:*:*:*:*:*:*:*,,,,,,,,
CPE:cpe:2.3:o:valuehd:vx701ta_firmware:*:*:*:*:*:*:*:*,CPE,cpe:2.3:o:valuehd:vx701ta_firmware:*:*:*:*:*:*:*:*,,,,,,,,
CPE:cpe:2.3:o:valuehd:vx70uvs_firmware:*:*:*:*:*:*:*:*,CPE,cpe:2.3:o:valuehd:vx70uvs_firmware:*:*:*:*:*:*:*:*,,,,,,,,
CPE:cpe:2.3:o:valuehd:vx71uvs_firmware:*:*:*:*:*:*:*:*,CPE,cpe:2.3:o:valuehd:vx71uvs_firmware:*:*:*:*:*:*:*:*,,,,,,,,
CPE:cpe:2.3:o:valuehd:vx720l_firmware:*:*:*:*:*:*:*:*,CPE,cpe:2.3:o:valuehd:vx720l_firmware:*:*:*:*:*:*:*:*,,,,,,,,
CPE:cpe:2.3:o:valuehd:vx751ba_firmware:*:*:*:*:*:*:*:*,CPE,cpe:2.3:o:valuehd:vx751ba_firmware:*:*:*:*:*:*:*:*,,,,,,,,
CPE:cpe:2.3:o:valuehd:vx752a_firmware:*:*:*:*:*:*:*:*,CPE,cpe:2.3:o:valuehd:vx752a_firmware:*:*:*:*:*:*:*:*,,,,,,,,
CPE:cpe:2.3:o:valuehd:vx752ag_firmware:*:*:*:*:*:*:*:*,CPE,cpe:2.3:o:valuehd:vx752ag_firmware:*:*:*:*:*:*:*:*,,,,,,,,
CPE:cpe:2.3:o:valuehd:vx800i2_firmware:*:*:*:*:*:*:*:*,CPE,cpe:2.3:o:valuehd:vx800i2_firmware:*:*:*:*:*:*:*:*,,,,,,,,
CPE:cpe:2.3:o:valuehd:vx90_firmware:*:*:*:*:*:*:*:*,CPE,cpe:2.3:o:valuehd:vx90_firmware:*:*:*:*:*:*:*:*,,,,,,,,
REF:CVE-2025-35451:0,Reference,https://github.com/cisagov/CSAF/blob/develop/csaf_files/OT/white/2025/icsa-25-162-10.json,,,,,,,,https://github.com/cisagov/CSAF/blob/develop/csaf_files/OT/white/2025/icsa-25-162-10.json
REF:CVE-2025-35451:1,Reference,https://www.cisa.gov/news-events/ics-advisories/icsa-25-162-10,,,,,,,,https://www.cisa.gov/news-events/ics-advisories/icsa-25-162-10
REF:CVE-2025-35451:2,Reference,https://www.cve.org/CVERecord?id=CVE-2025-35451,,,,,,,,https://www.cve.org/CVERecord?id=CVE-2025-35451
REF:CVE-2025-35451:3,Reference,https://www.greynoise.io/blog/greynoise-intelligence-discovers-zero-day-vulnerabilities-in-live-streaming-cameras-with-the-help-of-ai,,,,,,,,https://www.greynoise.io/blog/greynoise-intelligence-discovers-zero-day-vulnerabilities-in-live-streaming-cameras-with-the-help-of-ai
REF:CVE-2025-35451:4,Reference,https://www.labs.greynoise.io/grimoire/2024-10-31-sift-0-day-rce/,,,,,,,,https://www.labs.greynoise.io/grimoire/2024-10-31-sift-0-day-rce/
CVE:CVE-2024-21315,CVE,CVE-2024-21315,3702,0.102000,MEDIUM,HIGH,False,2024-02-13T18:15:48.403000Z,,
CPE:cpe:2.3:a:microsoft:defender_for_endpoint:*:*:*:*:*:windows:*:*,CPE,cpe:2.3:a:microsoft:defender_for_endpoint:*:*:*:*:*:windows:*:*,,,,,,,,
CPE:cpe:2.3:o:microsoft:windows_10_1507:-:*:*:*:*:*:x64:*,CPE,cpe:2.3:o:microsoft:windows_10_1507:-:*:*:*:*:*:x64:*,,,,,,,,
CPE:cpe:2.3:o:microsoft:windows_10_1507:-:*:*:*:*:*:x86:*,CPE,cpe:2.3:o:microsoft:windows_10_1507:-:*:*:*:*:*:x86:*,,,,,,,,
CPE:cpe:2.3:o:microsoft:windows_10_1607:-:*:*:*:*:*:x64:*,CPE,cpe:2.3:o:microsoft:windows_10_1607:-:*:*:*:*:*:x64:*,,,,,,,,
CPE:cpe:2.3:o:microsoft:windows_10_1607:-:*:*:*:*:*:x86:*,CPE,cpe:2.3:o:microsoft:windows_10_1607:-:*:*:*:*:*:x86:*,,,,,,,,
CPE:cpe:2.3:o:microsoft:windows_10_1809:-:*:*:*:*:*:arm64:*,CPE,cpe:2.3:o:microsoft:windows_10_1809:-:*:*:*:*:*:arm64:*,,,,,,,,
CPE:cpe:2.3:o:microsoft:windows_10_1809:-:*:*:*:*:*:x64:*,CPE,cpe:2.3:o:microsoft:windows_10_1809:-:*:*:*:*:*:x64:*,,,,,,,,
CPE:cpe:2.3:o:microsoft:windows_10_1809:-:*:*:*:*:*:x86:*,CPE,cpe:2.3:o:microsoft:windows_10_1809:-:*:*:*:*:*:x86:*,,,,,,,,
CPE:cpe:2.3:o:microsoft:windows_10_21h2:-:*:*:*:*:*:arm64:*,CPE,cpe:2.3:o:microsoft:windows_10_21h2:-:*:*:*:*:*:arm64:*,,,,,,,,
CPE:cpe:2.3:o:microsoft:windows_10_21h2:-:*:*:*:*:*:x64:*,CPE,cpe:2.3:o:microsoft:windows_10_21h2:-:*:*:*:*:*:x64:*,,,,,,,,
CPE:cpe:2.3:o:microsoft:windows_10_21h2:-:*:*:*:*:*:x86:*,CPE,cpe:2.3:o:microsoft:windows_10_21h2:-:*:*:*:*:*:x86:*,,,,,,,,
CPE:cpe:2.3:o:microsoft:windows_10_22h2:-:*:*:*:*:*:arm64:*,CPE,cpe:2.3:o:microsoft:windows_10_22h2:-:*:*:*:*:*:arm64:*,,,,,,,,
CPE:cpe:2.3:o:microsoft:windows_10_22h2:-:*:*:*:*:*:x64:*,CPE,cpe:2.3:o:microsoft:windows_10_22h2:-:*:*:*:*:*:x64:*,,,,,,,,
CPE:cpe:2.3:o:microsoft:windows_10_22h2:-:*:*:*:*:*:x86:*,CPE,cpe:2.3:o:microsoft:windows_10_22h2:-:*:*:*:*:*:x86:*,,,,,,,,
CPE:cpe:2.3:o:microsoft:windows_11_21h2:-:*:*:*:*:*:arm64:*,CPE,cpe:2.3:o:microsoft:windows_11_21h2:-:*:*:*:*:*:arm64:*,,,,,,,,
CPE:cpe:2.3:o:microsoft:windows_11_21h2:-:*:*:*:*:*:x64:*,CPE,cpe:2.3:o:microsoft:windows_11_21h2:-:*:*:*:*:*:x64:*,,,,,,,,
CPE:cpe:2.3:o:microsoft:windows_11_22h2:-:*:*:*:*:*:arm64:*,CPE,cpe:2.3:o:microsoft:windows_11_22h2:-:*:*:*:*:*:arm64:*,,,,,,,,
CPE:cpe:2.3:o:microsoft:windows_11_22h2:-:*:*:*:*:*:x64:*,CPE,cpe:2.3:o:microsoft:windows_11_22h2:-:*:*:*:*:*:x64:*,,,,,,,,
CPE:cpe:2.3:o:microsoft:windows_11_23h2:-:*:*:*:*:*:arm64:*,CPE,cpe:2.3:o:microsoft:windows_11_23h2:-:*:*:*:*:*:arm64:*,,,,,,,,
CPE:cpe:2.3:o:microsoft:windows_11_23h2:-:*:*:*:*:*:x64:*,CPE,cpe:2.3:o:microsoft:windows_11_23h2:-:*:*:*:*:*:x64:*,,,,,,,,
CPE:cpe:2.3:o:microsoft:windows_server_2019:-:*:*:*:*:*:*:*,CPE,cpe:2.3:o:microsoft:windows_server_2019:-:*:*:*:*:*:*:*,,,,,,,,
CPE:cpe:2.3:o:microsoft:windows_server_2022:-:*:*:*:*:*:*:*,CPE,cpe:2.3:o:microsoft:windows_server_2022:-:*:*:*:*:*:*:*,,,,,,,,
CPE:cpe:2.3:o:microsoft:windows_server_2022_23h2:-:*:*:*:*:*:*:*,CPE,cpe:2.3:o:microsoft:windows_server_2022_23h2:-:*:*:*:*:*:*:*,,,,,,,,
REF:CVE-2024-21315:0,Reference,https://msrc.microsoft.com/update-guide/vulnerability/CVE-2024-21315,,,,,,,,https://msrc.microsoft.com/update-guide/vulnerability/CVE-2024-21315
CVE:CVE-2024-30032,CVE,CVE-2024-30032,15244,0.100000,MEDIUM,HIGH,False,2024-05-14T17:17:04.333000Z,,
REF:CVE-2024-30032:0,Reference,https://msrc.microsoft.com/update-guide/vulnerability/CVE-2024-30032,,,,,,,,https://msrc.microsoft.com/update-guide/vulnerability/CVE-2024-30032
CVE:CVE-2024-21437,CVE,CVE-2024-21437,6566,0.098000,MEDIUM,HIGH,False,2024-03-12T17:15:52.713000Z,,
REF:CVE-2024-21437:0,Reference,https://msrc.microsoft.com/update-guide/vulnerability/CVE-2024-21437,,,,,,,,https://msrc.microsoft.com/update-guide/vulnerability/CVE-2024-21437
CVE:CVE-2024-3157,CVE,CVE-2024-3157,10517,0.098000,MEDIUM,CRITICAL,False,2024-04-10T19:15:49.623000Z,,
REF:CVE-2024-3157:0,Reference,https://chromereleases.googleblog.com/2024/04/stable-channel-update-for-desktop_10.html,,,,,,,,https://chromereleases.googleblog.com/2024/04/stable-channel-update-for-desktop_10.html
REF:CVE-2024-3157:1,Reference,https://issues.chromium.org/issues/331237485,,,,,,,,https://issues.chromium.org/issues/331237485
REF:CVE-2024-3157:2,Reference,https://lists.fedoraproject.org/archives/list/package-announce@lists.fedoraproject.org/message/5EW66LXDACTB5FCHLUPZOGD2KA2J62Q2/,,,,,,,,https://lists.fedoraproject.org/archives/list/package-announce@lists.fedoraproject.org/message/5EW66LXDACTB5FCHLUPZOGD2KA2J62Q2/
REF:CVE-2024-3157:3,Reference,https://lists.fedoraproject.org/archives/list/package-announce@lists.fedoraproject.org/message/EVEJEW7UCSUSK2J2FYQRZZPI74P2D3JP/,,,,,,,,https://lists.fedoraproject.org/archives/list/package-announce@lists.fedoraproject.org/message/EVEJEW7UCSUSK2J2FYQRZZPI74P2D3JP/
REF:CVE-2024-3157:4,Reference,https://lists.fedoraproject.org/archives/list/package-announce@lists.fedoraproject.org/message/NDHNEFD76ORM7WBWAEZT6HSYDMZVIED4/,,,,,,,,https://lists.fedoraproject.org/archives/list/package-announce@lists.fedoraproject.org/message/NDHNEFD76ORM7WBWAEZT6HSYDMZVIED4/
CVE:CVE-2026-59309,CVE,CVE-2026-59309,137313,0.098000,MEDIUM,CRITICAL,False,2026-07-30T13:16:53.870000Z,,
CWE:CWE-303,CWE,CWE-303,,,,,,,,
REF:CVE-2026-59309:0,Reference,https://support.broadcom.com/web/ecx/support-content-notification/-/external/content/SecurityAdvisories/0/38017,,,,,,,,https://support.broadcom.com/web/ecx/support-content-notification/-/external/content/SecurityAdvisories/0/38017
CVE:CVE-2025-62474,CVE,CVE-2025-62474,86662,0.096000,MEDIUM,HIGH,False,2025-12-09T18:15:59.763000Z,,
REF:CVE-2025-62474:0,Reference,https://msrc.microsoft.com/update-guide/vulnerability/CVE-2025-62474,,,,,,,,https://msrc.microsoft.com/update-guide/vulnerability/CVE-2025-62474
CVE:CVE-2024-30031,CVE,CVE-2024-30031,15243,0.094000,MEDIUM,HIGH,False,2024-05-14T17:17:03.350000Z,,
REF:CVE-2024-30031:0,Reference,https://msrc.microsoft.com/update-guide/vulnerability/CVE-2024-30031,,,,,,,,https://msrc.microsoft.com/update-guide/vulnerability/CVE-2024-30031
CVE:CVE-2025-20309,CVE,CVE-2025-20309,65486,0.094000,MEDIUM,CRITICAL,False,2025-07-02T17:15:52.927000Z,,
CPE:cpe:2.3:a:cisco:unified_communications_manager:15.0.1.13010-1:*:*:*:-:*:*:*,CPE,cpe:2.3:a:cisco:unified_communications_manager:15.0.1.13010-1:*:*:*:-:*:*:*,,,,,,,,
CPE:cpe:2.3:a:cisco:unified_communications_manager:15.0.1.13010-1:*:*:*:session_management:*:*:*,CPE,cpe:2.3:a:cisco:unified_communications_manager:15.0.1.13010-1:*:*:*:session_management:*:*:*,,,,,,,,
CPE:cpe:2.3:a:cisco:unified_communications_manager:15.0.1.13011-1:*:*:*:-:*:*:*,CPE,cpe:2.3:a:cisco:unified_communications_manager:15.0.1.13011-1:*:*:*:-:*:*:*,,,,,,,,
CPE:cpe:2.3:a:cisco:unified_communications_manager:15.0.1.13011-1:*:*:*:session_management:*:*:*,CPE,cpe:2.3:a:cisco:unified_communications_manager:15.0.1.13011-1:*:*:*:session_management:*:*:*,,,,,,,,
CPE:cpe:2.3:a:cisco:unified_communications_manager:15.0.1.13012-1:*:*:*:-:*:*:*,CPE,cpe:2.3:a:cisco:unified_communications_manager:15.0.1.13012-1:*:*:*:-:*:*:*,,,,,,,,
CPE:cpe:2.3:a:cisco:unified_communications_manager:15.0.1.13012-1:*:*:*:session_management:*:*:*,CPE,cpe:2.3:a:cisco:unified_communications_manager:15.0.1.13012-1:*:*:*:session_management:*:*:*,,,,,,,,
CPE:cpe:2.3:a:cisco:unified_communications_manager:15.0.1.13013-1:*:*:*:-:*:*:*,CPE,cpe:2.3:a:cisco:unified_communications_manager:15.0.1.13013-1:*:*:*:-:*:*:*,,,,,,,,
CPE:cpe:2.3:a:cisco:unified_communications_manager:15.0.1.13013-1:*:*:*:session_management:*:*:*,CPE,cpe:2.3:a:cisco:unified_communications_manager:15.0.1.13013-1:*:*:*:session_management:*:*:*,,,,,,,,
CPE:cpe:2.3:a:cisco:unified_communications_manager:15.0.1.13014-1:*:*:*:-:*:*:*,CPE,cpe:2.3:a:cisco:unified_communications_manager:15.0.1.13014-1:*:*:*:-:*:*:*,,,,,,,,
CPE:cpe:2.3:a:cisco:unified_communications_manager:15.0.1.13014-1:*:*:*:session_management:*:*:*,CPE,cpe:2.3:a:cisco:unified_communications_manager:15.0.1.13014-1:*:*:*:session_management:*:*:*,,,,,,,,
CPE:cpe:2.3:a:cisco:unified_communications_manager:15.0.1.13015-1:*:*:*:-:*:*:*,CPE,cpe:2.3:a:cisco:unified_communications_manager:15.0.1.13015-1:*:*:*:-:*:*:*,,,,,,,,
CPE:cpe:2.3:a:cisco:unified_communications_manager:15.0.1.13015-1:*:*:*:session_management:*:*:*,CPE,cpe:2.3:a:cisco:unified_communications_manager:15.0.1.13015-1:*:*:*:session_management:*:*:*,,,,,,,,
CPE:cpe:2.3:a:cisco:unified_communications_manager:15.0.1.13016-1:*:*:*:-:*:*:*,CPE,cpe:2.3:a:cisco:unified_communications_manager:15.0.1.13016-1:*:*:*:-:*:*:*,,,,,,,,
CPE:cpe:2.3:a:cisco:unified_communications_manager:15.0.1.13016-1:*:*:*:session_management:*:*:*,CPE,cpe:2.3:a:cisco:unified_communications_manager:15.0.1.13016-1:*:*:*:session_management:*:*:*,,,,,,,,
CPE:cpe:2.3:a:cisco:unified_communications_manager:15.0.1.13017-1:*:*:*:-:*:*:*,CPE,cpe:2.3:a:cisco:unified_communications_manager:15.0.1.13017-1:*:*:*:-:*:*:*,,,,,,,,
CPE:cpe:2.3:a:cisco:unified_communications_manager:15.0.1.13017-1:*:*:*:session_management:*:*:*,CPE,cpe:2.3:a:cisco:unified_communications_manager:15.0.1.13017-1:*:*:*:session_management:*:*:*,,,,,,,,
REF:CVE-2025-20309:0,Reference,https://sec.cloudapps.cisco.com/security/center/content/CiscoSecurityAdvisory/cisco-sa-cucm-ssh-m4UBdpE7,,,,,,,,https://sec.cloudapps.cisco.com/security/center/content/CiscoSecurityAdvisory/cisco-sa-cucm-ssh-m4UBdpE7
CVE:CVE-2026-8655,CVE,CVE-2026-8655,127247,0.094000,MEDIUM,HIGH,False,2026-06-30T13:19:34.083000Z,,
REF:CVE-2026-8655:0,Reference,https://support.citrix.com/support-home/kbsearch/article?articleNumber=CTX696604,,,,,,,,https://support.citrix.com/support-home/kbsearch/article?articleNumber=CTX696604
CVE:CVE-2024-43487,CVE,CVE-2024-43487,27855,0.090000,MEDIUM,MEDIUM,False,2024-09-10T17:15:36.230000Z,,
REF:CVE-2024-43487:0,Reference,https://msrc.microsoft.com/update-guide/vulnerability/CVE-2024-43487,,,,,,,,https://msrc.microsoft.com/update-guide/vulnerability/CVE-2024-43487
CVE:CVE-2025-53771,CVE,CVE-2025-53771,67890,0.088000,MEDIUM,MEDIUM,False,2025-07-20T23:15:31.807000Z,,
REF:CVE-2025-53771:0,Reference,https://msrc.microsoft.com/update-guide/vulnerability/CVE-2025-53771,,,,,,,,https://msrc.microsoft.com/update-guide/vulnerability/CVE-2025-53771
REF:CVE-2025-53771:1,Reference,https://www.bleepingcomputer.com/news/microsoft/microsoft-sharepoint-zero-day-exploited-in-rce-attacks-no-patch-available/,,,,,,,,https://www.bleepingcomputer.com/news/microsoft/microsoft-sharepoint-zero-day-exploited-in-rce-attacks-no-patch-available/
CVE:CVE-2025-22420,CVE,CVE-2025-22420,86016,0.088000,MEDIUM,HIGH,False,2025-12-08T17:16:12.680000Z,,
CWE:CWE-441,CWE,CWE-441,,,,,,,,
REF:CVE-2025-22420:0,Reference,https://android.googlesource.com/platform/frameworks/base/+/fb8f76eca9079c34af3e14ee0a58bc10a580ec42,,,,,,,,https://android.googlesource.com/platform/frameworks/base/+/fb8f76eca9079c34af3e14ee0a58bc10a580ec42
REF:CVE-2025-22420:1,Reference,https://source.android.com/security/bulletin/2025-12-01,,,,,,,,https://source.android.com/security/bulletin/2025-12-01
CVE:CVE-2026-30966,CVE,CVE-2026-30966,102536,0.088000,MEDIUM,CRITICAL,False,2026-03-10T21:16:48.980000Z,,
CPE:cpe:2.3:a:parseplatform:parse-server:*:*:*:*:*:node.js:*:*,CPE,cpe:2.3:a:parseplatform:parse-server:*:*:*:*:*:node.js:*:*,,,,,,,,
CPE:cpe:2.3:a:parseplatform:parse-server:9.5.2:alpha1:*:*:*:node.js:*:*,CPE,cpe:2.3:a:parseplatform:parse-server:9.5.2:alpha1:*:*:*:node.js:*:*,,,,,,,,
CPE:cpe:2.3:a:parseplatform:parse-server:9.5.2:alpha2:*:*:*:node.js:*:*,CPE,cpe:2.3:a:parseplatform:parse-server:9.5.2:alpha2:*:*:*:node.js:*:*,,,,,,,,
CPE:cpe:2.3:a:parseplatform:parse-server:9.5.2:alpha3:*:*:*:node.js:*:*,CPE,cpe:2.3:a:parseplatform:parse-server:9.5.2:alpha3:*:*:*:node.js:*:*,,,,,,,,
CPE:cpe:2.3:a:parseplatform:parse-server:9.5.2:alpha4:*:*:*:node.js:*:*,CPE,cpe:2.3:a:parseplatform:parse-server:9.5.2:alpha4:*:*:*:node.js:*:*,,,,,,,,
CPE:cpe:2.3:a:parseplatform:parse-server:9.5.2:alpha5:*:*:*:node.js:*:*,CPE,cpe:2.3:a:parseplatform:parse-server:9.5.2:alpha5:*:*:*:node.js:*:*,,,,,,,,
CPE:cpe:2.3:a:parseplatform:parse-server:9.5.2:alpha6:*:*:*:node.js:*:*,CPE,cpe:2.3:a:parseplatform:parse-server:9.5.2:alpha6:*:*:*:node.js:*:*,,,,,,,,
REF:CVE-2026-30966:0,Reference,https://github.com/parse-community/parse-server/releases/tag/8.6.20,,,,,,,,https://github.com/parse-community/parse-server/releases/tag/8.6.20
REF:CVE-2026-30966:1,Reference,https://github.com/parse-community/parse-server/releases/tag/9.5.2-alpha.7,,,,,,,,https://github.com/parse-community/parse-server/releases/tag/9.5.2-alpha.7
REF:CVE-2026-30966:2,Reference,https://github.com/parse-community/parse-server/security/advisories/GHSA-5f92-jrq3-28rc,,,,,,,,https://github.com/parse-community/parse-server/security/advisories/GHSA-5f92-jrq3-28rc
CVE:CVE-2024-38064,CVE,CVE-2024-38064,21757,0.084000,MEDIUM,HIGH,False,2024-07-09T17:15:38.427000Z,,
REF:CVE-2024-38064:0,Reference,https://msrc.microsoft.com/update-guide/vulnerability/CVE-2024-38064,,,,,,,,https://msrc.microsoft.com/update-guide/vulnerability/CVE-2024-38064
CVE:CVE-2026-19586,CVE,CVE-2026-19586,146526,0.084000,MEDIUM,CRITICAL,False,2026-08-20T19:16:51.103000Z,,
CPE:cpe:2.3:h:tp-link:dr3150:-:*:*:*:*:*:*:*,CPE,cpe:2.3:h:tp-link:dr3150:-:*:*:*:*:*:*:*,,,,,,,,
CPE:cpe:2.3:h:tp-link:dr3220v-4g:-:*:*:*:*:*:*:*,CPE,cpe:2.3:h:tp-link:dr3220v-4g:-:*:*:*:*:*:*:*,,,,,,,,
CPE:cpe:2.3:h:tp-link:dr3650v-4g:-:*:*:*:*:*:*:*,CPE,cpe:2.3:h:tp-link:dr3650v-4g:-:*:*:*:*:*:*:*,,,,,,,,
CPE:cpe:2.3:h:tp-link:dr3650v:-:*:*:*:*:*:*:*,CPE,cpe:2.3:h:tp-link:dr3650v:-:*:*:*:*:*:*:*,,,,,,,,
CPE:cpe:2.3:h:tp-link:er603wp-4g-outdoor:-:*:*:*:*:*:*:*,CPE,cpe:2.3:h:tp-link:er603wp-4g-outdoor:-:*:*:*:*:*:*:*,,,,,,,,
CPE:cpe:2.3:h:tp-link:er605:2.0:*:*:*:*:*:*:*,CPE,cpe:2.3:h:tp-link:er605:2.0:*:*:*:*:*:*:*,,,,,,,,
CPE:cpe:2.3:h:tp-link:er605w:2.0:*:*:*:*:*:*:*,CPE,cpe:2.3:h:tp-link:er605w:2.0:*:*:*:*:*:*:*,,,,,,,,
CPE:cpe:2.3:h:tp-link:er701-5g-outdoor:-:*:*:*:*:*:*:*,CPE,cpe:2.3:h:tp-link:er701-5g-outdoor:-:*:*:*:*:*:*:*,,,,,,,,
CPE:cpe:2.3:h:tp-link:er703wp-4g-outdoor:-:*:*:*:*:*:*:*,CPE,cpe:2.3:h:tp-link:er703wp-4g-outdoor:-:*:*:*:*:*:*:*,,,,,,,,
CPE:cpe:2.3:h:tp-link:er706w-4g:-:*:*:*:*:*:*:*,CPE,cpe:2.3:h:tp-link:er706w-4g:-:*:*:*:*:*:*:*,,,,,,,,
CPE:cpe:2.3:h:tp-link:er706w-4g:2.0:*:*:*:*:*:*:*,CPE,cpe:2.3:h:tp-link:er706w-4g:2.0:*:*:*:*:*:*:*,,,,,,,,
CPE:cpe:2.3:h:tp-link:er706w:-:*:*:*:*:*:*:*,CPE,cpe:2.3:h:tp-link:er706w:-:*:*:*:*:*:*:*,,,,,,,,
CPE:cpe:2.3:h:tp-link:er706wp-4g:-:*:*:*:*:*:*:*,CPE,cpe:2.3:h:tp-link:er706wp-4g:-:*:*:*:*:*:*:*,,,,,,,,
CPE:cpe:2.3:h:tp-link:er707-m2:-:*:*:*:*:*:*:*,CPE,cpe:2.3:h:tp-link:er707-m2:-:*:*:*:*:*:*:*,,,,,,,,
CPE:cpe:2.3:h:tp-link:er7206:2.0:*:*:*:*:*:*:*,CPE,cpe:2.3:h:tp-link:er7206:2.0:*:*:*:*:*:*:*,,,,,,,,
CPE:cpe:2.3:h:tp-link:er7212pc:2.0:*:*:*:*:*:*:*,CPE,cpe:2.3:h:tp-link:er7212pc:2.0:*:*:*:*:*:*:*,,,,,,,,
CPE:cpe:2.3:h:tp-link:er7406:-:*:*:*:*:*:*:*,CPE,cpe:2.3:h:tp-link:er7406:-:*:*:*:*:*:*:*,,,,,,,,
CPE:cpe:2.3:h:tp-link:er7412-m2:-:*:*:*:*:*:*:*,CPE,cpe:2.3:h:tp-link:er7412-m2:-:*:*:*:*:*:*:*,,,,,,,,
CPE:cpe:2.3:h:tp-link:er8411:-:*:*:*:*:*:*:*,CPE,cpe:2.3:h:tp-link:er8411:-:*:*:*:*:*:*:*,,,,,,,,
CPE:cpe:2.3:o:tp-link:dr3150_firmware:*:*:*:*:*:*:*:*,CPE,cpe:2.3:o:tp-link:dr3150_firmware:*:*:*:*:*:*:*:*,,,,,,,,
CPE:cpe:2.3:o:tp-link:dr3220v-4g_firmware:*:*:*:*:*:*:*:*,CPE,cpe:2.3:o:tp-link:dr3220v-4g_firmware:*:*:*:*:*:*:*:*,,,,,,,,
CPE:cpe:2.3:o:tp-link:dr3650v-4g_firmware:*:*:*:*:*:*:*:*,CPE,cpe:2.3:o:tp-link:dr3650v-4g_firmware:*:*:*:*:*:*:*:*,,,,,,,,
CPE:cpe:2.3:o:tp-link:dr3650v_firmware:*:*:*:*:*:*:*:*,CPE,cpe:2.3:o:tp-link:dr3650v_firmware:*:*:*:*:*:*:*:*,,,,,,,,
CPE:cpe:2.3:o:tp-link:er603wp-4g-outdoor_firmware:*:*:*:*:*:*:*:*,CPE,cpe:2.3:o:tp-link:er603wp-4g-outdoor_firmware:*:*:*:*:*:*:*:*,,,,,,,,
CPE:cpe:2.3:o:tp-link:er605_firmware:*:*:*:*:*:*:*:*,CPE,cpe:2.3:o:tp-link:er605_firmware:*:*:*:*:*:*:*:*,,,,,,,,
CPE:cpe:2.3:o:tp-link:er605w_firmware:*:*:*:*:*:*:*:*,CPE,cpe:2.3:o:tp-link:er605w_firmware:*:*:*:*:*:*:*:*,,,,,,,,
CPE:cpe:2.3:o:tp-link:er701-5g-outdoor_firmware:*:*:*:*:*:*:*:*,CPE,cpe:2.3:o:tp-link:er701-5g-outdoor_firmware:*:*:*:*:*:*:*:*,,,,,,,,
CPE:cpe:2.3:o:tp-link:er703wp-4g-outdoor_firmware:*:*:*:*:*:*:*:*,CPE,cpe:2.3:o:tp-link:er703wp-4g-outdoor_firmware:*:*:*:*:*:*:*:*,,,,,,,,
CPE:cpe:2.3:o:tp-link:er706w-4g_firmware:*:*:*:*:*:*:*:*,CPE,cpe:2.3:o:tp-link:er706w-4g_firmware:*:*:*:*:*:*:*:*,,,,,,,,
CPE:cpe:2.3:o:tp-link:er706w_firmware:*:*:*:*:*:*:*:*,CPE,cpe:2.3:o:tp-link:er706w_firmware:*:*:*:*:*:*:*:*,,,,,,,,
CPE:cpe:2.3:o:tp-link:er706wp-4g_firmware:*:*:*:*:*:*:*:*,CPE,cpe:2.3:o:tp-link:er706wp-4g_firmware:*:*:*:*:*:*:*:*,,,,,,,,
CPE:cpe:2.3:o:tp-link:er707-m2_firmware:*:*:*:*:*:*:*:*,CPE,cpe:2.3:o:tp-link:er707-m2_firmware:*:*:*:*:*:*:*:*,,,,,,,,
CPE:cpe:2.3:o:tp-link:er7206_firmware:*:*:*:*:*:*:*:*,CPE,cpe:2.3:o:tp-link:er7206_firmware:*:*:*:*:*:*:*:*,,,,,,,,
CPE:cpe:2.3:o:tp-link:er7212pc_firmware:*:*:*:*:*:*:*:*,CPE,cpe:2.3:o:tp-link:er7212pc_firmware:*:*:*:*:*:*:*:*,,,,,,,,
CPE:cpe:2.3:o:tp-link:er7406_firmware:*:*:*:*:*:*:*:*,CPE,cpe:2.3:o:tp-link:er7406_firmware:*:*:*:*:*:*:*:*,,,,,,,,
CPE:cpe:2.3:o:tp-link:er7412-m2_firmware:*:*:*:*:*:*:*:*,CPE,cpe:2.3:o:tp-link:er7412-m2_firmware:*:*:*:*:*:*:*:*,,,,,,,,
CPE:cpe:2.3:o:tp-link:er8411_firmware:*:*:*:*:*:*:*:*,CPE,cpe:2.3:o:tp-link:er8411_firmware:*:*:*:*:*:*:*:*,,,,,,,,
REF:CVE-2026-19586:0,Reference,https://mattg.systems/posts/cve-2026-19586/,,,,,,,,https://mattg.systems/posts/cve-2026-19586/
REF:CVE-2026-19586:1,Reference,https://www.omadanetworks.com/en/support/download/,,,,,,,,https://www.omadanetworks.com/en/support/download/
REF:CVE-2026-19586:2,Reference,https://www.omadanetworks.com/us/support/download/,,,,,,,,https://www.omadanetworks.com/us/support/download/
REF:CVE-2026-19586:3,Reference,https://www.tp-link.com/us/support/faq/5256/,,,,,,,,https://www.tp-link.com/us/support/faq/5256/
CVE:CVE-2024-21371,CVE,CVE-2024-21371,3739,0.082000,MEDIUM,HIGH,False,2024-02-13T18:15:54.810000Z,,
REF:CVE-2024-21371:0,Reference,https://msrc.microsoft.com/update-guide/vulnerability/CVE-2024-21371,,,,,,,,https://msrc.microsoft.com/update-guide/vulnerability/CVE-2024-21371
CVE:CVE-2024-21434,CVE,CVE-2024-21434,6563,0.082000,MEDIUM,HIGH,False,2024-03-12T17:15:52.220000Z,,
CWE:CWE-197,CWE,CWE-197,,,,,,,,
REF:CVE-2024-21434:0,Reference,https://msrc.microsoft.com/update-guide/vulnerability/CVE-2024-21434,,,,,,,,https://msrc.microsoft.com/update-guide/vulnerability/CVE-2024-21434
CVE:CVE-2024-7720,CVE,CVE-2024-7720,26708,0.082000,MEDIUM,CRITICAL,False,2024-08-27T18:15:15.840000Z,,
CPE:cpe:2.3:a:hp:security_manager:3.11:*:*:*:*:*:*:*,CPE,cpe:2.3:a:hp:security_manager:3.11:*:*:*:*:*:*:*,,,,,,,,
REF:CVE-2024-7720:0,Reference,https://support.hp.com/us-en/document/ish_11074404-11074432-16/,,,,,,,,https://support.hp.com/us-en/document/ish_11074404-11074432-16/
CVE:CVE-2024-38257,CVE,CVE-2024-38257,27833,0.082000,MEDIUM,HIGH,False,2024-09-10T17:15:31.567000Z,,
CPE:cpe:2.3:o:microsoft:windows_10_21h1:*:*:*:*:*:*:*:*,CPE,cpe:2.3:o:microsoft:windows_10_21h1:*:*:*:*:*:*:*:*,,,,,,,,
REF:CVE-2024-38257:0,Reference,https://msrc.microsoft.com/update-guide/vulnerability/CVE-2024-38257,,,,,,,,https://msrc.microsoft.com/update-guide/vulnerability/CVE-2024-38257
REF:CVE-2024-38257:1,Reference,https://www.talosintelligence.com/vulnerability_reports/TALOS-2024-1980,,,,,,,,https://www.talosintelligence.com/vulnerability_reports/TALOS-2024-1980
CVE:CVE-2024-43547,CVE,CVE-2024-43547,30375,0.082000,MEDIUM,MEDIUM,False,2024-10-08T18:15:20.160000Z,,
CWE:CWE-325,CWE,CWE-325,,,,,,,,
REF:CVE-2024-43547:0,Reference,https://msrc.microsoft.com/update-guide/vulnerability/CVE-2024-43547,,,,,,,,https://msrc.microsoft.com/update-guide/vulnerability/CVE-2024-43547
CVE:CVE-2024-43563,CVE,CVE-2024-43563,30390,0.082000,MEDIUM,HIGH,False,2024-10-08T18:15:23.410000Z,,
CWE:CWE-591,CWE,CWE-591,,,,,,,,
REF:CVE-2024-43563:0,Reference,https://msrc.microsoft.com/update-guide/vulnerability/CVE-2024-43563,,,,,,,,https://msrc.microsoft.com/update-guide/vulnerability/CVE-2024-43563
CVE:CVE-2024-43629,CVE,CVE-2024-43629,34645,0.082000,MEDIUM,HIGH,False,2024-11-12T18:15:31.133000Z,,
REF:CVE-2024-43629:0,Reference,https://msrc.microsoft.com/update-guide/vulnerability/CVE-2024-43629,,,,,,,,https://msrc.microsoft.com/update-guide/vulnerability/CVE-2024-43629
CVE:CVE-2026-57827,CVE,CVE-2026-57827,130202,0.082000,MEDIUM,CRITICAL,False,2026-07-11T10:16:34.057000Z,,
CPE:cpe:2.3:a:rsjoomla:rsfiles\!:*:*:*:*:*:joomla\!:*:*,CPE,cpe:2.3:a:rsjoomla:rsfiles\!:*:*:*:*:*:joomla\!:*:*,,,,,,,,
REF:CVE-2026-57827:0,Reference,https://mysites.guru/blog/rsfiles-unauthenticated-file-upload-rce/,,,,,,,,https://mysites.guru/blog/rsfiles-unauthenticated-file-upload-rce/
REF:CVE-2026-57827:1,Reference,https://www.rsjoomla.com/joomla-extensions/joomla-download-manager.html,,,,,,,,https://www.rsjoomla.com/joomla-extensions/joomla-download-manager.html
CVE:CVE-2026-65770,CVE,CVE-2026-65770,146692,0.082000,MEDIUM,CRITICAL,False,2026-08-20T22:17:52.010000Z,,
CPE:cpe:2.3:a:microsoft:azure_managed_instance_for_apache_cassandra:-:*:*:*:*:*:*:*,CPE,cpe:2.3:a:microsoft:azure_managed_instance_for_apache_cassandra:-:*:*:*:*:*:*:*,,,,,,,,
REF:CVE-2026-65770:0,Reference,https://msrc.microsoft.com/update-guide/vulnerability/CVE-2026-65770,,,,,,,,https://msrc.microsoft.com/update-guide/vulnerability/CVE-2026-65770
CVE:CVE-2024-20329,CVE,CVE-2024-20329,32230,0.080000,MEDIUM,CRITICAL,False,2024-10-23T17:15:17.457000Z,,
CWE:CWE-146,CWE,CWE-146,,,,,,,,
CPE:cpe:2.3:o:cisco:adaptive_security_appliance_software:9.17.1.10:*:*:*:*:*:*:*,CPE,cpe:2.3:o:cisco:adaptive_security_appliance_software:9.17.1.10:*:*:*:*:*:*:*,,,,,,,,
CPE:cpe:2.3:o:cisco:adaptive_security_appliance_software:9.17.1.11:*:*:*:*:*:*:*,CPE,cpe:2.3:o:cisco:adaptive_security_appliance_software:9.17.1.11:*:*:*:*:*:*:*,,,,,,,,
CPE:cpe:2.3:o:cisco:adaptive_security_appliance_software:9.17.1.13:*:*:*:*:*:*:*,CPE,cpe:2.3:o:cisco:adaptive_security_appliance_software:9.17.1.13:*:*:*:*:*:*:*,,,,,,,,
CPE:cpe:2.3:o:cisco:adaptive_security_appliance_software:9.17.1.15:*:*:*:*:*:*:*,CPE,cpe:2.3:o:cisco:adaptive_security_appliance_software:9.17.1.15:*:*:*:*:*:*:*,,,,,,,,
CPE:cpe:2.3:o:cisco:adaptive_security_appliance_software:9.17.1.20:*:*:*:*:*:*:*,CPE,cpe:2.3:o:cisco:adaptive_security_appliance_software:9.17.1.20:*:*:*:*:*:*:*,,,,,,,,
CPE:cpe:2.3:o:cisco:adaptive_security_appliance_software:9.17.1.30:*:*:*:*:*:*:*,CPE,cpe:2.3:o:cisco:adaptive_security_appliance_software:9.17.1.30:*:*:*:*:*:*:*,,,,,,,,
CPE:cpe:2.3:o:cisco:adaptive_security_appliance_software:9.17.1.33:*:*:*:*:*:*:*,CPE,cpe:2.3:o:cisco:adaptive_security_appliance_software:9.17.1.33:*:*:*:*:*:*:*,,,,,,,,
CPE:cpe:2.3:o:cisco:adaptive_security_appliance_software:9.17.1.7:*:*:*:*:*:*:*,CPE,cpe:2.3:o:cisco:adaptive_security_appliance_software:9.17.1.7:*:*:*:*:*:*:*,,,,,,,,
CPE:cpe:2.3:o:cisco:adaptive_security_appliance_software:9.17.1.9:*:*:*:*:*:*:*,CPE,cpe:2.3:o:cisco:adaptive_security_appliance_software:9.17.1.9:*:*:*:*:*:*:*,,,,,,,,
CPE:cpe:2.3:o:cisco:adaptive_security_appliance_software:9.17.1:*:*:*:*:*:*:*,CPE,cpe:2.3:o:cisco:adaptive_security_appliance_software:9.17.1:*:*:*:*:*:*:*,,,,,,,,
CPE:cpe:2.3:o:cisco:adaptive_security_appliance_software:9.18.1.3:*:*:*:*:*:*:*,CPE,cpe:2.3:o:cisco:adaptive_security_appliance_software:9.18.1.3:*:*:*:*:*:*:*,,,,,,,,
CPE:cpe:2.3:o:cisco:adaptive_security_appliance_software:9.18.1:*:*:*:*:*:*:*,CPE,cpe:2.3:o:cisco:adaptive_security_appliance_software:9.18.1:*:*:*:*:*:*:*,,,,,,,,
CPE:cpe:2.3:o:cisco:adaptive_security_appliance_software:9.18.2.5:*:*:*:*:*:*:*,CPE,cpe:2.3:o:cisco:adaptive_security_appliance_software:9.18.2.5:*:*:*:*:*:*:*,,,,,,,,
CPE:cpe:2.3:o:cisco:adaptive_security_appliance_software:9.18.2.7:*:*:*:*:*:*:*,CPE,cpe:2.3:o:cisco:adaptive_security_appliance_software:9.18.2.7:*:*:*:*:*:*:*,,,,,,,,
CPE:cpe:2.3:o:cisco:adaptive_security_appliance_software:9.18.2.8:*:*:*:*:*:*:*,CPE,cpe:2.3:o:cisco:adaptive_security_appliance_software:9.18.2.8:*:*:*:*:*:*:*,,,,,,,,
CPE:cpe:2.3:o:cisco:adaptive_security_appliance_software:9.18.2:*:*:*:*:*:*:*,CPE,cpe:2.3:o:cisco:adaptive_security_appliance_software:9.18.2:*:*:*:*:*:*:*,,,,,,,,
CPE:cpe:2.3:o:cisco:adaptive_security_appliance_software:9.18.3.39:*:*:*:*:*:*:*,CPE,cpe:2.3:o:cisco:adaptive_security_appliance_software:9.18.3.39:*:*:*:*:*:*:*,,,,,,,,
CPE:cpe:2.3:o:cisco:adaptive_security_appliance_software:9.18.3.46:*:*:*:*:*:*:*,CPE,cpe:2.3:o:cisco:adaptive_security_appliance_software:9.18.3.46:*:*:*:*:*:*:*,,,,,,,,
CPE:cpe:2.3:o:cisco:adaptive_security_appliance_software:9.18.3.53:*:*:*:*:*:*:*,CPE,cpe:2.3:o:cisco:adaptive_security_appliance_software:9.18.3.53:*:*:*:*:*:*:*,,,,,,,,
CPE:cpe:2.3:o:cisco:adaptive_security_appliance_software:9.18.3.55:*:*:*:*:*:*:*,CPE,cpe:2.3:o:cisco:adaptive_security_appliance_software:9.18.3.55:*:*:*:*:*:*:*,,,,,,,,
CPE:cpe:2.3:o:cisco:adaptive_security_appliance_software:9.18.3.56:*:*:*:*:*:*:*,CPE,cpe:2.3:o:cisco:adaptive_security_appliance_software:9.18.3.56:*:*:*:*:*:*:*,,,,,,,,
CPE:cpe:2.3:o:cisco:adaptive_security_appliance_software:9.18.3:*:*:*:*:*:*:*,CPE,cpe:2.3:o:cisco:adaptive_security_appliance_software:9.18.3:*:*:*:*:*:*:*,,,,,,,,
CPE:cpe:2.3:o:cisco:adaptive_security_appliance_software:9.19.1.12:*:*:*:*:*:*:*,CPE,cpe:2.3:o:cisco:adaptive_security_appliance_software:9.19.1.12:*:*:*:*:*:*:*,,,,,,,,
CPE:cpe:2.3:o:cisco:adaptive_security_appliance_software:9.19.1.18:*:*:*:*:*:*:*,CPE,cpe:2.3:o:cisco:adaptive_security_appliance_software:9.19.1.18:*:*:*:*:*:*:*,,,,,,,,
CPE:cpe:2.3:o:cisco:adaptive_security_appliance_software:9.19.1.5:*:*:*:*:*:*:*,CPE,cpe:2.3:o:cisco:adaptive_security_appliance_software:9.19.1.5:*:*:*:*:*:*:*,,,,,,,,
CPE:cpe:2.3:o:cisco:adaptive_security_appliance_software:9.19.1.9:*:*:*:*:*:*:*,CPE,cpe:2.3:o:cisco:adaptive_security_appliance_software:9.19.1.9:*:*:*:*:*:*:*,,,,,,,,
CPE:cpe:2.3:o:cisco:adaptive_security_appliance_software:9.19.1:*:*:*:*:*:*:*,CPE,cpe:2.3:o:cisco:adaptive_security_appliance_software:9.19.1:*:*:*:*:*:*:*,,,,,,,,
REF:CVE-2024-20329:0,Reference,https://sec.cloudapps.cisco.com/security/center/content/CiscoSecurityAdvisory/cisco-sa-asa-ssh-rce-gRAuPEUF,,,,,,,,https://sec.cloudapps.cisco.com/security/center/content/CiscoSecurityAdvisory/cisco-sa-asa-ssh-rce-gRAuPEUF
REF:CVE-2024-20329:1,Reference,https://sec.cloudapps.cisco.com/security/center/content/CiscoSecurityAdvisory/cisco-sa-fmc-xss-M446vbEO,,,,,,,,https://sec.cloudapps.cisco.com/security/center/content/CiscoSecurityAdvisory/cisco-sa-fmc-xss-M446vbEO
REF:CVE-2024-20329:2,Reference,https://sec.cloudapps.cisco.com/security/center/viewErp.x?alertId=ERP-75300,,,,,,,,https://sec.cloudapps.cisco.com/security/center/viewErp.x?alertId=ERP-75300
CVE:CVE-2025-21420,CVE,CVE-2025-21420,46216,0.080000,MEDIUM,HIGH,False,2025-02-11T18:15:40.427000Z,,
REF:CVE-2025-21420:0,Reference,https://msrc.microsoft.com/update-guide/vulnerability/CVE-2025-21420,,,,,,,,https://msrc.microsoft.com/update-guide/vulnerability/CVE-2025-21420
CVE:CVE-2025-24996,CVE,CVE-2025-24996,50242,0.080000,MEDIUM,MEDIUM,False,2025-03-11T17:16:36.803000Z,,
REF:CVE-2025-24996:0,Reference,https://msrc.microsoft.com/update-guide/vulnerability/CVE-2025-24996,,,,,,,,https://msrc.microsoft.com/update-guide/vulnerability/CVE-2025-24996
CVE:CVE-2026-0899,CVE,CVE-2026-0899,93777,0.080000,MEDIUM,HIGH,False,2026-01-20T05:16:12.480000Z,,
REF:CVE-2026-0899:0,Reference,https://chromereleases.googleblog.com/2026/01/stable-channel-update-for-desktop_13.html,,,,,,,,https://chromereleases.googleblog.com/2026/01/stable-channel-update-for-desktop_13.html
REF:CVE-2026-0899:1,Reference,https://issues.chromium.org/issues/458914193,,,,,,,,https://issues.chromium.org/issues/458914193
CVE:CVE-2024-38153,CVE,CVE-2024-38153,25209,0.078000,MEDIUM,HIGH,False,2024-08-13T18:15:20.763000Z,,
REF:CVE-2024-38153:0,Reference,https://msrc.microsoft.com/update-guide/vulnerability/CVE-2024-38153,,,,,,,,https://msrc.microsoft.com/update-guide/vulnerability/CVE-2024-38153
CVE:CVE-2025-21375,CVE,CVE-2025-21375,46196,0.078000,MEDIUM,HIGH,False,2025-02-11T18:15:35.947000Z,,
REF:CVE-2025-21375:0,Reference,https://msrc.microsoft.com/update-guide/vulnerability/CVE-2025-21375,,,,,,,,https://msrc.microsoft.com/update-guide/vulnerability/CVE-2025-21375
CVE:CVE-2025-58714,CVE,CVE-2025-58714,79455,0.078000,MEDIUM,HIGH,False,2025-10-14T17:15:52.367000Z,,
REF:CVE-2025-58714:0,Reference,https://msrc.microsoft.com/update-guide/vulnerability/CVE-2025-58714,,,,,,,,https://msrc.microsoft.com/update-guide/vulnerability/CVE-2025-58714
CVE:CVE-2024-21334,CVE,CVE-2024-21334,6546,0.076000,MEDIUM,CRITICAL,False,2024-03-12T17:15:49.310000Z,,
CPE:cpe:2.3:a:microsoft:open_management_infrastructure:*:*:*:*:*:*:*:*,CPE,cpe:2.3:a:microsoft:open_management_infrastructure:*:*:*:*:*:*:*:*,,,,,,,,
CPE:cpe:2.3:a:microsoft:system_center_operations_manager:2019:-:*:*:*:*:*:*,CPE,cpe:2.3:a:microsoft:system_center_operations_manager:2019:-:*:*:*:*:*:*,,,,,,,,
CPE:cpe:2.3:a:microsoft:system_center_operations_manager:2022:-:*:*:*:*:*:*,CPE,cpe:2.3:a:microsoft:system_center_operations_manager:2022:-:*:*:*:*:*:*,,,,,,,,
REF:CVE-2024-21334:0,Reference,https://msrc.microsoft.com/update-guide/vulnerability/CVE-2024-21334,,,,,,,,https://msrc.microsoft.com/update-guide/vulnerability/CVE-2024-21334
CVE:CVE-2024-4558,CVE,CVE-2024-4558,14309,0.076000,MEDIUM,CRITICAL,False,2024-05-07T19:15:08.577000Z,,
REF:CVE-2024-4558:0,Reference,http://seclists.org/fulldisclosure/2024/Jul/15,,,,,,,,http://seclists.org/fulldisclosure/2024/Jul/15
REF:CVE-2024-4558:1,Reference,http://seclists.org/fulldisclosure/2024/Jul/16,,,,,,,,http://seclists.org/fulldisclosure/2024/Jul/16
REF:CVE-2024-4558:2,Reference,http://seclists.org/fulldisclosure/2024/Jul/18,,,,,,,,http://seclists.org/fulldisclosure/2024/Jul/18
REF:CVE-2024-4558:3,Reference,https://chromereleases.googleblog.com/2024/05/stable-channel-update-for-desktop_7.html,,,,,,,,https://chromereleases.googleblog.com/2024/05/stable-channel-update-for-desktop_7.html
REF:CVE-2024-4558:4,Reference,https://issues.chromium.org/issues/337766133,,,,,,,,https://issues.chromium.org/issues/337766133
REF:CVE-2024-4558:5,Reference,https://lists.debian.org/debian-lts-announce/2024/09/msg00006.html,,,,,,,,https://lists.debian.org/debian-lts-announce/2024/09/msg00006.html
REF:CVE-2024-4558:6,Reference,https://lists.fedoraproject.org/archives/list/package-announce@lists.fedoraproject.org/message/6G7EYH2JAK5OJPVNC6AXYQ5K7YGYNCDN/,,,,,,,,https://lists.fedoraproject.org/archives/list/package-announce@lists.fedoraproject.org/message/6G7EYH2JAK5OJPVNC6AXYQ5K7YGYNCDN/
REF:CVE-2024-4558:7,Reference,https://lists.fedoraproject.org/archives/list/package-announce@lists.fedoraproject.org/message/BWFSZNNWSQYDRYKNLBDGEXXKMBXDYQ3F/,,,,,,,,https://lists.fedoraproject.org/archives/list/package-announce@lists.fedoraproject.org/message/BWFSZNNWSQYDRYKNLBDGEXXKMBXDYQ3F/
REF:CVE-2024-4558:8,Reference,https://lists.fedoraproject.org/archives/list/package-announce@lists.fedoraproject.org/message/FAWEKDQTHPN7NFEMLIWP7YMIZ2DHF36N/,,,,,,,,https://lists.fedoraproject.org/archives/list/package-announce@lists.fedoraproject.org/message/FAWEKDQTHPN7NFEMLIWP7YMIZ2DHF36N/
REF:CVE-2024-4558:9,Reference,https://lists.fedoraproject.org/archives/list/package-announce@lists.fedoraproject.org/message/IPETICRXUOGRIM4U3BCRTIKE3IZWCSBT/,,,,,,,,https://lists.fedoraproject.org/archives/list/package-announce@lists.fedoraproject.org/message/IPETICRXUOGRIM4U3BCRTIKE3IZWCSBT/
REF:CVE-2024-4558:10,Reference,https://lists.fedoraproject.org/archives/list/package-announce@lists.fedoraproject.org/message/LE3ASLH6QF2E5OVJI5VA3JSEPJFFFMNY/,,,,,,,,https://lists.fedoraproject.org/archives/list/package-announce@lists.fedoraproject.org/message/LE3ASLH6QF2E5OVJI5VA3JSEPJFFFMNY/
REF:CVE-2024-4558:11,Reference,https://support.apple.com/kb/HT214117,,,,,,,,https://support.apple.com/kb/HT214117
REF:CVE-2024-4558:12,Reference,https://support.apple.com/kb/HT214119,,,,,,,,https://support.apple.com/kb/HT214119
REF:CVE-2024-4558:13,Reference,https://support.apple.com/kb/HT214121,,,,,,,,https://support.apple.com/kb/HT214121
CVE:CVE-2024-38180,CVE,CVE-2024-38180,25228,0.076000,MEDIUM,HIGH,False,2024-08-13T18:15:26.463000Z,,
REF:CVE-2024-38180:0,Reference,https://msrc.microsoft.com/update-guide/vulnerability/CVE-2024-38180,,,,,,,,https://msrc.microsoft.com/update-guide/vulnerability/CVE-2024-38180
CVE:CVE-2024-38247,CVE,CVE-2024-38247,27825,0.074000,MEDIUM,HIGH,False,2024-09-10T17:15:29.590000Z,,
CWE:CWE-415,CWE,CWE-415,,,,,,,,
REF:CVE-2024-38247:0,Reference,https://msrc.microsoft.com/update-guide/vulnerability/CVE-2024-38247,,,,,,,,https://msrc.microsoft.com/update-guide/vulnerability/CVE-2024-38247
CVE:CVE-2024-38248,CVE,CVE-2024-38248,27826,0.074000,MEDIUM,HIGH,False,2024-09-10T17:15:29.807000Z,,
REF:CVE-2024-38248:0,Reference,https://msrc.microsoft.com/update-guide/vulnerability/CVE-2024-38248,,,,,,,,https://msrc.microsoft.com/update-guide/vulnerability/CVE-2024-38248
CVE:CVE-2025-20282,CVE,CVE-2025-20282,64706,0.074000,MEDIUM,CRITICAL,False,2025-06-25T17:15:37.490000Z,,
REF:CVE-2025-20282:0,Reference,https://sec.cloudapps.cisco.com/security/center/content/CiscoSecurityAdvisory/cisco-sa-ise-unauth-rce-ZAd2GnJ6,,,,,,,,https://sec.cloudapps.cisco.com/security/center/content/CiscoSecurityAdvisory/cisco-sa-ise-unauth-rce-ZAd2GnJ6
CVE:CVE-2025-13224,CVE,CVE-2025-13224,83897,0.074000,MEDIUM,HIGH,False,2025-11-17T23:15:47.920000Z,,
REF:CVE-2025-13224:0,Reference,https://chromereleases.googleblog.com/2025/11/stable-channel-update-for-desktop_17.html,,,,,,,,https://chromereleases.googleblog.com/2025/11/stable-channel-update-for-desktop_17.html
REF:CVE-2025-13224:1,Reference,https://issues.chromium.org/issues/450328966,,,,,,,,https://issues.chromium.org/issues/450328966
CVE:CVE-2023-34063,CVE,CVE-2023-34063,1362,0.072000,MEDIUM,CRITICAL,False,2024-01-16T10:15:07.347000Z,,
CPE:cpe:2.3:a:vmware:aria_automation:8.11.0:*:*:*:*:*:*:*,CPE,cpe:2.3:a:vmware:aria_automation:8.11.0:*:*:*:*:*:*:*,,,,,,,,
CPE:cpe:2.3:a:vmware:aria_automation:8.11.1:*:*:*:*:*:*:*,CPE,cpe:2.3:a:vmware:aria_automation:8.11.1:*:*:*:*:*:*:*,,,,,,,,
CPE:cpe:2.3:a:vmware:aria_automation:8.11.2:*:*:*:*:*:*:*,CPE,cpe:2.3:a:vmware:aria_automation:8.11.2:*:*:*:*:*:*:*,,,,,,,,
CPE:cpe:2.3:a:vmware:aria_automation:8.12.0:*:*:*:*:*:*:*,CPE,cpe:2.3:a:vmware:aria_automation:8.12.0:*:*:*:*:*:*:*,,,,,,,,
CPE:cpe:2.3:a:vmware:aria_automation:8.12.1:*:*:*:*:*:*:*,CPE,cpe:2.3:a:vmware:aria_automation:8.12.1:*:*:*:*:*:*:*,,,,,,,,
CPE:cpe:2.3:a:vmware:aria_automation:8.12.2:*:*:*:*:*:*:*,CPE,cpe:2.3:a:vmware:aria_automation:8.12.2:*:*:*:*:*:*:*,,,,,,,,
CPE:cpe:2.3:a:vmware:aria_automation:8.13.0:*:*:*:*:*:*:*,CPE,cpe:2.3:a:vmware:aria_automation:8.13.0:*:*:*:*:*:*:*,,,,,,,,
CPE:cpe:2.3:a:vmware:aria_automation:8.13.1:*:*:*:*:*:*:*,CPE,cpe:2.3:a:vmware:aria_automation:8.13.1:*:*:*:*:*:*:*,,,,,,,,
CPE:cpe:2.3:a:vmware:aria_automation:8.14.0:*:*:*:*:*:*:*,CPE,cpe:2.3:a:vmware:aria_automation:8.14.0:*:*:*:*:*:*:*,,,,,,,,
CPE:cpe:2.3:a:vmware:aria_automation:8.14.1:*:*:*:*:*:*:*,CPE,cpe:2.3:a:vmware:aria_automation:8.14.1:*:*:*:*:*:*:*,,,,,,,,
CPE:cpe:2.3:a:vmware:cloud_foundation:4.0:*:*:*:*:*:*:*,CPE,cpe:2.3:a:vmware:cloud_foundation:4.0:*:*:*:*:*:*:*,,,,,,,,
CPE:cpe:2.3:a:vmware:cloud_foundation:5.0:*:*:*:*:*:*:*,CPE,cpe:2.3:a:vmware:cloud_foundation:5.0:*:*:*:*:*:*:*,,,,,,,,
REF:CVE-2023-34063:0,Reference,https://www.vmware.com/security/advisories/VMSA-2024-0001.html,,,,,,,,https://www.vmware.com/security/advisories/VMSA-2024-0001.html
CVE:CVE-2024-38021,CVE,CVE-2024-38021,21726,0.072000,MEDIUM,HIGH,False,2024-07-09T17:15:28.323000Z,,
CPE:cpe:2.3:a:microsoft:365_apps:-:*:*:*:enterprise:*:*:*,CPE,cpe:2.3:a:microsoft:365_apps:-:*:*:*:enterprise:*:*:*,,,,,,,,
CPE:cpe:2.3:a:microsoft:office:2016:*:*:*:*:*:*:*,CPE,cpe:2.3:a:microsoft:office:2016:*:*:*:*:*:*:*,,,,,,,,
CPE:cpe:2.3:a:microsoft:office:2019:*:*:*:*:*:*:*,CPE,cpe:2.3:a:microsoft:office:2019:*:*:*:*:*:*:*,,,,,,,,
CPE:cpe:2.3:a:microsoft:office_long_term_servicing_channel:2021:*:*:*:*:*:*:*,CPE,cpe:2.3:a:microsoft:office_long_term_servicing_channel:2021:*:*:*:*:*:*:*,,,,,,,,
REF:CVE-2024-38021:0,Reference,https://msrc.microsoft.com/update-guide/vulnerability/CVE-2024-38021,,,,,,,,https://msrc.microsoft.com/update-guide/vulnerability/CVE-2024-38021
CVE:CVE-2024-45409,CVE,CVE-2024-45409,27864,0.072000,MEDIUM,CRITICAL,False,2024-09-10T19:15:22.030000Z,,
CPE:cpe:2.3:a:gitlab:gitlab:*:*:*:*:*:*:*:*,CPE,cpe:2.3:a:gitlab:gitlab:*:*:*:*:*:*:*:*,,,,,,,,
CPE:cpe:2.3:a:omniauth:omniauth_saml:*:*:*:*:*:ruby:*:*,CPE,cpe:2.3:a:omniauth:omniauth_saml:*:*:*:*:*:ruby:*:*,,,,,,,,
CPE:cpe:2.3:a:omniauth:omniauth_saml:2.0.0:*:*:*:*:ruby:*:*,CPE,cpe:2.3:a:omniauth:omniauth_saml:2.0.0:*:*:*:*:ruby:*:*,,,,,,,,
CPE:cpe:2.3:a:omniauth:omniauth_saml:2.1.0:*:*:*:*:ruby:*:*,CPE,cpe:2.3:a:omniauth:omniauth_saml:2.1.0:*:*:*:*:ruby:*:*,,,,,,,,
CPE:cpe:2.3:a:onelogin:ruby-saml:*:*:*:*:*:*:*:*,CPE,cpe:2.3:a:onelogin:ruby-saml:*:*:*:*:*:*:*:*,,,,,,,,
REF:CVE-2024-45409:0,Reference,https://github.com/SAML-Toolkits/ruby-saml/commit/1ec5392bc506fe43a02dbb66b68741051c5ffeae,,,,,,,,https://github.com/SAML-Toolkits/ruby-saml/commit/1ec5392bc506fe43a02dbb66b68741051c5ffeae
REF:CVE-2024-45409:1,Reference,https://github.com/SAML-Toolkits/ruby-saml/commit/4865d030cae9705ee5cdb12415c654c634093ae7,,,,,,,,https://github.com/SAML-Toolkits/ruby-saml/commit/4865d030cae9705ee5cdb12415c654c634093ae7
REF:CVE-2024-45409:2,Reference,https://github.com/SAML-Toolkits/ruby-saml/security/advisories/GHSA-jw9c-mfg7-9rx2,,,,,,,,https://github.com/SAML-Toolkits/ruby-saml/security/advisories/GHSA-jw9c-mfg7-9rx2
REF:CVE-2024-45409:3,Reference,https://github.com/omniauth/omniauth-saml/security/advisories/GHSA-cvp8-5r8g-fhvq,,,,,,,,https://github.com/omniauth/omniauth-saml/security/advisories/GHSA-cvp8-5r8g-fhvq
REF:CVE-2024-45409:4,Reference,https://lists.debian.org/debian-lts-announce/2024/11/msg00006.html,,,,,,,,https://lists.debian.org/debian-lts-announce/2024/11/msg00006.html
REF:CVE-2024-45409:5,Reference,https://news.ycombinator.com/item?id=41586031,,,,,,,,https://news.ycombinator.com/item?id=41586031
REF:CVE-2024-45409:6,Reference,https://security.netapp.com/advisory/ntap-20240926-0008/,,,,,,,,https://security.netapp.com/advisory/ntap-20240926-0008/
REF:CVE-2024-45409:7,Reference,https://ssoready.com/blog/engineering/ruby-saml-pwned-by-xml-signature-wrapping-attacks/,,,,,,,,https://ssoready.com/blog/engineering/ruby-saml-pwned-by-xml-signature-wrapping-attacks/
CVE:CVE-2024-43626,CVE,CVE-2024-43626,34642,0.072000,MEDIUM,HIGH,False,2024-11-12T18:15:30.443000Z,,
REF:CVE-2024-43626:0,Reference,https://msrc.microsoft.com/update-guide/vulnerability/CVE-2024-43626,,,,,,,,https://msrc.microsoft.com/update-guide/vulnerability/CVE-2024-43626
CVE:CVE-2024-56158,CVE,CVE-2024-56158,63193,0.072000,MEDIUM,CRITICAL,False,2025-06-12T15:15:38.967000Z,,
REF:CVE-2024-56158:0,Reference,https://github.com/xwiki/xwiki-platform/commit/ce855aae38eefd8ee3fc86353d51ac03d6cb7f8d,,,,,,,,https://github.com/xwiki/xwiki-platform/commit/ce855aae38eefd8ee3fc86353d51ac03d6cb7f8d
REF:CVE-2024-56158:1,Reference,https://github.com/xwiki/xwiki-platform/security/advisories/GHSA-prwh-7838-xf82,,,,,,,,https://github.com/xwiki/xwiki-platform/security/advisories/GHSA-prwh-7838-xf82
REF:CVE-2024-56158:2,Reference,https://jira.xwiki.org/browse/XWIKI-22734,,,,,,,,https://jira.xwiki.org/browse/XWIKI-22734
CVE:CVE-2025-59517,CVE,CVE-2025-59517,86635,0.072000,MEDIUM,HIGH,False,2025-12-09T18:15:54.810000Z,,
REF:CVE-2025-59517:0,Reference,https://msrc.microsoft.com/update-guide/vulnerability/CVE-2025-59517,,,,,,,,https://msrc.microsoft.com/update-guide/vulnerability/CVE-2025-59517
CVE:CVE-2026-21238,CVE,CVE-2026-21238,97383,0.072000,MEDIUM,HIGH,False,2026-02-10T18:16:24.613000Z,,
REF:CVE-2026-21238:0,Reference,https://msrc.microsoft.com/update-guide/vulnerability/CVE-2026-21238,,,,,,,,https://msrc.microsoft.com/update-guide/vulnerability/CVE-2026-21238
CVE:CVE-2024-38142,CVE,CVE-2024-38142,25199,0.070000,MEDIUM,HIGH,False,2024-08-13T18:15:18.200000Z,,
REF:CVE-2024-38142:0,Reference,https://msrc.microsoft.com/update-guide/vulnerability/CVE-2024-38142,,,,,,,,https://msrc.microsoft.com/update-guide/vulnerability/CVE-2024-38142
CVE:CVE-2024-38203,CVE,CVE-2024-38203,34621,0.070000,MEDIUM,MEDIUM,False,2024-11-12T18:15:20.720000Z,,
REF:CVE-2024-38203:0,Reference,https://msrc.microsoft.com/update-guide/vulnerability/CVE-2024-38203,,,,,,,,https://msrc.microsoft.com/update-guide/vulnerability/CVE-2024-38203
CVE:CVE-2025-21307,CVE,CVE-2025-21307,42669,0.070000,MEDIUM,CRITICAL,False,2025-01-14T18:15:53.837000Z,,
REF:CVE-2025-21307:0,Reference,https://msrc.microsoft.com/update-guide/vulnerability/CVE-2025-21307,,,,,,,,https://msrc.microsoft.com/update-guide/vulnerability/CVE-2025-21307
CVE:CVE-2025-21180,CVE,CVE-2025-21180,50196,0.070000,MEDIUM,HIGH,False,2025-03-11T17:16:18.790000Z,,
REF:CVE-2025-21180:0,Reference,https://msrc.microsoft.com/update-guide/vulnerability/CVE-2025-21180,,,,,,,,https://msrc.microsoft.com/update-guide/vulnerability/CVE-2025-21180
CVE:CVE-2025-66262,CVE,CVE-2025-66262,84789,0.070000,MEDIUM,CRITICAL,False,2025-11-26T01:16:09.737000Z,,
CPE:cpe:2.3:h:dbbroadcast:mozart_dds_next_1000:-:*:*:*:*:*:*:*,CPE,cpe:2.3:h:dbbroadcast:mozart_dds_next_1000:-:*:*:*:*:*:*:*,,,,,,,,
CPE:cpe:2.3:h:dbbroadcast:mozart_dds_next_100:-:*:*:*:*:*:*:*,CPE,cpe:2.3:h:dbbroadcast:mozart_dds_next_100:-:*:*:*:*:*:*:*,,,,,,,,
CPE:cpe:2.3:h:dbbroadcast:mozart_dds_next_2000:-:*:*:*:*:*:*:*,CPE,cpe:2.3:h:dbbroadcast:mozart_dds_next_2000:-:*:*:*:*:*:*:*,,,,,,,,
CPE:cpe:2.3:h:dbbroadcast:mozart_dds_next_3000:-:*:*:*:*:*:*:*,CPE,cpe:2.3:h:dbbroadcast:mozart_dds_next_3000:-:*:*:*:*:*:*:*,,,,,,,,
CPE:cpe:2.3:h:dbbroadcast:mozart_dds_next_300:-:*:*:*:*:*:*:*,CPE,cpe:2.3:h:dbbroadcast:mozart_dds_next_300:-:*:*:*:*:*:*:*,,,,,,,,
CPE:cpe:2.3:h:dbbroadcast:mozart_dds_next_30:-:*:*:*:*:*:*:*,CPE,cpe:2.3:h:dbbroadcast:mozart_dds_next_30:-:*:*:*:*:*:*:*,,,,,,,,
CPE:cpe:2.3:h:dbbroadcast:mozart_dds_next_3500:-:*:*:*:*:*:*:*,CPE,cpe:2.3:h:dbbroadcast:mozart_dds_next_3500:-:*:*:*:*:*:*:*,,,,,,,,
CPE:cpe:2.3:h:dbbroadcast:mozart_dds_next_500:-:*:*:*:*:*:*:*,CPE,cpe:2.3:h:dbbroadcast:mozart_dds_next_500:-:*:*:*:*:*:*:*,,,,,,,,
CPE:cpe:2.3:h:dbbroadcast:mozart_dds_next_50:-:*:*:*:*:*:*:*,CPE,cpe:2.3:h:dbbroadcast:mozart_dds_next_50:-:*:*:*:*:*:*:*,,,,,,,,
CPE:cpe:2.3:h:dbbroadcast:mozart_dds_next_6000:-:*:*:*:*:*:*:*,CPE,cpe:2.3:h:dbbroadcast:mozart_dds_next_6000:-:*:*:*:*:*:*:*,,,,,,,,
CPE:cpe:2.3:h:dbbroadcast:mozart_dds_next_7000:-:*:*:*:*:*:*:*,CPE,cpe:2.3:h:dbbroadcast:mozart_dds_next_7000:-:*:*:*:*:*:*:*,,,,,,,,
CPE:cpe:2.3:h:dbbroadcast:mozart_next_1000:-:*:*:*:*:*:*:*,CPE,cpe:2.3:h:dbbroadcast:mozart_next_1000:-:*:*:*:*:*:*:*,,,,,,,,
CPE:cpe:2.3:h:dbbroadcast:mozart_next_100:-:*:*:*:*:*:*:*,CPE,cpe:2.3:h:dbbroadcast:mozart_next_100:-:*:*:*:*:*:*:*,,,,,,,,
CPE:cpe:2.3:h:dbbroadcast:mozart_next_2000:-:*:*:*:*:*:*:*,CPE,cpe:2.3:h:dbbroadcast:mozart_next_2000:-:*:*:*:*:*:*:*,,,,,,,,
CPE:cpe:2.3:h:dbbroadcast:mozart_next_3000:-:*:*:*:*:*:*:*,CPE,cpe:2.3:h:dbbroadcast:mozart_next_3000:-:*:*:*:*:*:*:*,,,,,,,,
CPE:cpe:2.3:h:dbbroadcast:mozart_next_300:-:*:*:*:*:*:*:*,CPE,cpe:2.3:h:dbbroadcast:mozart_next_300:-:*:*:*:*:*:*:*,,,,,,,,
CPE:cpe:2.3:h:dbbroadcast:mozart_next_30:-:*:*:*:*:*:*:*,CPE,cpe:2.3:h:dbbroadcast:mozart_next_30:-:*:*:*:*:*:*:*,,,,,,,,
CPE:cpe:2.3:h:dbbroadcast:mozart_next_3500:-:*:*:*:*:*:*:*,CPE,cpe:2.3:h:dbbroadcast:mozart_next_3500:-:*:*:*:*:*:*:*,,,,,,,,
CPE:cpe:2.3:h:dbbroadcast:mozart_next_500:-:*:*:*:*:*:*:*,CPE,cpe:2.3:h:dbbroadcast:mozart_next_500:-:*:*:*:*:*:*:*,,,,,,,,
CPE:cpe:2.3:h:dbbroadcast:mozart_next_50:-:*:*:*:*:*:*:*,CPE,cpe:2.3:h:dbbroadcast:mozart_next_50:-:*:*:*:*:*:*:*,,,,,,,,
CPE:cpe:2.3:h:dbbroadcast:mozart_next_6000:-:*:*:*:*:*:*:*,CPE,cpe:2.3:h:dbbroadcast:mozart_next_6000:-:*:*:*:*:*:*:*,,,,,,,,
CPE:cpe:2.3:h:dbbroadcast:mozart_next_7000:-:*:*:*:*:*:*:*,CPE,cpe:2.3:h:dbbroadcast:mozart_next_7000:-:*:*:*:*:*:*:*,,,,,,,,
CPE:cpe:2.3:o:dbbroadcast:mozart_dds_next_1000_firmware:-:*:*:*:*:*:*:*,CPE,cpe:2.3:o:dbbroadcast:mozart_dds_next_1000_firmware:-:*:*:*:*:*:*:*,,,,,,,,
CPE:cpe:2.3:o:dbbroadcast:mozart_dds_next_100_firmware:-:*:*:*:*:*:*:*,CPE,cpe:2.3:o:dbbroadcast:mozart_dds_next_100_firmware:-:*:*:*:*:*:*:*,,,,,,,,
CPE:cpe:2.3:o:dbbroadcast:mozart_dds_next_2000_firmware:-:*:*:*:*:*:*:*,CPE,cpe:2.3:o:dbbroadcast:mozart_dds_next_2000_firmware:-:*:*:*:*:*:*:*,,,,,,,,
CPE:cpe:2.3:o:dbbroadcast:mozart_dds_next_3000_firmware:-:*:*:*:*:*:*:*,CPE,cpe:2.3:o:dbbroadcast:mozart_dds_next_3000_firmware:-:*:*:*:*:*:*:*,,,,,,,,
CPE:cpe:2.3:o:dbbroadcast:mozart_dds_next_300_firmware:-:*:*:*:*:*:*:*,CPE,cpe:2.3:o:dbbroadcast:mozart_dds_next_300_firmware:-:*:*:*:*:*:*:*,,,,,,,,
CPE:cpe:2.3:o:dbbroadcast:mozart_dds_next_30_firmware:-:*:*:*:*:*:*:*,CPE,cpe:2.3:o:dbbroadcast:mozart_dds_next_30_firmware:-:*:*:*:*:*:*:*,,,,,,,,
CPE:cpe:2.3:o:dbbroadcast:mozart_dds_next_3500_firmware:-:*:*:*:*:*:*:*,CPE,cpe:2.3:o:dbbroadcast:mozart_dds_next_3500_firmware:-:*:*:*:*:*:*:*,,,,,,,,
CPE:cpe:2.3:o:dbbroadcast:mozart_dds_next_500_firmware:-:*:*:*:*:*:*:*,CPE,cpe:2.3:o:dbbroadcast:mozart_dds_next_500_firmware:-:*:*:*:*:*:*:*,,,,,,,,
CPE:cpe:2.3:o:dbbroadcast:mozart_dds_next_50_firmware:-:*:*:*:*:*:*:*,CPE,cpe:2.3:o:dbbroadcast:mozart_dds_next_50_firmware:-:*:*:*:*:*:*:*,,,,,,,,
CPE:cpe:2.3:o:dbbroadcast:mozart_dds_next_6000_firmware:-:*:*:*:*:*:*:*,CPE,cpe:2.3:o:dbbroadcast:mozart_dds_next_6000_firmware:-:*:*:*:*:*:*:*,,,,,,,,
CPE:cpe:2.3:o:dbbroadcast:mozart_dds_next_7000_firmware:-:*:*:*:*:*:*:*,CPE,cpe:2.3:o:dbbroadcast:mozart_dds_next_7000_firmware:-:*:*:*:*:*:*:*,,,,,,,,
CPE:cpe:2.3:o:dbbroadcast:mozart_next_1000_firmware:-:*:*:*:*:*:*:*,CPE,cpe:2.3:o:dbbroadcast:mozart_next_1000_firmware:-:*:*:*:*:*:*:*,,,,,,,,
CPE:cpe:2.3:o:dbbroadcast:mozart_next_100_firmware:-:*:*:*:*:*:*:*,CPE,cpe:2.3:o:dbbroadcast:mozart_next_100_firmware:-:*:*:*:*:*:*:*,,,,,,,,
CPE:cpe:2.3:o:dbbroadcast:mozart_next_2000_firmware:-:*:*:*:*:*:*:*,CPE,cpe:2.3:o:dbbroadcast:mozart_next_2000_firmware:-:*:*:*:*:*:*:*,,,,,,,,
CPE:cpe:2.3:o:dbbroadcast:mozart_next_3000_firmware:-:*:*:*:*:*:*:*,CPE,cpe:2.3:o:dbbroadcast:mozart_next_3000_firmware:-:*:*:*:*:*:*:*,,,,,,,,
CPE:cpe:2.3:o:dbbroadcast:mozart_next_300_firmware:-:*:*:*:*:*:*:*,CPE,cpe:2.3:o:dbbroadcast:mozart_next_300_firmware:-:*:*:*:*:*:*:*,,,,,,,,
CPE:cpe:2.3:o:dbbroadcast:mozart_next_30_firmware:-:*:*:*:*:*:*:*,CPE,cpe:2.3:o:dbbroadcast:mozart_next_30_firmware:-:*:*:*:*:*:*:*,,,,,,,,
CPE:cpe:2.3:o:dbbroadcast:mozart_next_3500_firmware:-:*:*:*:*:*:*:*,CPE,cpe:2.3:o:dbbroadcast:mozart_next_3500_firmware:-:*:*:*:*:*:*:*,,,,,,,,
CPE:cpe:2.3:o:dbbroadcast:mozart_next_500_firmware:-:*:*:*:*:*:*:*,CPE,cpe:2.3:o:dbbroadcast:mozart_next_500_firmware:-:*:*:*:*:*:*:*,,,,,,,,
CPE:cpe:2.3:o:dbbroadcast:mozart_next_50_firmware:-:*:*:*:*:*:*:*,CPE,cpe:2.3:o:dbbroadcast:mozart_next_50_firmware:-:*:*:*:*:*:*:*,,,,,,,,
CPE:cpe:2.3:o:dbbroadcast:mozart_next_6000_firmware:-:*:*:*:*:*:*:*,CPE,cpe:2.3:o:dbbroadcast:mozart_next_6000_firmware:-:*:*:*:*:*:*:*,,,,,,,,
CPE:cpe:2.3:o:dbbroadcast:mozart_next_7000_firmware:-:*:*:*:*:*:*:*,CPE,cpe:2.3:o:dbbroadcast:mozart_next_7000_firmware:-:*:*:*:*:*:*:*,,,,,,,,
REF:CVE-2025-66262:0,Reference,https://www.abdulmhsblog.com/posts/webfmvulns/,,,,,,,,https://www.abdulmhsblog.com/posts/webfmvulns/
CVE:CVE-2026-38431,CVE,CVE-2026-38431,113528,0.070000,MEDIUM,CRITICAL,False,2026-05-05T17:17:04.670000Z,,
CPE:cpe:2.3:a:frappe:erpnext:*:*:*:*:*:*:*:*,CPE,cpe:2.3:a:frappe:erpnext:*:*:*:*:*:*:*:*,,,,,,,,
REF:CVE-2026-38431:0,Reference,https://c0wking.hashnode.dev/ssti-in-erpnext-frappe-email-template-engine,,,,,,,,https://c0wking.hashnode.dev/ssti-in-erpnext-frappe-email-template-engine
CVE:CVE-2024-30068,CVE,CVE-2024-30068,18897,0.069994,MEDIUM,HIGH,False,2024-06-11T17:15:53.157000Z,,
REF:CVE-2024-30068:0,Reference,https://msrc.microsoft.com/update-guide/vulnerability/CVE-2024-30068,,,,,,,,https://msrc.microsoft.com/update-guide/vulnerability/CVE-2024-30068
CVE:CVE-2026-23813,CVE,CVE-2026-23813,102648,0.069986,MEDIUM,CRITICAL,False,2026-03-11T04:17:34.677000Z,,
CPE:cpe:2.3:h:hpe:aruba_cx_10000-48y6c_\(r8p13a\):-:*:*:*:*:*:*:*,CPE,cpe:2.3:h:hpe:aruba_cx_10000-48y6c_\(r8p13a\):-:*:*:*:*:*:*:*,,,,,,,,
CPE:cpe:2.3:h:hpe:aruba_cx_10000-48y6c_\(r8p14a\):-:*:*:*:*:*:*:*,CPE,cpe:2.3:h:hpe:aruba_cx_10000-48y6c_\(r8p14a\):-:*:*:*:*:*:*:*,,,,,,,,
CPE:cpe:2.3:h:hpe:aruba_cx_10000-48y6c_\(s0f98a\):-:*:*:*:*:*:*:*,CPE,cpe:2.3:h:hpe:aruba_cx_10000-48y6c_\(s0f98a\):-:*:*:*:*:*:*:*,,,,,,,,
CPE:cpe:2.3:h:hpe:aruba_cx_10040_32p_\(s4r54a\):-:*:*:*:*:*:*:*,CPE,cpe:2.3:h:hpe:aruba_cx_10040_32p_\(s4r54a\):-:*:*:*:*:*:*:*,,,,,,,,
CPE:cpe:2.3:h:hpe:aruba_cx_10040_32p_\(s4r55a\):-:*:*:*:*:*:*:*,CPE,cpe:2.3:h:hpe:aruba_cx_10040_32p_\(s4r55a\):-:*:*:*:*:*:*:*,,,,,,,,
CPE:cpe:2.3:h:hpe:aruba_cx_10040_32p_\(s4r56a\):-:*:*:*:*:*:*:*,CPE,cpe:2.3:h:hpe:aruba_cx_10040_32p_\(s4r56a\):-:*:*:*:*:*:*:*,,,,,,,,
CPE:cpe:2.3:h:hpe:aruba_cx_10040_\(s4r58a\):-:*:*:*:*:*:*:*,CPE,cpe:2.3:h:hpe:aruba_cx_10040_\(s4r58a\):-:*:*:*:*:*:*:*,,,,,,,,
CPE:cpe:2.3:h:hpe:aruba_cx_4100i_12-port_\(jl817a\):-:*:*:*:*:*:*:*,CPE,cpe:2.3:h:hpe:aruba_cx_4100i_12-port_\(jl817a\):-:*:*:*:*:*:*:*,,,,,,,,
CPE:cpe:2.3:h:hpe:aruba_cx_4100i_24-port_\(jl818a\):-:*:*:*:*:*:*:*,CPE,cpe:2.3:h:hpe:aruba_cx_4100i_24-port_\(jl818a\):-:*:*:*:*:*:*:*,,,,,,,,
CPE:cpe:2.3:h:hpe:aruba_cx_6000_12g_\(r8n89a\):-:*:*:*:*:*:*:*,CPE,cpe:2.3:h:hpe:aruba_cx_6000_12g_\(r8n89a\):-:*:*:*:*:*:*:*,,,,,,,,
CPE:cpe:2.3:h:hpe:aruba_cx_6000_12p_\(r8n89b\):-:*:*:*:*:*:*:*,CPE,cpe:2.3:h:hpe:aruba_cx_6000_12p_\(r8n89b\):-:*:*:*:*:*:*:*,,,,,,,,
CPE:cpe:2.3:h:hpe:aruba_cx_6000_12p_\(s4r21a\):-:*:*:*:*:*:*:*,CPE,cpe:2.3:h:hpe:aruba_cx_6000_12p_\(s4r21a\):-:*:*:*:*:*:*:*,,,,,,,,
CPE:cpe:2.3:h:hpe:aruba_cx_6000_24g_\(r8n87a\):-:*:*:*:*:*:*:*,CPE,cpe:2.3:h:hpe:aruba_cx_6000_24g_\(r8n87a\):-:*:*:*:*:*:*:*,,,,,,,,
CPE:cpe:2.3:h:hpe:aruba_cx_6000_24g_\(r8n88a\):-:*:*:*:*:*:*:*,CPE,cpe:2.3:h:hpe:aruba_cx_6000_24g_\(r8n88a\):-:*:*:*:*:*:*:*,,,,,,,,
CPE:cpe:2.3:h:hpe:aruba_cx_6000_24p_\(r8n87b\):-:*:*:*:*:*:*:*,CPE,cpe:2.3:h:hpe:aruba_cx_6000_24p_\(r8n87b\):-:*:*:*:*:*:*:*,,,,,,,,
CPE:cpe:2.3:h:hpe:aruba_cx_6000_24p_\(r8n88b\):-:*:*:*:*:*:*:*,CPE,cpe:2.3:h:hpe:aruba_cx_6000_24p_\(r8n88b\):-:*:*:*:*:*:*:*,,,,,,,,
CPE:cpe:2.3:h:hpe:aruba_cx_6000_24p_\(s4r26a\):-:*:*:*:*:*:*:*,CPE,cpe:2.3:h:hpe:aruba_cx_6000_24p_\(s4r26a\):-:*:*:*:*:*:*:*,,,,,,,,
CPE:cpe:2.3:h:hpe:aruba_cx_6000_24p_\(s4r27a\):-:*:*:*:*:*:*:*,CPE,cpe:2.3:h:hpe:aruba_cx_6000_24p_\(s4r27a\):-:*:*:*:*:*:*:*,,,,,,,,
CPE:cpe:2.3:h:hpe:aruba_cx_6000_48g_\(r8n85a\):-:*:*:*:*:*:*:*,CPE,cpe:2.3:h:hpe:aruba_cx_6000_48g_\(r8n85a\):-:*:*:*:*:*:*:*,,,,,,,,
CPE:cpe:2.3:h:hpe:aruba_cx_6000_48g_\(r8n86a\):-:*:*:*:*:*:*:*,CPE,cpe:2.3:h:hpe:aruba_cx_6000_48g_\(r8n86a\):-:*:*:*:*:*:*:*,,,,,,,,
CPE:cpe:2.3:h:hpe:aruba_cx_6000_48g_\(r9y03a\):-:*:*:*:*:*:*:*,CPE,cpe:2.3:h:hpe:aruba_cx_6000_48g_\(r9y03a\):-:*:*:*:*:*:*:*,,,,,,,,
CPE:cpe:2.3:h:hpe:aruba_cx_6000_48p_\(r8n85b\):-:*:*:*:*:*:*:*,CPE,cpe:2.3:h:hpe:aruba_cx_6000_48p_\(r8n85b\):-:*:*:*:*:*:*:*,,,,,,,,
CPE:cpe:2.3:h:hpe:aruba_cx_6000_48p_\(r8n86b\):-:*:*:*:*:*:*:*,CPE,cpe:2.3:h:hpe:aruba_cx_6000_48p_\(r8n86b\):-:*:*:*:*:*:*:*,,,,,,,,
CPE:cpe:2.3:h:hpe:aruba_cx_6000_48p_\(r9y03b\):-:*:*:*:*:*:*:*,CPE,cpe:2.3:h:hpe:aruba_cx_6000_48p_\(r9y03b\):-:*:*:*:*:*:*:*,,,,,,,,
CPE:cpe:2.3:h:hpe:aruba_cx_6000_48p_\(s4r20a\):-:*:*:*:*:*:*:*,CPE,cpe:2.3:h:hpe:aruba_cx_6000_48p_\(s4r20a\):-:*:*:*:*:*:*:*,,,,,,,,
CPE:cpe:2.3:h:hpe:aruba_cx_6000_48p_\(s4r24a\):-:*:*:*:*:*:*:*,CPE,cpe:2.3:h:hpe:aruba_cx_6000_48p_\(s4r24a\):-:*:*:*:*:*:*:*,,,,,,,,
CPE:cpe:2.3:h:hpe:aruba_cx_6000_48p_\(s4r25a\):-:*:*:*:*:*:*:*,CPE,cpe:2.3:h:hpe:aruba_cx_6000_48p_\(s4r25a\):-:*:*:*:*:*:*:*,,,,,,,,
CPE:cpe:2.3:h:hpe:aruba_cx_6000_8p_\(s4r22a\):-:*:*:*:*:*:*:*,CPE,cpe:2.3:h:hpe:aruba_cx_6000_8p_\(s4r22a\):-:*:*:*:*:*:*:*,,,,,,,,
CPE:cpe:2.3:h:hpe:aruba_cx_6000_8p_\(s4r23a\):-:*:*:*:*:*:*:*,CPE,cpe:2.3:h:hpe:aruba_cx_6000_8p_\(s4r23a\):-:*:*:*:*:*:*:*,,,,,,,,
CPE:cpe:2.3:h:hpe:aruba_cx_6000_8p_\(s4r28a\):-:*:*:*:*:*:*:*,CPE,cpe:2.3:h:hpe:aruba_cx_6000_8p_\(s4r28a\):-:*:*:*:*:*:*:*,,,,,,,,
CPE:cpe:2.3:h:hpe:aruba_cx_6000_8p_\(s4r29a\):-:*:*:*:*:*:*:*,CPE,cpe:2.3:h:hpe:aruba_cx_6000_8p_\(s4r29a\):-:*:*:*:*:*:*:*,,,,,,,,
CPE:cpe:2.3:h:hpe:aruba_cx_6100_12g_\(jl679a\):-:*:*:*:*:*:*:*,CPE,cpe:2.3:h:hpe:aruba_cx_6100_12g_\(jl679a\):-:*:*:*:*:*:*:*,,,,,,,,
CPE:cpe:2.3:h:hpe:aruba_cx_6100_24g_\(jl677a\):-:*:*:*:*:*:*:*,CPE,cpe:2.3:h:hpe:aruba_cx_6100_24g_\(jl677a\):-:*:*:*:*:*:*:*,,,,,,,,
CPE:cpe:2.3:h:hpe:aruba_cx_6100_24g_\(jl678a\):-:*:*:*:*:*:*:*,CPE,cpe:2.3:h:hpe:aruba_cx_6100_24g_\(jl678a\):-:*:*:*:*:*:*:*,,,,,,,,
CPE:cpe:2.3:h:hpe:aruba_cx_6100_48g_\(jl675a\):-:*:*:*:*:*:*:*,CPE,cpe:2.3:h:hpe:aruba_cx_6100_48g_\(jl675a\):-:*:*:*:*:*:*:*,,,,,,,,
CPE:cpe:2.3:h:hpe:aruba_cx_6100_48g_\(jl676a\):-:*:*:*:*:*:*:*,CPE,cpe:2.3:h:hpe:aruba_cx_6100_48g_\(jl676a\):-:*:*:*:*:*:*:*,,,,,,,,
CPE:cpe:2.3:h:hpe:aruba_cx_6100_48g_\(r9y04a\):-:*:*:*:*:*:*:*,CPE,cpe:2.3:h:hpe:aruba_cx_6100_48g_\(r9y04a\):-:*:*:*:*:*:*:*,,,,,,,,
CPE:cpe:2.3:h:hpe:aruba_cx_6200f_12g_\(r8q72a\):-:*:*:*:*:*:*:*,CPE,cpe:2.3:h:hpe:aruba_cx_6200f_12g_\(r8q72a\):-:*:*:*:*:*:*:*,,,,,,,,
CPE:cpe:2.3:h:hpe:aruba_cx_6200f_12g_\(r8v13a\):-:*:*:*:*:*:*:*,CPE,cpe:2.3:h:hpe:aruba_cx_6200f_12g_\(r8v13a\):-:*:*:*:*:*:*:*,,,,,,,,
CPE:cpe:2.3:h:hpe:aruba_cx_6200f_24g_\(jl724b\):-:*:*:*:*:*:*:*,CPE,cpe:2.3:h:hpe:aruba_cx_6200f_24g_\(jl724b\):-:*:*:*:*:*:*:*,,,,,,,,
CPE:cpe:2.3:h:hpe:aruba_cx_6200f_24g_\(jl725b\):-:*:*:*:*:*:*:*,CPE,cpe:2.3:h:hpe:aruba_cx_6200f_24g_\(jl725b\):-:*:*:*:*:*:*:*,,,,,,,,
CPE:cpe:2.3:h:hpe:aruba_cx_6200f_24g_\(s0g13a\):-:*:*:*:*:*:*:*,CPE,cpe:2.3:h:hpe:aruba_cx_6200f_24g_\(s0g13a\):-:*:*:*:*:*:*:*,,,,,,,,
CPE:cpe:2.3:h:hpe:aruba_cx_6200f_24g_\(s0g14a\):-:*:*:*:*:*:*:*,CPE,cpe:2.3:h:hpe:aruba_cx_6200f_24g_\(s0g14a\):-:*:*:*:*:*:*:*,,,,,,,,
CPE:cpe:2.3:h:hpe:aruba_cx_6200f_24g_\(s0m81a\):-:*:*:*:*:*:*:*,CPE,cpe:2.3:h:hpe:aruba_cx_6200f_24g_\(s0m81a\):-:*:*:*:*:*:*:*,,,,,,,,
CPE:cpe:2.3:h:hpe:aruba_cx_6200f_24g_\(s0m82a\):-:*:*:*:*:*:*:*,CPE,cpe:2.3:h:hpe:aruba_cx_6200f_24g_\(s0m82a\):-:*:*:*:*:*:*:*,,,,,,,,
CPE:cpe:2.3:h:hpe:aruba_cx_6200f_24g_\(s0m86a\):-:*:*:*:*:*:*:*,CPE,cpe:2.3:h:hpe:aruba_cx_6200f_24g_\(s0m86a\):-:*:*:*:*:*:*:*,,,,,,,,
CPE:cpe:2.3:h:hpe:aruba_cx_6200f_24g_\(s0m87a\):-:*:*:*:*:*:*:*,CPE,cpe:2.3:h:hpe:aruba_cx_6200f_24g_\(s0m87a\):-:*:*:*:*:*:*:*,,,,,,,,
CPE:cpe:2.3:h:hpe:aruba_cx_6200f_48g_\(jl726b\):-:*:*:*:*:*:*:*,CPE,cpe:2.3:h:hpe:aruba_cx_6200f_48g_\(jl726b\):-:*:*:*:*:*:*:*,,,,,,,,
CPE:cpe:2.3:h:hpe:aruba_cx_6200f_48g_\(jl727b\):-:*:*:*:*:*:*:*,CPE,cpe:2.3:h:hpe:aruba_cx_6200f_48g_\(jl727b\):-:*:*:*:*:*:*:*,,,,,,,,
CPE:cpe:2.3:h:hpe:aruba_cx_6200f_48g_\(jl728b\):-:*:*:*:*:*:*:*,CPE,cpe:2.3:h:hpe:aruba_cx_6200f_48g_\(jl728b\):-:*:*:*:*:*:*:*,,,,,,,,
CPE:cpe:2.3:h:hpe:aruba_cx_6200f_48g_\(s0g15a\):-:*:*:*:*:*:*:*,CPE,cpe:2.3:h:hpe:aruba_cx_6200f_48g_\(s0g15a\):-:*:*:*:*:*:*:*,,,,,,,,
CPE:cpe:2.3:h:hpe:aruba_cx_6200f_48g_\(s0g16a\):-:*:*:*:*:*:*:*,CPE,cpe:2.3:h:hpe:aruba_cx_6200f_48g_\(s0g16a\):-:*:*:*:*:*:*:*,,,,,,,,
CPE:cpe:2.3:h:hpe:aruba_cx_6200f_48g_\(s0g17a\):-:*:*:*:*:*:*:*,CPE,cpe:2.3:h:hpe:aruba_cx_6200f_48g_\(s0g17a\):-:*:*:*:*:*:*:*,,,,,,,,
CPE:cpe:2.3:h:hpe:aruba_cx_6200f_48g_\(s0m83a\):-:*:*:*:*:*:*:*,CPE,cpe:2.3:h:hpe:aruba_cx_6200f_48g_\(s0m83a\):-:*:*:*:*:*:*:*,,,,,,,,
CPE:cpe:2.3:h:hpe:aruba_cx_6200f_48g_\(s0m84a\):-:*:*:*:*:*:*:*,CPE,cpe:2.3:h:hpe:aruba_cx_6200f_48g_\(s0m84a\):-:*:*:*:*:*:*:*,,,,,,,,
CPE:cpe:2.3:h:hpe:aruba_cx_6200f_48g_\(s0m85a\):-:*:*:*:*:*:*:*,CPE,cpe:2.3:h:hpe:aruba_cx_6200f_48g_\(s0m85a\):-:*:*:*:*:*:*:*,,,,,,,,
CPE:cpe:2.3:h:hpe:aruba_cx_6200f_48g_\(s0m88a\):-:*:*:*:*:*:*:*,CPE,cpe:2.3:h:hpe:aruba_cx_6200f_48g_\(s0m88a\):-:*:*:*:*:*:*:*,,,,,,,,
CPE:cpe:2.3:h:hpe:aruba_cx_6200f_48g_\(s0m89a\):-:*:*:*:*:*:*:*,CPE,cpe:2.3:h:hpe:aruba_cx_6200f_48g_\(s0m89a\):-:*:*:*:*:*:*:*,,,,,,,,
CPE:cpe:2.3:h:hpe:aruba_cx_6200f_48g_\(s0m90a\):-:*:*:*:*:*:*:*,CPE,cpe:2.3:h:hpe:aruba_cx_6200f_48g_\(s0m90a\):-:*:*:*:*:*:*:*,,,,,,,,
CPE:cpe:2.3:h:hpe:aruba_cx_6200m_24g_\(r8q67a\):-:*:*:*:*:*:*:*,CPE,cpe:2.3:h:hpe:aruba_cx_6200m_24g_\(r8q67a\):-:*:*:*:*:*:*:*,,,,,,,,
CPE:cpe:2.3:h:hpe:aruba_cx_6200m_24g_\(r8q68a\):-:*:*:*:*:*:*:*,CPE,cpe:2.3:h:hpe:aruba_cx_6200m_24g_\(r8q68a\):-:*:*:*:*:*:*:*,,,,,,,,
CPE:cpe:2.3:h:hpe:aruba_cx_6200m_24g_\(r8v08a\):-:*:*:*:*:*:*:*,CPE,cpe:2.3:h:hpe:aruba_cx_6200m_24g_\(r8v08a\):-:*:*:*:*:*:*:*,,,,,,,,
CPE:cpe:2.3:h:hpe:aruba_cx_6200m_24g_\(r8v09a\):-:*:*:*:*:*:*:*,CPE,cpe:2.3:h:hpe:aruba_cx_6200m_24g_\(r8v09a\):-:*:*:*:*:*:*:*,,,,,,,,
CPE:cpe:2.3:h:hpe:aruba_cx_6200m_36g_\(r8q71a\):-:*:*:*:*:*:*:*,CPE,cpe:2.3:h:hpe:aruba_cx_6200m_36g_\(r8q71a\):-:*:*:*:*:*:*:*,,,,,,,,
CPE:cpe:2.3:h:hpe:aruba_cx_6200m_36g_\(r8v12a\):-:*:*:*:*:*:*:*,CPE,cpe:2.3:h:hpe:aruba_cx_6200m_36g_\(r8v12a\):-:*:*:*:*:*:*:*,,,,,,,,
CPE:cpe:2.3:h:hpe:aruba_cx_6200m_48g_\(r8q69a\):-:*:*:*:*:*:*:*,CPE,cpe:2.3:h:hpe:aruba_cx_6200m_48g_\(r8q69a\):-:*:*:*:*:*:*:*,,,,,,,,
CPE:cpe:2.3:h:hpe:aruba_cx_6200m_48g_\(r8q70a\):-:*:*:*:*:*:*:*,CPE,cpe:2.3:h:hpe:aruba_cx_6200m_48g_\(r8q70a\):-:*:*:*:*:*:*:*,,,,,,,,
CPE:cpe:2.3:h:hpe:aruba_cx_6200m_48g_\(r8v10a\):-:*:*:*:*:*:*:*,CPE,cpe:2.3:h:hpe:aruba_cx_6200m_48g_\(r8v10a\):-:*:*:*:*:*:*:*,,,,,,,,
CPE:cpe:2.3:h:hpe:aruba_cx_6200m_48g_\(r8v11a\):-:*:*:*:*:*:*:*,CPE,cpe:2.3:h:hpe:aruba_cx_6200m_48g_\(r8v11a\):-:*:*:*:*:*:*:*,,,,,,,,
CPE:cpe:2.3:h:hpe:aruba_cx_6300f_24_\(jl666a\):-:*:*:*:*:*:*:*,CPE,cpe:2.3:h:hpe:aruba_cx_6300f_24_\(jl666a\):-:*:*:*:*:*:*:*,,,,,,,,
CPE:cpe:2.3:h:hpe:aruba_cx_6300f_24_\(jl668a\):-:*:*:*:*:*:*:*,CPE,cpe:2.3:h:hpe:aruba_cx_6300f_24_\(jl668a\):-:*:*:*:*:*:*:*,,,,,,,,
CPE:cpe:2.3:h:hpe:aruba_cx_6300f_24p_\(s0g96a\):-:*:*:*:*:*:*:*,CPE,cpe:2.3:h:hpe:aruba_cx_6300f_24p_\(s0g96a\):-:*:*:*:*:*:*:*,,,,,,,,
CPE:cpe:2.3:h:hpe:aruba_cx_6300f_24p_\(s0g98a\):-:*:*:*:*:*:*:*,CPE,cpe:2.3:h:hpe:aruba_cx_6300f_24p_\(s0g98a\):-:*:*:*:*:*:*:*,,,,,,,,
CPE:cpe:2.3:h:hpe:aruba_cx_6300f_48_\(jl665a\):-:*:*:*:*:*:*:*,CPE,cpe:2.3:h:hpe:aruba_cx_6300f_48_\(jl665a\):-:*:*:*:*:*:*:*,,,,,,,,
CPE:cpe:2.3:h:hpe:aruba_cx_6300f_48_\(jl667a\):-:*:*:*:*:*:*:*,CPE,cpe:2.3:h:hpe:aruba_cx_6300f_48_\(jl667a\):-:*:*:*:*:*:*:*,,,,,,,,
CPE:cpe:2.3:h:hpe:aruba_cx_6300f_48p_\(s0g95a\):-:*:*:*:*:*:*:*,CPE,cpe:2.3:h:hpe:aruba_cx_6300f_48p_\(s0g95a\):-:*:*:*:*:*:*:*,,,,,,,,
CPE:cpe:2.3:h:hpe:aruba_cx_6300f_48p_\(s0g97a\):-:*:*:*:*:*:*:*,CPE,cpe:2.3:h:hpe:aruba_cx_6300f_48p_\(s0g97a\):-:*:*:*:*:*:*:*,,,,,,,,
CPE:cpe:2.3:h:hpe:aruba_cx_6300m_16p_\(s4p41a\):-:*:*:*:*:*:*:*,CPE,cpe:2.3:h:hpe:aruba_cx_6300m_16p_\(s4p41a\):-:*:*:*:*:*:*:*,,,,,,,,
CPE:cpe:2.3:h:hpe:aruba_cx_6300m_16p_\(s4p45a\):-:*:*:*:*:*:*:*,CPE,cpe:2.3:h:hpe:aruba_cx_6300m_16p_\(s4p45a\):-:*:*:*:*:*:*:*,,,,,,,,
CPE:cpe:2.3:h:hpe:aruba_cx_6300m_24_\(jl658a\):-:*:*:*:*:*:*:*,CPE,cpe:2.3:h:hpe:aruba_cx_6300m_24_\(jl658a\):-:*:*:*:*:*:*:*,,,,,,,,
CPE:cpe:2.3:h:hpe:aruba_cx_6300m_24_\(jl660a\):-:*:*:*:*:*:*:*,CPE,cpe:2.3:h:hpe:aruba_cx_6300m_24_\(jl660a\):-:*:*:*:*:*:*:*,,,,,,,,
CPE:cpe:2.3:h:hpe:aruba_cx_6300m_24_\(jl662a\):-:*:*:*:*:*:*:*,CPE,cpe:2.3:h:hpe:aruba_cx_6300m_24_\(jl662a\):-:*:*:*:*:*:*:*,,,,,,,,
CPE:cpe:2.3:h:hpe:aruba_cx_6300m_24_\(jl664a\):-:*:*:*:*:*:*:*,CPE,cpe:2.3:h:hpe:aruba_cx_6300m_24_\(jl664a\):-:*:*:*:*:*:*:*,,,,,,,,
CPE:cpe:2.3:h:hpe:aruba_cx_6300m_24p_\(r8s89a\):-:*:*:*:*:*:*:*,CPE,cpe:2.3:h:hpe:aruba_cx_6300m_24p_\(r8s89a\):-:*:*:*:*:*:*:*,,,,,,,,
CPE:cpe:2.3:h:hpe:aruba_cx_6300m_24p_\(r8s92a\):-:*:*:*:*:*:*:*,CPE,cpe:2.3:h:hpe:aruba_cx_6300m_24p_\(r8s92a\):-:*:*:*:*:*:*:*,,,,,,,,
CPE:cpe:2.3:h:hpe:aruba_cx_6300m_24p_\(s0f99a\):-:*:*:*:*:*:*:*,CPE,cpe:2.3:h:hpe:aruba_cx_6300m_24p_\(s0f99a\):-:*:*:*:*:*:*:*,,,,,,,,
CPE:cpe:2.3:h:hpe:aruba_cx_6300m_24p_\(s0g01a\):-:*:*:*:*:*:*:*,CPE,cpe:2.3:h:hpe:aruba_cx_6300m_24p_\(s0g01a\):-:*:*:*:*:*:*:*,,,,,,,,
CPE:cpe:2.3:h:hpe:aruba_cx_6300m_24p_\(s0g03a\):-:*:*:*:*:*:*:*,CPE,cpe:2.3:h:hpe:aruba_cx_6300m_24p_\(s0g03a\):-:*:*:*:*:*:*:*,,,,,,,,
CPE:cpe:2.3:h:hpe:aruba_cx_6300m_24p_\(s0g05a\):-:*:*:*:*:*:*:*,CPE,cpe:2.3:h:hpe:aruba_cx_6300m_24p_\(s0g05a\):-:*:*:*:*:*:*:*,,,,,,,,
CPE:cpe:2.3:h:hpe:aruba_cx_6300m_24p_\(s4p44a\):-:*:*:*:*:*:*:*,CPE,cpe:2.3:h:hpe:aruba_cx_6300m_24p_\(s4p44a\):-:*:*:*:*:*:*:*,,,,,,,,
CPE:cpe:2.3:h:hpe:aruba_cx_6300m_24p_\(s4p48a\):-:*:*:*:*:*:*:*,CPE,cpe:2.3:h:hpe:aruba_cx_6300m_24p_\(s4p48a\):-:*:*:*:*:*:*:*,,,,,,,,
CPE:cpe:2.3:h:hpe:aruba_cx_6300m_24p_\(s5z46a\):-:*:*:*:*:*:*:*,CPE,cpe:2.3:h:hpe:aruba_cx_6300m_24p_\(s5z46a\):-:*:*:*:*:*:*:*,,,,,,,,
CPE:cpe:2.3:h:hpe:aruba_cx_6300m_32p_\(s4p42a\):-:*:*:*:*:*:*:*,CPE,cpe:2.3:h:hpe:aruba_cx_6300m_32p_\(s4p42a\):-:*:*:*:*:*:*:*,,,,,,,,
CPE:cpe:2.3:h:hpe:aruba_cx_6300m_32p_\(s4p46a\):-:*:*:*:*:*:*:*,CPE,cpe:2.3:h:hpe:aruba_cx_6300m_32p_\(s4p46a\):-:*:*:*:*:*:*:*,,,,,,,,
CPE:cpe:2.3:h:hpe:aruba_cx_6300m_48_\(jl659a\):-:*:*:*:*:*:*:*,CPE,cpe:2.3:h:hpe:aruba_cx_6300m_48_\(jl659a\):-:*:*:*:*:*:*:*,,,,,,,,
CPE:cpe:2.3:h:hpe:aruba_cx_6300m_48_\(jl661a\):-:*:*:*:*:*:*:*,CPE,cpe:2.3:h:hpe:aruba_cx_6300m_48_\(jl661a\):-:*:*:*:*:*:*:*,,,,,,,,
CPE:cpe:2.3:h:hpe:aruba_cx_6300m_48_\(jl663a\):-:*:*:*:*:*:*:*,CPE,cpe:2.3:h:hpe:aruba_cx_6300m_48_\(jl663a\):-:*:*:*:*:*:*:*,,,,,,,,
CPE:cpe:2.3:h:hpe:aruba_cx_6300m_48_\(jl762a\):-:*:*:*:*:*:*:*,CPE,cpe:2.3:h:hpe:aruba_cx_6300m_48_\(jl762a\):-:*:*:*:*:*:*:*,,,,,,,,
CPE:cpe:2.3:h:hpe:aruba_cx_6300m_48p_\(r8s90a\):-:*:*:*:*:*:*:*,CPE,cpe:2.3:h:hpe:aruba_cx_6300m_48p_\(r8s90a\):-:*:*:*:*:*:*:*,,,,,,,,
CPE:cpe:2.3:h:hpe:aruba_cx_6300m_48p_\(s0g00a\):-:*:*:*:*:*:*:*,CPE,cpe:2.3:h:hpe:aruba_cx_6300m_48p_\(s0g00a\):-:*:*:*:*:*:*:*,,,,,,,,
CPE:cpe:2.3:h:hpe:aruba_cx_6300m_48p_\(s0g02a\):-:*:*:*:*:*:*:*,CPE,cpe:2.3:h:hpe:aruba_cx_6300m_48p_\(s0g02a\):-:*:*:*:*:*:*:*,,,,,,,,
CPE:cpe:2.3:h:hpe:aruba_cx_6300m_48p_\(s0g04a\):-:*:*:*:*:*:*:*,CPE,cpe:2.3:h:hpe:aruba_cx_6300m_48p_\(s0g04a\):-:*:*:*:*:*:*:*,,,,,,,,
CPE:cpe:2.3:h:hpe:aruba_cx_6300m_48p_\(s0g06a\):-:*:*:*:*:*:*:*,CPE,cpe:2.3:h:hpe:aruba_cx_6300m_48p_\(s0g06a\):-:*:*:*:*:*:*:*,,,,,,,,
CPE:cpe:2.3:h:hpe:aruba_cx_6300m_48p_\(s0x44a\):-:*:*:*:*:*:*:*,CPE,cpe:2.3:h:hpe:aruba_cx_6300m_48p_\(s0x44a\):-:*:*:*:*:*:*:*,,,,,,,,
CPE:cpe:2.3:h:hpe:aruba_cx_6300m_48p_\(s4p43a\):-:*:*:*:*:*:*:*,CPE,cpe:2.3:h:hpe:aruba_cx_6300m_48p_\(s4p43a\):-:*:*:*:*:*:*:*,,,,,,,,
CPE:cpe:2.3:h:hpe:aruba_cx_6300m_48p_\(s4p47a\):-:*:*:*:*:*:*:*,CPE,cpe:2.3:h:hpe:aruba_cx_6300m_48p_\(s4p47a\):-:*:*:*:*:*:*:*,,,,,,,,
CPE:cpe:2.3:h:hpe:aruba_cx_6300m_48sr5_\(r8s91a\):-:*:*:*:*:*:*:*,CPE,cpe:2.3:h:hpe:aruba_cx_6300m_48sr5_\(r8s91a\):-:*:*:*:*:*:*:*,,,,,,,,
CPE:cpe:2.3:h:hpe:aruba_cx_6405_48sfp\+8sfp56_\(r0x30a\):-:*:*:*:*:*:*:*,CPE,cpe:2.3:h:hpe:aruba_cx_6405_48sfp\+8sfp56_\(r0x30a\):-:*:*:*:*:*:*:*,,,,,,,,
CPE:cpe:2.3:h:hpe:aruba_cx_6405_96g_\(r0x29a\):-:*:*:*:*:*:*:*,CPE,cpe:2.3:h:hpe:aruba_cx_6405_96g_\(r0x29a\):-:*:*:*:*:*:*:*,,,,,,,,
CPE:cpe:2.3:h:hpe:aruba_cx_6405_\(r0x26a\):-:*:*:*:*:*:*:*,CPE,cpe:2.3:h:hpe:aruba_cx_6405_\(r0x26a\):-:*:*:*:*:*:*:*,,,,,,,,
CPE:cpe:2.3:h:hpe:aruba_cx_6405_v2_\(r0x26c\):-:*:*:*:*:*:*:*,CPE,cpe:2.3:h:hpe:aruba_cx_6405_v2_\(r0x26c\):-:*:*:*:*:*:*:*,,,,,,,,
CPE:cpe:2.3:h:hpe:aruba_cx_6410_96g_\(jl741a\):-:*:*:*:*:*:*:*,CPE,cpe:2.3:h:hpe:aruba_cx_6410_96g_\(jl741a\):-:*:*:*:*:*:*:*,,,,,,,,
CPE:cpe:2.3:h:hpe:aruba_cx_6410_\(r0x27a\):-:*:*:*:*:*:*:*,CPE,cpe:2.3:h:hpe:aruba_cx_6410_\(r0x27a\):-:*:*:*:*:*:*:*,,,,,,,,
CPE:cpe:2.3:h:hpe:aruba_cx_6410_v2_\(r0x27c\):-:*:*:*:*:*:*:*,CPE,cpe:2.3:h:hpe:aruba_cx_6410_v2_\(r0x27c\):-:*:*:*:*:*:*:*,,,,,,,,
CPE:cpe:2.3:h:hpe:aruba_cx_8320_32_\(jl579a\):-:*:*:*:*:*:*:*,CPE,cpe:2.3:h:hpe:aruba_cx_8320_32_\(jl579a\):-:*:*:*:*:*:*:*,,,,,,,,
CPE:cpe:2.3:h:hpe:aruba_cx_8320_48_\(jl479a\):-:*:*:*:*:*:*:*,CPE,cpe:2.3:h:hpe:aruba_cx_8320_48_\(jl479a\):-:*:*:*:*:*:*:*,,,,,,,,
CPE:cpe:2.3:h:hpe:aruba_cx_8320_48_\(jl581a\):-:*:*:*:*:*:*:*,CPE,cpe:2.3:h:hpe:aruba_cx_8320_48_\(jl581a\):-:*:*:*:*:*:*:*,,,,,,,,
CPE:cpe:2.3:h:hpe:aruba_cx_8325-32c_\(jl626a\):-:*:*:*:*:*:*:*,CPE,cpe:2.3:h:hpe:aruba_cx_8325-32c_\(jl626a\):-:*:*:*:*:*:*:*,,,,,,,,
CPE:cpe:2.3:h:hpe:aruba_cx_8325-32c_\(jl627a\):-:*:*:*:*:*:*:*,CPE,cpe:2.3:h:hpe:aruba_cx_8325-32c_\(jl627a\):-:*:*:*:*:*:*:*,,,,,,,,
CPE:cpe:2.3:h:hpe:aruba_cx_8325-48y8c_\(jl624a\):-:*:*:*:*:*:*:*,CPE,cpe:2.3:h:hpe:aruba_cx_8325-48y8c_\(jl624a\):-:*:*:*:*:*:*:*,,,,,,,,
CPE:cpe:2.3:h:hpe:aruba_cx_8325-48y8c_\(jl625a\):-:*:*:*:*:*:*:*,CPE,cpe:2.3:h:hpe:aruba_cx_8325-48y8c_\(jl625a\):-:*:*:*:*:*:*:*,,,,,,,,
CPE:cpe:2.3:h:hpe:aruba_cx_8325-48y8c_\(jl858a\):-:*:*:*:*:*:*:*,CPE,cpe:2.3:h:hpe:aruba_cx_8325-48y8c_\(jl858a\):-:*:*:*:*:*:*:*,,,,,,,,
CPE:cpe:2.3:h:hpe:aruba_cx_8325h-16c_\(s4b22a\):-:*:*:*:*:*:*:*,CPE,cpe:2.3:h:hpe:aruba_cx_8325h-16c_\(s4b22a\):-:*:*:*:*:*:*:*,,,,,,,,
CPE:cpe:2.3:h:hpe:aruba_cx_8325h-16c_\(s4b24a\):-:*:*:*:*:*:*:*,CPE,cpe:2.3:h:hpe:aruba_cx_8325h-16c_\(s4b24a\):-:*:*:*:*:*:*:*,,,,,,,,
CPE:cpe:2.3:h:hpe:aruba_cx_8325h-18y4c_\(s4b21a\):-:*:*:*:*:*:*:*,CPE,cpe:2.3:h:hpe:aruba_cx_8325h-18y4c_\(s4b21a\):-:*:*:*:*:*:*:*,,,,,,,,
CPE:cpe:2.3:h:hpe:aruba_cx_8325h-18y4c_\(s4b23a\):-:*:*:*:*:*:*:*,CPE,cpe:2.3:h:hpe:aruba_cx_8325h-18y4c_\(s4b23a\):-:*:*:*:*:*:*:*,,,,,,,,
CPE:cpe:2.3:h:hpe:aruba_cx_8325p-32c_\(s0g07a\):-:*:*:*:*:*:*:*,CPE,cpe:2.3:h:hpe:aruba_cx_8325p-32c_\(s0g07a\):-:*:*:*:*:*:*:*,,,,,,,,
CPE:cpe:2.3:h:hpe:aruba_cx_8325p-32c_\(s0g08a\):-:*:*:*:*:*:*:*,CPE,cpe:2.3:h:hpe:aruba_cx_8325p-32c_\(s0g08a\):-:*:*:*:*:*:*:*,,,,,,,,
CPE:cpe:2.3:h:hpe:aruba_cx_8360-12c_\(jl708c\):-:*:*:*:*:*:*:*,CPE,cpe:2.3:h:hpe:aruba_cx_8360-12c_\(jl708c\):-:*:*:*:*:*:*:*,,,,,,,,
CPE:cpe:2.3:h:hpe:aruba_cx_8360-12c_\(jl709c\):-:*:*:*:*:*:*:*,CPE,cpe:2.3:h:hpe:aruba_cx_8360-12c_\(jl709c\):-:*:*:*:*:*:*:*,,,,,,,,
CPE:cpe:2.3:h:hpe:aruba_cx_8360-16y2c_\(jl702c\):-:*:*:*:*:*:*:*,CPE,cpe:2.3:h:hpe:aruba_cx_8360-16y2c_\(jl702c\):-:*:*:*:*:*:*:*,,,,,,,,
CPE:cpe:2.3:h:hpe:aruba_cx_8360-16y2c_\(jl703c\):-:*:*:*:*:*:*:*,CPE,cpe:2.3:h:hpe:aruba_cx_8360-16y2c_\(jl703c\):-:*:*:*:*:*:*:*,,,,,,,,
CPE:cpe:2.3:h:hpe:aruba_cx_8360-24xf2c_\(jl710c\):-:*:*:*:*:*:*:*,CPE,cpe:2.3:h:hpe:aruba_cx_8360-24xf2c_\(jl710c\):-:*:*:*:*:*:*:*,,,,,,,,
CPE:cpe:2.3:h:hpe:aruba_cx_8360-24xf2c_\(jl711c\):-:*:*:*:*:*:*:*,CPE,cpe:2.3:h:hpe:aruba_cx_8360-24xf2c_\(jl711c\):-:*:*:*:*:*:*:*,,,,,,,,
CPE:cpe:2.3:h:hpe:aruba_cx_8360-32y4c_\(jl700c\):-:*:*:*:*:*:*:*,CPE,cpe:2.3:h:hpe:aruba_cx_8360-32y4c_\(jl700c\):-:*:*:*:*:*:*:*,,,,,,,,
CPE:cpe:2.3:h:hpe:aruba_cx_8360-32y4c_\(jl701c\):-:*:*:*:*:*:*:*,CPE,cpe:2.3:h:hpe:aruba_cx_8360-32y4c_\(jl701c\):-:*:*:*:*:*:*:*,,,,,,,,
CPE:cpe:2.3:h:hpe:aruba_cx_8360-48xt4c_\(jl706c\):-:*:*:*:*:*:*:*,CPE,cpe:2.3:h:hpe:aruba_cx_8360-48xt4c_\(jl706c\):-:*:*:*:*:*:*:*,,,,,,,,
CPE:cpe:2.3:h:hpe:aruba_cx_8360-48xt4c_\(jl707c\):-:*:*:*:*:*:*:*,CPE,cpe:2.3:h:hpe:aruba_cx_8360-48xt4c_\(jl707c\):-:*:*:*:*:*:*:*,,,,,,,,
CPE:cpe:2.3:h:hpe:aruba_cx_8360-48y6c_\(jl704c\):-:*:*:*:*:*:*:*,CPE,cpe:2.3:h:hpe:aruba_cx_8360-48y6c_\(jl704c\):-:*:*:*:*:*:*:*,,,,,,,,
CPE:cpe:2.3:h:hpe:aruba_cx_8360-48y6c_\(jl705c\):-:*:*:*:*:*:*:*,CPE,cpe:2.3:h:hpe:aruba_cx_8360-48y6c_\(jl705c\):-:*:*:*:*:*:*:*,,,,,,,,
CPE:cpe:2.3:h:hpe:aruba_cx_8400_8-slot_chassis_\(jl375a\):-:*:*:*:*:*:*:*,CPE,cpe:2.3:h:hpe:aruba_cx_8400_8-slot_chassis_\(jl375a\):-:*:*:*:*:*:*:*,,,,,,,,
CPE:cpe:2.3:h:hpe:aruba_cx_8400_\(jl376a\):-:*:*:*:*:*:*:*,CPE,cpe:2.3:h:hpe:aruba_cx_8400_\(jl376a\):-:*:*:*:*:*:*:*,,,,,,,,
CPE:cpe:2.3:h:hpe:aruba_cx_9300_32d_\(r8z96a\):-:*:*:*:*:*:*:*,CPE,cpe:2.3:h:hpe:aruba_cx_9300_32d_\(r8z96a\):-:*:*:*:*:*:*:*,,,,,,,,
CPE:cpe:2.3:h:hpe:aruba_cx_9300_32d_\(r9a29a\):-:*:*:*:*:*:*:*,CPE,cpe:2.3:h:hpe:aruba_cx_9300_32d_\(r9a29a\):-:*:*:*:*:*:*:*,,,,,,,,
CPE:cpe:2.3:h:hpe:aruba_cx_9300_32d_\(r9a30a\):-:*:*:*:*:*:*:*,CPE,cpe:2.3:h:hpe:aruba_cx_9300_32d_\(r9a30a\):-:*:*:*:*:*:*:*,,,,,,,,
CPE:cpe:2.3:h:hpe:aruba_cx_9300_\(r8z97a\):-:*:*:*:*:*:*:*,CPE,cpe:2.3:h:hpe:aruba_cx_9300_\(r8z97a\):-:*:*:*:*:*:*:*,,,,,,,,
CPE:cpe:2.3:h:hpe:aruba_cx_9300_\(r8z98a\):-:*:*:*:*:*:*:*,CPE,cpe:2.3:h:hpe:aruba_cx_9300_\(r8z98a\):-:*:*:*:*:*:*:*,,,,,,,,
CPE:cpe:2.3:h:hpe:aruba_cx_9300_\(r8z99a\):-:*:*:*:*:*:*:*,CPE,cpe:2.3:h:hpe:aruba_cx_9300_\(r8z99a\):-:*:*:*:*:*:*:*,,,,,,,,
CPE:cpe:2.3:h:hpe:aruba_cx_9300_\(r9a00a\):-:*:*:*:*:*:*:*,CPE,cpe:2.3:h:hpe:aruba_cx_9300_\(r9a00a\):-:*:*:*:*:*:*:*,,,,,,,,
CPE:cpe:2.3:h:hpe:aruba_cx_9300s_32p_\(s0f81a\):-:*:*:*:*:*:*:*,CPE,cpe:2.3:h:hpe:aruba_cx_9300s_32p_\(s0f81a\):-:*:*:*:*:*:*:*,,,,,,,,
CPE:cpe:2.3:h:hpe:aruba_cx_9300s_32p_\(s0f82a\):-:*:*:*:*:*:*:*,CPE,cpe:2.3:h:hpe:aruba_cx_9300s_32p_\(s0f82a\):-:*:*:*:*:*:*:*,,,,,,,,
CPE:cpe:2.3:h:hpe:aruba_cx_9300s_32p_\(s0f83a\):-:*:*:*:*:*:*:*,CPE,cpe:2.3:h:hpe:aruba_cx_9300s_32p_\(s0f83a\):-:*:*:*:*:*:*:*,,,,,,,,
CPE:cpe:2.3:h:hpe:aruba_cx_9300s_32p_\(s0f84a\):-:*:*:*:*:*:*:*,CPE,cpe:2.3:h:hpe:aruba_cx_9300s_32p_\(s0f84a\):-:*:*:*:*:*:*:*,,,,,,,,
CPE:cpe:2.3:h:hpe:aruba_cx_9300s_32p_\(s0f87a\):-:*:*:*:*:*:*:*,CPE,cpe:2.3:h:hpe:aruba_cx_9300s_32p_\(s0f87a\):-:*:*:*:*:*:*:*,,,,,,,,
CPE:cpe:2.3:h:hpe:aruba_cx_9300s_32p_\(s0f88a\):-:*:*:*:*:*:*:*,CPE,cpe:2.3:h:hpe:aruba_cx_9300s_32p_\(s0f88a\):-:*:*:*:*:*:*:*,,,,,,,,
CPE:cpe:2.3:o:hpe:arubaos-cx:*:*:*:*:*:*:*:*,CPE,cpe:2.3:o:hpe:arubaos-cx:*:*:*:*:*:*:*:*,,,,,,,,
REF:CVE-2026-23813:0,Reference,https://support.hpe.com/hpesc/public/docDisplay?docId=hpesbnw05027en_us&docLocale=en_US,,,,,,,,https://support.hpe.com/hpesc/public/docDisplay?docId=hpesbnw05027en_us&docLocale=en_US
CVE:CVE-2024-7263,CVE,CVE-2024-7263,25503,0.068000,MEDIUM,CRITICAL,False,2024-08-15T15:15:22.453000Z,,
REF:CVE-2024-7263:0,Reference,https://www.wps.com/whatsnew/pc/20240422/,,,,,,,,https://www.wps.com/whatsnew/pc/20240422/
CVE:CVE-2024-49088,CVE,CVE-2024-49088,38668,0.068000,MEDIUM,HIGH,False,2024-12-12T02:04:33.827000Z,,
CWE:CWE-126,CWE,CWE-126,,,,,,,,
REF:CVE-2024-49088:0,Reference,https://msrc.microsoft.com/update-guide/vulnerability/CVE-2024-49088,,,,,,,,https://msrc.microsoft.com/update-guide/vulnerability/CVE-2024-49088
CVE:CVE-2024-49090,CVE,CVE-2024-49090,38670,0.068000,MEDIUM,HIGH,False,2024-12-12T02:04:34.190000Z,,
REF:CVE-2024-49090:0,Reference,https://msrc.microsoft.com/update-guide/vulnerability/CVE-2024-49090,,,,,,,,https://msrc.microsoft.com/update-guide/vulnerability/CVE-2024-49090
CVE:CVE-2025-40600,CVE,CVE-2025-40600,68957,0.068000,MEDIUM,CRITICAL,False,2025-07-29T22:15:24.927000Z,,
CPE:cpe:2.3:h:sonicwall:nsa_2700:-:*:*:*:*:*:*:*,CPE,cpe:2.3:h:sonicwall:nsa_2700:-:*:*:*:*:*:*:*,,,,,,,,
CPE:cpe:2.3:h:sonicwall:nsa_3700:-:*:*:*:*:*:*:*,CPE,cpe:2.3:h:sonicwall:nsa_3700:-:*:*:*:*:*:*:*,,,,,,,,
CPE:cpe:2.3:h:sonicwall:nsa_4700:-:*:*:*:*:*:*:*,CPE,cpe:2.3:h:sonicwall:nsa_4700:-:*:*:*:*:*:*:*,,,,,,,,
CPE:cpe:2.3:h:sonicwall:nsa_5700:-:*:*:*:*:*:*:*,CPE,cpe:2.3:h:sonicwall:nsa_5700:-:*:*:*:*:*:*:*,,,,,,,,
CPE:cpe:2.3:h:sonicwall:nsa_6700:-:*:*:*:*:*:*:*,CPE,cpe:2.3:h:sonicwall:nsa_6700:-:*:*:*:*:*:*:*,,,,,,,,
CPE:cpe:2.3:h:sonicwall:nssp_10700:-:*:*:*:*:*:*:*,CPE,cpe:2.3:h:sonicwall:nssp_10700:-:*:*:*:*:*:*:*,,,,,,,,
CPE:cpe:2.3:h:sonicwall:nssp_11700:-:*:*:*:*:*:*:*,CPE,cpe:2.3:h:sonicwall:nssp_11700:-:*:*:*:*:*:*:*,,,,,,,,
CPE:cpe:2.3:h:sonicwall:nssp_13700:-:*:*:*:*:*:*:*,CPE,cpe:2.3:h:sonicwall:nssp_13700:-:*:*:*:*:*:*:*,,,,,,,,
CPE:cpe:2.3:h:sonicwall:nssp_15700:-:*:*:*:*:*:*:*,CPE,cpe:2.3:h:sonicwall:nssp_15700:-:*:*:*:*:*:*:*,,,,,,,,
CPE:cpe:2.3:h:sonicwall:nsv270:-:*:*:*:*:*:*:*,CPE,cpe:2.3:h:sonicwall:nsv270:-:*:*:*:*:*:*:*,,,,,,,,
CPE:cpe:2.3:h:sonicwall:nsv470:-:*:*:*:*:*:*:*,CPE,cpe:2.3:h:sonicwall:nsv470:-:*:*:*:*:*:*:*,,,,,,,,
CPE:cpe:2.3:h:sonicwall:nsv870:-:*:*:*:*:*:*:*,CPE,cpe:2.3:h:sonicwall:nsv870:-:*:*:*:*:*:*:*,,,,,,,,
CPE:cpe:2.3:h:sonicwall:tz270:-:*:*:*:*:*:*:*,CPE,cpe:2.3:h:sonicwall:tz270:-:*:*:*:*:*:*:*,,,,,,,,
CPE:cpe:2.3:h:sonicwall:tz270w:-:*:*:*:*:*:*:*,CPE,cpe:2.3:h:sonicwall:tz270w:-:*:*:*:*:*:*:*,,,,,,,,
CPE:cpe:2.3:h:sonicwall:tz370:-:*:*:*:*:*:*:*,CPE,cpe:2.3:h:sonicwall:tz370:-:*:*:*:*:*:*:*,,,,,,,,
CPE:cpe:2.3:h:sonicwall:tz370w:-:*:*:*:*:*:*:*,CPE,cpe:2.3:h:sonicwall:tz370w:-:*:*:*:*:*:*:*,,,,,,,,
CPE:cpe:2.3:h:sonicwall:tz470:-:*:*:*:*:*:*:*,CPE,cpe:2.3:h:sonicwall:tz470:-:*:*:*:*:*:*:*,,,,,,,,
CPE:cpe:2.3:h:sonicwall:tz470w:-:*:*:*:*:*:*:*,CPE,cpe:2.3:h:sonicwall:tz470w:-:*:*:*:*:*:*:*,,,,,,,,
CPE:cpe:2.3:h:sonicwall:tz570:-:*:*:*:*:*:*:*,CPE,cpe:2.3:h:sonicwall:tz570:-:*:*:*:*:*:*:*,,,,,,,,
CPE:cpe:2.3:h:sonicwall:tz570p:-:*:*:*:*:*:*:*,CPE,cpe:2.3:h:sonicwall:tz570p:-:*:*:*:*:*:*:*,,,,,,,,
CPE:cpe:2.3:h:sonicwall:tz570w:-:*:*:*:*:*:*:*,CPE,cpe:2.3:h:sonicwall:tz570w:-:*:*:*:*:*:*:*,,,,,,,,
CPE:cpe:2.3:h:sonicwall:tz670:-:*:*:*:*:*:*:*,CPE,cpe:2.3:h:sonicwall:tz670:-:*:*:*:*:*:*:*,,,,,,,,
CPE:cpe:2.3:o:sonicwall:sonicos:*:*:*:*:*:*:*:*,CPE,cpe:2.3:o:sonicwall:sonicos:*:*:*:*:*:*:*:*,,,,,,,,
REF:CVE-2025-40600:0,Reference,https://psirt.global.sonicwall.com/vuln-detail/SNWLID-2025-0013,,,,,,,,https://psirt.global.sonicwall.com/vuln-detail/SNWLID-2025-0013
CVE:CVE-2026-7354,CVE,CVE-2026-7354,112503,0.068000,MEDIUM,HIGH,False,2026-04-28T23:16:22.977000Z,,
REF:CVE-2026-7354:0,Reference,https://chromereleases.googleblog.com/2026/04/stable-channel-update-for-desktop_28.html,,,,,,,,https://chromereleases.googleblog.com/2026/04/stable-channel-update-for-desktop_28.html
REF:CVE-2026-7354:1,Reference,https://issues.chromium.org/issues/498746519,,,,,,,,https://issues.chromium.org/issues/498746519
CVE:CVE-2024-30093,CVE,CVE-2024-30093,18917,0.066000,MEDIUM,HIGH,False,2024-06-11T17:15:57.680000Z,,
REF:CVE-2024-30093:0,Reference,https://msrc.microsoft.com/update-guide/vulnerability/CVE-2024-30093,,,,,,,,https://msrc.microsoft.com/update-guide/vulnerability/CVE-2024-30093
CVE:CVE-2024-38033,CVE,CVE-2024-38033,21736,0.066000,MEDIUM,HIGH,False,2024-07-09T17:15:31.093000Z,,
REF:CVE-2024-38033:0,Reference,https://msrc.microsoft.com/update-guide/vulnerability/CVE-2024-38033,,,,,,,,https://msrc.microsoft.com/update-guide/vulnerability/CVE-2024-38033
CVE:CVE-2024-38144,CVE,CVE-2024-38144,25201,0.066000,MEDIUM,HIGH,False,2024-08-13T18:15:18.673000Z,,
REF:CVE-2024-38144:0,Reference,https://msrc.microsoft.com/update-guide/vulnerability/CVE-2024-38144,,,,,,,,https://msrc.microsoft.com/update-guide/vulnerability/CVE-2024-38144
CVE:CVE-2024-43644,CVE,CVE-2024-43644,34659,0.066000,MEDIUM,HIGH,False,2024-11-12T18:15:34.643000Z,,
REF:CVE-2024-43644:0,Reference,https://msrc.microsoft.com/update-guide/vulnerability/CVE-2024-43644,,,,,,,,https://msrc.microsoft.com/update-guide/vulnerability/CVE-2024-43644
CVE:CVE-2025-21311,CVE,CVE-2025-21311,42673,0.066000,MEDIUM,CRITICAL,False,2025-01-14T18:15:54.567000Z,,
REF:CVE-2025-21311:0,Reference,https://msrc.microsoft.com/update-guide/vulnerability/CVE-2025-21311,,,,,,,,https://msrc.microsoft.com/update-guide/vulnerability/CVE-2025-21311
CVE:CVE-2025-27737,CVE,CVE-2025-27737,54575,0.066000,MEDIUM,HIGH,False,2025-04-08T18:16:02.097000Z,,
REF:CVE-2025-27737:0,Reference,https://msrc.microsoft.com/update-guide/vulnerability/CVE-2025-27737,,,,,,,,https://msrc.microsoft.com/update-guide/vulnerability/CVE-2025-27737
CVE:CVE-2025-47955,CVE,CVE-2025-47955,62790,0.066000,MEDIUM,HIGH,False,2025-06-10T17:24:03.870000Z,,
REF:CVE-2025-47955:0,Reference,https://msrc.microsoft.com/update-guide/vulnerability/CVE-2025-47955,,,,,,,,https://msrc.microsoft.com/update-guide/vulnerability/CVE-2025-47955
CVE:CVE-2026-5873,CVE,CVE-2026-5873,108791,0.066000,MEDIUM,HIGH,False,2026-04-08T22:16:26.907000Z,,
REF:CVE-2026-5873:0,Reference,https://chromereleases.googleblog.com/2026/04/stable-channel-update-for-desktop.html,,,,,,,,https://chromereleases.googleblog.com/2026/04/stable-channel-update-for-desktop.html
REF:CVE-2026-5873:1,Reference,https://issues.chromium.org/issues/496301615,,,,,,,,https://issues.chromium.org/issues/496301615
CVE:CVE-2024-38125,CVE,CVE-2024-38125,25184,0.064000,MEDIUM,HIGH,False,2024-08-13T18:15:14.080000Z,,
REF:CVE-2024-38125:0,Reference,https://msrc.microsoft.com/update-guide/vulnerability/CVE-2024-38125,,,,,,,,https://msrc.microsoft.com/update-guide/vulnerability/CVE-2024-38125
CVE:CVE-2024-43560,CVE,CVE-2024-43560,30387,0.064000,MEDIUM,HIGH,False,2024-10-08T18:15:22.653000Z,,
REF:CVE-2024-43560:0,Reference,https://msrc.microsoft.com/update-guide/vulnerability/CVE-2024-43560,,,,,,,,https://msrc.microsoft.com/update-guide/vulnerability/CVE-2024-43560
CVE:CVE-2024-43623,CVE,CVE-2024-43623,34639,0.064000,MEDIUM,HIGH,False,2024-11-12T18:15:29.743000Z,,
REF:CVE-2024-43623:0,Reference,https://msrc.microsoft.com/update-guide/vulnerability/CVE-2024-43623,,,,,,,,https://msrc.microsoft.com/update-guide/vulnerability/CVE-2024-43623
CVE:CVE-2025-21383,CVE,CVE-2025-21383,46201,0.064000,MEDIUM,HIGH,False,2025-02-11T18:15:36.963000Z,,
CPE:cpe:2.3:a:microsoft:365_apps:-:*:*:*:enterprise:*:x64:*,CPE,cpe:2.3:a:microsoft:365_apps:-:*:*:*:enterprise:*:x64:*,,,,,,,,
CPE:cpe:2.3:a:microsoft:365_apps:-:*:*:*:enterprise:*:x86:*,CPE,cpe:2.3:a:microsoft:365_apps:-:*:*:*:enterprise:*:x86:*,,,,,,,,
CPE:cpe:2.3:a:microsoft:excel:2016:*:*:*:*:*:x64:*,CPE,cpe:2.3:a:microsoft:excel:2016:*:*:*:*:*:x64:*,,,,,,,,
CPE:cpe:2.3:a:microsoft:excel:2016:*:*:*:*:*:x86:*,CPE,cpe:2.3:a:microsoft:excel:2016:*:*:*:*:*:x86:*,,,,,,,,
CPE:cpe:2.3:a:microsoft:office:2019:*:*:*:*:*:x64:*,CPE,cpe:2.3:a:microsoft:office:2019:*:*:*:*:*:x64:*,,,,,,,,
CPE:cpe:2.3:a:microsoft:office:2019:*:*:*:*:*:x86:*,CPE,cpe:2.3:a:microsoft:office:2019:*:*:*:*:*:x86:*,,,,,,,,
CPE:cpe:2.3:a:microsoft:office_long_term_servicing_channel:2021:*:*:*:*:macos:*:*,CPE,cpe:2.3:a:microsoft:office_long_term_servicing_channel:2021:*:*:*:*:macos:*:*,,,,,,,,
CPE:cpe:2.3:a:microsoft:office_long_term_servicing_channel:2024:*:*:*:*:*:x64:*,CPE,cpe:2.3:a:microsoft:office_long_term_servicing_channel:2024:*:*:*:*:*:x64:*,,,,,,,,
CPE:cpe:2.3:a:microsoft:office_long_term_servicing_channel:2024:*:*:*:*:*:x86:*,CPE,cpe:2.3:a:microsoft:office_long_term_servicing_channel:2024:*:*:*:*:*:x86:*,,,,,,,,
CPE:cpe:2.3:a:microsoft:office_long_term_servicing_channel:2024:*:*:*:*:macos:*:*,CPE,cpe:2.3:a:microsoft:office_long_term_servicing_channel:2024:*:*:*:*:macos:*:*,,,,,,,,
REF:CVE-2025-21383:0,Reference,https://msrc.microsoft.com/update-guide/vulnerability/CVE-2025-21383,,,,,,,,https://msrc.microsoft.com/update-guide/vulnerability/CVE-2025-21383
CVE:CVE-2025-24992,CVE,CVE-2025-24992,50238,0.064000,MEDIUM,MEDIUM,False,2025-03-11T17:16:35.523000Z,,
REF:CVE-2025-24992:0,Reference,https://msrc.microsoft.com/update-guide/vulnerability/CVE-2025-24992,,,,,,,,https://msrc.microsoft.com/update-guide/vulnerability/CVE-2025-24992
CVE:CVE-2025-41733,CVE,CVE-2025-41733,83974,0.064000,MEDIUM,CRITICAL,False,2025-11-18T11:15:46.700000Z,,
CPE:cpe:2.3:h:metz-connect:ewio2-bm:-:*:*:*:*:*:*:*,CPE,cpe:2.3:h:metz-connect:ewio2-bm:-:*:*:*:*:*:*:*,,,,,,,,
CPE:cpe:2.3:h:metz-connect:ewio2-m-bm:-:*:*:*:*:*:*:*,CPE,cpe:2.3:h:metz-connect:ewio2-m-bm:-:*:*:*:*:*:*:*,,,,,,,,
CPE:cpe:2.3:h:metz-connect:ewio2-m:-:*:*:*:*:*:*:*,CPE,cpe:2.3:h:metz-connect:ewio2-m:-:*:*:*:*:*:*:*,,,,,,,,
CPE:cpe:2.3:o:metz-connect:ewio2-bm_firmware:*:*:*:*:*:*:*:*,CPE,cpe:2.3:o:metz-connect:ewio2-bm_firmware:*:*:*:*:*:*:*:*,,,,,,,,
CPE:cpe:2.3:o:metz-connect:ewio2-m-bm_firmware:*:*:*:*:*:*:*:*,CPE,cpe:2.3:o:metz-connect:ewio2-m-bm_firmware:*:*:*:*:*:*:*:*,,,,,,,,
CPE:cpe:2.3:o:metz-connect:ewio2-m_firmware:*:*:*:*:*:*:*:*,CPE,cpe:2.3:o:metz-connect:ewio2-m_firmware:*:*:*:*:*:*:*:*,,,,,,,,
REF:CVE-2025-41733:0,Reference,https://certvde.com/de/advisories/VDE-2025-097,,,,,,,,https://certvde.com/de/advisories/VDE-2025-097
CVE:CVE-2026-40884,CVE,CVE-2026-40884,110974,0.064000,MEDIUM,CRITICAL,False,2026-04-21T20:17:02.107000Z,,
CPE:cpe:2.3:a:goshs:goshs:*:*:*:*:*:go:*:*,CPE,cpe:2.3:a:goshs:goshs:*:*:*:*:*:go:*:*,,,,,,,,
CPE:cpe:2.3:a:goshs:goshs:2.0.0:beta1:*:*:*:go:*:*,CPE,cpe:2.3:a:goshs:goshs:2.0.0:beta1:*:*:*:go:*:*,,,,,,,,
CPE:cpe:2.3:a:goshs:goshs:2.0.0:beta2:*:*:*:go:*:*,CPE,cpe:2.3:a:goshs:goshs:2.0.0:beta2:*:*:*:go:*:*,,,,,,,,
CPE:cpe:2.3:a:goshs:goshs:2.0.0:beta3:*:*:*:go:*:*,CPE,cpe:2.3:a:goshs:goshs:2.0.0:beta3:*:*:*:go:*:*,,,,,,,,
CPE:cpe:2.3:a:goshs:goshs:2.0.0:beta4:*:*:*:go:*:*,CPE,cpe:2.3:a:goshs:goshs:2.0.0:beta4:*:*:*:go:*:*,,,,,,,,
CPE:cpe:2.3:a:goshs:goshs:2.0.0:beta5:*:*:*:go:*:*,CPE,cpe:2.3:a:goshs:goshs:2.0.0:beta5:*:*:*:go:*:*,,,,,,,,
REF:CVE-2026-40884:0,Reference,https://github.com/patrickhener/goshs/security/advisories/GHSA-c29w-qq4m-2gcv,,,,,,,,https://github.com/patrickhener/goshs/security/advisories/GHSA-c29w-qq4m-2gcv
CVE:CVE-2026-50746,CVE,CVE-2026-50746,128340,0.064000,MEDIUM,CRITICAL,False,2026-07-02T15:17:02.723000Z,,
CPE:cpe:2.3:a:ui:unifi_connect_application:*:*:*:*:*:*:*:*,CPE,cpe:2.3:a:ui:unifi_connect_application:*:*:*:*:*:*:*:*,,,,,,,,
REF:CVE-2026-50746:0,Reference,https://community.ui.com/releases/Security-Advisory-Bulletin-066-066/984eceb3-49c8-4227-942d-671c289b3afc,,,,,,,,https://community.ui.com/releases/Security-Advisory-Bulletin-066-066/984eceb3-49c8-4227-942d-671c289b3afc
CVE:CVE-2024-21406,CVE,CVE-2024-21406,3763,0.062000,MEDIUM,HIGH,False,2024-02-13T18:15:59.480000Z,,
CWE:CWE-319,CWE,CWE-319,,,,,,,,
REF:CVE-2024-21406:0,Reference,https://msrc.microsoft.com/update-guide/vulnerability/CVE-2024-21406,,,,,,,,https://msrc.microsoft.com/update-guide/vulnerability/CVE-2024-21406
CVE:CVE-2024-26260,CVE,CVE-2024-26260,4006,0.062000,MEDIUM,CRITICAL,False,2024-02-15T03:15:34.833000Z,,
CPE:cpe:2.3:a:hgiga:oaklouds-organization-2.0:*:*:*:*:*:*:*:*,CPE,cpe:2.3:a:hgiga:oaklouds-organization-2.0:*:*:*:*:*:*:*:*,,,,,,,,
CPE:cpe:2.3:a:hgiga:oaklouds-organization-3.0:*:*:*:*:*:*:*:*,CPE,cpe:2.3:a:hgiga:oaklouds-organization-3.0:*:*:*:*:*:*:*:*,,,,,,,,
CPE:cpe:2.3:a:hgiga:oaklouds-webbase-2.0:*:*:*:*:*:*:*:*,CPE,cpe:2.3:a:hgiga:oaklouds-webbase-2.0:*:*:*:*:*:*:*:*,,,,,,,,
CPE:cpe:2.3:a:hgiga:oaklouds-webbase-3.0:*:*:*:*:*:*:*:*,CPE,cpe:2.3:a:hgiga:oaklouds-webbase-3.0:*:*:*:*:*:*:*:*,,,,,,,,
REF:CVE-2024-26260:0,Reference,https://www.chtsecurity.com/news/e456f679-9091-4de4-8f78-9262d20d6a96,,,,,,,,https://www.chtsecurity.com/news/e456f679-9091-4de4-8f78-9262d20d6a96
REF:CVE-2024-26260:1,Reference,https://www.twcert.org.tw/tw/cp-132-7673-688b7-1.html,,,,,,,,https://www.twcert.org.tw/tw/cp-132-7673-688b7-1.html
CVE:CVE-2024-26229,CVE,CVE-2024-26229,10034,0.062000,MEDIUM,HIGH,False,2024-04-09T17:15:42.823000Z,,
REF:CVE-2024-26229:0,Reference,https://msrc.microsoft.com/update-guide/vulnerability/CVE-2024-26229,,,,,,,,https://msrc.microsoft.com/update-guide/vulnerability/CVE-2024-26229
CVE:CVE-2024-38078,CVE,CVE-2024-38078,21770,0.062000,MEDIUM,HIGH,False,2024-07-09T17:15:42.770000Z,,
REF:CVE-2024-38078:0,Reference,https://msrc.microsoft.com/update-guide/vulnerability/CVE-2024-38078,,,,,,,,https://msrc.microsoft.com/update-guide/vulnerability/CVE-2024-38078
CVE:CVE-2024-36268,CVE,CVE-2024-36268,24244,0.062000,MEDIUM,CRITICAL,False,2024-08-02T10:16:00.367000Z,,
CPE:cpe:2.3:a:apache:inlong:*:*:*:*:*:*:*:*,CPE,cpe:2.3:a:apache:inlong:*:*:*:*:*:*:*:*,,,,,,,,
REF:CVE-2024-36268:0,Reference,http://www.openwall.com/lists/oss-security/2024/08/02/5,,,,,,,,http://www.openwall.com/lists/oss-security/2024/08/02/5
REF:CVE-2024-36268:1,Reference,https://lists.apache.org/thread/1w1yp1bg5sjvn46dszkf00tz1vfs0frc,,,,,,,,https://lists.apache.org/thread/1w1yp1bg5sjvn46dszkf00tz1vfs0frc
CVE:CVE-2024-43532,CVE,CVE-2024-43532,30361,0.062000,MEDIUM,HIGH,False,2024-10-08T18:15:17.230000Z,,
CWE:CWE-636,CWE,CWE-636,,,,,,,,
CPE:cpe:2.3:o:microsoft:windows_11_21h2:*:*:*:*:*:*:arm64:*,CPE,cpe:2.3:o:microsoft:windows_11_21h2:*:*:*:*:*:*:arm64:*,,,,,,,,
CPE:cpe:2.3:o:microsoft:windows_11_21h2:*:*:*:*:*:*:x64:*,CPE,cpe:2.3:o:microsoft:windows_11_21h2:*:*:*:*:*:*:x64:*,,,,,,,,
REF:CVE-2024-43532:0,Reference,https://msrc.microsoft.com/update-guide/vulnerability/CVE-2024-43532,,,,,,,,https://msrc.microsoft.com/update-guide/vulnerability/CVE-2024-43532
CVE:CVE-2023-49125,CVE,CVE-2023-49125,3645,0.048000,LOW,HIGH,False,2024-02-13T09:15:46.173000Z,,
RISK:LOW,RiskCategory,LOW,,,,,,,,
CPE:cpe:2.3:a:siemens:parasolid:*:*:*:*:*:*:*:*,CPE,cpe:2.3:a:siemens:parasolid:*:*:*:*:*:*:*:*,,,,,,,,
CPE:cpe:2.3:a:siemens:solid_edge_se2023:*:*:*:*:*:*:*:*,CPE,cpe:2.3:a:siemens:solid_edge_se2023:*:*:*:*:*:*:*:*,,,,,,,,
CPE:cpe:2.3:a:siemens:solid_edge_se2023:223.0:update_0001:*:*:*:*:*:*,CPE,cpe:2.3:a:siemens:solid_edge_se2023:223.0:update_0001:*:*:*:*:*:*,,,,,,,,
CPE:cpe:2.3:a:siemens:solid_edge_se2023:223.0:update_0002:*:*:*:*:*:*,CPE,cpe:2.3:a:siemens:solid_edge_se2023:223.0:update_0002:*:*:*:*:*:*,,,,,,,,
CPE:cpe:2.3:a:siemens:solid_edge_se2023:223.0:update_0003:*:*:*:*:*:*,CPE,cpe:2.3:a:siemens:solid_edge_se2023:223.0:update_0003:*:*:*:*:*:*,,,,,,,,
CPE:cpe:2.3:a:siemens:solid_edge_se2023:223.0:update_0004:*:*:*:*:*:*,CPE,cpe:2.3:a:siemens:solid_edge_se2023:223.0:update_0004:*:*:*:*:*:*,,,,,,,,
CPE:cpe:2.3:a:siemens:solid_edge_se2023:223.0:update_0005:*:*:*:*:*:*,CPE,cpe:2.3:a:siemens:solid_edge_se2023:223.0:update_0005:*:*:*:*:*:*,,,,,,,,
CPE:cpe:2.3:a:siemens:solid_edge_se2023:223.0:update_0006:*:*:*:*:*:*,CPE,cpe:2.3:a:siemens:solid_edge_se2023:223.0:update_0006:*:*:*:*:*:*,,,,,,,,
CPE:cpe:2.3:a:siemens:solid_edge_se2023:223.0:update_0007:*:*:*:*:*:*,CPE,cpe:2.3:a:siemens:solid_edge_se2023:223.0:update_0007:*:*:*:*:*:*,,,,,,,,
CPE:cpe:2.3:a:siemens:solid_edge_se2023:223.0:update_0008:*:*:*:*:*:*,CPE,cpe:2.3:a:siemens:solid_edge_se2023:223.0:update_0008:*:*:*:*:*:*,,,,,,,,
CPE:cpe:2.3:a:siemens:solid_edge_se2023:223.0:update_0009:*:*:*:*:*:*,CPE,cpe:2.3:a:siemens:solid_edge_se2023:223.0:update_0009:*:*:*:*:*:*,,,,,,,,
CPE:cpe:2.3:a:siemens:solid_edge_se2023:223.0:update_0010:*:*:*:*:*:*,CPE,cpe:2.3:a:siemens:solid_edge_se2023:223.0:update_0010:*:*:*:*:*:*,,,,,,,,
CPE:cpe:2.3:a:siemens:solid_edge_se2024:*:*:*:*:*:*:*:*,CPE,cpe:2.3:a:siemens:solid_edge_se2024:*:*:*:*:*:*:*:*,,,,,,,,
CPE:cpe:2.3:a:siemens:solid_edge_se2024:224.0:update_0001:*:*:*:*:*:*,CPE,cpe:2.3:a:siemens:solid_edge_se2024:224.0:update_0001:*:*:*:*:*:*,,,,,,,,
CPE:cpe:2.3:a:siemens:solid_edge_se2024:224.0:update_0002:*:*:*:*:*:*,CPE,cpe:2.3:a:siemens:solid_edge_se2024:224.0:update_0002:*:*:*:*:*:*,,,,,,,,
REF:CVE-2023-49125:0,Reference,https://cert-portal.siemens.com/productcert/html/ssa-382651.html,,,,,,,,https://cert-portal.siemens.com/productcert/html/ssa-382651.html
REF:CVE-2023-49125:1,Reference,https://cert-portal.siemens.com/productcert/html/ssa-797296.html,,,,,,,,https://cert-portal.siemens.com/productcert/html/ssa-797296.html
CVE:CVE-2024-30035,CVE,CVE-2024-30035,15247,0.048000,LOW,HIGH,False,2024-05-14T17:17:07.253000Z,,
REF:CVE-2024-30035:0,Reference,https://msrc.microsoft.com/update-guide/vulnerability/CVE-2024-30035,,,,,,,,https://msrc.microsoft.com/update-guide/vulnerability/CVE-2024-30035
CVE:CVE-2024-42489,CVE,CVE-2024-42489,24964,0.048000,LOW,CRITICAL,False,2024-08-12T16:15:16.667000Z,,
CPE:cpe:2.3:a:xwiki:pro_macros:*:*:*:*:*:*:*:*,CPE,cpe:2.3:a:xwiki:pro_macros:*:*:*:*:*:*:*:*,,,,,,,,
REF:CVE-2024-42489:0,Reference,https://github.com/xwikisas/xwiki-pro-macros/blob/main/xwiki-pro-macros-ui/src/main/resources/Confluence/Macros/Viewpdf.xml#L265-L267,,,,,,,,https://github.com/xwikisas/xwiki-pro-macros/blob/main/xwiki-pro-macros-ui/src/main/resources/Confluence/Macros/Viewpdf.xml#L265-L267
REF:CVE-2024-42489:1,Reference,https://github.com/xwikisas/xwiki-pro-macros/commit/199553c84901999481a20614f093af2d57970eba,,,,,,,,https://github.com/xwikisas/xwiki-pro-macros/commit/199553c84901999481a20614f093af2d57970eba
REF:CVE-2024-42489:2,Reference,https://github.com/xwikisas/xwiki-pro-macros/security/advisories/GHSA-cfq3-q227-7j65,,,,,,,,https://github.com/xwikisas/xwiki-pro-macros/security/advisories/GHSA-cfq3-q227-7j65
CVE:CVE-2024-38401,CVE,CVE-2024-38401,27091,0.048000,LOW,HIGH,False,2024-09-02T12:15:18.933000Z,,
CPE:cpe:2.3:h:qualcomm:ar8035:-:*:*:*:*:*:*:*,CPE,cpe:2.3:h:qualcomm:ar8035:-:*:*:*:*:*:*:*,,,,,,,,
CPE:cpe:2.3:h:qualcomm:c-v2x_9150:-:*:*:*:*:*:*:*,CPE,cpe:2.3:h:qualcomm:c-v2x_9150:-:*:*:*:*:*:*:*,,,,,,,,
CPE:cpe:2.3:h:qualcomm:qca6574a:-:*:*:*:*:*:*:*,CPE,cpe:2.3:h:qualcomm:qca6574a:-:*:*:*:*:*:*:*,,,,,,,,
CPE:cpe:2.3:h:qualcomm:qca8081:-:*:*:*:*:*:*:*,CPE,cpe:2.3:h:qualcomm:qca8081:-:*:*:*:*:*:*:*,,,,,,,,
CPE:cpe:2.3:h:qualcomm:qca8337:-:*:*:*:*:*:*:*,CPE,cpe:2.3:h:qualcomm:qca8337:-:*:*:*:*:*:*:*,,,,,,,,
CPE:cpe:2.3:h:qualcomm:qcc710:-:*:*:*:*:*:*:*,CPE,cpe:2.3:h:qualcomm:qcc710:-:*:*:*:*:*:*:*,,,,,,,,
CPE:cpe:2.3:h:qualcomm:qcn6224:-:*:*:*:*:*:*:*,CPE,cpe:2.3:h:qualcomm:qcn6224:-:*:*:*:*:*:*:*,,,,,,,,
CPE:cpe:2.3:h:qualcomm:qcn6274:-:*:*:*:*:*:*:*,CPE,cpe:2.3:h:qualcomm:qcn6274:-:*:*:*:*:*:*:*,,,,,,,,
CPE:cpe:2.3:h:qualcomm:qfw7114:-:*:*:*:*:*:*:*,CPE,cpe:2.3:h:qualcomm:qfw7114:-:*:*:*:*:*:*:*,,,,,,,,
CPE:cpe:2.3:h:qualcomm:qfw7124:-:*:*:*:*:*:*:*,CPE,cpe:2.3:h:qualcomm:qfw7124:-:*:*:*:*:*:*:*,,,,,,,,
CPE:cpe:2.3:h:qualcomm:sdx55:-:*:*:*:*:*:*:*,CPE,cpe:2.3:h:qualcomm:sdx55:-:*:*:*:*:*:*:*,,,,,,,,
CPE:cpe:2.3:h:qualcomm:snapdragon_w5\+_gen_1_wearable:-:*:*:*:*:*:*:*,CPE,cpe:2.3:h:qualcomm:snapdragon_w5\+_gen_1_wearable:-:*:*:*:*:*:*:*,,,,,,,,
CPE:cpe:2.3:h:qualcomm:snapdragon_x72_5g_modem-rf_system:-:*:*:*:*:*:*:*,CPE,cpe:2.3:h:qualcomm:snapdragon_x72_5g_modem-rf_system:-:*:*:*:*:*:*:*,,,,,,,,
CPE:cpe:2.3:h:qualcomm:snapdragon_x75_5g_modem-rf_system:-:*:*:*:*:*:*:*,CPE,cpe:2.3:h:qualcomm:snapdragon_x75_5g_modem-rf_system:-:*:*:*:*:*:*:*,,,,,,,,
CPE:cpe:2.3:h:qualcomm:wcd9340:-:*:*:*:*:*:*:*,CPE,cpe:2.3:h:qualcomm:wcd9340:-:*:*:*:*:*:*:*,,,,,,,,
CPE:cpe:2.3:h:qualcomm:wcd9360:-:*:*:*:*:*:*:*,CPE,cpe:2.3:h:qualcomm:wcd9360:-:*:*:*:*:*:*:*,,,,,,,,
CPE:cpe:2.3:h:qualcomm:wcn3660b:-:*:*:*:*:*:*:*,CPE,cpe:2.3:h:qualcomm:wcn3660b:-:*:*:*:*:*:*:*,,,,,,,,
CPE:cpe:2.3:h:qualcomm:wcn3680b:-:*:*:*:*:*:*:*,CPE,cpe:2.3:h:qualcomm:wcn3680b:-:*:*:*:*:*:*:*,,,,,,,,
CPE:cpe:2.3:o:qualcomm:ar8035_firmware:-:*:*:*:*:*:*:*,CPE,cpe:2.3:o:qualcomm:ar8035_firmware:-:*:*:*:*:*:*:*,,,,,,,,
CPE:cpe:2.3:o:qualcomm:c-v2x_9150_firmware:-:*:*:*:*:*:*:*,CPE,cpe:2.3:o:qualcomm:c-v2x_9150_firmware:-:*:*:*:*:*:*:*,,,,,,,,
CPE:cpe:2.3:o:qualcomm:qca6574a_firmware:-:*:*:*:*:*:*:*,CPE,cpe:2.3:o:qualcomm:qca6574a_firmware:-:*:*:*:*:*:*:*,,,,,,,,
CPE:cpe:2.3:o:qualcomm:qca8081_firmware:-:*:*:*:*:*:*:*,CPE,cpe:2.3:o:qualcomm:qca8081_firmware:-:*:*:*:*:*:*:*,,,,,,,,
CPE:cpe:2.3:o:qualcomm:qca8337_firmware:-:*:*:*:*:*:*:*,CPE,cpe:2.3:o:qualcomm:qca8337_firmware:-:*:*:*:*:*:*:*,,,,,,,,
CPE:cpe:2.3:o:qualcomm:qcc710_firmware:-:*:*:*:*:*:*:*,CPE,cpe:2.3:o:qualcomm:qcc710_firmware:-:*:*:*:*:*:*:*,,,,,,,,
CPE:cpe:2.3:o:qualcomm:qcn6224_firmware:-:*:*:*:*:*:*:*,CPE,cpe:2.3:o:qualcomm:qcn6224_firmware:-:*:*:*:*:*:*:*,,,,,,,,
CPE:cpe:2.3:o:qualcomm:qcn6274_firmware:-:*:*:*:*:*:*:*,CPE,cpe:2.3:o:qualcomm:qcn6274_firmware:-:*:*:*:*:*:*:*,,,,,,,,
CPE:cpe:2.3:o:qualcomm:qfw7114_firmware:-:*:*:*:*:*:*:*,CPE,cpe:2.3:o:qualcomm:qfw7114_firmware:-:*:*:*:*:*:*:*,,,,,,,,
CPE:cpe:2.3:o:qualcomm:qfw7124_firmware:-:*:*:*:*:*:*:*,CPE,cpe:2.3:o:qualcomm:qfw7124_firmware:-:*:*:*:*:*:*:*,,,,,,,,
CPE:cpe:2.3:o:qualcomm:sdx55_firmware:-:*:*:*:*:*:*:*,CPE,cpe:2.3:o:qualcomm:sdx55_firmware:-:*:*:*:*:*:*:*,,,,,,,,
CPE:cpe:2.3:o:qualcomm:snapdragon_w5\+_gen_1_wearable_firmware:-:*:*:*:*:*:*:*,CPE,cpe:2.3:o:qualcomm:snapdragon_w5\+_gen_1_wearable_firmware:-:*:*:*:*:*:*:*,,,,,,,,
CPE:cpe:2.3:o:qualcomm:snapdragon_x72_5g_modem-rf_system_firmware:-:*:*:*:*:*:*:*,CPE,cpe:2.3:o:qualcomm:snapdragon_x72_5g_modem-rf_system_firmware:-:*:*:*:*:*:*:*,,,,,,,,
CPE:cpe:2.3:o:qualcomm:snapdragon_x75_5g_modem-rf_system_firmware:-:*:*:*:*:*:*:*,CPE,cpe:2.3:o:qualcomm:snapdragon_x75_5g_modem-rf_system_firmware:-:*:*:*:*:*:*:*,,,,,,,,
CPE:cpe:2.3:o:qualcomm:wcd9340_firmware:-:*:*:*:*:*:*:*,CPE,cpe:2.3:o:qualcomm:wcd9340_firmware:-:*:*:*:*:*:*:*,,,,,,,,
CPE:cpe:2.3:o:qualcomm:wcd9360_firmware:-:*:*:*:*:*:*:*,CPE,cpe:2.3:o:qualcomm:wcd9360_firmware:-:*:*:*:*:*:*:*,,,,,,,,
CPE:cpe:2.3:o:qualcomm:wcn3660b_firmware:-:*:*:*:*:*:*:*,CPE,cpe:2.3:o:qualcomm:wcn3660b_firmware:-:*:*:*:*:*:*:*,,,,,,,,
CPE:cpe:2.3:o:qualcomm:wcn3680b_firmware:-:*:*:*:*:*:*:*,CPE,cpe:2.3:o:qualcomm:wcn3680b_firmware:-:*:*:*:*:*:*:*,,,,,,,,
REF:CVE-2024-38401:0,Reference,https://docs.qualcomm.com/product/publicresources/securitybulletin/september-2024-bulletin.html,,,,,,,,https://docs.qualcomm.com/product/publicresources/securitybulletin/september-2024-bulletin.html
CVE:CVE-2024-45697,CVE,CVE-2024-45697,28320,0.048000,LOW,CRITICAL,False,2024-09-16T07:15:03.233000Z,,
CPE:cpe:2.3:h:dlink:dir-x4860:a1:*:*:*:*:*:*:*,CPE,cpe:2.3:h:dlink:dir-x4860:a1:*:*:*:*:*:*:*,,,,,,,,
CPE:cpe:2.3:o:dlink:dir-x4860_firmware:1.00:*:*:*:*:*:*:*,CPE,cpe:2.3:o:dlink:dir-x4860_firmware:1.00:*:*:*:*:*:*:*,,,,,,,,
CPE:cpe:2.3:o:dlink:dir-x4860_firmware:1.04:*:*:*:*:*:*:*,CPE,cpe:2.3:o:dlink:dir-x4860_firmware:1.04:*:*:*:*:*:*:*,,,,,,,,
REF:CVE-2024-45697:0,Reference,https://www.twcert.org.tw/en/cp-139-8089-32df6-2.html,,,,,,,,https://www.twcert.org.tw/en/cp-139-8089-32df6-2.html
REF:CVE-2024-45697:1,Reference,https://www.twcert.org.tw/tw/cp-132-8088-590ed-1.html,,,,,,,,https://www.twcert.org.tw/tw/cp-132-8088-590ed-1.html
CVE:CVE-2024-0005,CVE,CVE-2024-0005,28986,0.048000,LOW,CRITICAL,False,2024-09-23T18:15:05.233000Z,,
CPE:cpe:2.3:a:purestorage:purity\/\/fa:*:*:*:*:*:*:*:*,CPE,cpe:2.3:a:purestorage:purity\/\/fa:*:*:*:*:*:*:*:*,,,,,,,,
CPE:cpe:2.3:a:purestorage:purity\/\/fa:6.5.0:*:*:*:*:*:*:*,CPE,cpe:2.3:a:purestorage:purity\/\/fa:6.5.0:*:*:*:*:*:*:*,,,,,,,,
CPE:cpe:2.3:a:purestorage:purity\/\/fa:6.6.0:*:*:*:*:*:*:*,CPE,cpe:2.3:a:purestorage:purity\/\/fa:6.6.0:*:*:*:*:*:*:*,,,,,,,,
CPE:cpe:2.3:a:purestorage:purity\/\/fb:*:*:*:*:*:*:*:*,CPE,cpe:2.3:a:purestorage:purity\/\/fb:*:*:*:*:*:*:*:*,,,,,,,,
CPE:cpe:2.3:a:purestorage:purity\/\/fb:4.3.0:*:*:*:*:*:*:*,CPE,cpe:2.3:a:purestorage:purity\/\/fb:4.3.0:*:*:*:*:*:*:*,,,,,,,,
CPE:cpe:2.3:a:purestorage:purity\/\/fb:4.3.1:*:*:*:*:*:*:*,CPE,cpe:2.3:a:purestorage:purity\/\/fb:4.3.1:*:*:*:*:*:*:*,,,,,,,,
REF:CVE-2024-0005:0,Reference,https://purestorage.com/security,,,,,,,,https://purestorage.com/security
CVE:CVE-2024-43516,CVE,CVE-2024-43516,30347,0.048000,LOW,HIGH,False,2024-10-08T18:15:14.343000Z,,
REF:CVE-2024-43516:0,Reference,https://msrc.microsoft.com/update-guide/vulnerability/CVE-2024-43516,,,,,,,,https://msrc.microsoft.com/update-guide/vulnerability/CVE-2024-43516
CVE:CVE-2024-43528,CVE,CVE-2024-43528,30359,0.048000,LOW,HIGH,False,2024-10-08T18:15:16.810000Z,,
REF:CVE-2024-43528:0,Reference,https://msrc.microsoft.com/update-guide/vulnerability/CVE-2024-43528,,,,,,,,https://msrc.microsoft.com/update-guide/vulnerability/CVE-2024-43528
CVE:CVE-2024-43602,CVE,CVE-2024-43602,34635,0.048000,LOW,CRITICAL,False,2024-11-12T18:15:28.563000Z,,
CWE:CWE-285,CWE,CWE-285,,,,,,,,
CPE:cpe:2.3:a:microsoft:azure_cyclecloud:*:*:*:*:*:*:*:*,CPE,cpe:2.3:a:microsoft:azure_cyclecloud:*:*:*:*:*:*:*:*,,,,,,,,
REF:CVE-2024-43602:0,Reference,https://msrc.microsoft.com/update-guide/vulnerability/CVE-2024-43602,,,,,,,,https://msrc.microsoft.com/update-guide/vulnerability/CVE-2024-43602
CVE:CVE-2024-49050,CVE,CVE-2024-49050,34705,0.048000,LOW,HIGH,False,2024-11-12T18:15:45.810000Z,,
CPE:cpe:2.3:a:microsoft:python:*:*:*:*:*:visual_studio_code:*:*,CPE,cpe:2.3:a:microsoft:python:*:*:*:*:*:visual_studio_code:*:*,,,,,,,,
REF:CVE-2024-49050:0,Reference,https://msrc.microsoft.com/update-guide/vulnerability/CVE-2024-49050,,,,,,,,https://msrc.microsoft.com/update-guide/vulnerability/CVE-2024-49050
CVE:CVE-2024-49080,CVE,CVE-2024-49080,38660,0.048000,LOW,HIGH,False,2024-12-12T02:04:32.427000Z,,
REF:CVE-2024-49080:0,Reference,https://msrc.microsoft.com/update-guide/vulnerability/CVE-2024-49080,,,,,,,,https://msrc.microsoft.com/update-guide/vulnerability/CVE-2024-49080
CVE:CVE-2024-49117,CVE,CVE-2024-49117,38696,0.048000,LOW,HIGH,False,2024-12-12T02:04:38.190000Z,,
CWE:CWE-393,CWE,CWE-393,,,,,,,,
REF:CVE-2024-49117:0,Reference,https://msrc.microsoft.com/update-guide/vulnerability/CVE-2024-49117,,,,,,,,https://msrc.microsoft.com/update-guide/vulnerability/CVE-2024-49117
CVE:CVE-2025-21298,CVE,CVE-2025-21298,42660,0.048000,LOW,CRITICAL,False,2025-01-14T18:15:52.080000Z,,
REF:CVE-2025-21298:0,Reference,https://msrc.microsoft.com/update-guide/vulnerability/CVE-2025-21298,,,,,,,,https://msrc.microsoft.com/update-guide/vulnerability/CVE-2025-21298
CVE:CVE-2025-2857,CVE,CVE-2025-2857,52310,0.048000,LOW,CRITICAL,False,2025-03-27T14:15:55.720000Z,,
CWE:CWE-668,CWE,CWE-668,,,,,,,,
CPE:cpe:2.3:a:mozilla:firefox:*:*:*:*:-:*:*:*,CPE,cpe:2.3:a:mozilla:firefox:*:*:*:*:-:*:*:*,,,,,,,,
CPE:cpe:2.3:a:mozilla:firefox:*:*:*:*:esr:*:*:*,CPE,cpe:2.3:a:mozilla:firefox:*:*:*:*:esr:*:*:*,,,,,,,,
REF:CVE-2025-2857:0,Reference,https://bugzilla.mozilla.org/show_bug.cgi?id=1956398,,,,,,,,https://bugzilla.mozilla.org/show_bug.cgi?id=1956398
REF:CVE-2025-2857:1,Reference,https://issues.chromium.org/issues/405143032,,,,,,,,https://issues.chromium.org/issues/405143032
REF:CVE-2025-2857:2,Reference,https://www.cve.org/CVERecord?id=CVE-2025-2783,,,,,,,,https://www.cve.org/CVERecord?id=CVE-2025-2783
REF:CVE-2025-2857:3,Reference,https://www.mozilla.org/security/advisories/mfsa2025-19/,,,,,,,,https://www.mozilla.org/security/advisories/mfsa2025-19/
CVE:CVE-2025-46121,CVE,CVE-2025-46121,67952,0.048000,LOW,CRITICAL,False,2025-07-21T15:15:28.270000Z,,
CPE:cpe:2.3:a:ruckuswireless:ruckus_unleashed:*:*:*:*:*:*:*:*,CPE,cpe:2.3:a:ruckuswireless:ruckus_unleashed:*:*:*:*:*:*:*:*,,,,,,,,
CPE:cpe:2.3:a:ruckuswireless:ruckus_zonedirector:*:*:*:*:*:*:*:*,CPE,cpe:2.3:a:ruckuswireless:ruckus_zonedirector:*:*:*:*:*:*:*:*,,,,,,,,
CPE:cpe:2.3:h:commscope:ruckus_c110:-:*:*:*:*:*:*:*,CPE,cpe:2.3:h:commscope:ruckus_c110:-:*:*:*:*:*:*:*,,,,,,,,
CPE:cpe:2.3:h:commscope:ruckus_e510:-:*:*:*:*:*:*:*,CPE,cpe:2.3:h:commscope:ruckus_e510:-:*:*:*:*:*:*:*,,,,,,,,
CPE:cpe:2.3:h:commscope:ruckus_h320:-:*:*:*:*:*:*:*,CPE,cpe:2.3:h:commscope:ruckus_h320:-:*:*:*:*:*:*:*,,,,,,,,
CPE:cpe:2.3:h:commscope:ruckus_h350:-:*:*:*:*:*:*:*,CPE,cpe:2.3:h:commscope:ruckus_h350:-:*:*:*:*:*:*:*,,,,,,,,
CPE:cpe:2.3:h:commscope:ruckus_h510:-:*:*:*:*:*:*:*,CPE,cpe:2.3:h:commscope:ruckus_h510:-:*:*:*:*:*:*:*,,,,,,,,
CPE:cpe:2.3:h:commscope:ruckus_h550:-:*:*:*:*:*:*:*,CPE,cpe:2.3:h:commscope:ruckus_h550:-:*:*:*:*:*:*:*,,,,,,,,
CPE:cpe:2.3:h:commscope:ruckus_m510-jp:-:*:*:*:*:*:*:*,CPE,cpe:2.3:h:commscope:ruckus_m510-jp:-:*:*:*:*:*:*:*,,,,,,,,
CPE:cpe:2.3:h:commscope:ruckus_m510:-:*:*:*:*:*:*:*,CPE,cpe:2.3:h:commscope:ruckus_m510:-:*:*:*:*:*:*:*,,,,,,,,
CPE:cpe:2.3:h:commscope:ruckus_r310:-:*:*:*:*:*:*:*,CPE,cpe:2.3:h:commscope:ruckus_r310:-:*:*:*:*:*:*:*,,,,,,,,
CPE:cpe:2.3:h:commscope:ruckus_r320:-:*:*:*:*:*:*:*,CPE,cpe:2.3:h:commscope:ruckus_r320:-:*:*:*:*:*:*:*,,,,,,,,
CPE:cpe:2.3:h:commscope:ruckus_r350:-:*:*:*:*:*:*:*,CPE,cpe:2.3:h:commscope:ruckus_r350:-:*:*:*:*:*:*:*,,,,,,,,
CPE:cpe:2.3:h:commscope:ruckus_r350e:-:*:*:*:*:*:*:*,CPE,cpe:2.3:h:commscope:ruckus_r350e:-:*:*:*:*:*:*:*,,,,,,,,
CPE:cpe:2.3:h:commscope:ruckus_r510:-:*:*:*:*:*:*:*,CPE,cpe:2.3:h:commscope:ruckus_r510:-:*:*:*:*:*:*:*,,,,,,,,
CPE:cpe:2.3:h:commscope:ruckus_r550:-:*:*:*:*:*:*:*,CPE,cpe:2.3:h:commscope:ruckus_r550:-:*:*:*:*:*:*:*,,,,,,,,
CPE:cpe:2.3:h:commscope:ruckus_r560:-:*:*:*:*:*:*:*,CPE,cpe:2.3:h:commscope:ruckus_r560:-:*:*:*:*:*:*:*,,,,,,,,
CPE:cpe:2.3:h:commscope:ruckus_r610:-:*:*:*:*:*:*:*,CPE,cpe:2.3:h:commscope:ruckus_r610:-:*:*:*:*:*:*:*,,,,,,,,
CPE:cpe:2.3:h:commscope:ruckus_r650:-:*:*:*:*:*:*:*,CPE,cpe:2.3:h:commscope:ruckus_r650:-:*:*:*:*:*:*:*,,,,,,,,
CPE:cpe:2.3:h:commscope:ruckus_r670:-:*:*:*:*:*:*:*,CPE,cpe:2.3:h:commscope:ruckus_r670:-:*:*:*:*:*:*:*,,,,,,,,
CPE:cpe:2.3:h:commscope:ruckus_r710:-:*:*:*:*:*:*:*,CPE,cpe:2.3:h:commscope:ruckus_r710:-:*:*:*:*:*:*:*,,,,,,,,
CPE:cpe:2.3:h:commscope:ruckus_r720:-:*:*:*:*:*:*:*,CPE,cpe:2.3:h:commscope:ruckus_r720:-:*:*:*:*:*:*:*,,,,,,,,
CPE:cpe:2.3:h:commscope:ruckus_r730:-:*:*:*:*:*:*:*,CPE,cpe:2.3:h:commscope:ruckus_r730:-:*:*:*:*:*:*:*,,,,,,,,
CPE:cpe:2.3:h:commscope:ruckus_r750:-:*:*:*:*:*:*:*,CPE,cpe:2.3:h:commscope:ruckus_r750:-:*:*:*:*:*:*:*,,,,,,,,
CPE:cpe:2.3:h:commscope:ruckus_r760:-:*:*:*:*:*:*:*,CPE,cpe:2.3:h:commscope:ruckus_r760:-:*:*:*:*:*:*:*,,,,,,,,
CPE:cpe:2.3:h:commscope:ruckus_r770:-:*:*:*:*:*:*:*,CPE,cpe:2.3:h:commscope:ruckus_r770:-:*:*:*:*:*:*:*,,,,,,,,
CPE:cpe:2.3:h:commscope:ruckus_r850:-:*:*:*:*:*:*:*,CPE,cpe:2.3:h:commscope:ruckus_r850:-:*:*:*:*:*:*:*,,,,,,,,
CPE:cpe:2.3:h:commscope:ruckus_t310c:-:*:*:*:*:*:*:*,CPE,cpe:2.3:h:commscope:ruckus_t310c:-:*:*:*:*:*:*:*,,,,,,,,
CPE:cpe:2.3:h:commscope:ruckus_t310n:-:*:*:*:*:*:*:*,CPE,cpe:2.3:h:commscope:ruckus_t310n:-:*:*:*:*:*:*:*,,,,,,,,
CPE:cpe:2.3:h:commscope:ruckus_t310s:-:*:*:*:*:*:*:*,CPE,cpe:2.3:h:commscope:ruckus_t310s:-:*:*:*:*:*:*:*,,,,,,,,
CPE:cpe:2.3:h:commscope:ruckus_t350c:-:*:*:*:*:*:*:*,CPE,cpe:2.3:h:commscope:ruckus_t350c:-:*:*:*:*:*:*:*,,,,,,,,
CPE:cpe:2.3:h:commscope:ruckus_t350d:-:*:*:*:*:*:*:*,CPE,cpe:2.3:h:commscope:ruckus_t350d:-:*:*:*:*:*:*:*,,,,,,,,
CPE:cpe:2.3:h:commscope:ruckus_t350se:-:*:*:*:*:*:*:*,CPE,cpe:2.3:h:commscope:ruckus_t350se:-:*:*:*:*:*:*:*,,,,,,,,
CPE:cpe:2.3:h:commscope:ruckus_t610:-:*:*:*:*:*:*:*,CPE,cpe:2.3:h:commscope:ruckus_t610:-:*:*:*:*:*:*:*,,,,,,,,
CPE:cpe:2.3:h:commscope:ruckus_t670:-:*:*:*:*:*:*:*,CPE,cpe:2.3:h:commscope:ruckus_t670:-:*:*:*:*:*:*:*,,,,,,,,
CPE:cpe:2.3:h:commscope:ruckus_t710:-:*:*:*:*:*:*:*,CPE,cpe:2.3:h:commscope:ruckus_t710:-:*:*:*:*:*:*:*,,,,,,,,
CPE:cpe:2.3:h:commscope:ruckus_t710s:-:*:*:*:*:*:*:*,CPE,cpe:2.3:h:commscope:ruckus_t710s:-:*:*:*:*:*:*:*,,,,,,,,
CPE:cpe:2.3:h:commscope:ruckus_t750:-:*:*:*:*:*:*:*,CPE,cpe:2.3:h:commscope:ruckus_t750:-:*:*:*:*:*:*:*,,,,,,,,
CPE:cpe:2.3:h:commscope:ruckus_t750se:-:*:*:*:*:*:*:*,CPE,cpe:2.3:h:commscope:ruckus_t750se:-:*:*:*:*:*:*:*,,,,,,,,
CPE:cpe:2.3:h:commscope:ruckus_t811-cm:-:*:*:*:*:*:*:*,CPE,cpe:2.3:h:commscope:ruckus_t811-cm:-:*:*:*:*:*:*:*,,,,,,,,
CPE:cpe:2.3:h:commscope:ruckus_t811-cm_\(non-sfp\):-:*:*:*:*:*:*:*,CPE,cpe:2.3:h:commscope:ruckus_t811-cm_\(non-sfp\):-:*:*:*:*:*:*:*,,,,,,,,
CPE:cpe:2.3:h:commscope:zonedirector_1200:-:*:*:*:*:*:*:*,CPE,cpe:2.3:h:commscope:zonedirector_1200:-:*:*:*:*:*:*:*,,,,,,,,
REF:CVE-2025-46121:0,Reference,https://sector7.computest.nl/post/2025-07-ruckus-unleashed/,,,,,,,,https://sector7.computest.nl/post/2025-07-ruckus-unleashed/
REF:CVE-2025-46121:1,Reference,https://support.ruckuswireless.com/security_bulletins/330,,,,,,,,https://support.ruckuswireless.com/security_bulletins/330
CVE:CVE-2025-54261,CVE,CVE-2025-54261,74287,0.048000,LOW,CRITICAL,False,2025-09-09T17:15:59.477000Z,,
CPE:cpe:2.3:a:adobe:coldfusion:2021:-:*:*:*:*:*:*,CPE,cpe:2.3:a:adobe:coldfusion:2021:-:*:*:*:*:*:*,,,,,,,,
CPE:cpe:2.3:a:adobe:coldfusion:2021:update10:*:*:*:*:*:*,CPE,cpe:2.3:a:adobe:coldfusion:2021:update10:*:*:*:*:*:*,,,,,,,,
CPE:cpe:2.3:a:adobe:coldfusion:2021:update11:*:*:*:*:*:*,CPE,cpe:2.3:a:adobe:coldfusion:2021:update11:*:*:*:*:*:*,,,,,,,,
CPE:cpe:2.3:a:adobe:coldfusion:2021:update12:*:*:*:*:*:*,CPE,cpe:2.3:a:adobe:coldfusion:2021:update12:*:*:*:*:*:*,,,,,,,,
CPE:cpe:2.3:a:adobe:coldfusion:2021:update13:*:*:*:*:*:*,CPE,cpe:2.3:a:adobe:coldfusion:2021:update13:*:*:*:*:*:*,,,,,,,,
CPE:cpe:2.3:a:adobe:coldfusion:2021:update14:*:*:*:*:*:*,CPE,cpe:2.3:a:adobe:coldfusion:2021:update14:*:*:*:*:*:*,,,,,,,,
CPE:cpe:2.3:a:adobe:coldfusion:2021:update15:*:*:*:*:*:*,CPE,cpe:2.3:a:adobe:coldfusion:2021:update15:*:*:*:*:*:*,,,,,,,,
CPE:cpe:2.3:a:adobe:coldfusion:2021:update16:*:*:*:*:*:*,CPE,cpe:2.3:a:adobe:coldfusion:2021:update16:*:*:*:*:*:*,,,,,,,,
CPE:cpe:2.3:a:adobe:coldfusion:2021:update17:*:*:*:*:*:*,CPE,cpe:2.3:a:adobe:coldfusion:2021:update17:*:*:*:*:*:*,,,,,,,,
CPE:cpe:2.3:a:adobe:coldfusion:2021:update18:*:*:*:*:*:*,CPE,cpe:2.3:a:adobe:coldfusion:2021:update18:*:*:*:*:*:*,,,,,,,,
CPE:cpe:2.3:a:adobe:coldfusion:2021:update19:*:*:*:*:*:*,CPE,cpe:2.3:a:adobe:coldfusion:2021:update19:*:*:*:*:*:*,,,,,,,,
CPE:cpe:2.3:a:adobe:coldfusion:2021:update1:*:*:*:*:*:*,CPE,cpe:2.3:a:adobe:coldfusion:2021:update1:*:*:*:*:*:*,,,,,,,,
CPE:cpe:2.3:a:adobe:coldfusion:2021:update20:*:*:*:*:*:*,CPE,cpe:2.3:a:adobe:coldfusion:2021:update20:*:*:*:*:*:*,,,,,,,,
CPE:cpe:2.3:a:adobe:coldfusion:2021:update21:*:*:*:*:*:*,CPE,cpe:2.3:a:adobe:coldfusion:2021:update21:*:*:*:*:*:*,,,,,,,,
CPE:cpe:2.3:a:adobe:coldfusion:2021:update2:*:*:*:*:*:*,CPE,cpe:2.3:a:adobe:coldfusion:2021:update2:*:*:*:*:*:*,,,,,,,,
CPE:cpe:2.3:a:adobe:coldfusion:2021:update3:*:*:*:*:*:*,CPE,cpe:2.3:a:adobe:coldfusion:2021:update3:*:*:*:*:*:*,,,,,,,,
CPE:cpe:2.3:a:adobe:coldfusion:2021:update4:*:*:*:*:*:*,CPE,cpe:2.3:a:adobe:coldfusion:2021:update4:*:*:*:*:*:*,,,,,,,,
CPE:cpe:2.3:a:adobe:coldfusion:2021:update5:*:*:*:*:*:*,CPE,cpe:2.3:a:adobe:coldfusion:2021:update5:*:*:*:*:*:*,,,,,,,,
CPE:cpe:2.3:a:adobe:coldfusion:2021:update6:*:*:*:*:*:*,CPE,cpe:2.3:a:adobe:coldfusion:2021:update6:*:*:*:*:*:*,,,,,,,,
CPE:cpe:2.3:a:adobe:coldfusion:2021:update7:*:*:*:*:*:*,CPE,cpe:2.3:a:adobe:coldfusion:2021:update7:*:*:*:*:*:*,,,,,,,,
CPE:cpe:2.3:a:adobe:coldfusion:2021:update8:*:*:*:*:*:*,CPE,cpe:2.3:a:adobe:coldfusion:2021:update8:*:*:*:*:*:*,,,,,,,,
CPE:cpe:2.3:a:adobe:coldfusion:2021:update9:*:*:*:*:*:*,CPE,cpe:2.3:a:adobe:coldfusion:2021:update9:*:*:*:*:*:*,,,,,,,,
CPE:cpe:2.3:a:adobe:coldfusion:2023:-:*:*:*:*:*:*,CPE,cpe:2.3:a:adobe:coldfusion:2023:-:*:*:*:*:*:*,,,,,,,,
CPE:cpe:2.3:a:adobe:coldfusion:2023:update10:*:*:*:*:*:*,CPE,cpe:2.3:a:adobe:coldfusion:2023:update10:*:*:*:*:*:*,,,,,,,,
CPE:cpe:2.3:a:adobe:coldfusion:2023:update11:*:*:*:*:*:*,CPE,cpe:2.3:a:adobe:coldfusion:2023:update11:*:*:*:*:*:*,,,,,,,,
CPE:cpe:2.3:a:adobe:coldfusion:2023:update12:*:*:*:*:*:*,CPE,cpe:2.3:a:adobe:coldfusion:2023:update12:*:*:*:*:*:*,,,,,,,,
CPE:cpe:2.3:a:adobe:coldfusion:2023:update13:*:*:*:*:*:*,CPE,cpe:2.3:a:adobe:coldfusion:2023:update13:*:*:*:*:*:*,,,,,,,,
CPE:cpe:2.3:a:adobe:coldfusion:2023:update14:*:*:*:*:*:*,CPE,cpe:2.3:a:adobe:coldfusion:2023:update14:*:*:*:*:*:*,,,,,,,,
CPE:cpe:2.3:a:adobe:coldfusion:2023:update15:*:*:*:*:*:*,CPE,cpe:2.3:a:adobe:coldfusion:2023:update15:*:*:*:*:*:*,,,,,,,,
CPE:cpe:2.3:a:adobe:coldfusion:2023:update1:*:*:*:*:*:*,CPE,cpe:2.3:a:adobe:coldfusion:2023:update1:*:*:*:*:*:*,,,,,,,,
CPE:cpe:2.3:a:adobe:coldfusion:2023:update2:*:*:*:*:*:*,CPE,cpe:2.3:a:adobe:coldfusion:2023:update2:*:*:*:*:*:*,,,,,,,,
CPE:cpe:2.3:a:adobe:coldfusion:2023:update3:*:*:*:*:*:*,CPE,cpe:2.3:a:adobe:coldfusion:2023:update3:*:*:*:*:*:*,,,,,,,,
CPE:cpe:2.3:a:adobe:coldfusion:2023:update4:*:*:*:*:*:*,CPE,cpe:2.3:a:adobe:coldfusion:2023:update4:*:*:*:*:*:*,,,,,,,,
CPE:cpe:2.3:a:adobe:coldfusion:2023:update5:*:*:*:*:*:*,CPE,cpe:2.3:a:adobe:coldfusion:2023:update5:*:*:*:*:*:*,,,,,,,,
CPE:cpe:2.3:a:adobe:coldfusion:2023:update6:*:*:*:*:*:*,CPE,cpe:2.3:a:adobe:coldfusion:2023:update6:*:*:*:*:*:*,,,,,,,,
CPE:cpe:2.3:a:adobe:coldfusion:2023:update7:*:*:*:*:*:*,CPE,cpe:2.3:a:adobe:coldfusion:2023:update7:*:*:*:*:*:*,,,,,,,,
CPE:cpe:2.3:a:adobe:coldfusion:2023:update8:*:*:*:*:*:*,CPE,cpe:2.3:a:adobe:coldfusion:2023:update8:*:*:*:*:*:*,,,,,,,,
CPE:cpe:2.3:a:adobe:coldfusion:2023:update9:*:*:*:*:*:*,CPE,cpe:2.3:a:adobe:coldfusion:2023:update9:*:*:*:*:*:*,,,,,,,,
CPE:cpe:2.3:a:adobe:coldfusion:2025:-:*:*:*:*:*:*,CPE,cpe:2.3:a:adobe:coldfusion:2025:-:*:*:*:*:*:*,,,,,,,,
CPE:cpe:2.3:a:adobe:coldfusion:2025:update1:*:*:*:*:*:*,CPE,cpe:2.3:a:adobe:coldfusion:2025:update1:*:*:*:*:*:*,,,,,,,,
CPE:cpe:2.3:a:adobe:coldfusion:2025:update2:*:*:*:*:*:*,CPE,cpe:2.3:a:adobe:coldfusion:2025:update2:*:*:*:*:*:*,,,,,,,,
CPE:cpe:2.3:a:adobe:coldfusion:2025:update3:*:*:*:*:*:*,CPE,cpe:2.3:a:adobe:coldfusion:2025:update3:*:*:*:*:*:*,,,,,,,,
REF:CVE-2025-54261:0,Reference,https://helpx.adobe.com/security/products/coldfusion/apsb25-93.html,,,,,,,,https://helpx.adobe.com/security/products/coldfusion/apsb25-93.html
CVE:CVE-2025-36386,CVE,CVE-2025-36386,81407,0.048000,LOW,CRITICAL,False,2025-10-28T16:15:38.107000Z,,
CPE:cpe:2.3:a:ibm:maximo_application_suite:*:*:*:*:*:*:*:*,CPE,cpe:2.3:a:ibm:maximo_application_suite:*:*:*:*:*:*:*:*,,,,,,,,
REF:CVE-2025-36386:0,Reference,https://www.ibm.com/support/pages/node/7249416,,,,,,,,https://www.ibm.com/support/pages/node/7249416
CVE:CVE-2025-64658,CVE,CVE-2025-64658,86692,0.048000,LOW,HIGH,False,2025-12-09T18:16:05.567000Z,,
REF:CVE-2025-64658:0,Reference,https://msrc.microsoft.com/update-guide/vulnerability/CVE-2025-64658,,,,,,,,https://msrc.microsoft.com/update-guide/vulnerability/CVE-2025-64658
CVE:CVE-2025-68460,CVE,CVE-2025-68460,88358,0.048000,LOW,HIGH,False,2025-12-18T05:15:52.737000Z,,
CWE:CWE-116,CWE,CWE-116,,,,,,,,
REF:CVE-2025-68460:0,Reference,https://github.com/roundcube/roundcubemail/commit/08de250fba731b634bed188bbe18d2f6ef3c7571,,,,,,,,https://github.com/roundcube/roundcubemail/commit/08de250fba731b634bed188bbe18d2f6ef3c7571
REF:CVE-2025-68460:1,Reference,https://roundcube.net/news/2025/12/13/security-updates-1.6.12-and-1.5.12,,,,,,,,https://roundcube.net/news/2025/12/13/security-updates-1.6.12-and-1.5.12
CVE:CVE-2026-28252,CVE,CVE-2026-28252,103053,0.048000,LOW,CRITICAL,False,2026-03-12T18:16:23.190000Z,,
CWE:CWE-327,CWE,CWE-327,,,,,,,,
CPE:cpe:2.3:a:trane:tracer_concierge:*:*:*:*:*:*:*:*,CPE,cpe:2.3:a:trane:tracer_concierge:*:*:*:*:*:*:*:*,,,,,,,,
CPE:cpe:2.3:h:trane:tracer_sc:*:*:*:*:*:*:*:*,CPE,cpe:2.3:h:trane:tracer_sc:*:*:*:*:*:*:*:*,,,,,,,,
CPE:cpe:2.3:h:trane:tracer_sc\+:*:*:*:*:*:*:*:*,CPE,cpe:2.3:h:trane:tracer_sc\+:*:*:*:*:*:*:*:*,,,,,,,,
CPE:cpe:2.3:o:trane:tracer_sc\+_firmware:*:*:*:*:*:*:*:*,CPE,cpe:2.3:o:trane:tracer_sc\+_firmware:*:*:*:*:*:*:*:*,,,,,,,,
CPE:cpe:2.3:o:trane:tracer_sc_firmware:*:*:*:*:*:*:*:*,CPE,cpe:2.3:o:trane:tracer_sc_firmware:*:*:*:*:*:*:*:*,,,,,,,,
CPE:cpe:2.3:o:trane:tracer_sc_firmware:4.4:service_pack1:*:*:*:*:*:*,CPE,cpe:2.3:o:trane:tracer_sc_firmware:4.4:service_pack1:*:*:*:*:*:*,,,,,,,,
CPE:cpe:2.3:o:trane:tracer_sc_firmware:4.4:service_pack2:*:*:*:*:*:*,CPE,cpe:2.3:o:trane:tracer_sc_firmware:4.4:service_pack2:*:*:*:*:*:*,,,,,,,,
CPE:cpe:2.3:o:trane:tracer_sc_firmware:4.4:service_pack3:*:*:*:*:*:*,CPE,cpe:2.3:o:trane:tracer_sc_firmware:4.4:service_pack3:*:*:*:*:*:*,,,,,,,,
CPE:cpe:2.3:o:trane:tracer_sc_firmware:4.4:service_pack4:*:*:*:*:*:*,CPE,cpe:2.3:o:trane:tracer_sc_firmware:4.4:service_pack4:*:*:*:*:*:*,,,,,,,,
CPE:cpe:2.3:o:trane:tracer_sc_firmware:4.4:service_pack5:*:*:*:*:*:*,CPE,cpe:2.3:o:trane:tracer_sc_firmware:4.4:service_pack5:*:*:*:*:*:*,,,,,,,,
CPE:cpe:2.3:o:trane:tracer_sc_firmware:4.4:service_pack6:*:*:*:*:*:*,CPE,cpe:2.3:o:trane:tracer_sc_firmware:4.4:service_pack6:*:*:*:*:*:*,,,,,,,,
REF:CVE-2026-28252:0,Reference,https://www.cisa.gov/news-events/ics-advisories/icsa-26-071-01,,,,,,,,https://www.cisa.gov/news-events/ics-advisories/icsa-26-071-01
CVE:CVE-2026-13019,CVE,CVE-2026-13019,129060,0.048000,LOW,CRITICAL,False,2026-07-07T17:16:35.400000Z,,
CWE:CWE-640,CWE,CWE-640,,,,,,,,
CPE:cpe:2.3:a:esri:portal_for_arcgis:*:*:*:*:*:*:*:*,CPE,cpe:2.3:a:esri:portal_for_arcgis:*:*:*:*:*:*:*:*,,,,,,,,
CPE:cpe:2.3:a:kubernetes:kubernetes:-:*:*:*:*:*:*:*,CPE,cpe:2.3:a:kubernetes:kubernetes:-:*:*:*:*:*:*:*,,,,,,,,
REF:CVE-2026-13019:0,Reference,https://www.esri.com/arcgis-blog/products/trust-arcgis/administration/june-2026-arcgis-security-bulletin,,,,,,,,https://www.esri.com/arcgis-blog/products/trust-arcgis/administration/june-2026-arcgis-security-bulletin
CVE:CVE-2026-73749,CVE,CVE-2026-73749,150819,0.048000,LOW,CRITICAL,False,2026-09-01T21:18:41.430000Z,,
CPE:cpe:2.3:o:hpe:arubaos-cx:10.18.0001:*:*:*:*:*:*:*,CPE,cpe:2.3:o:hpe:arubaos-cx:10.18.0001:*:*:*:*:*:*:*,,,,,,,,
REF:CVE-2026-73749:0,Reference,https://support.hpe.com/hpesc/public/docDisplay?docId=hpesbnw05134en_us&docLocale=en_US,,,,,,,,https://support.hpe.com/hpesc/public/docDisplay?docId=hpesbnw05134en_us&docLocale=en_US
CVE:CVE-2024-21354,CVE,CVE-2024-21354,3722,0.046000,LOW,HIGH,False,2024-02-13T18:15:51.853000Z,,
REF:CVE-2024-21354:0,Reference,https://msrc.microsoft.com/update-guide/vulnerability/CVE-2024-21354,,,,,,,,https://msrc.microsoft.com/update-guide/vulnerability/CVE-2024-21354
CVE:CVE-2024-21436,CVE,CVE-2024-21436,6565,0.046000,LOW,HIGH,False,2024-03-12T17:15:52.550000Z,,
REF:CVE-2024-21436:0,Reference,https://msrc.microsoft.com/update-guide/vulnerability/CVE-2024-21436,,,,,,,,https://msrc.microsoft.com/update-guide/vulnerability/CVE-2024-21436
CVE:CVE-2024-26182,CVE,CVE-2024-26182,6594,0.046000,LOW,HIGH,False,2024-03-12T17:15:57.550000Z,,
REF:CVE-2024-26182:0,Reference,https://msrc.microsoft.com/update-guide/vulnerability/CVE-2024-26182,,,,,,,,https://msrc.microsoft.com/update-guide/vulnerability/CVE-2024-26182
CVE:CVE-2024-22004,CVE,CVE-2024-22004,9607,0.046000,LOW,CRITICAL,False,2024-04-05T18:15:09.100000Z,,
CPE:cpe:2.3:h:google:nest_wifi_point:-:*:*:*:*:*:*:*,CPE,cpe:2.3:h:google:nest_wifi_point:-:*:*:*:*:*:*:*,,,,,,,,
CPE:cpe:2.3:h:google:nest_wifi_pro:-:*:*:*:*:*:*:*,CPE,cpe:2.3:h:google:nest_wifi_pro:-:*:*:*:*:*:*:*,,,,,,,,
CPE:cpe:2.3:h:google:nest_wifi_router:-:*:*:*:*:*:*:*,CPE,cpe:2.3:h:google:nest_wifi_router:-:*:*:*:*:*:*:*,,,,,,,,
CPE:cpe:2.3:o:google:nest_wifi_point_firmware:24r1:*:*:*:*:*:*:*,CPE,cpe:2.3:o:google:nest_wifi_point_firmware:24r1:*:*:*:*:*:*:*,,,,,,,,
CPE:cpe:2.3:o:google:nest_wifi_pro_firmware:24r1:*:*:*:*:*:*:*,CPE,cpe:2.3:o:google:nest_wifi_pro_firmware:24r1:*:*:*:*:*:*:*,,,,,,,,
CPE:cpe:2.3:o:google:nest_wifi_router_firmware:24r1:*:*:*:*:*:*:*,CPE,cpe:2.3:o:google:nest_wifi_router_firmware:24r1:*:*:*:*:*:*:*,,,,,,,,
REF:CVE-2024-22004:0,Reference,https://support.google.com/product-documentation/answer/14580222?hl=en&ref_topic=12974021&sjid=10751611047462550096-NA,,,,,,,,https://support.google.com/product-documentation/answer/14580222?hl=en&ref_topic=12974021&sjid=10751611047462550096-NA
CVE:CVE-2024-26158,CVE,CVE-2024-26158,9998,0.046000,LOW,HIGH,False,2024-04-09T17:15:35.477000Z,,
REF:CVE-2024-26158:0,Reference,https://msrc.microsoft.com/update-guide/vulnerability/CVE-2024-26158,,,,,,,,https://msrc.microsoft.com/update-guide/vulnerability/CVE-2024-26158
CVE:CVE-2024-5830,CVE,CVE-2024-5830,18963,0.046000,LOW,HIGH,False,2024-06-11T21:15:54.203000Z,,
REF:CVE-2024-5830:0,Reference,https://chromereleases.googleblog.com/2024/06/stable-channel-update-for-desktop.html,,,,,,,,https://chromereleases.googleblog.com/2024/06/stable-channel-update-for-desktop.html
REF:CVE-2024-5830:1,Reference,https://issues.chromium.org/issues/342456991,,,,,,,,https://issues.chromium.org/issues/342456991
REF:CVE-2024-5830:2,Reference,https://lists.fedoraproject.org/archives/list/package-announce@lists.fedoraproject.org/message/7VXA32LXMNK3DSK3JBRLTBPFUH7LTODU/,,,,,,,,https://lists.fedoraproject.org/archives/list/package-announce@lists.fedoraproject.org/message/7VXA32LXMNK3DSK3JBRLTBPFUH7LTODU/
REF:CVE-2024-5830:3,Reference,https://lists.fedoraproject.org/archives/list/package-announce@lists.fedoraproject.org/message/MPU7AB53QQVNTBPGRMJRY5SXJNYWW3FX/,,,,,,,,https://lists.fedoraproject.org/archives/list/package-announce@lists.fedoraproject.org/message/MPU7AB53QQVNTBPGRMJRY5SXJNYWW3FX/
CVE:CVE-2024-38076,CVE,CVE-2024-38076,21768,0.046000,LOW,CRITICAL,False,2024-07-09T17:15:42.090000Z,,
REF:CVE-2024-38076:0,Reference,https://msrc.microsoft.com/update-guide/vulnerability/CVE-2024-38076,,,,,,,,https://msrc.microsoft.com/update-guide/vulnerability/CVE-2024-38076
CVE:CVE-2024-5670,CVE,CVE-2024-5670,23519,0.046000,LOW,CRITICAL,False,2024-07-29T03:15:02.167000Z,,
CPE:cpe:2.3:o:softnext:sn_os:10.3:-:*:*:*:*:*:*,CPE,cpe:2.3:o:softnext:sn_os:10.3:-:*:*:*:*:*:*,,,,,,,,
CPE:cpe:2.3:o:softnext:sn_os:12.1:-:*:*:*:*:*:*,CPE,cpe:2.3:o:softnext:sn_os:12.1:-:*:*:*:*:*:*,,,,,,,,
CPE:cpe:2.3:o:softnext:sn_os:12.3:-:*:*:*:*:*:*,CPE,cpe:2.3:o:softnext:sn_os:12.3:-:*:*:*:*:*:*,,,,,,,,
REF:CVE-2024-5670:0,Reference,https://www.twcert.org.tw/en/cp-139-7959-09d0e-2.html,,,,,,,,https://www.twcert.org.tw/en/cp-139-7959-09d0e-2.html
REF:CVE-2024-5670:1,Reference,https://www.twcert.org.tw/tw/cp-132-7958-817f4-1.html,,,,,,,,https://www.twcert.org.tw/tw/cp-132-7958-817f4-1.html
CVE:CVE-2024-7746,CVE,CVE-2024-7746,25131,0.046000,LOW,CRITICAL,False,2024-08-13T16:15:09.573000Z,,
CWE:CWE-1392,CWE,CWE-1392,,,,,,,,
CPE:cpe:2.3:a:traccar:traccar:*:*:*:*:*:*:*:*,CPE,cpe:2.3:a:traccar:traccar:*:*:*:*:*:*:*:*,,,,,,,,
REF:CVE-2024-7746:0,Reference,https://asrg.io/security-advisories/cve-2024-7746/,,,,,,,,https://asrg.io/security-advisories/cve-2024-7746/
CVE:CVE-2024-38134,CVE,CVE-2024-38134,25192,0.046000,LOW,HIGH,False,2024-08-13T18:15:16.537000Z,,
REF:CVE-2024-38134:0,Reference,https://msrc.microsoft.com/update-guide/vulnerability/CVE-2024-38134,,,,,,,,https://msrc.microsoft.com/update-guide/vulnerability/CVE-2024-38134
CVE:CVE-2024-38239,CVE,CVE-2024-38239,27817,0.046000,LOW,HIGH,False,2024-09-10T17:15:27.733000Z,,
REF:CVE-2024-38239:0,Reference,https://msrc.microsoft.com/update-guide/vulnerability/CVE-2024-38239,,,,,,,,https://msrc.microsoft.com/update-guide/vulnerability/CVE-2024-38239
CVE:CVE-2024-43465,CVE,CVE-2024-43465,27845,0.046000,LOW,HIGH,False,2024-09-10T17:15:34.017000Z,,
CPE:cpe:2.3:a:microsoft:office:2019:*:*:*:*:-:x64:*,CPE,cpe:2.3:a:microsoft:office:2019:*:*:*:*:-:x64:*,,,,,,,,
CPE:cpe:2.3:a:microsoft:office:2019:*:*:*:*:-:x86:*,CPE,cpe:2.3:a:microsoft:office:2019:*:*:*:*:-:x86:*,,,,,,,,
CPE:cpe:2.3:a:microsoft:office_online_server:*:*:*:*:*:*:*:*,CPE,cpe:2.3:a:microsoft:office_online_server:*:*:*:*:*:*:*:*,,,,,,,,
REF:CVE-2024-43465:0,Reference,https://msrc.microsoft.com/update-guide/vulnerability/CVE-2024-43465,,,,,,,,https://msrc.microsoft.com/update-guide/vulnerability/CVE-2024-43465
CVE:CVE-2024-47088,CVE,CVE-2024-47088,28828,0.046000,LOW,CRITICAL,False,2024-09-19T07:15:02.507000Z,,
CWE:CWE-307,CWE,CWE-307,,,,,,,,
CPE:cpe:2.3:a:apexsoftcell:ld_dp_back_office:*:*:*:*:*:*:*:*,CPE,cpe:2.3:a:apexsoftcell:ld_dp_back_office:*:*:*:*:*:*:*:*,,,,,,,,
CPE:cpe:2.3:a:apexsoftcell:ld_geo:*:*:*:*:*:*:*:*,CPE,cpe:2.3:a:apexsoftcell:ld_geo:*:*:*:*:*:*:*:*,,,,,,,,
REF:CVE-2024-47088:0,Reference,https://www.cert-in.org.in/s2cMainServlet?pageid=PUBVLNOTES01&VLCODE=CIVN-2024-0296,,,,,,,,https://www.cert-in.org.in/s2cMainServlet?pageid=PUBVLNOTES01&VLCODE=CIVN-2024-0296
CVE:CVE-2024-43511,CVE,CVE-2024-43511,30342,0.046000,LOW,HIGH,False,2024-10-08T18:15:13.287000Z,,
REF:CVE-2024-43511:0,Reference,https://msrc.microsoft.com/update-guide/vulnerability/CVE-2024-43511,,,,,,,,https://msrc.microsoft.com/update-guide/vulnerability/CVE-2024-43511
CVE:CVE-2024-45274,CVE,CVE-2024-45274,30969,0.046000,LOW,CRITICAL,False,2024-10-15T11:15:12.247000Z,,
CPE:cpe:2.3:h:helmholz:rex_100:-:*:*:*:*:*:*:*,CPE,cpe:2.3:h:helmholz:rex_100:-:*:*:*:*:*:*:*,,,,,,,,
CPE:cpe:2.3:h:mbconnectline:mbnet.mini:-:*:*:*:*:*:*:*,CPE,cpe:2.3:h:mbconnectline:mbnet.mini:-:*:*:*:*:*:*:*,,,,,,,,
CPE:cpe:2.3:o:helmholz:rex_100_firmware:*:*:*:*:*:*:*:*,CPE,cpe:2.3:o:helmholz:rex_100_firmware:*:*:*:*:*:*:*:*,,,,,,,,
CPE:cpe:2.3:o:mbconnectline:mbnet.mini_firmware:*:*:*:*:*:*:*:*,CPE,cpe:2.3:o:mbconnectline:mbnet.mini_firmware:*:*:*:*:*:*:*:*,,,,,,,,
REF:CVE-2024-45274:0,Reference,http://seclists.org/fulldisclosure/2025/Jul/38,,,,,,,,http://seclists.org/fulldisclosure/2025/Jul/38
REF:CVE-2024-45274:1,Reference,https://cert.vde.com/en/advisories/VDE-2024-056,,,,,,,,https://cert.vde.com/en/advisories/VDE-2024-056
REF:CVE-2024-45274:2,Reference,https://cert.vde.com/en/advisories/VDE-2024-066,,,,,,,,https://cert.vde.com/en/advisories/VDE-2024-066
REF:CVE-2024-45274:3,Reference,https://www.syss.de/fileadmin/dokumente/Publikationen/Advisories/SYSS-2024-063.txt,,,,,,,,https://www.syss.de/fileadmin/dokumente/Publikationen/Advisories/SYSS-2024-063.txt
CVE:CVE-2024-43530,CVE,CVE-2024-43530,34633,0.046000,LOW,HIGH,False,2024-11-12T18:15:25.997000Z,,
REF:CVE-2024-43530:0,Reference,https://msrc.microsoft.com/update-guide/vulnerability/CVE-2024-43530,,,,,,,,https://msrc.microsoft.com/update-guide/vulnerability/CVE-2024-43530
CVE:CVE-2024-45610,CVE,CVE-2024-45610,35397,0.046000,LOW,MEDIUM,False,2024-11-15T21:15:09.370000Z,,
CPE:cpe:2.3:a:glpi-project:glpi:*:*:*:*:*:*:*:*,CPE,cpe:2.3:a:glpi-project:glpi:*:*:*:*:*:*:*:*,,,,,,,,
REF:CVE-2024-45610:0,Reference,https://github.com/glpi-project/glpi/security/advisories/GHSA-vvr8-chwj-9m4c,,,,,,,,https://github.com/glpi-project/glpi/security/advisories/GHSA-vvr8-chwj-9m4c
CVE:CVE-2018-11816,CVE,CVE-2018-11816,36923,0.046000,LOW,HIGH,False,2024-11-26T14:15:17.723000Z,,
CPE:cpe:2.3:h:qualcomm:9206_lte_modem:-:*:*:*:*:*:*:*,CPE,cpe:2.3:h:qualcomm:9206_lte_modem:-:*:*:*:*:*:*:*,,,,,,,,
CPE:cpe:2.3:h:qualcomm:apq8016:-:*:*:*:*:*:*:*,CPE,cpe:2.3:h:qualcomm:apq8016:-:*:*:*:*:*:*:*,,,,,,,,
CPE:cpe:2.3:h:qualcomm:apq8017:-:*:*:*:*:*:*:*,CPE,cpe:2.3:h:qualcomm:apq8017:-:*:*:*:*:*:*:*,,,,,,,,
CPE:cpe:2.3:h:qualcomm:apq8039:-:*:*:*:*:*:*:*,CPE,cpe:2.3:h:qualcomm:apq8039:-:*:*:*:*:*:*:*,,,,,,,,
CPE:cpe:2.3:h:qualcomm:apq8052:-:*:*:*:*:*:*:*,CPE,cpe:2.3:h:qualcomm:apq8052:-:*:*:*:*:*:*:*,,,,,,,,
CPE:cpe:2.3:h:qualcomm:apq8056:-:*:*:*:*:*:*:*,CPE,cpe:2.3:h:qualcomm:apq8056:-:*:*:*:*:*:*:*,,,,,,,,
CPE:cpe:2.3:h:qualcomm:apq8076:-:*:*:*:*:*:*:*,CPE,cpe:2.3:h:qualcomm:apq8076:-:*:*:*:*:*:*:*,,,,,,,,
CPE:cpe:2.3:h:qualcomm:ar6003:-:*:*:*:*:*:*:*,CPE,cpe:2.3:h:qualcomm:ar6003:-:*:*:*:*:*:*:*,,,,,,,,
CPE:cpe:2.3:h:qualcomm:sd670:-:*:*:*:*:*:*:*,CPE,cpe:2.3:h:qualcomm:sd670:-:*:*:*:*:*:*:*,,,,,,,,
CPE:cpe:2.3:h:qualcomm:sd820:-:*:*:*:*:*:*:*,CPE,cpe:2.3:h:qualcomm:sd820:-:*:*:*:*:*:*:*,,,,,,,,
CPE:cpe:2.3:h:qualcomm:sd821:-:*:*:*:*:*:*:*,CPE,cpe:2.3:h:qualcomm:sd821:-:*:*:*:*:*:*:*,,,,,,,,
CPE:cpe:2.3:h:qualcomm:sd835:-:*:*:*:*:*:*:*,CPE,cpe:2.3:h:qualcomm:sd835:-:*:*:*:*:*:*:*,,,,,,,,
CPE:cpe:2.3:o:qualcomm:9206_lte_modem_firmware:-:*:*:*:*:*:*:*,CPE,cpe:2.3:o:qualcomm:9206_lte_modem_firmware:-:*:*:*:*:*:*:*,,,,,,,,
CPE:cpe:2.3:o:qualcomm:apq8016_firmware:-:*:*:*:*:*:*:*,CPE,cpe:2.3:o:qualcomm:apq8016_firmware:-:*:*:*:*:*:*:*,,,,,,,,
CPE:cpe:2.3:o:qualcomm:apq8017_firmware:-:*:*:*:*:*:*:*,CPE,cpe:2.3:o:qualcomm:apq8017_firmware:-:*:*:*:*:*:*:*,,,,,,,,
CPE:cpe:2.3:o:qualcomm:apq8039_firmware:-:*:*:*:*:*:*:*,CPE,cpe:2.3:o:qualcomm:apq8039_firmware:-:*:*:*:*:*:*:*,,,,,,,,
CPE:cpe:2.3:o:qualcomm:apq8052_firmware:-:*:*:*:*:*:*:*,CPE,cpe:2.3:o:qualcomm:apq8052_firmware:-:*:*:*:*:*:*:*,,,,,,,,
CPE:cpe:2.3:o:qualcomm:apq8056_firmware:-:*:*:*:*:*:*:*,CPE,cpe:2.3:o:qualcomm:apq8056_firmware:-:*:*:*:*:*:*:*,,,,,,,,
CPE:cpe:2.3:o:qualcomm:apq8076_firmware:-:*:*:*:*:*:*:*,CPE,cpe:2.3:o:qualcomm:apq8076_firmware:-:*:*:*:*:*:*:*,,,,,,,,
CPE:cpe:2.3:o:qualcomm:ar6003_firmware:-:*:*:*:*:*:*:*,CPE,cpe:2.3:o:qualcomm:ar6003_firmware:-:*:*:*:*:*:*:*,,,,,,,,
CPE:cpe:2.3:o:qualcomm:sd670_firmware:-:*:*:*:*:*:*:*,CPE,cpe:2.3:o:qualcomm:sd670_firmware:-:*:*:*:*:*:*:*,,,,,,,,
CPE:cpe:2.3:o:qualcomm:sd820_firmware:-:*:*:*:*:*:*:*,CPE,cpe:2.3:o:qualcomm:sd820_firmware:-:*:*:*:*:*:*:*,,,,,,,,
CPE:cpe:2.3:o:qualcomm:sd821_firmware:-:*:*:*:*:*:*:*,CPE,cpe:2.3:o:qualcomm:sd821_firmware:-:*:*:*:*:*:*:*,,,,,,,,
CPE:cpe:2.3:o:qualcomm:sd835_firmware:-:*:*:*:*:*:*:*,CPE,cpe:2.3:o:qualcomm:sd835_firmware:-:*:*:*:*:*:*:*,,,,,,,,
REF:CVE-2018-11816:0,Reference,https://docs.qualcomm.com/product/publicresources/securitybulletin/may-2018-bulletin.html,,,,,,,,https://docs.qualcomm.com/product/publicresources/securitybulletin/may-2018-bulletin.html
CVE:CVE-2024-53676,CVE,CVE-2024-53676,36993,0.046000,LOW,CRITICAL,False,2024-11-27T01:15:05.250000Z,,
CWE:CWE-552,CWE,CWE-552,,,,,,,,
CPE:cpe:2.3:a:hpe:insight_remote_support:*:*:*:*:*:*:*:*,CPE,cpe:2.3:a:hpe:insight_remote_support:*:*:*:*:*:*:*:*,,,,,,,,
REF:CVE-2024-53676:0,Reference,https://github.com/pwnfuzz/POCs/tree/main/CVE-2024-53676,,,,,,,,https://github.com/pwnfuzz/POCs/tree/main/CVE-2024-53676
REF:CVE-2024-53676:1,Reference,https://support.hpe.com/hpesc/public/docDisplay?docLocale=en_US&docId=hpesbgn04731en_us,,,,,,,,https://support.hpe.com/hpesc/public/docDisplay?docLocale=en_US&docId=hpesbgn04731en_us
CVE:CVE-2025-1403,CVE,CVE-2025-1403,47419,0.046000,LOW,HIGH,False,2025-02-21T17:15:13.437000Z,,
CPE:cpe:2.3:a:ibm:qiskit:*:*:*:*:*:*:*:*,CPE,cpe:2.3:a:ibm:qiskit:*:*:*:*:*:*:*:*,,,,,,,,
REF:CVE-2025-1403:0,Reference,https://www.ibm.com/support/pages/node/7183868,,,,,,,,https://www.ibm.com/support/pages/node/7183868
CVE:CVE-2025-24073,CVE,CVE-2025-24073,54487,0.046000,LOW,HIGH,False,2025-04-08T18:15:46.543000Z,,
REF:CVE-2025-24073:0,Reference,https://msrc.microsoft.com/update-guide/vulnerability/CVE-2025-24073,,,,,,,,https://msrc.microsoft.com/update-guide/vulnerability/CVE-2025-24073
CVE:CVE-2025-49831,CVE,CVE-2025-49831,67374,0.046000,LOW,CRITICAL,False,2025-07-15T21:15:31.783000Z,,
CPE:cpe:2.3:a:cyberark:conjur:*:*:*:*:enterprise:*:*:*,CPE,cpe:2.3:a:cyberark:conjur:*:*:*:*:enterprise:*:*:*,,,,,,,,
CPE:cpe:2.3:a:cyberark:conjur:*:*:*:*:open_source:*:*:*,CPE,cpe:2.3:a:cyberark:conjur:*:*:*:*:open_source:*:*:*,,,,,,,,
CPE:cpe:2.3:a:cyberark:conjur:13.6:*:*:*:enterprise:*:*:*,CPE,cpe:2.3:a:cyberark:conjur:13.6:*:*:*:enterprise:*:*:*,,,,,,,,
REF:CVE-2025-49831:0,Reference,http://www.openwall.com/lists/oss-security/2025/07/16/7,,,,,,,,http://www.openwall.com/lists/oss-security/2025/07/16/7
REF:CVE-2025-49831:1,Reference,http://www.openwall.com/lists/oss-security/2025/08/08/1,,,,,,,,http://www.openwall.com/lists/oss-security/2025/08/08/1
REF:CVE-2025-49831:2,Reference,https://github.com/cyberark/conjur/releases/tag/v1.22.1,,,,,,,,https://github.com/cyberark/conjur/releases/tag/v1.22.1
REF:CVE-2025-49831:3,Reference,https://github.com/cyberark/conjur/security/advisories/GHSA-952q-mjrf-wp5j,,,,,,,,https://github.com/cyberark/conjur/security/advisories/GHSA-952q-mjrf-wp5j
CVE:CVE-2025-53693,CVE,CVE-2025-53693,73298,0.046000,LOW,CRITICAL,False,2025-09-03T13:15:49.570000Z,,
CPE:cpe:2.3:a:sitecore:experience_commerce:*:*:*:*:*:*:*:*,CPE,cpe:2.3:a:sitecore:experience_commerce:*:*:*:*:*:*:*:*,,,,,,,,
CPE:cpe:2.3:a:sitecore:experience_manager:*:*:*:*:*:*:*:*,CPE,cpe:2.3:a:sitecore:experience_manager:*:*:*:*:*:*:*:*,,,,,,,,
CPE:cpe:2.3:a:sitecore:experience_platform:*:*:*:*:*:*:*:*,CPE,cpe:2.3:a:sitecore:experience_platform:*:*:*:*:*:*:*:*,,,,,,,,
CPE:cpe:2.3:a:sitecore:experience_platform:10.4:-:*:*:*:*:*:*,CPE,cpe:2.3:a:sitecore:experience_platform:10.4:-:*:*:*:*:*:*,,,,,,,,
CPE:cpe:2.3:a:sitecore:managed_cloud:-:*:*:*:*:*:*:*,CPE,cpe:2.3:a:sitecore:managed_cloud:-:*:*:*:*:*:*:*,,,,,,,,
REF:CVE-2025-53693:0,Reference,https://labs.watchtowr.com/cache-me-if-you-can-sitecore-experience-platform-cache-poisoning-to-rce/,,,,,,,,https://labs.watchtowr.com/cache-me-if-you-can-sitecore-experience-platform-cache-poisoning-to-rce/
REF:CVE-2025-53693:1,Reference,https://support.sitecore.com/kb?id=kb_article_view&sysparm_article=KB1003667,,,,,,,,https://support.sitecore.com/kb?id=kb_article_view&sysparm_article=KB1003667
CVE:CVE-2025-10890,CVE,CVE-2025-10890,76831,0.046000,LOW,CRITICAL,False,2025-09-24T17:15:39.620000Z,,
CWE:CWE-1300,CWE,CWE-1300,,,,,,,,
CWE:CWE-203,CWE,CWE-203,,,,,,,,
REF:CVE-2025-10890:0,Reference,https://chromereleases.googleblog.com/2025/09/stable-channel-update-for-desktop_23.html,,,,,,,,https://chromereleases.googleblog.com/2025/09/stable-channel-update-for-desktop_23.html
REF:CVE-2025-10890:1,Reference,https://issues.chromium.org/issues/430336833,,,,,,,,https://issues.chromium.org/issues/430336833
CVE:CVE-2025-48983,CVE,CVE-2025-48983,81810,0.046000,LOW,CRITICAL,False,2025-10-31T00:15:36.553000Z,,
REF:CVE-2025-48983:0,Reference,https://www.veeam.com/kb4771,,,,,,,,https://www.veeam.com/kb4771
CVE:CVE-2025-59516,CVE,CVE-2025-59516,86634,0.046000,LOW,HIGH,False,2025-12-09T18:15:54.640000Z,,
REF:CVE-2025-59516:0,Reference,https://msrc.microsoft.com/update-guide/vulnerability/CVE-2025-59516,,,,,,,,https://msrc.microsoft.com/update-guide/vulnerability/CVE-2025-59516
CVE:CVE-2026-20823,CVE,CVE-2026-20823,92784,0.046000,LOW,MEDIUM,False,2026-01-13T18:16:09.650000Z,,
CWE:CWE-200,CWE,CWE-200,,,,,,,,
REF:CVE-2026-20823:0,Reference,https://msrc.microsoft.com/update-guide/vulnerability/CVE-2026-20823,,,,,,,,https://msrc.microsoft.com/update-guide/vulnerability/CVE-2026-20823
CVE:CVE-2026-20949,CVE,CVE-2026-20949,92860,0.046000,LOW,HIGH,False,2026-01-13T18:16:22.487000Z,,
CPE:cpe:2.3:a:microsoft:office_long_term_servicing_channel:2021:*:*:*:*:-:x64:*,CPE,cpe:2.3:a:microsoft:office_long_term_servicing_channel:2021:*:*:*:*:-:x64:*,,,,,,,,
CPE:cpe:2.3:a:microsoft:office_long_term_servicing_channel:2021:*:*:*:*:-:x86:*,CPE,cpe:2.3:a:microsoft:office_long_term_servicing_channel:2021:*:*:*:*:-:x86:*,,,,,,,,
CPE:cpe:2.3:a:microsoft:office_long_term_servicing_channel:2024:*:*:*:*:-:x64:*,CPE,cpe:2.3:a:microsoft:office_long_term_servicing_channel:2024:*:*:*:*:-:x64:*,,,,,,,,
CPE:cpe:2.3:a:microsoft:office_long_term_servicing_channel:2024:*:*:*:*:-:x86:*,CPE,cpe:2.3:a:microsoft:office_long_term_servicing_channel:2024:*:*:*:*:-:x86:*,,,,,,,,
REF:CVE-2026-20949:0,Reference,https://msrc.microsoft.com/update-guide/vulnerability/CVE-2026-20949,,,,,,,,https://msrc.microsoft.com/update-guide/vulnerability/CVE-2026-20949
CVE:CVE-2026-39337,CVE,CVE-2026-39337,108268,0.046000,LOW,CRITICAL,False,2026-04-07T18:16:45.630000Z,,
CPE:cpe:2.3:a:churchcrm:churchcrm:*:*:*:*:*:*:*:*,CPE,cpe:2.3:a:churchcrm:churchcrm:*:*:*:*:*:*:*:*,,,,,,,,
REF:CVE-2026-39337:0,Reference,https://github.com/ChurchCRM/CRM/security/advisories/GHSA-pm2v-ggh4-mp7p,,,,,,,,https://github.com/ChurchCRM/CRM/security/advisories/GHSA-pm2v-ggh4-mp7p
CVE:CVE-2026-65887,CVE,CVE-2026-65887,136680,0.046000,LOW,CRITICAL,False,2026-07-29T15:16:28.613000Z,,
CPE:cpe:2.3:a:balbooa:gridbox:*:*:*:*:*:joomla\!:*:*,CPE,cpe:2.3:a:balbooa:gridbox:*:*:*:*:*:joomla\!:*:*,,,,,,,,
REF:CVE-2026-65887:0,Reference,https://mysites.guru/blog/gridbox-23-critical-vulnerabilities/,,,,,,,,https://mysites.guru/blog/gridbox-23-critical-vulnerabilities/
REF:CVE-2026-65887:1,Reference,https://www.balbooa.com/gridbox,,,,,,,,https://www.balbooa.com/gridbox
CVE:CVE-2026-48323,CVE,CVE-2026-48323,138207,0.046000,LOW,CRITICAL,False,2026-08-03T23:16:46.063000Z,,
CPE:cpe:2.3:a:adobe:campaign:*:*:*:*:classic:*:*:*,CPE,cpe:2.3:a:adobe:campaign:*:*:*:*:classic:*:*:*,,,,,,,,
CPE:cpe:2.3:a:adobe:campaign:7.4.3:9394:*:*:classic:*:*:*,CPE,cpe:2.3:a:adobe:campaign:7.4.3:9394:*:*:classic:*:*:*,,,,,,,,
CPE:cpe:2.3:a:adobe:campaign:7.4.3:9396:*:*:classic:*:*:*,CPE,cpe:2.3:a:adobe:campaign:7.4.3:9396:*:*:classic:*:*:*,,,,,,,,
CPE:cpe:2.3:a:adobe:campaign:7.4.3:9397:*:*:classic:*:*:*,CPE,cpe:2.3:a:adobe:campaign:7.4.3:9397:*:*:classic:*:*:*,,,,,,,,
CPE:cpe:2.3:a:adobe:campaign:7.4.3:9398:*:*:classic:*:*:*,CPE,cpe:2.3:a:adobe:campaign:7.4.3:9398:*:*:classic:*:*:*,,,,,,,,
REF:CVE-2026-48323:0,Reference,https://helpx.adobe.com/security/products/campaign/apsb26-120.html,,,,,,,,https://helpx.adobe.com/security/products/campaign/apsb26-120.html
CVE:CVE-2024-27298,CVE,CVE-2024-27298,5638,0.044000,LOW,CRITICAL,False,2024-03-01T18:15:28.913000Z,,
CPE:cpe:2.3:a:parseplatform:parse-server:6.5.0:alpha1:*:*:*:node.js:*:*,CPE,cpe:2.3:a:parseplatform:parse-server:6.5.0:alpha1:*:*:*:node.js:*:*,,,,,,,,
CPE:cpe:2.3:a:parseplatform:parse-server:6.5.0:alpha2:*:*:*:node.js:*:*,CPE,cpe:2.3:a:parseplatform:parse-server:6.5.0:alpha2:*:*:*:node.js:*:*,,,,,,,,
CPE:cpe:2.3:a:parseplatform:parse-server:6.5.0:beta1:*:*:*:node.js:*:*,CPE,cpe:2.3:a:parseplatform:parse-server:6.5.0:beta1:*:*:*:node.js:*:*,,,,,,,,
CPE:cpe:2.3:a:parseplatform:parse-server:7.0.0:alpha10:*:*:*:node.js:*:*,CPE,cpe:2.3:a:parseplatform:parse-server:7.0.0:alpha10:*:*:*:node.js:*:*,,,,,,,,
CPE:cpe:2.3:a:parseplatform:parse-server:7.0.0:alpha11:*:*:*:node.js:*:*,CPE,cpe:2.3:a:parseplatform:parse-server:7.0.0:alpha11:*:*:*:node.js:*:*,,,,,,,,
CPE:cpe:2.3:a:parseplatform:parse-server:7.0.0:alpha12:*:*:*:node.js:*:*,CPE,cpe:2.3:a:parseplatform:parse-server:7.0.0:alpha12:*:*:*:node.js:*:*,,,,,,,,
CPE:cpe:2.3:a:parseplatform:parse-server:7.0.0:alpha13:*:*:*:node.js:*:*,CPE,cpe:2.3:a:parseplatform:parse-server:7.0.0:alpha13:*:*:*:node.js:*:*,,,,,,,,
CPE:cpe:2.3:a:parseplatform:parse-server:7.0.0:alpha14:*:*:*:node.js:*:*,CPE,cpe:2.3:a:parseplatform:parse-server:7.0.0:alpha14:*:*:*:node.js:*:*,,,,,,,,
CPE:cpe:2.3:a:parseplatform:parse-server:7.0.0:alpha15:*:*:*:node.js:*:*,CPE,cpe:2.3:a:parseplatform:parse-server:7.0.0:alpha15:*:*:*:node.js:*:*,,,,,,,,
CPE:cpe:2.3:a:parseplatform:parse-server:7.0.0:alpha16:*:*:*:node.js:*:*,CPE,cpe:2.3:a:parseplatform:parse-server:7.0.0:alpha16:*:*:*:node.js:*:*,,,,,,,,
CPE:cpe:2.3:a:parseplatform:parse-server:7.0.0:alpha17:*:*:*:node.js:*:*,CPE,cpe:2.3:a:parseplatform:parse-server:7.0.0:alpha17:*:*:*:node.js:*:*,,,,,,,,
CPE:cpe:2.3:a:parseplatform:parse-server:7.0.0:alpha18:*:*:*:node.js:*:*,CPE,cpe:2.3:a:parseplatform:parse-server:7.0.0:alpha18:*:*:*:node.js:*:*,,,,,,,,
CPE:cpe:2.3:a:parseplatform:parse-server:7.0.0:alpha19:*:*:*:node.js:*:*,CPE,cpe:2.3:a:parseplatform:parse-server:7.0.0:alpha19:*:*:*:node.js:*:*,,,,,,,,
CPE:cpe:2.3:a:parseplatform:parse-server:7.0.0:alpha1:*:*:*:node.js:*:*,CPE,cpe:2.3:a:parseplatform:parse-server:7.0.0:alpha1:*:*:*:node.js:*:*,,,,,,,,
CPE:cpe:2.3:a:parseplatform:parse-server:7.0.0:alpha2:*:*:*:node.js:*:*,CPE,cpe:2.3:a:parseplatform:parse-server:7.0.0:alpha2:*:*:*:node.js:*:*,,,,,,,,
CPE:cpe:2.3:a:parseplatform:parse-server:7.0.0:alpha3:*:*:*:node.js:*:*,CPE,cpe:2.3:a:parseplatform:parse-server:7.0.0:alpha3:*:*:*:node.js:*:*,,,,,,,,
CPE:cpe:2.3:a:parseplatform:parse-server:7.0.0:alpha4:*:*:*:node.js:*:*,CPE,cpe:2.3:a:parseplatform:parse-server:7.0.0:alpha4:*:*:*:node.js:*:*,,,,,,,,
CPE:cpe:2.3:a:parseplatform:parse-server:7.0.0:alpha5:*:*:*:node.js:*:*,CPE,cpe:2.3:a:parseplatform:parse-server:7.0.0:alpha5:*:*:*:node.js:*:*,,,,,,,,
CPE:cpe:2.3:a:parseplatform:parse-server:7.0.0:alpha6:*:*:*:node.js:*:*,CPE,cpe:2.3:a:parseplatform:parse-server:7.0.0:alpha6:*:*:*:node.js:*:*,,,,,,,,
CPE:cpe:2.3:a:parseplatform:parse-server:7.0.0:alpha7:*:*:*:node.js:*:*,CPE,cpe:2.3:a:parseplatform:parse-server:7.0.0:alpha7:*:*:*:node.js:*:*,,,,,,,,
CPE:cpe:2.3:a:parseplatform:parse-server:7.0.0:alpha8:*:*:*:node.js:*:*,CPE,cpe:2.3:a:parseplatform:parse-server:7.0.0:alpha8:*:*:*:node.js:*:*,,,,,,,,
CPE:cpe:2.3:a:parseplatform:parse-server:7.0.0:alpha9:*:*:*:node.js:*:*,CPE,cpe:2.3:a:parseplatform:parse-server:7.0.0:alpha9:*:*:*:node.js:*:*,,,,,,,,
REF:CVE-2024-27298:0,Reference,https://github.com/parse-community/parse-server/commit/a6e654943536932904a69b51e513507fcf90a504,,,,,,,,https://github.com/parse-community/parse-server/commit/a6e654943536932904a69b51e513507fcf90a504
REF:CVE-2024-27298:1,Reference,https://github.com/parse-community/parse-server/commit/cbefe770a7260b54748a058b8a7389937dc35833,,,,,,,,https://github.com/parse-community/parse-server/commit/cbefe770a7260b54748a058b8a7389937dc35833
REF:CVE-2024-27298:2,Reference,https://github.com/parse-community/parse-server/releases/tag/6.5.0,,,,,,,,https://github.com/parse-community/parse-server/releases/tag/6.5.0
REF:CVE-2024-27298:3,Reference,https://github.com/parse-community/parse-server/releases/tag/7.0.0-alpha.20,,,,,,,,https://github.com/parse-community/parse-server/releases/tag/7.0.0-alpha.20
REF:CVE-2024-27298:4,Reference,https://github.com/parse-community/parse-server/security/advisories/GHSA-6927-3vr9-fxf2,,,,,,,,https://github.com/parse-community/parse-server/security/advisories/GHSA-6927-3vr9-fxf2
CVE:CVE-2024-22254,CVE,CVE-2024-22254,5974,0.044000,LOW,HIGH,False,2024-03-05T18:15:48.100000Z,,
CPE:cpe:2.3:o:vmware:esxi:7.0.0:b:*:*:*:*:*:*,CPE,cpe:2.3:o:vmware:esxi:7.0.0:b:*:*:*:*:*:*,,,,,,,,
CPE:cpe:2.3:o:vmware:esxi:7.0:-:*:*:*:*:*:*,CPE,cpe:2.3:o:vmware:esxi:7.0:-:*:*:*:*:*:*,,,,,,,,
CPE:cpe:2.3:o:vmware:esxi:7.0:update_1:*:*:*:*:*:*,CPE,cpe:2.3:o:vmware:esxi:7.0:update_1:*:*:*:*:*:*,,,,,,,,
CPE:cpe:2.3:o:vmware:esxi:7.0:update_1a:*:*:*:*:*:*,CPE,cpe:2.3:o:vmware:esxi:7.0:update_1a:*:*:*:*:*:*,,,,,,,,
CPE:cpe:2.3:o:vmware:esxi:7.0:update_1b:*:*:*:*:*:*,CPE,cpe:2.3:o:vmware:esxi:7.0:update_1b:*:*:*:*:*:*,,,,,,,,
CPE:cpe:2.3:o:vmware:esxi:7.0:update_1c:*:*:*:*:*:*,CPE,cpe:2.3:o:vmware:esxi:7.0:update_1c:*:*:*:*:*:*,,,,,,,,
CPE:cpe:2.3:o:vmware:esxi:7.0:update_1d:*:*:*:*:*:*,CPE,cpe:2.3:o:vmware:esxi:7.0:update_1d:*:*:*:*:*:*,,,,,,,,
CPE:cpe:2.3:o:vmware:esxi:7.0:update_1e:*:*:*:*:*:*,CPE,cpe:2.3:o:vmware:esxi:7.0:update_1e:*:*:*:*:*:*,,,,,,,,
CPE:cpe:2.3:o:vmware:esxi:7.0:update_2:*:*:*:*:*:*,CPE,cpe:2.3:o:vmware:esxi:7.0:update_2:*:*:*:*:*:*,,,,,,,,
CPE:cpe:2.3:o:vmware:esxi:7.0:update_2a:*:*:*:*:*:*,CPE,cpe:2.3:o:vmware:esxi:7.0:update_2a:*:*:*:*:*:*,,,,,,,,
CPE:cpe:2.3:o:vmware:esxi:7.0:update_2c:*:*:*:*:*:*,CPE,cpe:2.3:o:vmware:esxi:7.0:update_2c:*:*:*:*:*:*,,,,,,,,
CPE:cpe:2.3:o:vmware:esxi:7.0:update_2d:*:*:*:*:*:*,CPE,cpe:2.3:o:vmware:esxi:7.0:update_2d:*:*:*:*:*:*,,,,,,,,
CPE:cpe:2.3:o:vmware:esxi:7.0:update_2e:*:*:*:*:*:*,CPE,cpe:2.3:o:vmware:esxi:7.0:update_2e:*:*:*:*:*:*,,,,,,,,
CPE:cpe:2.3:o:vmware:esxi:7.0:update_3:*:*:*:*:*:*,CPE,cpe:2.3:o:vmware:esxi:7.0:update_3:*:*:*:*:*:*,,,,,,,,
CPE:cpe:2.3:o:vmware:esxi:7.0:update_3c:*:*:*:*:*:*,CPE,cpe:2.3:o:vmware:esxi:7.0:update_3c:*:*:*:*:*:*,,,,,,,,
CPE:cpe:2.3:o:vmware:esxi:7.0:update_3d:*:*:*:*:*:*,CPE,cpe:2.3:o:vmware:esxi:7.0:update_3d:*:*:*:*:*:*,,,,,,,,
CPE:cpe:2.3:o:vmware:esxi:7.0:update_3e:*:*:*:*:*:*,CPE,cpe:2.3:o:vmware:esxi:7.0:update_3e:*:*:*:*:*:*,,,,,,,,
CPE:cpe:2.3:o:vmware:esxi:7.0:update_3f:*:*:*:*:*:*,CPE,cpe:2.3:o:vmware:esxi:7.0:update_3f:*:*:*:*:*:*,,,,,,,,
CPE:cpe:2.3:o:vmware:esxi:7.0:update_3g:*:*:*:*:*:*,CPE,cpe:2.3:o:vmware:esxi:7.0:update_3g:*:*:*:*:*:*,,,,,,,,
CPE:cpe:2.3:o:vmware:esxi:7.0:update_3i:*:*:*:*:*:*,CPE,cpe:2.3:o:vmware:esxi:7.0:update_3i:*:*:*:*:*:*,,,,,,,,
CPE:cpe:2.3:o:vmware:esxi:7.0:update_3j:*:*:*:*:*:*,CPE,cpe:2.3:o:vmware:esxi:7.0:update_3j:*:*:*:*:*:*,,,,,,,,
CPE:cpe:2.3:o:vmware:esxi:7.0:update_3k:*:*:*:*:*:*,CPE,cpe:2.3:o:vmware:esxi:7.0:update_3k:*:*:*:*:*:*,,,,,,,,
CPE:cpe:2.3:o:vmware:esxi:7.0:update_3l:*:*:*:*:*:*,CPE,cpe:2.3:o:vmware:esxi:7.0:update_3l:*:*:*:*:*:*,,,,,,,,
CPE:cpe:2.3:o:vmware:esxi:7.0:update_3m:*:*:*:*:*:*,CPE,cpe:2.3:o:vmware:esxi:7.0:update_3m:*:*:*:*:*:*,,,,,,,,
CPE:cpe:2.3:o:vmware:esxi:7.0:update_3n:*:*:*:*:*:*,CPE,cpe:2.3:o:vmware:esxi:7.0:update_3n:*:*:*:*:*:*,,,,,,,,
CPE:cpe:2.3:o:vmware:esxi:7.0:update_3o:*:*:*:*:*:*,CPE,cpe:2.3:o:vmware:esxi:7.0:update_3o:*:*:*:*:*:*,,,,,,,,
CPE:cpe:2.3:o:vmware:esxi:8.0:-:*:*:*:*:*:*,CPE,cpe:2.3:o:vmware:esxi:8.0:-:*:*:*:*:*:*,,,,,,,,
CPE:cpe:2.3:o:vmware:esxi:8.0:a:*:*:*:*:*:*,CPE,cpe:2.3:o:vmware:esxi:8.0:a:*:*:*:*:*:*,,,,,,,,
CPE:cpe:2.3:o:vmware:esxi:8.0:b:*:*:*:*:*:*,CPE,cpe:2.3:o:vmware:esxi:8.0:b:*:*:*:*:*:*,,,,,,,,
CPE:cpe:2.3:o:vmware:esxi:8.0:c:*:*:*:*:*:*,CPE,cpe:2.3:o:vmware:esxi:8.0:c:*:*:*:*:*:*,,,,,,,,
CPE:cpe:2.3:o:vmware:esxi:8.0:update_1:*:*:*:*:*:*,CPE,cpe:2.3:o:vmware:esxi:8.0:update_1:*:*:*:*:*:*,,,,,,,,
CPE:cpe:2.3:o:vmware:esxi:8.0:update_1a:*:*:*:*:*:*,CPE,cpe:2.3:o:vmware:esxi:8.0:update_1a:*:*:*:*:*:*,,,,,,,,
CPE:cpe:2.3:o:vmware:esxi:8.0:update_1c:*:*:*:*:*:*,CPE,cpe:2.3:o:vmware:esxi:8.0:update_1c:*:*:*:*:*:*,,,,,,,,
CPE:cpe:2.3:o:vmware:esxi:8.0:update_2:*:*:*:*:*:*,CPE,cpe:2.3:o:vmware:esxi:8.0:update_2:*:*:*:*:*:*,,,,,,,,
REF:CVE-2024-22254:0,Reference,https://www.vmware.com/security/advisories/VMSA-2024-0006.html,,,,,,,,https://www.vmware.com/security/advisories/VMSA-2024-0006.html
CVE:CVE-2024-21899,CVE,CVE-2024-21899,6306,0.044000,LOW,CRITICAL,False,2024-03-08T17:15:22.587000Z,,
CPE:cpe:2.3:o:qnap:qts:*:*:*:*:*:*:*:*,CPE,cpe:2.3:o:qnap:qts:*:*:*:*:*:*:*:*,,,,,,,,
CPE:cpe:2.3:o:qnap:qts:4.5.4.2627:-:*:*:*:*:*:*,CPE,cpe:2.3:o:qnap:qts:4.5.4.2627:-:*:*:*:*:*:*,,,,,,,,
CPE:cpe:2.3:o:qnap:qts:5.1.3.2578:-:*:*:*:*:*:*,CPE,cpe:2.3:o:qnap:qts:5.1.3.2578:-:*:*:*:*:*:*,,,,,,,,
CPE:cpe:2.3:o:qnap:quts_hero:*:*:*:*:*:*:*:*,CPE,cpe:2.3:o:qnap:quts_hero:*:*:*:*:*:*:*:*,,,,,,,,
CPE:cpe:2.3:o:qnap:quts_hero:h4.5.4.2626:-:*:*:*:*:*:*,CPE,cpe:2.3:o:qnap:quts_hero:h4.5.4.2626:-:*:*:*:*:*:*,,,,,,,,
CPE:cpe:2.3:o:qnap:quts_hero:h5.1.3.2578:-:*:*:*:*:*:*,CPE,cpe:2.3:o:qnap:quts_hero:h5.1.3.2578:-:*:*:*:*:*:*,,,,,,,,
CPE:cpe:2.3:o:qnap:qutscloud:*:*:*:*:*:*:*:*,CPE,cpe:2.3:o:qnap:qutscloud:*:*:*:*:*:*:*:*,,,,,,,,
REF:CVE-2024-21899:0,Reference,https://www.qnap.com/en/security-advisory/qsa-24-09,,,,,,,,https://www.qnap.com/en/security-advisory/qsa-24-09
CVE:CVE-2024-26230,CVE,CVE-2024-26230,10035,0.044000,LOW,HIGH,False,2024-04-09T17:15:43.027000Z,,
REF:CVE-2024-26230:0,Reference,https://msrc.microsoft.com/update-guide/vulnerability/CVE-2024-26230,,,,,,,,https://msrc.microsoft.com/update-guide/vulnerability/CVE-2024-26230
CVE:CVE-2024-22187,CVE,CVE-2024-22187,17332,0.044000,LOW,CRITICAL,False,2024-05-28T16:15:12.330000Z,,
CPE:cpe:2.3:h:automationdirect:p1-540:-:*:*:*:*:*:*:*,CPE,cpe:2.3:h:automationdirect:p1-540:-:*:*:*:*:*:*:*,,,,,,,,
CPE:cpe:2.3:h:automationdirect:p1-550:-:*:*:*:*:*:*:*,CPE,cpe:2.3:h:automationdirect:p1-550:-:*:*:*:*:*:*:*,,,,,,,,
CPE:cpe:2.3:h:automationdirect:p2-550:-:*:*:*:*:*:*:*,CPE,cpe:2.3:h:automationdirect:p2-550:-:*:*:*:*:*:*:*,,,,,,,,
CPE:cpe:2.3:h:automationdirect:p3-530:-:*:*:*:*:*:*:*,CPE,cpe:2.3:h:automationdirect:p3-530:-:*:*:*:*:*:*:*,,,,,,,,
CPE:cpe:2.3:h:automationdirect:p3-550:-:*:*:*:*:*:*:*,CPE,cpe:2.3:h:automationdirect:p3-550:-:*:*:*:*:*:*:*,,,,,,,,
CPE:cpe:2.3:h:automationdirect:p3-550e:-:*:*:*:*:*:*:*,CPE,cpe:2.3:h:automationdirect:p3-550e:-:*:*:*:*:*:*:*,,,,,,,,
CPE:cpe:2.3:o:automationdirect:p1-540_firmware:1.2.10.10:*:*:*:*:*:*:*,CPE,cpe:2.3:o:automationdirect:p1-540_firmware:1.2.10.10:*:*:*:*:*:*:*,,,,,,,,
CPE:cpe:2.3:o:automationdirect:p1-540_firmware:4.1.1.10:*:*:*:*:*:*:*,CPE,cpe:2.3:o:automationdirect:p1-540_firmware:4.1.1.10:*:*:*:*:*:*:*,,,,,,,,
CPE:cpe:2.3:o:automationdirect:p1-550_firmware:1.2.10.10:*:*:*:*:*:*:*,CPE,cpe:2.3:o:automationdirect:p1-550_firmware:1.2.10.10:*:*:*:*:*:*:*,,,,,,,,
CPE:cpe:2.3:o:automationdirect:p1-550_firmware:4.1.1.10:*:*:*:*:*:*:*,CPE,cpe:2.3:o:automationdirect:p1-550_firmware:4.1.1.10:*:*:*:*:*:*:*,,,,,,,,
CPE:cpe:2.3:o:automationdirect:p2-550_firmware:1.2.10.10:*:*:*:*:*:*:*,CPE,cpe:2.3:o:automationdirect:p2-550_firmware:1.2.10.10:*:*:*:*:*:*:*,,,,,,,,
CPE:cpe:2.3:o:automationdirect:p2-550_firmware:4.1.1.10:*:*:*:*:*:*:*,CPE,cpe:2.3:o:automationdirect:p2-550_firmware:4.1.1.10:*:*:*:*:*:*:*,,,,,,,,
CPE:cpe:2.3:o:automationdirect:p3-530_firmware:1.2.10.9:*:*:*:*:*:*:*,CPE,cpe:2.3:o:automationdirect:p3-530_firmware:1.2.10.9:*:*:*:*:*:*:*,,,,,,,,
CPE:cpe:2.3:o:automationdirect:p3-530_firmware:4.1.1.10:*:*:*:*:*:*:*,CPE,cpe:2.3:o:automationdirect:p3-530_firmware:4.1.1.10:*:*:*:*:*:*:*,,,,,,,,
CPE:cpe:2.3:o:automationdirect:p3-550_firmware:1.2.10.9:*:*:*:*:*:*:*,CPE,cpe:2.3:o:automationdirect:p3-550_firmware:1.2.10.9:*:*:*:*:*:*:*,,,,,,,,
CPE:cpe:2.3:o:automationdirect:p3-550_firmware:4.1.1.10:*:*:*:*:*:*:*,CPE,cpe:2.3:o:automationdirect:p3-550_firmware:4.1.1.10:*:*:*:*:*:*:*,,,,,,,,
CPE:cpe:2.3:o:automationdirect:p3-550e_firmware:1.2.10.9:*:*:*:*:*:*:*,CPE,cpe:2.3:o:automationdirect:p3-550e_firmware:1.2.10.9:*:*:*:*:*:*:*,,,,,,,,
CPE:cpe:2.3:o:automationdirect:p3-550e_firmware:4.1.1.10:*:*:*:*:*:*:*,CPE,cpe:2.3:o:automationdirect:p3-550e_firmware:4.1.1.10:*:*:*:*:*:*:*,,,,,,,,
REF:CVE-2024-22187:0,Reference,https://community.automationdirect.com/s/internal-database-security-advisory/a4GPE0000003yXV2AY/sa00036,,,,,,,,https://community.automationdirect.com/s/internal-database-security-advisory/a4GPE0000003yXV2AY/sa00036
REF:CVE-2024-22187:1,Reference,https://talosintelligence.com/vulnerability_reports/TALOS-2024-1940,,,,,,,,https://talosintelligence.com/vulnerability_reports/TALOS-2024-1940
REF:CVE-2024-22187:2,Reference,https://www.talosintelligence.com/vulnerability_reports/TALOS-2024-1940,,,,,,,,https://www.talosintelligence.com/vulnerability_reports/TALOS-2024-1940
CVE:CVE-2024-38234,CVE,CVE-2024-38234,27812,0.044000,LOW,MEDIUM,False,2024-09-10T17:15:26.700000Z,,
REF:CVE-2024-38234:0,Reference,https://msrc.microsoft.com/update-guide/vulnerability/CVE-2024-38234,,,,,,,,https://msrc.microsoft.com/update-guide/vulnerability/CVE-2024-38234
CVE:CVE-2024-38249,CVE,CVE-2024-38249,27827,0.044000,LOW,HIGH,False,2024-09-10T17:15:30.007000Z,,
REF:CVE-2024-38249:0,Reference,https://msrc.microsoft.com/update-guide/vulnerability/CVE-2024-38249,,,,,,,,https://msrc.microsoft.com/update-guide/vulnerability/CVE-2024-38249
CVE:CVE-2024-43495,CVE,CVE-2024-43495,27858,0.044000,LOW,HIGH,False,2024-09-10T17:15:36.837000Z,,
REF:CVE-2024-43495:0,Reference,https://msrc.microsoft.com/update-guide/vulnerability/CVE-2024-43495,,,,,,,,https://msrc.microsoft.com/update-guide/vulnerability/CVE-2024-43495
CVE:CVE-2024-43514,CVE,CVE-2024-43514,30345,0.044000,LOW,HIGH,False,2024-10-08T18:15:13.913000Z,,
REF:CVE-2024-43514:0,Reference,https://msrc.microsoft.com/update-guide/vulnerability/CVE-2024-43514,,,,,,,,https://msrc.microsoft.com/update-guide/vulnerability/CVE-2024-43514
CVE:CVE-2024-21216,CVE,CVE-2024-21216,31034,0.044000,LOW,CRITICAL,False,2024-10-15T20:15:10.997000Z,,
CPE:cpe:2.3:a:oracle:weblogic_server:12.2.1.4.0:*:*:*:*:*:*:*,CPE,cpe:2.3:a:oracle:weblogic_server:12.2.1.4.0:*:*:*:*:*:*:*,,,,,,,,
CPE:cpe:2.3:a:oracle:weblogic_server:14.1.1.0.0:*:*:*:*:*:*:*,CPE,cpe:2.3:a:oracle:weblogic_server:14.1.1.0.0:*:*:*:*:*:*:*,,,,,,,,
REF:CVE-2024-21216:0,Reference,https://www.oracle.com/security-alerts/cpuoct2024.html,,,,,,,,https://www.oracle.com/security-alerts/cpuoct2024.html
CVE:CVE-2024-43498,CVE,CVE-2024-43498,34631,0.044000,LOW,CRITICAL,False,2024-11-12T18:15:24.110000Z,,
CPE:cpe:2.3:a:microsoft:.net:9.0.0:*:*:*:*:*:*:*,CPE,cpe:2.3:a:microsoft:.net:9.0.0:*:*:*:*:*:*:*,,,,,,,,
CPE:cpe:2.3:a:microsoft:visual_studio_2022:*:*:*:*:*:*:*:*,CPE,cpe:2.3:a:microsoft:visual_studio_2022:*:*:*:*:*:*:*:*,,,,,,,,
REF:CVE-2024-43498:0,Reference,https://msrc.microsoft.com/update-guide/vulnerability/CVE-2024-43498,,,,,,,,https://msrc.microsoft.com/update-guide/vulnerability/CVE-2024-43498
CVE:CVE-2024-43639,CVE,CVE-2024-43639,34654,0.044000,LOW,CRITICAL,False,2024-11-12T18:15:33.267000Z,,
REF:CVE-2024-43639:0,Reference,https://msrc.microsoft.com/update-guide/vulnerability/CVE-2024-43639,,,,,,,,https://msrc.microsoft.com/update-guide/vulnerability/CVE-2024-43639
CVE:CVE-2024-49046,CVE,CVE-2024-49046,34702,0.044000,LOW,HIGH,False,2024-11-12T18:15:45.100000Z,,
REF:CVE-2024-49046:0,Reference,https://msrc.microsoft.com/update-guide/vulnerability/CVE-2024-49046,,,,,,,,https://msrc.microsoft.com/update-guide/vulnerability/CVE-2024-49046
CVE:CVE-2024-43189,CVE,CVE-2024-43189,35243,0.044000,LOW,MEDIUM,False,2024-11-15T15:15:07.307000Z,,
CPE:cpe:2.3:a:ibm:concert:1.0.0:*:*:*:*:*:*:*,CPE,cpe:2.3:a:ibm:concert:1.0.0:*:*:*:*:*:*:*,,,,,,,,
CPE:cpe:2.3:a:ibm:concert:1.0.1:*:*:*:*:*:*:*,CPE,cpe:2.3:a:ibm:concert:1.0.1:*:*:*:*:*:*:*,,,,,,,,
REF:CVE-2024-43189:0,Reference,https://www.ibm.com/support/pages/node/7173596,,,,,,,,https://www.ibm.com/support/pages/node/7173596
CVE:CVE-2024-43417,CVE,CVE-2024-43417,35368,0.044000,LOW,MEDIUM,False,2024-11-15T19:15:06.737000Z,,
REF:CVE-2024-43417:0,Reference,https://github.com/glpi-project/glpi/security/advisories/GHSA-p633-wfj5-8x44,,,,,,,,https://github.com/glpi-project/glpi/security/advisories/GHSA-p633-wfj5-8x44
CVE:CVE-2024-48070,CVE,CVE-2024-48070,35937,0.044000,LOW,CRITICAL,False,2024-11-19T18:15:21.353000Z,,
CPE:cpe:2.3:a:weaver:e-cology:9.0:*:*:*:*:*:*:*,CPE,cpe:2.3:a:weaver:e-cology:9.0:*:*:*:*:*:*:*,,,,,,,,
REF:CVE-2024-48070:0,Reference,https://gist.github.com/CoinIsMoney/ec863c35dfd05c7deea2afea11bf2446,,,,,,,,https://gist.github.com/CoinIsMoney/ec863c35dfd05c7deea2afea11bf2446
REF:CVE-2024-48070:1,Reference,https://github.com/stuven1989/TemporaryGuild/blob/main/files/exp2-eng.pdf,,,,,,,,https://github.com/stuven1989/TemporaryGuild/blob/main/files/exp2-eng.pdf
CVE:CVE-2025-0066,CVE,CVE-2025-0066,42379,0.044000,LOW,CRITICAL,False,2025-01-14T01:15:16.783000Z,,
CWE:CWE-732,CWE,CWE-732,,,,,,,,
CPE:cpe:2.3:a:sap:sap_basis:700:*:*:*:*:*:*:*,CPE,cpe:2.3:a:sap:sap_basis:700:*:*:*:*:*:*:*,,,,,,,,
CPE:cpe:2.3:a:sap:sap_basis:701:*:*:*:*:*:*:*,CPE,cpe:2.3:a:sap:sap_basis:701:*:*:*:*:*:*:*,,,,,,,,
CPE:cpe:2.3:a:sap:sap_basis:702:*:*:*:*:*:*:*,CPE,cpe:2.3:a:sap:sap_basis:702:*:*:*:*:*:*:*,,,,,,,,
CPE:cpe:2.3:a:sap:sap_basis:731:*:*:*:*:*:*:*,CPE,cpe:2.3:a:sap:sap_basis:731:*:*:*:*:*:*:*,,,,,,,,
CPE:cpe:2.3:a:sap:sap_basis:740:*:*:*:*:*:*:*,CPE,cpe:2.3:a:sap:sap_basis:740:*:*:*:*:*:*:*,,,,,,,,
CPE:cpe:2.3:a:sap:sap_basis:750:*:*:*:*:*:*:*,CPE,cpe:2.3:a:sap:sap_basis:750:*:*:*:*:*:*:*,,,,,,,,
CPE:cpe:2.3:a:sap:sap_basis:751:*:*:*:*:*:*:*,CPE,cpe:2.3:a:sap:sap_basis:751:*:*:*:*:*:*:*,,,,,,,,
CPE:cpe:2.3:a:sap:sap_basis:752:*:*:*:*:*:*:*,CPE,cpe:2.3:a:sap:sap_basis:752:*:*:*:*:*:*:*,,,,,,,,
CPE:cpe:2.3:a:sap:sap_basis:753:*:*:*:*:*:*:*,CPE,cpe:2.3:a:sap:sap_basis:753:*:*:*:*:*:*:*,,,,,,,,
CPE:cpe:2.3:a:sap:sap_basis:754:*:*:*:*:*:*:*,CPE,cpe:2.3:a:sap:sap_basis:754:*:*:*:*:*:*:*,,,,,,,,
CPE:cpe:2.3:a:sap:sap_basis:755:*:*:*:*:*:*:*,CPE,cpe:2.3:a:sap:sap_basis:755:*:*:*:*:*:*:*,,,,,,,,
CPE:cpe:2.3:a:sap:sap_basis:756:*:*:*:*:*:*:*,CPE,cpe:2.3:a:sap:sap_basis:756:*:*:*:*:*:*:*,,,,,,,,
CPE:cpe:2.3:a:sap:sap_basis:757:*:*:*:*:*:*:*,CPE,cpe:2.3:a:sap:sap_basis:757:*:*:*:*:*:*:*,,,,,,,,
CPE:cpe:2.3:a:sap:sap_basis:758:*:*:*:*:*:*:*,CPE,cpe:2.3:a:sap:sap_basis:758:*:*:*:*:*:*:*,,,,,,,,
CPE:cpe:2.3:a:sap:sap_basis:912:*:*:*:*:*:*:*,CPE,cpe:2.3:a:sap:sap_basis:912:*:*:*:*:*:*:*,,,,,,,,
CPE:cpe:2.3:a:sap:sap_basis:913:*:*:*:*:*:*:*,CPE,cpe:2.3:a:sap:sap_basis:913:*:*:*:*:*:*:*,,,,,,,,
CPE:cpe:2.3:a:sap:sap_basis:914:*:*:*:*:*:*:*,CPE,cpe:2.3:a:sap:sap_basis:914:*:*:*:*:*:*:*,,,,,,,,
REF:CVE-2025-0066:0,Reference,https://me.sap.com/notes/3550708,,,,,,,,https://me.sap.com/notes/3550708
REF:CVE-2025-0066:1,Reference,https://url.sap/sapsecuritypatchday,,,,,,,,https://url.sap/sapsecuritypatchday
CVE:CVE-2025-21271,CVE,CVE-2025-21271,42635,0.044000,LOW,HIGH,False,2025-01-14T18:15:46.747000Z,,
REF:CVE-2025-21271:0,Reference,https://msrc.microsoft.com/update-guide/vulnerability/CVE-2025-21271,,,,,,,,https://msrc.microsoft.com/update-guide/vulnerability/CVE-2025-21271
CVE:CVE-2025-20124,CVE,CVE-2025-20124,45525,0.044000,LOW,CRITICAL,False,2025-02-05T17:15:22.457000Z,,
CPE:cpe:2.3:a:cisco:identity_services_engine:*:*:*:*:*:*:*:*,CPE,cpe:2.3:a:cisco:identity_services_engine:*:*:*:*:*:*:*:*,,,,,,,,
CPE:cpe:2.3:a:cisco:identity_services_engine:3.1.0:-:*:*:*:*:*:*,CPE,cpe:2.3:a:cisco:identity_services_engine:3.1.0:-:*:*:*:*:*:*,,,,,,,,
CPE:cpe:2.3:a:cisco:identity_services_engine:3.1.0:patch1:*:*:*:*:*:*,CPE,cpe:2.3:a:cisco:identity_services_engine:3.1.0:patch1:*:*:*:*:*:*,,,,,,,,
CPE:cpe:2.3:a:cisco:identity_services_engine:3.1.0:patch2:*:*:*:*:*:*,CPE,cpe:2.3:a:cisco:identity_services_engine:3.1.0:patch2:*:*:*:*:*:*,,,,,,,,
CPE:cpe:2.3:a:cisco:identity_services_engine:3.1.0:patch3:*:*:*:*:*:*,CPE,cpe:2.3:a:cisco:identity_services_engine:3.1.0:patch3:*:*:*:*:*:*,,,,,,,,
CPE:cpe:2.3:a:cisco:identity_services_engine:3.1.0:patch4:*:*:*:*:*:*,CPE,cpe:2.3:a:cisco:identity_services_engine:3.1.0:patch4:*:*:*:*:*:*,,,,,,,,
CPE:cpe:2.3:a:cisco:identity_services_engine:3.1.0:patch5:*:*:*:*:*:*,CPE,cpe:2.3:a:cisco:identity_services_engine:3.1.0:patch5:*:*:*:*:*:*,,,,,,,,
CPE:cpe:2.3:a:cisco:identity_services_engine:3.1.0:patch6:*:*:*:*:*:*,CPE,cpe:2.3:a:cisco:identity_services_engine:3.1.0:patch6:*:*:*:*:*:*,,,,,,,,
CPE:cpe:2.3:a:cisco:identity_services_engine:3.1.0:patch7:*:*:*:*:*:*,CPE,cpe:2.3:a:cisco:identity_services_engine:3.1.0:patch7:*:*:*:*:*:*,,,,,,,,
CPE:cpe:2.3:a:cisco:identity_services_engine:3.1.0:patch8:*:*:*:*:*:*,CPE,cpe:2.3:a:cisco:identity_services_engine:3.1.0:patch8:*:*:*:*:*:*,,,,,,,,
CPE:cpe:2.3:a:cisco:identity_services_engine:3.1.0:patch9:*:*:*:*:*:*,CPE,cpe:2.3:a:cisco:identity_services_engine:3.1.0:patch9:*:*:*:*:*:*,,,,,,,,
CPE:cpe:2.3:a:cisco:identity_services_engine:3.2.0:-:*:*:*:*:*:*,CPE,cpe:2.3:a:cisco:identity_services_engine:3.2.0:-:*:*:*:*:*:*,,,,,,,,
CPE:cpe:2.3:a:cisco:identity_services_engine:3.2.0:patch1:*:*:*:*:*:*,CPE,cpe:2.3:a:cisco:identity_services_engine:3.2.0:patch1:*:*:*:*:*:*,,,,,,,,
CPE:cpe:2.3:a:cisco:identity_services_engine:3.2.0:patch2:*:*:*:*:*:*,CPE,cpe:2.3:a:cisco:identity_services_engine:3.2.0:patch2:*:*:*:*:*:*,,,,,,,,
CPE:cpe:2.3:a:cisco:identity_services_engine:3.2.0:patch3:*:*:*:*:*:*,CPE,cpe:2.3:a:cisco:identity_services_engine:3.2.0:patch3:*:*:*:*:*:*,,,,,,,,
CPE:cpe:2.3:a:cisco:identity_services_engine:3.2.0:patch4:*:*:*:*:*:*,CPE,cpe:2.3:a:cisco:identity_services_engine:3.2.0:patch4:*:*:*:*:*:*,,,,,,,,
CPE:cpe:2.3:a:cisco:identity_services_engine:3.2.0:patch5:*:*:*:*:*:*,CPE,cpe:2.3:a:cisco:identity_services_engine:3.2.0:patch5:*:*:*:*:*:*,,,,,,,,
CPE:cpe:2.3:a:cisco:identity_services_engine:3.2.0:patch6:*:*:*:*:*:*,CPE,cpe:2.3:a:cisco:identity_services_engine:3.2.0:patch6:*:*:*:*:*:*,,,,,,,,
REF:CVE-2025-20124:0,Reference,https://sec.cloudapps.cisco.com/security/center/content/CiscoSecurityAdvisory/cisco-sa-ise-multivuls-FTW9AOXF,,,,,,,,https://sec.cloudapps.cisco.com/security/center/content/CiscoSecurityAdvisory/cisco-sa-ise-multivuls-FTW9AOXF
CVE:CVE-2024-10442,CVE,CVE-2024-10442,51043,0.044000,LOW,CRITICAL,False,2025-03-19T03:15:11.790000Z,,
CWE:CWE-193,CWE,CWE-193,,,,,,,,
CPE:cpe:2.3:a:syncology:replication_service:*:*:*:*:*:*:*:*,CPE,cpe:2.3:a:syncology:replication_service:*:*:*:*:*:*:*:*,,,,,,,,
CPE:cpe:2.3:a:synology:diskstation_manager_unified_controller:3.1:*:*:*:*:*:*:*,CPE,cpe:2.3:a:synology:diskstation_manager_unified_controller:3.1:*:*:*:*:*:*:*,,,,,,,,
CPE:cpe:2.3:a:synology:replication_service:*:*:*:*:*:*:*:*,CPE,cpe:2.3:a:synology:replication_service:*:*:*:*:*:*:*:*,,,,,,,,
CPE:cpe:2.3:a:synology:unified_controller:*:*:*:*:*:*:*:*,CPE,cpe:2.3:a:synology:unified_controller:*:*:*:*:*:*:*:*,,,,,,,,
CPE:cpe:2.3:o:synology:diskstation_manager:6.2:*:*:*:*:*:*:*,CPE,cpe:2.3:o:synology:diskstation_manager:6.2:*:*:*:*:*:*:*,,,,,,,,
CPE:cpe:2.3:o:synology:diskstation_manager:7.1:*:*:*:*:*:*:*,CPE,cpe:2.3:o:synology:diskstation_manager:7.1:*:*:*:*:*:*:*,,,,,,,,
CPE:cpe:2.3:o:synology:diskstation_manager:7.2:*:*:*:*:*:*:*,CPE,cpe:2.3:o:synology:diskstation_manager:7.2:*:*:*:*:*:*:*,,,,,,,,
REF:CVE-2024-10442:0,Reference,https://www.synology.com/en-global/security/advisory/Synology_SA_24_22,,,,,,,,https://www.synology.com/en-global/security/advisory/Synology_SA_24_22
CVE:CVE-2025-47933,CVE,CVE-2025-47933,61349,0.044000,LOW,CRITICAL,False,2025-05-29T20:15:27.473000Z,,
CPE:cpe:2.3:a:argoproj:argo_cd:*:*:*:*:*:*:*:*,CPE,cpe:2.3:a:argoproj:argo_cd:*:*:*:*:*:*:*:*,,,,,,,,
CPE:cpe:2.3:a:argoproj:argo_cd:1.2.0:rc1:*:*:*:*:*:*,CPE,cpe:2.3:a:argoproj:argo_cd:1.2.0:rc1:*:*:*:*:*:*,,,,,,,,
CPE:cpe:2.3:a:argoproj:argo_cd:1.2.0:rc2:*:*:*:*:*:*,CPE,cpe:2.3:a:argoproj:argo_cd:1.2.0:rc2:*:*:*:*:*:*,,,,,,,,
REF:CVE-2025-47933:0,Reference,https://github.com/argoproj/argo-cd/commit/a5b4041a79c54bc7b3d090805d070bcdb9a9e4d1,,,,,,,,https://github.com/argoproj/argo-cd/commit/a5b4041a79c54bc7b3d090805d070bcdb9a9e4d1
REF:CVE-2025-47933:1,Reference,https://github.com/argoproj/argo-cd/security/advisories/GHSA-2hj5-g64g-fp6p,,,,,,,,https://github.com/argoproj/argo-cd/security/advisories/GHSA-2hj5-g64g-fp6p
CVE:CVE-2025-47986,CVE,CVE-2025-47986,66344,0.044000,LOW,HIGH,False,2025-07-08T17:15:39.950000Z,,
REF:CVE-2025-47986:0,Reference,https://msrc.microsoft.com/update-guide/vulnerability/CVE-2025-47986,,,,,,,,https://msrc.microsoft.com/update-guide/vulnerability/CVE-2025-47986
CVE:CVE-2025-26469,CVE,CVE-2025-26469,68808,0.044000,LOW,CRITICAL,False,2025-07-28T14:15:26.290000Z,,
CPE:cpe:2.3:a:meddream:pacs_server:7.3.2.840:*:*:*:premium:*:*:*,CPE,cpe:2.3:a:meddream:pacs_server:7.3.2.840:*:*:*:premium:*:*:*,,,,,,,,
REF:CVE-2025-26469:0,Reference,https://talosintelligence.com/vulnerability_reports/TALOS-2025-2154,,,,,,,,https://talosintelligence.com/vulnerability_reports/TALOS-2025-2154
REF:CVE-2025-26469:1,Reference,https://www.talosintelligence.com/vulnerability_reports/TALOS-2025-2154,,,,,,,,https://www.talosintelligence.com/vulnerability_reports/TALOS-2025-2154
CVE:CVE-2025-53072,CVE,CVE-2025-53072,80281,0.044000,LOW,CRITICAL,False,2025-10-21T20:20:48.600000Z,,
CPE:cpe:2.3:a:oracle:marketing:*:*:*:*:*:*:*:*,CPE,cpe:2.3:a:oracle:marketing:*:*:*:*:*:*:*:*,,,,,,,,
REF:CVE-2025-53072:0,Reference,https://www.oracle.com/security-alerts/cpuoct2025.html,,,,,,,,https://www.oracle.com/security-alerts/cpuoct2025.html
CVE:CVE-2025-62481,CVE,CVE-2025-62481,80310,0.044000,LOW,CRITICAL,False,2025-10-21T20:20:54.860000Z,,
REF:CVE-2025-62481:0,Reference,https://www.oracle.com/security-alerts/cpuoct2025.html,,,,,,,,https://www.oracle.com/security-alerts/cpuoct2025.html
CVE:CVE-2025-11367,CVE,CVE-2025-11367,83365,0.044000,LOW,CRITICAL,False,2025-11-12T16:15:35.353000Z,,
REF:CVE-2025-11367:0,Reference,https://me.n-able.com/s/security-advisory/aArVy0000000rfRKAQ/cve202511367-ncentral-windows-software-probe-remote-code-execution,,,,,,,,https://me.n-able.com/s/security-advisory/aArVy0000000rfRKAQ/cve202511367-ncentral-windows-software-probe-remote-code-execution
CVE:CVE-2026-20862,CVE,CVE-2026-20862,92818,0.044000,LOW,MEDIUM,False,2026-01-13T18:16:15.300000Z,,
REF:CVE-2026-20862:0,Reference,https://msrc.microsoft.com/update-guide/vulnerability/CVE-2026-20862,,,,,,,,https://msrc.microsoft.com/update-guide/vulnerability/CVE-2026-20862
CVE:CVE-2026-4670,CVE,CVE-2026-4670,112742,0.044000,LOW,CRITICAL,False,2026-04-30T16:16:44.167000Z,,
CPE:cpe:2.3:a:progress:moveit_automation:*:*:*:*:*:*:*:*,CPE,cpe:2.3:a:progress:moveit_automation:*:*:*:*:*:*:*:*,,,,,,,,
REF:CVE-2026-4670:0,Reference,https://community.progress.com/s/article/MOVEit-Automation-Critical-Security-Alert-Bulletin-April-2026-CVE-2026-4670-CVE-2026-5174,,,,,,,,https://community.progress.com/s/article/MOVEit-Automation-Critical-Security-Alert-Bulletin-April-2026-CVE-2026-4670-CVE-2026-5174
CVE:CVE-2026-7899,CVE,CVE-2026-7899,113902,0.044000,LOW,HIGH,False,2026-05-06T19:16:38.200000Z,,
REF:CVE-2026-7899:0,Reference,https://chromereleases.googleblog.com/2026/05/stable-channel-update-for-desktop.html,,,,,,,,https://chromereleases.googleblog.com/2026/05/stable-channel-update-for-desktop.html
REF:CVE-2026-7899:1,Reference,https://issues.chromium.org/issues/505481948,,,,,,,,https://issues.chromium.org/issues/505481948
CVE:CVE-2026-65883,CVE,CVE-2026-65883,136638,0.044000,LOW,CRITICAL,False,2026-07-29T11:16:50.297000Z,,
CPE:cpe:2.3:a:aimy-extensions:aimy_captcha-less_form_guard:*:*:*:*:*:joomla\!:*:*,CPE,cpe:2.3:a:aimy-extensions:aimy_captcha-less_form_guard:*:*:*:*:*:joomla\!:*:*,,,,,,,,
REF:CVE-2026-65883:0,Reference,https://www.aimy-extensions.com/joomla/captcha-less-form-guard.html,,,,,,,,https://www.aimy-extensions.com/joomla/captcha-less-form-guard.html
CVE:CVE-2026-65888,CVE,CVE-2026-65888,136681,0.044000,LOW,CRITICAL,False,2026-07-29T15:16:28.813000Z,,
REF:CVE-2026-65888:0,Reference,https://mysites.guru/blog/gridbox-23-critical-vulnerabilities/,,,,,,,,https://mysites.guru/blog/gridbox-23-critical-vulnerabilities/
REF:CVE-2026-65888:1,Reference,https://www.balbooa.com/gridbox,,,,,,,,https://www.balbooa.com/gridbox
CVE:CVE-2024-26173,CVE,CVE-2024-26173,6588,0.042000,LOW,HIGH,False,2024-03-12T17:15:56.543000Z,,
REF:CVE-2024-26173:0,Reference,https://msrc.microsoft.com/update-guide/vulnerability/CVE-2024-26173,,,,,,,,https://msrc.microsoft.com/update-guide/vulnerability/CVE-2024-26173
CVE:CVE-2024-21894,CVE,CVE-2024-21894,9557,0.042000,LOW,CRITICAL,False,2024-04-04T23:15:15.640000Z,,
CWE:CWE-703,CWE,CWE-703,,,,,,,,
CPE:cpe:2.3:a:ivanti:connect_secure:22.1:*:*:*:*:*:*:*,CPE,cpe:2.3:a:ivanti:connect_secure:22.1:*:*:*:*:*:*:*,,,,,,,,
CPE:cpe:2.3:a:ivanti:connect_secure:22.2:*:*:*:*:*:*:*,CPE,cpe:2.3:a:ivanti:connect_secure:22.2:*:*:*:*:*:*:*,,,,,,,,
CPE:cpe:2.3:a:ivanti:connect_secure:22.3:*:*:*:*:*:*:*,CPE,cpe:2.3:a:ivanti:connect_secure:22.3:*:*:*:*:*:*:*,,,,,,,,
CPE:cpe:2.3:a:ivanti:connect_secure:22.4:*:*:*:*:*:*:*,CPE,cpe:2.3:a:ivanti:connect_secure:22.4:*:*:*:*:*:*:*,,,,,,,,
CPE:cpe:2.3:a:ivanti:connect_secure:22.5:*:*:*:*:*:*:*,CPE,cpe:2.3:a:ivanti:connect_secure:22.5:*:*:*:*:*:*:*,,,,,,,,
CPE:cpe:2.3:a:ivanti:connect_secure:22.6:*:*:*:*:*:*:*,CPE,cpe:2.3:a:ivanti:connect_secure:22.6:*:*:*:*:*:*:*,,,,,,,,
CPE:cpe:2.3:a:ivanti:connect_secure:9.1:r10:*:*:*:*:*:*,CPE,cpe:2.3:a:ivanti:connect_secure:9.1:r10:*:*:*:*:*:*,,,,,,,,
CPE:cpe:2.3:a:ivanti:connect_secure:9.1:r11.5:*:*:*:*:*:*,CPE,cpe:2.3:a:ivanti:connect_secure:9.1:r11.5:*:*:*:*:*:*,,,,,,,,
CPE:cpe:2.3:a:ivanti:connect_secure:9.1:r11:*:*:*:*:*:*,CPE,cpe:2.3:a:ivanti:connect_secure:9.1:r11:*:*:*:*:*:*,,,,,,,,
CPE:cpe:2.3:a:ivanti:connect_secure:9.1:r12:*:*:*:*:*:*,CPE,cpe:2.3:a:ivanti:connect_secure:9.1:r12:*:*:*:*:*:*,,,,,,,,
CPE:cpe:2.3:a:ivanti:connect_secure:9.1:r13:*:*:*:*:*:*,CPE,cpe:2.3:a:ivanti:connect_secure:9.1:r13:*:*:*:*:*:*,,,,,,,,
CPE:cpe:2.3:a:ivanti:connect_secure:9.1:r14:*:*:lts:*:*:*,CPE,cpe:2.3:a:ivanti:connect_secure:9.1:r14:*:*:lts:*:*:*,,,,,,,,
CPE:cpe:2.3:a:ivanti:connect_secure:9.1:r15:*:*:*:*:*:*,CPE,cpe:2.3:a:ivanti:connect_secure:9.1:r15:*:*:*:*:*:*,,,,,,,,
CPE:cpe:2.3:a:ivanti:connect_secure:9.1:r16:*:*:*:*:*:*,CPE,cpe:2.3:a:ivanti:connect_secure:9.1:r16:*:*:*:*:*:*,,,,,,,,
CPE:cpe:2.3:a:ivanti:connect_secure:9.1:r17:*:*:*:*:*:*,CPE,cpe:2.3:a:ivanti:connect_secure:9.1:r17:*:*:*:*:*:*,,,,,,,,
CPE:cpe:2.3:a:ivanti:connect_secure:9.1:r18:*:*:*:*:*:*,CPE,cpe:2.3:a:ivanti:connect_secure:9.1:r18:*:*:*:*:*:*,,,,,,,,
CPE:cpe:2.3:a:ivanti:connect_secure:9.1:r1:*:*:*:*:*:*,CPE,cpe:2.3:a:ivanti:connect_secure:9.1:r1:*:*:*:*:*:*,,,,,,,,
CPE:cpe:2.3:a:ivanti:connect_secure:9.1:r2:*:*:*:*:*:*,CPE,cpe:2.3:a:ivanti:connect_secure:9.1:r2:*:*:*:*:*:*,,,,,,,,
CPE:cpe:2.3:a:ivanti:connect_secure:9.1:r3:*:*:*:*:*:*,CPE,cpe:2.3:a:ivanti:connect_secure:9.1:r3:*:*:*:*:*:*,,,,,,,,
CPE:cpe:2.3:a:ivanti:connect_secure:9.1:r4.1:*:*:*:*:*:*,CPE,cpe:2.3:a:ivanti:connect_secure:9.1:r4.1:*:*:*:*:*:*,,,,,,,,
CPE:cpe:2.3:a:ivanti:connect_secure:9.1:r4.2:*:*:*:*:*:*,CPE,cpe:2.3:a:ivanti:connect_secure:9.1:r4.2:*:*:*:*:*:*,,,,,,,,
CPE:cpe:2.3:a:ivanti:connect_secure:9.1:r4.3:*:*:*:*:*:*,CPE,cpe:2.3:a:ivanti:connect_secure:9.1:r4.3:*:*:*:*:*:*,,,,,,,,
CPE:cpe:2.3:a:ivanti:connect_secure:9.1:r4:*:*:*:*:*:*,CPE,cpe:2.3:a:ivanti:connect_secure:9.1:r4:*:*:*:*:*:*,,,,,,,,
CPE:cpe:2.3:a:ivanti:connect_secure:9.1:r5:*:*:*:*:*:*,CPE,cpe:2.3:a:ivanti:connect_secure:9.1:r5:*:*:*:*:*:*,,,,,,,,
CPE:cpe:2.3:a:ivanti:connect_secure:9.1:r6:*:*:*:*:*:*,CPE,cpe:2.3:a:ivanti:connect_secure:9.1:r6:*:*:*:*:*:*,,,,,,,,
CPE:cpe:2.3:a:ivanti:connect_secure:9.1:r7:*:*:*:*:*:*,CPE,cpe:2.3:a:ivanti:connect_secure:9.1:r7:*:*:*:*:*:*,,,,,,,,
CPE:cpe:2.3:a:ivanti:connect_secure:9.1:r8:*:*:*:*:*:*,CPE,cpe:2.3:a:ivanti:connect_secure:9.1:r8:*:*:*:*:*:*,,,,,,,,
CPE:cpe:2.3:a:ivanti:connect_secure:9.1:r9:*:*:*:*:*:*,CPE,cpe:2.3:a:ivanti:connect_secure:9.1:r9:*:*:*:*:*:*,,,,,,,,
CPE:cpe:2.3:a:ivanti:policy_secure:22.1:*:*:*:*:*:*:*,CPE,cpe:2.3:a:ivanti:policy_secure:22.1:*:*:*:*:*:*:*,,,,,,,,
CPE:cpe:2.3:a:ivanti:policy_secure:22.2:*:*:*:*:*:*:*,CPE,cpe:2.3:a:ivanti:policy_secure:22.2:*:*:*:*:*:*:*,,,,,,,,
CPE:cpe:2.3:a:ivanti:policy_secure:22.3:*:*:*:*:*:*:*,CPE,cpe:2.3:a:ivanti:policy_secure:22.3:*:*:*:*:*:*:*,,,,,,,,
CPE:cpe:2.3:a:ivanti:policy_secure:22.4:*:*:*:*:*:*:*,CPE,cpe:2.3:a:ivanti:policy_secure:22.4:*:*:*:*:*:*:*,,,,,,,,
CPE:cpe:2.3:a:ivanti:policy_secure:22.5:*:*:*:*:*:*:*,CPE,cpe:2.3:a:ivanti:policy_secure:22.5:*:*:*:*:*:*:*,,,,,,,,
CPE:cpe:2.3:a:ivanti:policy_secure:22.6:*:*:*:*:*:*:*,CPE,cpe:2.3:a:ivanti:policy_secure:22.6:*:*:*:*:*:*:*,,,,,,,,
CPE:cpe:2.3:a:ivanti:policy_secure:9.0:-:*:*:*:*:*:*,CPE,cpe:2.3:a:ivanti:policy_secure:9.0:-:*:*:*:*:*:*,,,,,,,,
CPE:cpe:2.3:a:ivanti:policy_secure:9.0:r1:*:*:*:*:*:*,CPE,cpe:2.3:a:ivanti:policy_secure:9.0:r1:*:*:*:*:*:*,,,,,,,,
CPE:cpe:2.3:a:ivanti:policy_secure:9.0:r2.1:*:*:*:*:*:*,CPE,cpe:2.3:a:ivanti:policy_secure:9.0:r2.1:*:*:*:*:*:*,,,,,,,,
CPE:cpe:2.3:a:ivanti:policy_secure:9.0:r2:*:*:*:*:*:*,CPE,cpe:2.3:a:ivanti:policy_secure:9.0:r2:*:*:*:*:*:*,,,,,,,,
CPE:cpe:2.3:a:ivanti:policy_secure:9.0:r3.1:*:*:*:*:*:*,CPE,cpe:2.3:a:ivanti:policy_secure:9.0:r3.1:*:*:*:*:*:*,,,,,,,,
CPE:cpe:2.3:a:ivanti:policy_secure:9.0:r3:*:*:*:*:*:*,CPE,cpe:2.3:a:ivanti:policy_secure:9.0:r3:*:*:*:*:*:*,,,,,,,,
CPE:cpe:2.3:a:ivanti:policy_secure:9.0:r4:*:*:*:*:*:*,CPE,cpe:2.3:a:ivanti:policy_secure:9.0:r4:*:*:*:*:*:*,,,,,,,,
CPE:cpe:2.3:a:ivanti:policy_secure:9.1:-:*:*:*:*:*:*,CPE,cpe:2.3:a:ivanti:policy_secure:9.1:-:*:*:*:*:*:*,,,,,,,,
CPE:cpe:2.3:a:ivanti:policy_secure:9.1:r10:*:*:*:*:*:*,CPE,cpe:2.3:a:ivanti:policy_secure:9.1:r10:*:*:*:*:*:*,,,,,,,,
CPE:cpe:2.3:a:ivanti:policy_secure:9.1:r11:*:*:*:*:*:*,CPE,cpe:2.3:a:ivanti:policy_secure:9.1:r11:*:*:*:*:*:*,,,,,,,,
CPE:cpe:2.3:a:ivanti:policy_secure:9.1:r12:*:*:*:*:*:*,CPE,cpe:2.3:a:ivanti:policy_secure:9.1:r12:*:*:*:*:*:*,,,,,,,,
CPE:cpe:2.3:a:ivanti:policy_secure:9.1:r13:*:*:*:*:*:*,CPE,cpe:2.3:a:ivanti:policy_secure:9.1:r13:*:*:*:*:*:*,,,,,,,,
CPE:cpe:2.3:a:ivanti:policy_secure:9.1:r14:*:*:*:*:*:*,CPE,cpe:2.3:a:ivanti:policy_secure:9.1:r14:*:*:*:*:*:*,,,,,,,,
CPE:cpe:2.3:a:ivanti:policy_secure:9.1:r15:*:*:*:*:*:*,CPE,cpe:2.3:a:ivanti:policy_secure:9.1:r15:*:*:*:*:*:*,,,,,,,,
CPE:cpe:2.3:a:ivanti:policy_secure:9.1:r16:*:*:*:*:*:*,CPE,cpe:2.3:a:ivanti:policy_secure:9.1:r16:*:*:*:*:*:*,,,,,,,,
CPE:cpe:2.3:a:ivanti:policy_secure:9.1:r17:*:*:*:*:*:*,CPE,cpe:2.3:a:ivanti:policy_secure:9.1:r17:*:*:*:*:*:*,,,,,,,,
CPE:cpe:2.3:a:ivanti:policy_secure:9.1:r18:*:*:*:*:*:*,CPE,cpe:2.3:a:ivanti:policy_secure:9.1:r18:*:*:*:*:*:*,,,,,,,,
CPE:cpe:2.3:a:ivanti:policy_secure:9.1:r1:*:*:*:*:*:*,CPE,cpe:2.3:a:ivanti:policy_secure:9.1:r1:*:*:*:*:*:*,,,,,,,,
CPE:cpe:2.3:a:ivanti:policy_secure:9.1:r2:*:*:*:*:*:*,CPE,cpe:2.3:a:ivanti:policy_secure:9.1:r2:*:*:*:*:*:*,,,,,,,,
CPE:cpe:2.3:a:ivanti:policy_secure:9.1:r3:*:*:*:*:*:*,CPE,cpe:2.3:a:ivanti:policy_secure:9.1:r3:*:*:*:*:*:*,,,,,,,,
CPE:cpe:2.3:a:ivanti:policy_secure:9.1:r4:*:*:*:*:*:*,CPE,cpe:2.3:a:ivanti:policy_secure:9.1:r4:*:*:*:*:*:*,,,,,,,,
CPE:cpe:2.3:a:ivanti:policy_secure:9.1:r5:*:*:*:*:*:*,CPE,cpe:2.3:a:ivanti:policy_secure:9.1:r5:*:*:*:*:*:*,,,,,,,,
CPE:cpe:2.3:a:ivanti:policy_secure:9.1:r6:*:*:*:*:*:*,CPE,cpe:2.3:a:ivanti:policy_secure:9.1:r6:*:*:*:*:*:*,,,,,,,,
CPE:cpe:2.3:a:ivanti:policy_secure:9.1:r7:*:*:*:*:*:*,CPE,cpe:2.3:a:ivanti:policy_secure:9.1:r7:*:*:*:*:*:*,,,,,,,,
CPE:cpe:2.3:a:ivanti:policy_secure:9.1:r8:*:*:*:*:*:*,CPE,cpe:2.3:a:ivanti:policy_secure:9.1:r8:*:*:*:*:*:*,,,,,,,,
CPE:cpe:2.3:a:ivanti:policy_secure:9.1:r9:*:*:*:*:*:*,CPE,cpe:2.3:a:ivanti:policy_secure:9.1:r9:*:*:*:*:*:*,,,,,,,,
REF:CVE-2024-21894:0,Reference,https://forums.ivanti.com/s/article/SA-CVE-2024-21894-Heap-Overflow-CVE-2024-22052-Null-Pointer-Dereference-CVE-2024-22053-Heap-Overflow-and-CVE-2024-22023-XML-entity-expansion-or-XXE-for-Ivanti-Connect-Secure-and-Ivanti-Policy-Secure-Gateways?language=en_US,,,,,,,,https://forums.ivanti.com/s/article/SA-CVE-2024-21894-Heap-Overflow-CVE-2024-22052-Null-Pointer-Dereference-CVE-2024-22053-Heap-Overflow-and-CVE-2024-22023-XML-entity-expansion-or-XXE-for-Ivanti-Connect-Secure-and-Ivanti-Policy-Secure-Gateways?language=en_US
CVE:CVE-2024-31987,CVE,CVE-2024-31987,10536,0.042000,LOW,CRITICAL,False,2024-04-10T21:15:07.110000Z,,
REF:CVE-2024-31987:0,Reference,https://github.com/xwiki/xwiki-platform/commit/3d4dbb41f52d1a6e39835cfb1695ca6668605a39,,,,,,,,https://github.com/xwiki/xwiki-platform/commit/3d4dbb41f52d1a6e39835cfb1695ca6668605a39
REF:CVE-2024-31987:1,Reference,https://github.com/xwiki/xwiki-platform/commit/626d2a5dbf95b4e719ae13bf1a0a9c76e4edd5a2,,,,,,,,https://github.com/xwiki/xwiki-platform/commit/626d2a5dbf95b4e719ae13bf1a0a9c76e4edd5a2
REF:CVE-2024-31987:2,Reference,https://github.com/xwiki/xwiki-platform/commit/da177c3c972e797d92c1a31e278f946012c41b56,,,,,,,,https://github.com/xwiki/xwiki-platform/commit/da177c3c972e797d92c1a31e278f946012c41b56
REF:CVE-2024-31987:3,Reference,https://github.com/xwiki/xwiki-platform/security/advisories/GHSA-cv55-v6rw-7r5v,,,,,,,,https://github.com/xwiki/xwiki-platform/security/advisories/GHSA-cv55-v6rw-7r5v
REF:CVE-2024-31987:4,Reference,https://jira.xwiki.org/browse/XWIKI-21478,,,,,,,,https://jira.xwiki.org/browse/XWIKI-21478
CVE:CVE-2024-30080,CVE,CVE-2024-30080,18906,0.042000,LOW,CRITICAL,False,2024-06-11T17:15:55.207000Z,,
REF:CVE-2024-30080:0,Reference,https://msrc.microsoft.com/update-guide/vulnerability/CVE-2024-30080,,,,,,,,https://msrc.microsoft.com/update-guide/vulnerability/CVE-2024-30080
REF:CVE-2024-30080:1,Reference,https://www.vicarius.io/vsociety/posts/cve-2024-30080-detection-script-remote-code-execution-vulnerability-affecting-microsoft-msmq-1,,,,,,,,https://www.vicarius.io/vsociety/posts/cve-2024-30080-detection-script-remote-code-execution-vulnerability-affecting-microsoft-msmq-1
REF:CVE-2024-30080:2,Reference,https://www.vicarius.io/vsociety/posts/cve-2024-30080-mitigation-script-remote-code-execution-vulnerability-affecting-microsoft-msmq,,,,,,,,https://www.vicarius.io/vsociety/posts/cve-2024-30080-mitigation-script-remote-code-execution-vulnerability-affecting-microsoft-msmq
CVE:CVE-2024-30084,CVE,CVE-2024-30084,18909,0.042000,LOW,HIGH,False,2024-06-11T17:15:55.893000Z,,
REF:CVE-2024-30084:0,Reference,https://msrc.microsoft.com/update-guide/vulnerability/CVE-2024-30084,,,,,,,,https://msrc.microsoft.com/update-guide/vulnerability/CVE-2024-30084
CVE:CVE-2024-30089,CVE,CVE-2024-30089,18914,0.042000,LOW,HIGH,False,2024-06-11T17:15:57.023000Z,,
REF:CVE-2024-30089:0,Reference,https://msrc.microsoft.com/update-guide/vulnerability/CVE-2024-30089,,,,,,,,https://msrc.microsoft.com/update-guide/vulnerability/CVE-2024-30089
CVE:CVE-2024-30103,CVE,CVE-2024-30103,18926,0.042000,LOW,HIGH,False,2024-06-11T17:15:59.800000Z,,
CPE:cpe:2.3:a:microsoft:outlook:2016:*:*:*:*:*:x64:*,CPE,cpe:2.3:a:microsoft:outlook:2016:*:*:*:*:*:x64:*,,,,,,,,
CPE:cpe:2.3:a:microsoft:outlook:2016:*:*:*:*:*:x86:*,CPE,cpe:2.3:a:microsoft:outlook:2016:*:*:*:*:*:x86:*,,,,,,,,
REF:CVE-2024-30103:0,Reference,https://msrc.microsoft.com/update-guide/vulnerability/CVE-2024-30103,,,,,,,,https://msrc.microsoft.com/update-guide/vulnerability/CVE-2024-30103
CVE:CVE-2024-34108,CVE,CVE-2024-34108,19276,0.042000,LOW,CRITICAL,False,2024-06-13T09:15:12.447000Z,,
CPE:cpe:2.3:a:adobe:commerce:2.3.7:-:*:*:*:*:*:*,CPE,cpe:2.3:a:adobe:commerce:2.3.7:-:*:*:*:*:*:*,,,,,,,,
CPE:cpe:2.3:a:adobe:commerce:2.3.7:p1:*:*:*:*:*:*,CPE,cpe:2.3:a:adobe:commerce:2.3.7:p1:*:*:*:*:*:*,,,,,,,,
CPE:cpe:2.3:a:adobe:commerce:2.3.7:p2:*:*:*:*:*:*,CPE,cpe:2.3:a:adobe:commerce:2.3.7:p2:*:*:*:*:*:*,,,,,,,,
CPE:cpe:2.3:a:adobe:commerce:2.3.7:p3:*:*:*:*:*:*,CPE,cpe:2.3:a:adobe:commerce:2.3.7:p3:*:*:*:*:*:*,,,,,,,,
CPE:cpe:2.3:a:adobe:commerce:2.3.7:p4-ext1:*:*:*:*:*:*,CPE,cpe:2.3:a:adobe:commerce:2.3.7:p4-ext1:*:*:*:*:*:*,,,,,,,,
CPE:cpe:2.3:a:adobe:commerce:2.3.7:p4-ext2:*:*:*:*:*:*,CPE,cpe:2.3:a:adobe:commerce:2.3.7:p4-ext2:*:*:*:*:*:*,,,,,,,,
CPE:cpe:2.3:a:adobe:commerce:2.3.7:p4-ext3:*:*:*:*:*:*,CPE,cpe:2.3:a:adobe:commerce:2.3.7:p4-ext3:*:*:*:*:*:*,,,,,,,,
CPE:cpe:2.3:a:adobe:commerce:2.3.7:p4-ext4:*:*:*:*:*:*,CPE,cpe:2.3:a:adobe:commerce:2.3.7:p4-ext4:*:*:*:*:*:*,,,,,,,,
CPE:cpe:2.3:a:adobe:commerce:2.3.7:p4:*:*:*:*:*:*,CPE,cpe:2.3:a:adobe:commerce:2.3.7:p4:*:*:*:*:*:*,,,,,,,,
CPE:cpe:2.3:a:adobe:commerce:2.4.0:-:*:*:*:*:*:*,CPE,cpe:2.3:a:adobe:commerce:2.4.0:-:*:*:*:*:*:*,,,,,,,,
CPE:cpe:2.3:a:adobe:commerce:2.4.0:ext-1:*:*:*:*:*:*,CPE,cpe:2.3:a:adobe:commerce:2.4.0:ext-1:*:*:*:*:*:*,,,,,,,,
CPE:cpe:2.3:a:adobe:commerce:2.4.0:ext-2:*:*:*:*:*:*,CPE,cpe:2.3:a:adobe:commerce:2.4.0:ext-2:*:*:*:*:*:*,,,,,,,,
CPE:cpe:2.3:a:adobe:commerce:2.4.0:ext-3:*:*:*:*:*:*,CPE,cpe:2.3:a:adobe:commerce:2.4.0:ext-3:*:*:*:*:*:*,,,,,,,,
CPE:cpe:2.3:a:adobe:commerce:2.4.0:ext-4:*:*:*:*:*:*,CPE,cpe:2.3:a:adobe:commerce:2.4.0:ext-4:*:*:*:*:*:*,,,,,,,,
CPE:cpe:2.3:a:adobe:commerce:2.4.1:-:*:*:*:*:*:*,CPE,cpe:2.3:a:adobe:commerce:2.4.1:-:*:*:*:*:*:*,,,,,,,,
CPE:cpe:2.3:a:adobe:commerce:2.4.1:ext-1:*:*:*:*:*:*,CPE,cpe:2.3:a:adobe:commerce:2.4.1:ext-1:*:*:*:*:*:*,,,,,,,,
CPE:cpe:2.3:a:adobe:commerce:2.4.1:ext-2:*:*:*:*:*:*,CPE,cpe:2.3:a:adobe:commerce:2.4.1:ext-2:*:*:*:*:*:*,,,,,,,,
CPE:cpe:2.3:a:adobe:commerce:2.4.1:ext-3:*:*:*:*:*:*,CPE,cpe:2.3:a:adobe:commerce:2.4.1:ext-3:*:*:*:*:*:*,,,,,,,,
CPE:cpe:2.3:a:adobe:commerce:2.4.1:ext-4:*:*:*:*:*:*,CPE,cpe:2.3:a:adobe:commerce:2.4.1:ext-4:*:*:*:*:*:*,,,,,,,,
CPE:cpe:2.3:a:adobe:commerce:2.4.2:-:*:*:*:*:*:*,CPE,cpe:2.3:a:adobe:commerce:2.4.2:-:*:*:*:*:*:*,,,,,,,,
CPE:cpe:2.3:a:adobe:commerce:2.4.2:ext-1:*:*:*:*:*:*,CPE,cpe:2.3:a:adobe:commerce:2.4.2:ext-1:*:*:*:*:*:*,,,,,,,,
CPE:cpe:2.3:a:adobe:commerce:2.4.2:ext-2:*:*:*:*:*:*,CPE,cpe:2.3:a:adobe:commerce:2.4.2:ext-2:*:*:*:*:*:*,,,,,,,,
CPE:cpe:2.3:a:adobe:commerce:2.4.2:ext-3:*:*:*:*:*:*,CPE,cpe:2.3:a:adobe:commerce:2.4.2:ext-3:*:*:*:*:*:*,,,,,,,,
CPE:cpe:2.3:a:adobe:commerce:2.4.2:ext-4:*:*:*:*:*:*,CPE,cpe:2.3:a:adobe:commerce:2.4.2:ext-4:*:*:*:*:*:*,,,,,,,,
CPE:cpe:2.3:a:adobe:commerce:2.4.3:-:*:*:*:*:*:*,CPE,cpe:2.3:a:adobe:commerce:2.4.3:-:*:*:*:*:*:*,,,,,,,,
CPE:cpe:2.3:a:adobe:commerce:2.4.3:ext-1:*:*:*:*:*:*,CPE,cpe:2.3:a:adobe:commerce:2.4.3:ext-1:*:*:*:*:*:*,,,,,,,,
CPE:cpe:2.3:a:adobe:commerce:2.4.3:ext-2:*:*:*:*:*:*,CPE,cpe:2.3:a:adobe:commerce:2.4.3:ext-2:*:*:*:*:*:*,,,,,,,,
CPE:cpe:2.3:a:adobe:commerce:2.4.3:ext-3:*:*:*:*:*:*,CPE,cpe:2.3:a:adobe:commerce:2.4.3:ext-3:*:*:*:*:*:*,,,,,,,,
CPE:cpe:2.3:a:adobe:commerce:2.4.3:ext-4:*:*:*:*:*:*,CPE,cpe:2.3:a:adobe:commerce:2.4.3:ext-4:*:*:*:*:*:*,,,,,,,,
CPE:cpe:2.3:a:adobe:commerce:2.4.4:-:*:*:*:*:*:*,CPE,cpe:2.3:a:adobe:commerce:2.4.4:-:*:*:*:*:*:*,,,,,,,,
CPE:cpe:2.3:a:adobe:commerce:2.4.4:p1:*:*:*:*:*:*,CPE,cpe:2.3:a:adobe:commerce:2.4.4:p1:*:*:*:*:*:*,,,,,,,,
CPE:cpe:2.3:a:adobe:commerce:2.4.4:p2:*:*:*:*:*:*,CPE,cpe:2.3:a:adobe:commerce:2.4.4:p2:*:*:*:*:*:*,,,,,,,,
CPE:cpe:2.3:a:adobe:commerce:2.4.4:p3:*:*:*:*:*:*,CPE,cpe:2.3:a:adobe:commerce:2.4.4:p3:*:*:*:*:*:*,,,,,,,,
CPE:cpe:2.3:a:adobe:commerce:2.4.4:p4:*:*:*:*:*:*,CPE,cpe:2.3:a:adobe:commerce:2.4.4:p4:*:*:*:*:*:*,,,,,,,,
CPE:cpe:2.3:a:adobe:commerce:2.4.4:p5:*:*:*:*:*:*,CPE,cpe:2.3:a:adobe:commerce:2.4.4:p5:*:*:*:*:*:*,,,,,,,,
CPE:cpe:2.3:a:adobe:commerce:2.4.4:p6:*:*:*:*:*:*,CPE,cpe:2.3:a:adobe:commerce:2.4.4:p6:*:*:*:*:*:*,,,,,,,,
CPE:cpe:2.3:a:adobe:commerce:2.4.5:-:*:*:*:*:*:*,CPE,cpe:2.3:a:adobe:commerce:2.4.5:-:*:*:*:*:*:*,,,,,,,,
CPE:cpe:2.3:a:adobe:commerce:2.4.5:p1:*:*:*:*:*:*,CPE,cpe:2.3:a:adobe:commerce:2.4.5:p1:*:*:*:*:*:*,,,,,,,,
CPE:cpe:2.3:a:adobe:commerce:2.4.5:p2:*:*:*:*:*:*,CPE,cpe:2.3:a:adobe:commerce:2.4.5:p2:*:*:*:*:*:*,,,,,,,,
CPE:cpe:2.3:a:adobe:commerce:2.4.5:p3:*:*:*:*:*:*,CPE,cpe:2.3:a:adobe:commerce:2.4.5:p3:*:*:*:*:*:*,,,,,,,,
CPE:cpe:2.3:a:adobe:commerce:2.4.5:p4:*:*:*:*:*:*,CPE,cpe:2.3:a:adobe:commerce:2.4.5:p4:*:*:*:*:*:*,,,,,,,,
CPE:cpe:2.3:a:adobe:commerce:2.4.5:p5:*:*:*:*:*:*,CPE,cpe:2.3:a:adobe:commerce:2.4.5:p5:*:*:*:*:*:*,,,,,,,,
CPE:cpe:2.3:a:adobe:commerce:2.4.6:-:*:*:*:*:*:*,CPE,cpe:2.3:a:adobe:commerce:2.4.6:-:*:*:*:*:*:*,,,,,,,,
CPE:cpe:2.3:a:adobe:commerce:2.4.6:p1:*:*:*:*:*:*,CPE,cpe:2.3:a:adobe:commerce:2.4.6:p1:*:*:*:*:*:*,,,,,,,,
CPE:cpe:2.3:a:adobe:commerce:2.4.6:p2:*:*:*:*:*:*,CPE,cpe:2.3:a:adobe:commerce:2.4.6:p2:*:*:*:*:*:*,,,,,,,,
CPE:cpe:2.3:a:adobe:commerce:2.4.6:p3:*:*:*:*:*:*,CPE,cpe:2.3:a:adobe:commerce:2.4.6:p3:*:*:*:*:*:*,,,,,,,,
CPE:cpe:2.3:a:adobe:commerce_webhooks:*:*:*:*:*:*:*:*,CPE,cpe:2.3:a:adobe:commerce_webhooks:*:*:*:*:*:*:*:*,,,,,,,,
CPE:cpe:2.3:a:adobe:magento:2.4.4:-:*:*:open_source:*:*:*,CPE,cpe:2.3:a:adobe:magento:2.4.4:-:*:*:open_source:*:*:*,,,,,,,,
CPE:cpe:2.3:a:adobe:magento:2.4.4:p1:*:*:open_source:*:*:*,CPE,cpe:2.3:a:adobe:magento:2.4.4:p1:*:*:open_source:*:*:*,,,,,,,,
CPE:cpe:2.3:a:adobe:magento:2.4.4:p2:*:*:open_source:*:*:*,CPE,cpe:2.3:a:adobe:magento:2.4.4:p2:*:*:open_source:*:*:*,,,,,,,,
CPE:cpe:2.3:a:adobe:magento:2.4.4:p3:*:*:open_source:*:*:*,CPE,cpe:2.3:a:adobe:magento:2.4.4:p3:*:*:open_source:*:*:*,,,,,,,,
CPE:cpe:2.3:a:adobe:magento:2.4.4:p4:*:*:open_source:*:*:*,CPE,cpe:2.3:a:adobe:magento:2.4.4:p4:*:*:open_source:*:*:*,,,,,,,,
CPE:cpe:2.3:a:adobe:magento:2.4.4:p5:*:*:open_source:*:*:*,CPE,cpe:2.3:a:adobe:magento:2.4.4:p5:*:*:open_source:*:*:*,,,,,,,,
CPE:cpe:2.3:a:adobe:magento:2.4.4:p6:*:*:open_source:*:*:*,CPE,cpe:2.3:a:adobe:magento:2.4.4:p6:*:*:open_source:*:*:*,,,,,,,,
CPE:cpe:2.3:a:adobe:magento:2.4.4:p7:*:*:open_source:*:*:*,CPE,cpe:2.3:a:adobe:magento:2.4.4:p7:*:*:open_source:*:*:*,,,,,,,,
CPE:cpe:2.3:a:adobe:magento:2.4.4:p8:*:*:open_source:*:*:*,CPE,cpe:2.3:a:adobe:magento:2.4.4:p8:*:*:open_source:*:*:*,,,,,,,,
CPE:cpe:2.3:a:adobe:magento:2.4.5:-:*:*:open_source:*:*:*,CPE,cpe:2.3:a:adobe:magento:2.4.5:-:*:*:open_source:*:*:*,,,,,,,,
CPE:cpe:2.3:a:adobe:magento:2.4.5:p1:*:*:open_source:*:*:*,CPE,cpe:2.3:a:adobe:magento:2.4.5:p1:*:*:open_source:*:*:*,,,,,,,,
CPE:cpe:2.3:a:adobe:magento:2.4.5:p2:*:*:open_source:*:*:*,CPE,cpe:2.3:a:adobe:magento:2.4.5:p2:*:*:open_source:*:*:*,,,,,,,,
CPE:cpe:2.3:a:adobe:magento:2.4.5:p3:*:*:open_source:*:*:*,CPE,cpe:2.3:a:adobe:magento:2.4.5:p3:*:*:open_source:*:*:*,,,,,,,,
CPE:cpe:2.3:a:adobe:magento:2.4.5:p4:*:*:open_source:*:*:*,CPE,cpe:2.3:a:adobe:magento:2.4.5:p4:*:*:open_source:*:*:*,,,,,,,,
CPE:cpe:2.3:a:adobe:magento:2.4.5:p5:*:*:open_source:*:*:*,CPE,cpe:2.3:a:adobe:magento:2.4.5:p5:*:*:open_source:*:*:*,,,,,,,,
CPE:cpe:2.3:a:adobe:magento:2.4.5:p6:*:*:open_source:*:*:*,CPE,cpe:2.3:a:adobe:magento:2.4.5:p6:*:*:open_source:*:*:*,,,,,,,,
CPE:cpe:2.3:a:adobe:magento:2.4.5:p7:*:*:open_source:*:*:*,CPE,cpe:2.3:a:adobe:magento:2.4.5:p7:*:*:open_source:*:*:*,,,,,,,,
CPE:cpe:2.3:a:adobe:magento:2.4.6:-:*:*:open_source:*:*:*,CPE,cpe:2.3:a:adobe:magento:2.4.6:-:*:*:open_source:*:*:*,,,,,,,,
CPE:cpe:2.3:a:adobe:magento:2.4.6:p1:*:*:open_source:*:*:*,CPE,cpe:2.3:a:adobe:magento:2.4.6:p1:*:*:open_source:*:*:*,,,,,,,,
CPE:cpe:2.3:a:adobe:magento:2.4.6:p2:*:*:open_source:*:*:*,CPE,cpe:2.3:a:adobe:magento:2.4.6:p2:*:*:open_source:*:*:*,,,,,,,,
CPE:cpe:2.3:a:adobe:magento:2.4.6:p3:*:*:open_source:*:*:*,CPE,cpe:2.3:a:adobe:magento:2.4.6:p3:*:*:open_source:*:*:*,,,,,,,,
CPE:cpe:2.3:a:adobe:magento:2.4.6:p4:*:*:open_source:*:*:*,CPE,cpe:2.3:a:adobe:magento:2.4.6:p4:*:*:open_source:*:*:*,,,,,,,,
CPE:cpe:2.3:a:adobe:magento:2.4.6:p5:*:*:open_source:*:*:*,CPE,cpe:2.3:a:adobe:magento:2.4.6:p5:*:*:open_source:*:*:*,,,,,,,,
CPE:cpe:2.3:a:adobe:magento:2.4.7:b1:*:*:open_source:*:*:*,CPE,cpe:2.3:a:adobe:magento:2.4.7:b1:*:*:open_source:*:*:*,,,,,,,,
REF:CVE-2024-34108:0,Reference,https://helpx.adobe.com/security/products/magento/apsb24-40.html,,,,,,,,https://helpx.adobe.com/security/products/magento/apsb24-40.html
CVE:CVE-2024-39374,CVE,CVE-2024-39374,20728,0.042000,LOW,CRITICAL,False,2024-06-27T16:15:11.603000Z,,
CPE:cpe:2.3:h:markoni:markoni-d_\(compact\):-:*:*:*:*:*:*:*,CPE,cpe:2.3:h:markoni:markoni-d_\(compact\):-:*:*:*:*:*:*:*,,,,,,,,
CPE:cpe:2.3:h:markoni:markoni-dh_\(exciter\+amplifiers\):-:*:*:*:*:*:*:*,CPE,cpe:2.3:h:markoni:markoni-dh_\(exciter\+amplifiers\):-:*:*:*:*:*:*:*,,,,,,,,
CPE:cpe:2.3:o:markoni:markoni-d_\(compact\)_firmware:*:*:*:*:*:*:*:*,CPE,cpe:2.3:o:markoni:markoni-d_\(compact\)_firmware:*:*:*:*:*:*:*:*,,,,,,,,
CPE:cpe:2.3:o:markoni:markoni-dh_\(exciter\+amplifiers\)_firmware:*:*:*:*:*:*:*:*,CPE,cpe:2.3:o:markoni:markoni-dh_\(exciter\+amplifiers\)_firmware:*:*:*:*:*:*:*:*,,,,,,,,
REF:CVE-2024-39374:0,Reference,https://www.cisa.gov/news-events/ics-advisories/icsa-24-179-01,,,,,,,,https://www.cisa.gov/news-events/ics-advisories/icsa-24-179-01
CVE:CVE-2024-38091,CVE,CVE-2024-38091,21779,0.042000,LOW,HIGH,False,2024-07-09T17:15:45.380000Z,,
CWE:CWE-166,CWE,CWE-166,,,,,,,,
REF:CVE-2024-38091:0,Reference,https://msrc.microsoft.com/update-guide/vulnerability/CVE-2024-38091,,,,,,,,https://msrc.microsoft.com/update-guide/vulnerability/CVE-2024-38091
CVE:CVE-2024-31070,CVE,CVE-2024-31070,22755,0.042000,LOW,CRITICAL,False,2024-07-17T09:15:02.813000Z,,
CPE:cpe:2.3:h:centurysys:futurenet_nxr-1200:-:*:*:*:*:*:*:*,CPE,cpe:2.3:h:centurysys:futurenet_nxr-1200:-:*:*:*:*:*:*:*,,,,,,,,
CPE:cpe:2.3:h:centurysys:futurenet_nxr-120\/c:-:*:*:*:*:*:*:*,CPE,cpe:2.3:h:centurysys:futurenet_nxr-120\/c:-:*:*:*:*:*:*:*,,,,,,,,
CPE:cpe:2.3:h:centurysys:futurenet_nxr-130\/c:-:*:*:*:*:*:*:*,CPE,cpe:2.3:h:centurysys:futurenet_nxr-130\/c:-:*:*:*:*:*:*:*,,,,,,,,
CPE:cpe:2.3:h:centurysys:futurenet_nxr-160\/lw:-:*:*:*:*:*:*:*,CPE,cpe:2.3:h:centurysys:futurenet_nxr-160\/lw:-:*:*:*:*:*:*:*,,,,,,,,
CPE:cpe:2.3:h:centurysys:futurenet_nxr-230\/c:-:*:*:*:*:*:*:*,CPE,cpe:2.3:h:centurysys:futurenet_nxr-230\/c:-:*:*:*:*:*:*:*,,,,,,,,
CPE:cpe:2.3:h:centurysys:futurenet_nxr-350\/c:-:*:*:*:*:*:*:*,CPE,cpe:2.3:h:centurysys:futurenet_nxr-350\/c:-:*:*:*:*:*:*:*,,,,,,,,
CPE:cpe:2.3:h:centurysys:futurenet_nxr-530:-:*:*:*:*:*:*:*,CPE,cpe:2.3:h:centurysys:futurenet_nxr-530:-:*:*:*:*:*:*:*,,,,,,,,
CPE:cpe:2.3:h:centurysys:futurenet_nxr-g180\/l-ca:-:*:*:*:*:*:*:*,CPE,cpe:2.3:h:centurysys:futurenet_nxr-g180\/l-ca:-:*:*:*:*:*:*:*,,,,,,,,
CPE:cpe:2.3:h:centurysys:futurenet_wxr-250:-:*:*:*:*:*:*:*,CPE,cpe:2.3:h:centurysys:futurenet_wxr-250:-:*:*:*:*:*:*:*,,,,,,,,
CPE:cpe:2.3:o:centurysys:futurenet_nxr-1200_firmware:*:*:*:*:*:*:*:*,CPE,cpe:2.3:o:centurysys:futurenet_nxr-1200_firmware:*:*:*:*:*:*:*:*,,,,,,,,
CPE:cpe:2.3:o:centurysys:futurenet_nxr-120\/c_firmware:*:*:*:*:*:*:*:*,CPE,cpe:2.3:o:centurysys:futurenet_nxr-120\/c_firmware:*:*:*:*:*:*:*:*,,,,,,,,
CPE:cpe:2.3:o:centurysys:futurenet_nxr-125\/cx_firmware:*:*:*:*:*:*:*:*,CPE,cpe:2.3:o:centurysys:futurenet_nxr-125\/cx_firmware:*:*:*:*:*:*:*:*,,,,,,,,
CPE:cpe:2.3:o:centurysys:futurenet_nxr-1300_firmware:*:*:*:*:*:*:*:*,CPE,cpe:2.3:o:centurysys:futurenet_nxr-1300_firmware:*:*:*:*:*:*:*:*,,,,,,,,
CPE:cpe:2.3:o:centurysys:futurenet_nxr-130\/c_firmware:*:*:*:*:*:*:*:*,CPE,cpe:2.3:o:centurysys:futurenet_nxr-130\/c_firmware:*:*:*:*:*:*:*:*,,,,,,,,
CPE:cpe:2.3:o:centurysys:futurenet_nxr-155\/c_firmware:*:*:*:*:*:*:*:*,CPE,cpe:2.3:o:centurysys:futurenet_nxr-155\/c_firmware:*:*:*:*:*:*:*:*,,,,,,,,
CPE:cpe:2.3:o:centurysys:futurenet_nxr-160\/lw_firmware:*:*:*:*:*:*:*:*,CPE,cpe:2.3:o:centurysys:futurenet_nxr-160\/lw_firmware:*:*:*:*:*:*:*:*,,,,,,,,
CPE:cpe:2.3:o:centurysys:futurenet_nxr-230\/c_firmware:*:*:*:*:*:*:*:*,CPE,cpe:2.3:o:centurysys:futurenet_nxr-230\/c_firmware:*:*:*:*:*:*:*:*,,,,,,,,
CPE:cpe:2.3:o:centurysys:futurenet_nxr-350\/c_firmware:*:*:*:*:*:*:*:*,CPE,cpe:2.3:o:centurysys:futurenet_nxr-350\/c_firmware:*:*:*:*:*:*:*:*,,,,,,,,
CPE:cpe:2.3:o:centurysys:futurenet_nxr-530_firmware:*:*:*:*:*:*:*:*,CPE,cpe:2.3:o:centurysys:futurenet_nxr-530_firmware:*:*:*:*:*:*:*:*,,,,,,,,
CPE:cpe:2.3:o:centurysys:futurenet_nxr-610x_firmware:*:*:*:*:*:*:*:*,CPE,cpe:2.3:o:centurysys:futurenet_nxr-610x_firmware:*:*:*:*:*:*:*:*,,,,,,,,
CPE:cpe:2.3:o:centurysys:futurenet_nxr-650_firmware:*:*:*:*:*:*:*:*,CPE,cpe:2.3:o:centurysys:futurenet_nxr-650_firmware:*:*:*:*:*:*:*:*,,,,,,,,
CPE:cpe:2.3:o:centurysys:futurenet_nxr-g050_firmware:*:*:*:*:*:*:*:*,CPE,cpe:2.3:o:centurysys:futurenet_nxr-g050_firmware:*:*:*:*:*:*:*:*,,,,,,,,
CPE:cpe:2.3:o:centurysys:futurenet_nxr-g060_firmware:*:*:*:*:*:*:*:*,CPE,cpe:2.3:o:centurysys:futurenet_nxr-g060_firmware:*:*:*:*:*:*:*:*,,,,,,,,
CPE:cpe:2.3:o:centurysys:futurenet_nxr-g100_firmware:*:*:*:*:*:*:*:*,CPE,cpe:2.3:o:centurysys:futurenet_nxr-g100_firmware:*:*:*:*:*:*:*:*,,,,,,,,
CPE:cpe:2.3:o:centurysys:futurenet_nxr-g110_firmware:*:*:*:*:*:*:*:*,CPE,cpe:2.3:o:centurysys:futurenet_nxr-g110_firmware:*:*:*:*:*:*:*:*,,,,,,,,
CPE:cpe:2.3:o:centurysys:futurenet_nxr-g120_firmware:*:*:*:*:*:*:*:*,CPE,cpe:2.3:o:centurysys:futurenet_nxr-g120_firmware:*:*:*:*:*:*:*:*,,,,,,,,
CPE:cpe:2.3:o:centurysys:futurenet_nxr-g180\/l-ca_firmware:*:*:*:*:*:*:*:*,CPE,cpe:2.3:o:centurysys:futurenet_nxr-g180\/l-ca_firmware:*:*:*:*:*:*:*:*,,,,,,,,
CPE:cpe:2.3:o:centurysys:futurenet_nxr-g200_firmware:*:*:*:*:*:*:*:*,CPE,cpe:2.3:o:centurysys:futurenet_nxr-g200_firmware:*:*:*:*:*:*:*:*,,,,,,,,
CPE:cpe:2.3:o:centurysys:futurenet_vxr-x64:*:*:*:*:*:*:*:*,CPE,cpe:2.3:o:centurysys:futurenet_vxr-x64:*:*:*:*:*:*:*:*,,,,,,,,
CPE:cpe:2.3:o:centurysys:futurenet_vxr-x86:*:*:*:*:*:*:*:*,CPE,cpe:2.3:o:centurysys:futurenet_vxr-x86:*:*:*:*:*:*:*:*,,,,,,,,
CPE:cpe:2.3:o:centurysys:futurenet_wxr-250_firmware:*:*:*:*:*:*:*:*,CPE,cpe:2.3:o:centurysys:futurenet_wxr-250_firmware:*:*:*:*:*:*:*:*,,,,,,,,
REF:CVE-2024-31070:0,Reference,https://jvn.jp/en/vu/JVNVU96424864/,,,,,,,,https://jvn.jp/en/vu/JVNVU96424864/
REF:CVE-2024-31070:1,Reference,https://www.centurysys.co.jp/backnumber/nxr_common/20240716-01.html,,,,,,,,https://www.centurysys.co.jp/backnumber/nxr_common/20240716-01.html
REF:CVE-2024-31070:2,Reference,https://www.centurysys.co.jp/backnumber/nxr_common/20240716-03.html,,,,,,,,https://www.centurysys.co.jp/backnumber/nxr_common/20240716-03.html
CVE:CVE-2024-38131,CVE,CVE-2024-38131,25189,0.042000,LOW,HIGH,False,2024-08-13T18:15:15.833000Z,,
CPE:cpe:2.3:a:microsoft:remote_desktop_client:*:*:*:*:*:windows:*:*,CPE,cpe:2.3:a:microsoft:remote_desktop_client:*:*:*:*:*:windows:*:*,,,,,,,,
REF:CVE-2024-38131:0,Reference,https://msrc.microsoft.com/update-guide/vulnerability/CVE-2024-38131,,,,,,,,https://msrc.microsoft.com/update-guide/vulnerability/CVE-2024-38131
CVE:CVE-2024-44342,CVE,CVE-2024-44342,26698,0.042000,LOW,CRITICAL,False,2024-08-27T16:15:07.993000Z,,
CPE:cpe:2.3:h:dlink:dir-846w:a1:*:*:*:*:*:*:*,CPE,cpe:2.3:h:dlink:dir-846w:a1:*:*:*:*:*:*:*,,,,,,,,
CPE:cpe:2.3:o:dlink:dir-846w_firmware:fw100a43:*:*:*:*:*:*:*,CPE,cpe:2.3:o:dlink:dir-846w_firmware:fw100a43:*:*:*:*:*:*:*,,,,,,,,
REF:CVE-2024-44342:0,Reference,http://www.dlink.com.cn/techsupport/ProductInfo.aspx?m=DIR-846W,,,,,,,,http://www.dlink.com.cn/techsupport/ProductInfo.aspx?m=DIR-846W
REF:CVE-2024-44342:1,Reference,https://github.com/yali-1002/some-poc/blob/main/CVE-2024-44342,,,,,,,,https://github.com/yali-1002/some-poc/blob/main/CVE-2024-44342
REF:CVE-2024-44342:2,Reference,https://www.dlink.com/en/security-bulletin/,,,,,,,,https://www.dlink.com/en/security-bulletin/
CVE:CVE-2024-38238,CVE,CVE-2024-38238,27816,0.042000,LOW,HIGH,False,2024-09-10T17:15:27.520000Z,,
REF:CVE-2024-38238:0,Reference,https://msrc.microsoft.com/update-guide/vulnerability/CVE-2024-38238,,,,,,,,https://msrc.microsoft.com/update-guide/vulnerability/CVE-2024-38238
CVE:CVE-2024-38241,CVE,CVE-2024-38241,27819,0.042000,LOW,HIGH,False,2024-09-10T17:15:28.347000Z,,
REF:CVE-2024-38241:0,Reference,https://msrc.microsoft.com/update-guide/vulnerability/CVE-2024-38241,,,,,,,,https://msrc.microsoft.com/update-guide/vulnerability/CVE-2024-38241
CVE:CVE-2024-38242,CVE,CVE-2024-38242,27820,0.042000,LOW,HIGH,False,2024-09-10T17:15:28.583000Z,,
REF:CVE-2024-38242:0,Reference,https://msrc.microsoft.com/update-guide/vulnerability/CVE-2024-38242,,,,,,,,https://msrc.microsoft.com/update-guide/vulnerability/CVE-2024-38242
CVE:CVE-2026-42511,CVE,CVE-2026-42511,112660,0.009998,MINIMAL,HIGH,False,2026-04-30T07:16:37.290000Z,,
RISK:MINIMAL,RiskCategory,MINIMAL,,,,,,,,
CWE:CWE-149,CWE,CWE-149,,,,,,,,
CPE:cpe:2.3:o:freebsd:freebsd:13.5:-:*:*:*:*:*:*,CPE,cpe:2.3:o:freebsd:freebsd:13.5:-:*:*:*:*:*:*,,,,,,,,
CPE:cpe:2.3:o:freebsd:freebsd:13.5:beta3:*:*:*:*:*:*,CPE,cpe:2.3:o:freebsd:freebsd:13.5:beta3:*:*:*:*:*:*,,,,,,,,
CPE:cpe:2.3:o:freebsd:freebsd:13.5:p10:*:*:*:*:*:*,CPE,cpe:2.3:o:freebsd:freebsd:13.5:p10:*:*:*:*:*:*,,,,,,,,
CPE:cpe:2.3:o:freebsd:freebsd:13.5:p11:*:*:*:*:*:*,CPE,cpe:2.3:o:freebsd:freebsd:13.5:p11:*:*:*:*:*:*,,,,,,,,
CPE:cpe:2.3:o:freebsd:freebsd:13.5:p12:*:*:*:*:*:*,CPE,cpe:2.3:o:freebsd:freebsd:13.5:p12:*:*:*:*:*:*,,,,,,,,
CPE:cpe:2.3:o:freebsd:freebsd:13.5:p1:*:*:*:*:*:*,CPE,cpe:2.3:o:freebsd:freebsd:13.5:p1:*:*:*:*:*:*,,,,,,,,
CPE:cpe:2.3:o:freebsd:freebsd:13.5:p2:*:*:*:*:*:*,CPE,cpe:2.3:o:freebsd:freebsd:13.5:p2:*:*:*:*:*:*,,,,,,,,
CPE:cpe:2.3:o:freebsd:freebsd:13.5:p3:*:*:*:*:*:*,CPE,cpe:2.3:o:freebsd:freebsd:13.5:p3:*:*:*:*:*:*,,,,,,,,
CPE:cpe:2.3:o:freebsd:freebsd:13.5:p4:*:*:*:*:*:*,CPE,cpe:2.3:o:freebsd:freebsd:13.5:p4:*:*:*:*:*:*,,,,,,,,
CPE:cpe:2.3:o:freebsd:freebsd:13.5:p5:*:*:*:*:*:*,CPE,cpe:2.3:o:freebsd:freebsd:13.5:p5:*:*:*:*:*:*,,,,,,,,
CPE:cpe:2.3:o:freebsd:freebsd:13.5:p6:*:*:*:*:*:*,CPE,cpe:2.3:o:freebsd:freebsd:13.5:p6:*:*:*:*:*:*,,,,,,,,
CPE:cpe:2.3:o:freebsd:freebsd:13.5:p7:*:*:*:*:*:*,CPE,cpe:2.3:o:freebsd:freebsd:13.5:p7:*:*:*:*:*:*,,,,,,,,
CPE:cpe:2.3:o:freebsd:freebsd:13.5:p8:*:*:*:*:*:*,CPE,cpe:2.3:o:freebsd:freebsd:13.5:p8:*:*:*:*:*:*,,,,,,,,
CPE:cpe:2.3:o:freebsd:freebsd:13.5:p9:*:*:*:*:*:*,CPE,cpe:2.3:o:freebsd:freebsd:13.5:p9:*:*:*:*:*:*,,,,,,,,
CPE:cpe:2.3:o:freebsd:freebsd:14.3:-:*:*:*:*:*:*,CPE,cpe:2.3:o:freebsd:freebsd:14.3:-:*:*:*:*:*:*,,,,,,,,
CPE:cpe:2.3:o:freebsd:freebsd:14.3:p10:*:*:*:*:*:*,CPE,cpe:2.3:o:freebsd:freebsd:14.3:p10:*:*:*:*:*:*,,,,,,,,
CPE:cpe:2.3:o:freebsd:freebsd:14.3:p11:*:*:*:*:*:*,CPE,cpe:2.3:o:freebsd:freebsd:14.3:p11:*:*:*:*:*:*,,,,,,,,
CPE:cpe:2.3:o:freebsd:freebsd:14.3:p1:*:*:*:*:*:*,CPE,cpe:2.3:o:freebsd:freebsd:14.3:p1:*:*:*:*:*:*,,,,,,,,
CPE:cpe:2.3:o:freebsd:freebsd:14.3:p2:*:*:*:*:*:*,CPE,cpe:2.3:o:freebsd:freebsd:14.3:p2:*:*:*:*:*:*,,,,,,,,
CPE:cpe:2.3:o:freebsd:freebsd:14.3:p3:*:*:*:*:*:*,CPE,cpe:2.3:o:freebsd:freebsd:14.3:p3:*:*:*:*:*:*,,,,,,,,
CPE:cpe:2.3:o:freebsd:freebsd:14.3:p4:*:*:*:*:*:*,CPE,cpe:2.3:o:freebsd:freebsd:14.3:p4:*:*:*:*:*:*,,,,,,,,
CPE:cpe:2.3:o:freebsd:freebsd:14.3:p5:*:*:*:*:*:*,CPE,cpe:2.3:o:freebsd:freebsd:14.3:p5:*:*:*:*:*:*,,,,,,,,
CPE:cpe:2.3:o:freebsd:freebsd:14.3:p6:*:*:*:*:*:*,CPE,cpe:2.3:o:freebsd:freebsd:14.3:p6:*:*:*:*:*:*,,,,,,,,
CPE:cpe:2.3:o:freebsd:freebsd:14.3:p7:*:*:*:*:*:*,CPE,cpe:2.3:o:freebsd:freebsd:14.3:p7:*:*:*:*:*:*,,,,,,,,
CPE:cpe:2.3:o:freebsd:freebsd:14.3:p8:*:*:*:*:*:*,CPE,cpe:2.3:o:freebsd:freebsd:14.3:p8:*:*:*:*:*:*,,,,,,,,
CPE:cpe:2.3:o:freebsd:freebsd:14.3:p9:*:*:*:*:*:*,CPE,cpe:2.3:o:freebsd:freebsd:14.3:p9:*:*:*:*:*:*,,,,,,,,
CPE:cpe:2.3:o:freebsd:freebsd:14.4:-:*:*:*:*:*:*,CPE,cpe:2.3:o:freebsd:freebsd:14.4:-:*:*:*:*:*:*,,,,,,,,
CPE:cpe:2.3:o:freebsd:freebsd:14.4:p1:*:*:*:*:*:*,CPE,cpe:2.3:o:freebsd:freebsd:14.4:p1:*:*:*:*:*:*,,,,,,,,
CPE:cpe:2.3:o:freebsd:freebsd:14.4:p2:*:*:*:*:*:*,CPE,cpe:2.3:o:freebsd:freebsd:14.4:p2:*:*:*:*:*:*,,,,,,,,
CPE:cpe:2.3:o:freebsd:freebsd:14.4:rc1:*:*:*:*:*:*,CPE,cpe:2.3:o:freebsd:freebsd:14.4:rc1:*:*:*:*:*:*,,,,,,,,
CPE:cpe:2.3:o:freebsd:freebsd:15.0:-:*:*:*:*:*:*,CPE,cpe:2.3:o:freebsd:freebsd:15.0:-:*:*:*:*:*:*,,,,,,,,
CPE:cpe:2.3:o:freebsd:freebsd:15.0:p1:*:*:*:*:*:*,CPE,cpe:2.3:o:freebsd:freebsd:15.0:p1:*:*:*:*:*:*,,,,,,,,
CPE:cpe:2.3:o:freebsd:freebsd:15.0:p2:*:*:*:*:*:*,CPE,cpe:2.3:o:freebsd:freebsd:15.0:p2:*:*:*:*:*:*,,,,,,,,
CPE:cpe:2.3:o:freebsd:freebsd:15.0:p3:*:*:*:*:*:*,CPE,cpe:2.3:o:freebsd:freebsd:15.0:p3:*:*:*:*:*:*,,,,,,,,
CPE:cpe:2.3:o:freebsd:freebsd:15.0:p4:*:*:*:*:*:*,CPE,cpe:2.3:o:freebsd:freebsd:15.0:p4:*:*:*:*:*:*,,,,,,,,
CPE:cpe:2.3:o:freebsd:freebsd:15.0:p5:*:*:*:*:*:*,CPE,cpe:2.3:o:freebsd:freebsd:15.0:p5:*:*:*:*:*:*,,,,,,,,
CPE:cpe:2.3:o:freebsd:freebsd:15.0:p6:*:*:*:*:*:*,CPE,cpe:2.3:o:freebsd:freebsd:15.0:p6:*:*:*:*:*:*,,,,,,,,
REF:CVE-2026-42511:0,Reference,https://security.freebsd.org/advisories/FreeBSD-SA-26:12.dhclient.asc,,,,,,,,https://security.freebsd.org/advisories/FreeBSD-SA-26:12.dhclient.asc
CVE:CVE-2026-47995,CVE,CVE-2026-47995,131444,0.009998,MINIMAL,HIGH,False,2026-07-14T20:17:04.727000Z,,
CPE:cpe:2.3:a:adobe:commerce:2.4.4:p10:*:*:*:*:*:*,CPE,cpe:2.3:a:adobe:commerce:2.4.4:p10:*:*:*:*:*:*,,,,,,,,
CPE:cpe:2.3:a:adobe:commerce:2.4.4:p11:*:*:*:*:*:*,CPE,cpe:2.3:a:adobe:commerce:2.4.4:p11:*:*:*:*:*:*,,,,,,,,
CPE:cpe:2.3:a:adobe:commerce:2.4.4:p12:*:*:*:*:*:*,CPE,cpe:2.3:a:adobe:commerce:2.4.4:p12:*:*:*:*:*:*,,,,,,,,
CPE:cpe:2.3:a:adobe:commerce:2.4.4:p13:*:*:*:*:*:*,CPE,cpe:2.3:a:adobe:commerce:2.4.4:p13:*:*:*:*:*:*,,,,,,,,
CPE:cpe:2.3:a:adobe:commerce:2.4.4:p14:*:*:*:*:*:*,CPE,cpe:2.3:a:adobe:commerce:2.4.4:p14:*:*:*:*:*:*,,,,,,,,
CPE:cpe:2.3:a:adobe:commerce:2.4.4:p15:*:*:*:*:*:*,CPE,cpe:2.3:a:adobe:commerce:2.4.4:p15:*:*:*:*:*:*,,,,,,,,
CPE:cpe:2.3:a:adobe:commerce:2.4.4:p16:*:*:*:*:*:*,CPE,cpe:2.3:a:adobe:commerce:2.4.4:p16:*:*:*:*:*:*,,,,,,,,
CPE:cpe:2.3:a:adobe:commerce:2.4.4:p17:*:*:*:*:*:*,CPE,cpe:2.3:a:adobe:commerce:2.4.4:p17:*:*:*:*:*:*,,,,,,,,
CPE:cpe:2.3:a:adobe:commerce:2.4.4:p18:*:*:*:*:*:*,CPE,cpe:2.3:a:adobe:commerce:2.4.4:p18:*:*:*:*:*:*,,,,,,,,
CPE:cpe:2.3:a:adobe:commerce:2.4.4:p7:*:*:*:*:*:*,CPE,cpe:2.3:a:adobe:commerce:2.4.4:p7:*:*:*:*:*:*,,,,,,,,
CPE:cpe:2.3:a:adobe:commerce:2.4.4:p8:*:*:*:*:*:*,CPE,cpe:2.3:a:adobe:commerce:2.4.4:p8:*:*:*:*:*:*,,,,,,,,
CPE:cpe:2.3:a:adobe:commerce:2.4.4:p9:*:*:*:*:*:*,CPE,cpe:2.3:a:adobe:commerce:2.4.4:p9:*:*:*:*:*:*,,,,,,,,
CPE:cpe:2.3:a:adobe:commerce:2.4.5:p10:*:*:*:*:*:*,CPE,cpe:2.3:a:adobe:commerce:2.4.5:p10:*:*:*:*:*:*,,,,,,,,
CPE:cpe:2.3:a:adobe:commerce:2.4.5:p11:*:*:*:*:*:*,CPE,cpe:2.3:a:adobe:commerce:2.4.5:p11:*:*:*:*:*:*,,,,,,,,
CPE:cpe:2.3:a:adobe:commerce:2.4.5:p12:*:*:*:*:*:*,CPE,cpe:2.3:a:adobe:commerce:2.4.5:p12:*:*:*:*:*:*,,,,,,,,
CPE:cpe:2.3:a:adobe:commerce:2.4.5:p13:*:*:*:*:*:*,CPE,cpe:2.3:a:adobe:commerce:2.4.5:p13:*:*:*:*:*:*,,,,,,,,
CPE:cpe:2.3:a:adobe:commerce:2.4.5:p14:*:*:*:*:*:*,CPE,cpe:2.3:a:adobe:commerce:2.4.5:p14:*:*:*:*:*:*,,,,,,,,
CPE:cpe:2.3:a:adobe:commerce:2.4.5:p15:*:*:*:*:*:*,CPE,cpe:2.3:a:adobe:commerce:2.4.5:p15:*:*:*:*:*:*,,,,,,,,
CPE:cpe:2.3:a:adobe:commerce:2.4.5:p16:*:*:*:*:*:*,CPE,cpe:2.3:a:adobe:commerce:2.4.5:p16:*:*:*:*:*:*,,,,,,,,
CPE:cpe:2.3:a:adobe:commerce:2.4.5:p17:*:*:*:*:*:*,CPE,cpe:2.3:a:adobe:commerce:2.4.5:p17:*:*:*:*:*:*,,,,,,,,
CPE:cpe:2.3:a:adobe:commerce:2.4.5:p6:*:*:*:*:*:*,CPE,cpe:2.3:a:adobe:commerce:2.4.5:p6:*:*:*:*:*:*,,,,,,,,
CPE:cpe:2.3:a:adobe:commerce:2.4.5:p7:*:*:*:*:*:*,CPE,cpe:2.3:a:adobe:commerce:2.4.5:p7:*:*:*:*:*:*,,,,,,,,
CPE:cpe:2.3:a:adobe:commerce:2.4.5:p8:*:*:*:*:*:*,CPE,cpe:2.3:a:adobe:commerce:2.4.5:p8:*:*:*:*:*:*,,,,,,,,
CPE:cpe:2.3:a:adobe:commerce:2.4.5:p9:*:*:*:*:*:*,CPE,cpe:2.3:a:adobe:commerce:2.4.5:p9:*:*:*:*:*:*,,,,,,,,
CPE:cpe:2.3:a:adobe:commerce:2.4.6:p10:*:*:*:*:*:*,CPE,cpe:2.3:a:adobe:commerce:2.4.6:p10:*:*:*:*:*:*,,,,,,,,
CPE:cpe:2.3:a:adobe:commerce:2.4.6:p11:*:*:*:*:*:*,CPE,cpe:2.3:a:adobe:commerce:2.4.6:p11:*:*:*:*:*:*,,,,,,,,
CPE:cpe:2.3:a:adobe:commerce:2.4.6:p12:*:*:*:*:*:*,CPE,cpe:2.3:a:adobe:commerce:2.4.6:p12:*:*:*:*:*:*,,,,,,,,
CPE:cpe:2.3:a:adobe:commerce:2.4.6:p13:*:*:*:*:*:*,CPE,cpe:2.3:a:adobe:commerce:2.4.6:p13:*:*:*:*:*:*,,,,,,,,
CPE:cpe:2.3:a:adobe:commerce:2.4.6:p14:*:*:*:*:*:*,CPE,cpe:2.3:a:adobe:commerce:2.4.6:p14:*:*:*:*:*:*,,,,,,,,
CPE:cpe:2.3:a:adobe:commerce:2.4.6:p15:*:*:*:*:*:*,CPE,cpe:2.3:a:adobe:commerce:2.4.6:p15:*:*:*:*:*:*,,,,,,,,
CPE:cpe:2.3:a:adobe:commerce:2.4.6:p4:*:*:*:*:*:*,CPE,cpe:2.3:a:adobe:commerce:2.4.6:p4:*:*:*:*:*:*,,,,,,,,
CPE:cpe:2.3:a:adobe:commerce:2.4.6:p5:*:*:*:*:*:*,CPE,cpe:2.3:a:adobe:commerce:2.4.6:p5:*:*:*:*:*:*,,,,,,,,
CPE:cpe:2.3:a:adobe:commerce:2.4.6:p6:*:*:*:*:*:*,CPE,cpe:2.3:a:adobe:commerce:2.4.6:p6:*:*:*:*:*:*,,,,,,,,
CPE:cpe:2.3:a:adobe:commerce:2.4.6:p7:*:*:*:*:*:*,CPE,cpe:2.3:a:adobe:commerce:2.4.6:p7:*:*:*:*:*:*,,,,,,,,
CPE:cpe:2.3:a:adobe:commerce:2.4.6:p8:*:*:*:*:*:*,CPE,cpe:2.3:a:adobe:commerce:2.4.6:p8:*:*:*:*:*:*,,,,,,,,
CPE:cpe:2.3:a:adobe:commerce:2.4.6:p9:*:*:*:*:*:*,CPE,cpe:2.3:a:adobe:commerce:2.4.6:p9:*:*:*:*:*:*,,,,,,,,
CPE:cpe:2.3:a:adobe:commerce:2.4.7:-:*:*:*:*:*:*,CPE,cpe:2.3:a:adobe:commerce:2.4.7:-:*:*:*:*:*:*,,,,,,,,
CPE:cpe:2.3:a:adobe:commerce:2.4.7:b1:*:*:*:*:*:*,CPE,cpe:2.3:a:adobe:commerce:2.4.7:b1:*:*:*:*:*:*,,,,,,,,
CPE:cpe:2.3:a:adobe:commerce:2.4.7:b2:*:*:*:*:*:*,CPE,cpe:2.3:a:adobe:commerce:2.4.7:b2:*:*:*:*:*:*,,,,,,,,
CPE:cpe:2.3:a:adobe:commerce:2.4.7:beta3:*:*:*:*:*:*,CPE,cpe:2.3:a:adobe:commerce:2.4.7:beta3:*:*:*:*:*:*,,,,,,,,
CPE:cpe:2.3:a:adobe:commerce:2.4.7:p10:*:*:*:*:*:*,CPE,cpe:2.3:a:adobe:commerce:2.4.7:p10:*:*:*:*:*:*,,,,,,,,
CPE:cpe:2.3:a:adobe:commerce:2.4.7:p1:*:*:*:*:*:*,CPE,cpe:2.3:a:adobe:commerce:2.4.7:p1:*:*:*:*:*:*,,,,,,,,
CPE:cpe:2.3:a:adobe:commerce:2.4.7:p2:*:*:*:*:*:*,CPE,cpe:2.3:a:adobe:commerce:2.4.7:p2:*:*:*:*:*:*,,,,,,,,
CPE:cpe:2.3:a:adobe:commerce:2.4.7:p3:*:*:*:*:*:*,CPE,cpe:2.3:a:adobe:commerce:2.4.7:p3:*:*:*:*:*:*,,,,,,,,
CPE:cpe:2.3:a:adobe:commerce:2.4.7:p4:*:*:*:*:*:*,CPE,cpe:2.3:a:adobe:commerce:2.4.7:p4:*:*:*:*:*:*,,,,,,,,
CPE:cpe:2.3:a:adobe:commerce:2.4.7:p5:*:*:*:*:*:*,CPE,cpe:2.3:a:adobe:commerce:2.4.7:p5:*:*:*:*:*:*,,,,,,,,
CPE:cpe:2.3:a:adobe:commerce:2.4.7:p6:*:*:*:*:*:*,CPE,cpe:2.3:a:adobe:commerce:2.4.7:p6:*:*:*:*:*:*,,,,,,,,
CPE:cpe:2.3:a:adobe:commerce:2.4.7:p7:*:*:*:*:*:*,CPE,cpe:2.3:a:adobe:commerce:2.4.7:p7:*:*:*:*:*:*,,,,,,,,
CPE:cpe:2.3:a:adobe:commerce:2.4.7:p8:*:*:*:*:*:*,CPE,cpe:2.3:a:adobe:commerce:2.4.7:p8:*:*:*:*:*:*,,,,,,,,
CPE:cpe:2.3:a:adobe:commerce:2.4.7:p9:*:*:*:*:*:*,CPE,cpe:2.3:a:adobe:commerce:2.4.7:p9:*:*:*:*:*:*,,,,,,,,
CPE:cpe:2.3:a:adobe:commerce:2.4.8:-:*:*:*:*:*:*,CPE,cpe:2.3:a:adobe:commerce:2.4.8:-:*:*:*:*:*:*,,,,,,,,
CPE:cpe:2.3:a:adobe:commerce:2.4.8:beta1:*:*:*:*:*:*,CPE,cpe:2.3:a:adobe:commerce:2.4.8:beta1:*:*:*:*:*:*,,,,,,,,
CPE:cpe:2.3:a:adobe:commerce:2.4.8:beta2:*:*:*:*:*:*,CPE,cpe:2.3:a:adobe:commerce:2.4.8:beta2:*:*:*:*:*:*,,,,,,,,
CPE:cpe:2.3:a:adobe:commerce:2.4.8:p1:*:*:*:*:*:*,CPE,cpe:2.3:a:adobe:commerce:2.4.8:p1:*:*:*:*:*:*,,,,,,,,
CPE:cpe:2.3:a:adobe:commerce:2.4.8:p2:*:*:*:*:*:*,CPE,cpe:2.3:a:adobe:commerce:2.4.8:p2:*:*:*:*:*:*,,,,,,,,
CPE:cpe:2.3:a:adobe:commerce:2.4.8:p3:*:*:*:*:*:*,CPE,cpe:2.3:a:adobe:commerce:2.4.8:p3:*:*:*:*:*:*,,,,,,,,
CPE:cpe:2.3:a:adobe:commerce:2.4.8:p4:*:*:*:*:*:*,CPE,cpe:2.3:a:adobe:commerce:2.4.8:p4:*:*:*:*:*:*,,,,,,,,
CPE:cpe:2.3:a:adobe:commerce:2.4.8:p5:*:*:*:*:*:*,CPE,cpe:2.3:a:adobe:commerce:2.4.8:p5:*:*:*:*:*:*,,,,,,,,
CPE:cpe:2.3:a:adobe:commerce:2.4.9:-:*:*:*:*:*:*,CPE,cpe:2.3:a:adobe:commerce:2.4.9:-:*:*:*:*:*:*,,,,,,,,
CPE:cpe:2.3:a:adobe:commerce_b2b:1.3.3:-:*:*:*:*:*:*,CPE,cpe:2.3:a:adobe:commerce_b2b:1.3.3:-:*:*:*:*:*:*,,,,,,,,
CPE:cpe:2.3:a:adobe:commerce_b2b:1.3.3:p10:*:*:*:*:*:*,CPE,cpe:2.3:a:adobe:commerce_b2b:1.3.3:p10:*:*:*:*:*:*,,,,,,,,
CPE:cpe:2.3:a:adobe:commerce_b2b:1.3.3:p11:*:*:*:*:*:*,CPE,cpe:2.3:a:adobe:commerce_b2b:1.3.3:p11:*:*:*:*:*:*,,,,,,,,
CPE:cpe:2.3:a:adobe:commerce_b2b:1.3.3:p12:*:*:*:*:*:*,CPE,cpe:2.3:a:adobe:commerce_b2b:1.3.3:p12:*:*:*:*:*:*,,,,,,,,
CPE:cpe:2.3:a:adobe:commerce_b2b:1.3.3:p13:*:*:*:*:*:*,CPE,cpe:2.3:a:adobe:commerce_b2b:1.3.3:p13:*:*:*:*:*:*,,,,,,,,
CPE:cpe:2.3:a:adobe:commerce_b2b:1.3.3:p14:*:*:*:*:*:*,CPE,cpe:2.3:a:adobe:commerce_b2b:1.3.3:p14:*:*:*:*:*:*,,,,,,,,
CPE:cpe:2.3:a:adobe:commerce_b2b:1.3.3:p15:*:*:*:*:*:*,CPE,cpe:2.3:a:adobe:commerce_b2b:1.3.3:p15:*:*:*:*:*:*,,,,,,,,
CPE:cpe:2.3:a:adobe:commerce_b2b:1.3.3:p16:*:*:*:*:*:*,CPE,cpe:2.3:a:adobe:commerce_b2b:1.3.3:p16:*:*:*:*:*:*,,,,,,,,
CPE:cpe:2.3:a:adobe:commerce_b2b:1.3.3:p17:*:*:*:*:*:*,CPE,cpe:2.3:a:adobe:commerce_b2b:1.3.3:p17:*:*:*:*:*:*,,,,,,,,
CPE:cpe:2.3:a:adobe:commerce_b2b:1.3.3:p18:*:*:*:*:*:*,CPE,cpe:2.3:a:adobe:commerce_b2b:1.3.3:p18:*:*:*:*:*:*,,,,,,,,
CPE:cpe:2.3:a:adobe:commerce_b2b:1.3.3:p1:*:*:*:*:*:*,CPE,cpe:2.3:a:adobe:commerce_b2b:1.3.3:p1:*:*:*:*:*:*,,,,,,,,
CPE:cpe:2.3:a:adobe:commerce_b2b:1.3.3:p2:*:*:*:*:*:*,CPE,cpe:2.3:a:adobe:commerce_b2b:1.3.3:p2:*:*:*:*:*:*,,,,,,,,
CPE:cpe:2.3:a:adobe:commerce_b2b:1.3.3:p3:*:*:*:*:*:*,CPE,cpe:2.3:a:adobe:commerce_b2b:1.3.3:p3:*:*:*:*:*:*,,,,,,,,
CPE:cpe:2.3:a:adobe:commerce_b2b:1.3.3:p4:*:*:*:*:*:*,CPE,cpe:2.3:a:adobe:commerce_b2b:1.3.3:p4:*:*:*:*:*:*,,,,,,,,
CPE:cpe:2.3:a:adobe:commerce_b2b:1.3.3:p5:*:*:*:*:*:*,CPE,cpe:2.3:a:adobe:commerce_b2b:1.3.3:p5:*:*:*:*:*:*,,,,,,,,
CPE:cpe:2.3:a:adobe:commerce_b2b:1.3.3:p6:*:*:*:*:*:*,CPE,cpe:2.3:a:adobe:commerce_b2b:1.3.3:p6:*:*:*:*:*:*,,,,,,,,
CPE:cpe:2.3:a:adobe:commerce_b2b:1.3.3:p7:*:*:*:*:*:*,CPE,cpe:2.3:a:adobe:commerce_b2b:1.3.3:p7:*:*:*:*:*:*,,,,,,,,
CPE:cpe:2.3:a:adobe:commerce_b2b:1.3.3:p8:*:*:*:*:*:*,CPE,cpe:2.3:a:adobe:commerce_b2b:1.3.3:p8:*:*:*:*:*:*,,,,,,,,
CPE:cpe:2.3:a:adobe:commerce_b2b:1.3.3:p9:*:*:*:*:*:*,CPE,cpe:2.3:a:adobe:commerce_b2b:1.3.3:p9:*:*:*:*:*:*,,,,,,,,
CPE:cpe:2.3:a:adobe:commerce_b2b:1.3.4:-:*:*:*:*:*:*,CPE,cpe:2.3:a:adobe:commerce_b2b:1.3.4:-:*:*:*:*:*:*,,,,,,,,
CPE:cpe:2.3:a:adobe:commerce_b2b:1.3.4:p10:*:*:*:*:*:*,CPE,cpe:2.3:a:adobe:commerce_b2b:1.3.4:p10:*:*:*:*:*:*,,,,,,,,
CPE:cpe:2.3:a:adobe:commerce_b2b:1.3.4:p11:*:*:*:*:*:*,CPE,cpe:2.3:a:adobe:commerce_b2b:1.3.4:p11:*:*:*:*:*:*,,,,,,,,
CPE:cpe:2.3:a:adobe:commerce_b2b:1.3.4:p12:*:*:*:*:*:*,CPE,cpe:2.3:a:adobe:commerce_b2b:1.3.4:p12:*:*:*:*:*:*,,,,,,,,
CPE:cpe:2.3:a:adobe:commerce_b2b:1.3.4:p13:*:*:*:*:*:*,CPE,cpe:2.3:a:adobe:commerce_b2b:1.3.4:p13:*:*:*:*:*:*,,,,,,,,
CPE:cpe:2.3:a:adobe:commerce_b2b:1.3.4:p14:*:*:*:*:*:*,CPE,cpe:2.3:a:adobe:commerce_b2b:1.3.4:p14:*:*:*:*:*:*,,,,,,,,
CPE:cpe:2.3:a:adobe:commerce_b2b:1.3.4:p15:*:*:*:*:*:*,CPE,cpe:2.3:a:adobe:commerce_b2b:1.3.4:p15:*:*:*:*:*:*,,,,,,,,
CPE:cpe:2.3:a:adobe:commerce_b2b:1.3.4:p16:*:*:*:*:*:*,CPE,cpe:2.3:a:adobe:commerce_b2b:1.3.4:p16:*:*:*:*:*:*,,,,,,,,
CPE:cpe:2.3:a:adobe:commerce_b2b:1.3.4:p17:*:*:*:*:*:*,CPE,cpe:2.3:a:adobe:commerce_b2b:1.3.4:p17:*:*:*:*:*:*,,,,,,,,
CPE:cpe:2.3:a:adobe:commerce_b2b:1.3.4:p1:*:*:*:*:*:*,CPE,cpe:2.3:a:adobe:commerce_b2b:1.3.4:p1:*:*:*:*:*:*,,,,,,,,
CPE:cpe:2.3:a:adobe:commerce_b2b:1.3.4:p2:*:*:*:*:*:*,CPE,cpe:2.3:a:adobe:commerce_b2b:1.3.4:p2:*:*:*:*:*:*,,,,,,,,
CPE:cpe:2.3:a:adobe:commerce_b2b:1.3.4:p3:*:*:*:*:*:*,CPE,cpe:2.3:a:adobe:commerce_b2b:1.3.4:p3:*:*:*:*:*:*,,,,,,,,
CPE:cpe:2.3:a:adobe:commerce_b2b:1.3.4:p4:*:*:*:*:*:*,CPE,cpe:2.3:a:adobe:commerce_b2b:1.3.4:p4:*:*:*:*:*:*,,,,,,,,
CPE:cpe:2.3:a:adobe:commerce_b2b:1.3.4:p5:*:*:*:*:*:*,CPE,cpe:2.3:a:adobe:commerce_b2b:1.3.4:p5:*:*:*:*:*:*,,,,,,,,
CPE:cpe:2.3:a:adobe:commerce_b2b:1.3.4:p6:*:*:*:*:*:*,CPE,cpe:2.3:a:adobe:commerce_b2b:1.3.4:p6:*:*:*:*:*:*,,,,,,,,
CPE:cpe:2.3:a:adobe:commerce_b2b:1.3.4:p7:*:*:*:*:*:*,CPE,cpe:2.3:a:adobe:commerce_b2b:1.3.4:p7:*:*:*:*:*:*,,,,,,,,
CPE:cpe:2.3:a:adobe:commerce_b2b:1.3.4:p8:*:*:*:*:*:*,CPE,cpe:2.3:a:adobe:commerce_b2b:1.3.4:p8:*:*:*:*:*:*,,,,,,,,
CPE:cpe:2.3:a:adobe:commerce_b2b:1.3.4:p9:*:*:*:*:*:*,CPE,cpe:2.3:a:adobe:commerce_b2b:1.3.4:p9:*:*:*:*:*:*,,,,,,,,
CPE:cpe:2.3:a:adobe:commerce_b2b:1.4.2:-:*:*:*:*:*:*,CPE,cpe:2.3:a:adobe:commerce_b2b:1.4.2:-:*:*:*:*:*:*,,,,,,,,
CPE:cpe:2.3:a:adobe:commerce_b2b:1.4.2:p10:*:*:*:*:*:*,CPE,cpe:2.3:a:adobe:commerce_b2b:1.4.2:p10:*:*:*:*:*:*,,,,,,,,
CPE:cpe:2.3:a:adobe:commerce_b2b:1.4.2:p1:*:*:*:*:*:*,CPE,cpe:2.3:a:adobe:commerce_b2b:1.4.2:p1:*:*:*:*:*:*,,,,,,,,
CPE:cpe:2.3:a:adobe:commerce_b2b:1.4.2:p2:*:*:*:*:*:*,CPE,cpe:2.3:a:adobe:commerce_b2b:1.4.2:p2:*:*:*:*:*:*,,,,,,,,
CPE:cpe:2.3:a:adobe:commerce_b2b:1.4.2:p3:*:*:*:*:*:*,CPE,cpe:2.3:a:adobe:commerce_b2b:1.4.2:p3:*:*:*:*:*:*,,,,,,,,
CPE:cpe:2.3:a:adobe:commerce_b2b:1.4.2:p4:*:*:*:*:*:*,CPE,cpe:2.3:a:adobe:commerce_b2b:1.4.2:p4:*:*:*:*:*:*,,,,,,,,
CPE:cpe:2.3:a:adobe:commerce_b2b:1.4.2:p5:*:*:*:*:*:*,CPE,cpe:2.3:a:adobe:commerce_b2b:1.4.2:p5:*:*:*:*:*:*,,,,,,,,
CPE:cpe:2.3:a:adobe:commerce_b2b:1.4.2:p6:*:*:*:*:*:*,CPE,cpe:2.3:a:adobe:commerce_b2b:1.4.2:p6:*:*:*:*:*:*,,,,,,,,
CPE:cpe:2.3:a:adobe:commerce_b2b:1.4.2:p7:*:*:*:*:*:*,CPE,cpe:2.3:a:adobe:commerce_b2b:1.4.2:p7:*:*:*:*:*:*,,,,,,,,
CPE:cpe:2.3:a:adobe:commerce_b2b:1.4.2:p8:*:*:*:*:*:*,CPE,cpe:2.3:a:adobe:commerce_b2b:1.4.2:p8:*:*:*:*:*:*,,,,,,,,
CPE:cpe:2.3:a:adobe:commerce_b2b:1.4.2:p9:*:*:*:*:*:*,CPE,cpe:2.3:a:adobe:commerce_b2b:1.4.2:p9:*:*:*:*:*:*,,,,,,,,
CPE:cpe:2.3:a:adobe:commerce_b2b:1.5.2:-:*:*:*:*:*:*,CPE,cpe:2.3:a:adobe:commerce_b2b:1.5.2:-:*:*:*:*:*:*,,,,,,,,
CPE:cpe:2.3:a:adobe:commerce_b2b:1.5.2:p1:*:*:*:*:*:*,CPE,cpe:2.3:a:adobe:commerce_b2b:1.5.2:p1:*:*:*:*:*:*,,,,,,,,
CPE:cpe:2.3:a:adobe:commerce_b2b:1.5.2:p2:*:*:*:*:*:*,CPE,cpe:2.3:a:adobe:commerce_b2b:1.5.2:p2:*:*:*:*:*:*,,,,,,,,
CPE:cpe:2.3:a:adobe:commerce_b2b:1.5.2:p3:*:*:*:*:*:*,CPE,cpe:2.3:a:adobe:commerce_b2b:1.5.2:p3:*:*:*:*:*:*,,,,,,,,
CPE:cpe:2.3:a:adobe:commerce_b2b:1.5.2:p4:*:*:*:*:*:*,CPE,cpe:2.3:a:adobe:commerce_b2b:1.5.2:p4:*:*:*:*:*:*,,,,,,,,
CPE:cpe:2.3:a:adobe:commerce_b2b:1.5.2:p5:*:*:*:*:*:*,CPE,cpe:2.3:a:adobe:commerce_b2b:1.5.2:p5:*:*:*:*:*:*,,,,,,,,
CPE:cpe:2.3:a:adobe:commerce_b2b:1.5.3:-:*:*:*:*:*:*,CPE,cpe:2.3:a:adobe:commerce_b2b:1.5.3:-:*:*:*:*:*:*,,,,,,,,
CPE:cpe:2.3:a:adobe:i\/o_events:*:*:*:*:*:commerce:*:*,CPE,cpe:2.3:a:adobe:i\/o_events:*:*:*:*:*:commerce:*:*,,,,,,,,
CPE:cpe:2.3:a:adobe:magento:2.4.6:p10:*:*:open_source:*:*:*,CPE,cpe:2.3:a:adobe:magento:2.4.6:p10:*:*:open_source:*:*:*,,,,,,,,
CPE:cpe:2.3:a:adobe:magento:2.4.6:p11:*:*:open_source:*:*:*,CPE,cpe:2.3:a:adobe:magento:2.4.6:p11:*:*:open_source:*:*:*,,,,,,,,
CPE:cpe:2.3:a:adobe:magento:2.4.6:p12:*:*:open_source:*:*:*,CPE,cpe:2.3:a:adobe:magento:2.4.6:p12:*:*:open_source:*:*:*,,,,,,,,
CPE:cpe:2.3:a:adobe:magento:2.4.6:p13:*:*:open_source:*:*:*,CPE,cpe:2.3:a:adobe:magento:2.4.6:p13:*:*:open_source:*:*:*,,,,,,,,
CPE:cpe:2.3:a:adobe:magento:2.4.6:p14:*:*:open_source:*:*:*,CPE,cpe:2.3:a:adobe:magento:2.4.6:p14:*:*:open_source:*:*:*,,,,,,,,
CPE:cpe:2.3:a:adobe:magento:2.4.6:p15:*:*:open_source:*:*:*,CPE,cpe:2.3:a:adobe:magento:2.4.6:p15:*:*:open_source:*:*:*,,,,,,,,
CPE:cpe:2.3:a:adobe:magento:2.4.6:p6:*:*:open_source:*:*:*,CPE,cpe:2.3:a:adobe:magento:2.4.6:p6:*:*:open_source:*:*:*,,,,,,,,
CPE:cpe:2.3:a:adobe:magento:2.4.6:p7:*:*:open_source:*:*:*,CPE,cpe:2.3:a:adobe:magento:2.4.6:p7:*:*:open_source:*:*:*,,,,,,,,
CPE:cpe:2.3:a:adobe:magento:2.4.6:p8:*:*:open_source:*:*:*,CPE,cpe:2.3:a:adobe:magento:2.4.6:p8:*:*:open_source:*:*:*,,,,,,,,
CPE:cpe:2.3:a:adobe:magento:2.4.6:p9:*:*:open_source:*:*:*,CPE,cpe:2.3:a:adobe:magento:2.4.6:p9:*:*:open_source:*:*:*,,,,,,,,
CPE:cpe:2.3:a:adobe:magento:2.4.7:-:*:*:open_source:*:*:*,CPE,cpe:2.3:a:adobe:magento:2.4.7:-:*:*:open_source:*:*:*,,,,,,,,
CPE:cpe:2.3:a:adobe:magento:2.4.7:b2:*:*:open_source:*:*:*,CPE,cpe:2.3:a:adobe:magento:2.4.7:b2:*:*:open_source:*:*:*,,,,,,,,
CPE:cpe:2.3:a:adobe:magento:2.4.7:beta3:*:*:open_source:*:*:*,CPE,cpe:2.3:a:adobe:magento:2.4.7:beta3:*:*:open_source:*:*:*,,,,,,,,
CPE:cpe:2.3:a:adobe:magento:2.4.7:p10:*:*:open_source:*:*:*,CPE,cpe:2.3:a:adobe:magento:2.4.7:p10:*:*:open_source:*:*:*,,,,,,,,
CPE:cpe:2.3:a:adobe:magento:2.4.7:p1:*:*:open_source:*:*:*,CPE,cpe:2.3:a:adobe:magento:2.4.7:p1:*:*:open_source:*:*:*,,,,,,,,
CPE:cpe:2.3:a:adobe:magento:2.4.7:p2:*:*:open_source:*:*:*,CPE,cpe:2.3:a:adobe:magento:2.4.7:p2:*:*:open_source:*:*:*,,,,,,,,
CPE:cpe:2.3:a:adobe:magento:2.4.7:p3:*:*:open_source:*:*:*,CPE,cpe:2.3:a:adobe:magento:2.4.7:p3:*:*:open_source:*:*:*,,,,,,,,
CPE:cpe:2.3:a:adobe:magento:2.4.7:p4:*:*:open_source:*:*:*,CPE,cpe:2.3:a:adobe:magento:2.4.7:p4:*:*:open_source:*:*:*,,,,,,,,
CPE:cpe:2.3:a:adobe:magento:2.4.7:p5:*:*:open_source:*:*:*,CPE,cpe:2.3:a:adobe:magento:2.4.7:p5:*:*:open_source:*:*:*,,,,,,,,
CPE:cpe:2.3:a:adobe:magento:2.4.7:p6:*:*:open_source:*:*:*,CPE,cpe:2.3:a:adobe:magento:2.4.7:p6:*:*:open_source:*:*:*,,,,,,,,
CPE:cpe:2.3:a:adobe:magento:2.4.7:p7:*:*:open_source:*:*:*,CPE,cpe:2.3:a:adobe:magento:2.4.7:p7:*:*:open_source:*:*:*,,,,,,,,
CPE:cpe:2.3:a:adobe:magento:2.4.7:p8:*:*:open_source:*:*:*,CPE,cpe:2.3:a:adobe:magento:2.4.7:p8:*:*:open_source:*:*:*,,,,,,,,
CPE:cpe:2.3:a:adobe:magento:2.4.7:p9:*:*:open_source:*:*:*,CPE,cpe:2.3:a:adobe:magento:2.4.7:p9:*:*:open_source:*:*:*,,,,,,,,
CPE:cpe:2.3:a:adobe:magento:2.4.8:-:*:*:open_source:*:*:*,CPE,cpe:2.3:a:adobe:magento:2.4.8:-:*:*:open_source:*:*:*,,,,,,,,
CPE:cpe:2.3:a:adobe:magento:2.4.8:beta1:*:*:open_source:*:*:*,CPE,cpe:2.3:a:adobe:magento:2.4.8:beta1:*:*:open_source:*:*:*,,,,,,,,
CPE:cpe:2.3:a:adobe:magento:2.4.8:beta2:*:*:open_source:*:*:*,CPE,cpe:2.3:a:adobe:magento:2.4.8:beta2:*:*:open_source:*:*:*,,,,,,,,
CPE:cpe:2.3:a:adobe:magento:2.4.8:p1:*:*:open_source:*:*:*,CPE,cpe:2.3:a:adobe:magento:2.4.8:p1:*:*:open_source:*:*:*,,,,,,,,
CPE:cpe:2.3:a:adobe:magento:2.4.8:p2:*:*:open_source:*:*:*,CPE,cpe:2.3:a:adobe:magento:2.4.8:p2:*:*:open_source:*:*:*,,,,,,,,
CPE:cpe:2.3:a:adobe:magento:2.4.8:p3:*:*:open_source:*:*:*,CPE,cpe:2.3:a:adobe:magento:2.4.8:p3:*:*:open_source:*:*:*,,,,,,,,
CPE:cpe:2.3:a:adobe:magento:2.4.8:p4:*:*:open_source:*:*:*,CPE,cpe:2.3:a:adobe:magento:2.4.8:p4:*:*:open_source:*:*:*,,,,,,,,
CPE:cpe:2.3:a:adobe:magento:2.4.8:p5:*:*:open_source:*:*:*,CPE,cpe:2.3:a:adobe:magento:2.4.8:p5:*:*:open_source:*:*:*,,,,,,,,
CPE:cpe:2.3:a:adobe:magento:2.4.9:-:*:*:open_source:*:*:*,CPE,cpe:2.3:a:adobe:magento:2.4.9:-:*:*:open_source:*:*:*,,,,,,,,
REF:CVE-2026-47995:0,Reference,https://helpx.adobe.com/security/products/magento/apsb26-73.html,,,,,,,,https://helpx.adobe.com/security/products/magento/apsb26-73.html
CVE:CVE-2024-57099,CVE,CVE-2024-57099,45308,0.009997,MINIMAL,CRITICAL,False,2025-02-03T20:15:34.157000Z,,
CPE:cpe:2.3:a:classcms:classcms:4.8:*:*:*:*:*:*:*,CPE,cpe:2.3:a:classcms:classcms:4.8:*:*:*:*:*:*:*,,,,,,,,
REF:CVE-2024-57099:0,Reference,https://github.com/ClassCMS/ClassCMS/issues/6,,,,,,,,https://github.com/ClassCMS/ClassCMS/issues/6
CVE:CVE-2024-43088,CVE,CVE-2024-43088,34933,0.009997,MINIMAL,HIGH,False,2024-11-13T18:15:21.387000Z,,
CPE:cpe:2.3:o:google:android:12.0:*:*:*:*:*:*:*,CPE,cpe:2.3:o:google:android:12.0:*:*:*:*:*:*:*,,,,,,,,
CPE:cpe:2.3:o:google:android:12.1:*:*:*:*:*:*:*,CPE,cpe:2.3:o:google:android:12.1:*:*:*:*:*:*:*,,,,,,,,
REF:CVE-2024-43088:0,Reference,https://android.googlesource.com/platform/packages/apps/Settings/+/975c28535419be1cc45f66712f41e4a7a40e6001,,,,,,,,https://android.googlesource.com/platform/packages/apps/Settings/+/975c28535419be1cc45f66712f41e4a7a40e6001
REF:CVE-2024-43088:1,Reference,https://source.android.com/security/bulletin/2024-11-01,,,,,,,,https://source.android.com/security/bulletin/2024-11-01
CVE:CVE-2026-27174,CVE,CVE-2026-27174,98737,0.009997,MINIMAL,CRITICAL,False,2026-02-18T22:16:25.080000Z,,
CPE:cpe:2.3:a:mjdm:majordomo:-:*:*:*:*:*:*:*,CPE,cpe:2.3:a:mjdm:majordomo:-:*:*:*:*:*:*:*,,,,,,,,
REF:CVE-2026-27174:0,Reference,https://chocapikk.com/posts/2026/majordomo-revisited/,,,,,,,,https://chocapikk.com/posts/2026/majordomo-revisited/
REF:CVE-2026-27174:1,Reference,https://github.com/sergejey/majordomo/pull/1177,,,,,,,,https://github.com/sergejey/majordomo/pull/1177
REF:CVE-2026-27174:2,Reference,https://www.vulncheck.com/advisories/majordomo-unauthenticated-remote-code-execution-via-admin-console-eval,,,,,,,,https://www.vulncheck.com/advisories/majordomo-unauthenticated-remote-code-execution-via-admin-console-eval
CVE:CVE-2026-14890,CVE,CVE-2026-14890,132018,0.009994,MINIMAL,CRITICAL,False,2026-07-16T16:19:00.413000Z,,
CPE:cpe:2.3:a:lmsys:sglang:*:*:*:*:*:*:*:*,CPE,cpe:2.3:a:lmsys:sglang:*:*:*:*:*:*:*:*,,,,,,,,
REF:CVE-2026-14890:0,Reference,http://vince.cert.org/vuls/id/326070,,,,,,,,http://vince.cert.org/vuls/id/326070
REF:CVE-2026-14890:1,Reference,https://github.com/sgl-project/sglang/blob/main/python/sglang/srt/elastic_ep/expert_backup_manager.py,,,,,,,,https://github.com/sgl-project/sglang/blob/main/python/sglang/srt/elastic_ep/expert_backup_manager.py
REF:CVE-2026-14890:2,Reference,https://www.kb.cert.org/vuls/id/326070,,,,,,,,https://www.kb.cert.org/vuls/id/326070
CVE:CVE-2024-26288,CVE,CVE-2024-26288,6497,0.009993,MINIMAL,HIGH,False,2024-03-12T09:15:09.823000Z,,
CPE:cpe:2.3:h:phoenixcontact:charx_sec-3000:-:*:*:*:*:*:*:*,CPE,cpe:2.3:h:phoenixcontact:charx_sec-3000:-:*:*:*:*:*:*:*,,,,,,,,
CPE:cpe:2.3:h:phoenixcontact:charx_sec-3050:-:*:*:*:*:*:*:*,CPE,cpe:2.3:h:phoenixcontact:charx_sec-3050:-:*:*:*:*:*:*:*,,,,,,,,
CPE:cpe:2.3:h:phoenixcontact:charx_sec-3100:-:*:*:*:*:*:*:*,CPE,cpe:2.3:h:phoenixcontact:charx_sec-3100:-:*:*:*:*:*:*:*,,,,,,,,
CPE:cpe:2.3:h:phoenixcontact:charx_sec-3150:-:*:*:*:*:*:*:*,CPE,cpe:2.3:h:phoenixcontact:charx_sec-3150:-:*:*:*:*:*:*:*,,,,,,,,
CPE:cpe:2.3:o:phoenixcontact:charx_sec-3000_firmware:*:*:*:*:*:*:*:*,CPE,cpe:2.3:o:phoenixcontact:charx_sec-3000_firmware:*:*:*:*:*:*:*:*,,,,,,,,
CPE:cpe:2.3:o:phoenixcontact:charx_sec-3050_firmware:*:*:*:*:*:*:*:*,CPE,cpe:2.3:o:phoenixcontact:charx_sec-3050_firmware:*:*:*:*:*:*:*:*,,,,,,,,
CPE:cpe:2.3:o:phoenixcontact:charx_sec-3100_firmware:*:*:*:*:*:*:*:*,CPE,cpe:2.3:o:phoenixcontact:charx_sec-3100_firmware:*:*:*:*:*:*:*:*,,,,,,,,
CPE:cpe:2.3:o:phoenixcontact:charx_sec-3150_firmware:*:*:*:*:*:*:*:*,CPE,cpe:2.3:o:phoenixcontact:charx_sec-3150_firmware:*:*:*:*:*:*:*:*,,,,,,,,
REF:CVE-2024-26288:0,Reference,https://cert.vde.com/en/advisories/VDE-2024-011,,,,,,,,https://cert.vde.com/en/advisories/VDE-2024-011
CVE:CVE-2024-13448,CVE,CVE-2024-13448,44669,0.009990,MINIMAL,CRITICAL,False,2025-01-28T07:15:06.967000Z,,
CPE:cpe:2.3:a:themerex:addons:*:*:*:*:*:wordpress:*:*,CPE,cpe:2.3:a:themerex:addons:*:*:*:*:*:wordpress:*:*,,,,,,,,
REF:CVE-2024-13448:0,Reference,https://themeforest.net/item/qwery-multipurpose-business-wordpress-theme/29678687,,,,,,,,https://themeforest.net/item/qwery-multipurpose-business-wordpress-theme/29678687
REF:CVE-2024-13448:1,Reference,https://www.wordfence.com/threat-intel/vulnerabilities/id/7c1372bd-821d-439c-9b11-dfa5f08dd0dd?source=cve,,,,,,,,https://www.wordfence.com/threat-intel/vulnerabilities/id/7c1372bd-821d-439c-9b11-dfa5f08dd0dd?source=cve
CVE:CVE-2023-54335,CVE,CVE-2023-54335,93013,0.009987,MINIMAL,CRITICAL,False,2026-01-13T23:16:01.053000Z,,
CPE:cpe:2.3:a:extplorer:extplorer:*:*:*:*:*:*:*:*,CPE,cpe:2.3:a:extplorer:extplorer:*:*:*:*:*:*:*:*,,,,,,,,
REF:CVE-2023-54335:0,Reference,https://extplorer.net/,,,,,,,,https://extplorer.net/
REF:CVE-2023-54335:1,Reference,https://www.exploit-db.com/exploits/51067,,,,,,,,https://www.exploit-db.com/exploits/51067
REF:CVE-2023-54335:2,Reference,https://www.vulncheck.com/advisories/extplorer-authentication-bypass-remote-code-execution-rce,,,,,,,,https://www.vulncheck.com/advisories/extplorer-authentication-bypass-remote-code-execution-rce
CVE:CVE-2025-1712,CVE,CVE-2025-1712,60404,0.009987,MINIMAL,HIGH,False,2025-05-21T09:15:35.520000Z,,
CPE:cpe:2.3:a:checkmk:checkmk:*:*:*:*:*:*:*:*,CPE,cpe:2.3:a:checkmk:checkmk:*:*:*:*:*:*:*:*,,,,,,,,
CPE:cpe:2.3:a:checkmk:checkmk:2.2.0:-:*:*:*:*:*:*,CPE,cpe:2.3:a:checkmk:checkmk:2.2.0:-:*:*:*:*:*:*,,,,,,,,
CPE:cpe:2.3:a:checkmk:checkmk:2.2.0:b1:*:*:*:*:*:*,CPE,cpe:2.3:a:checkmk:checkmk:2.2.0:b1:*:*:*:*:*:*,,,,,,,,
CPE:cpe:2.3:a:checkmk:checkmk:2.2.0:b2:*:*:*:*:*:*,CPE,cpe:2.3:a:checkmk:checkmk:2.2.0:b2:*:*:*:*:*:*,,,,,,,,
CPE:cpe:2.3:a:checkmk:checkmk:2.2.0:b3:*:*:*:*:*:*,CPE,cpe:2.3:a:checkmk:checkmk:2.2.0:b3:*:*:*:*:*:*,,,,,,,,
CPE:cpe:2.3:a:checkmk:checkmk:2.2.0:b4:*:*:*:*:*:*,CPE,cpe:2.3:a:checkmk:checkmk:2.2.0:b4:*:*:*:*:*:*,,,,,,,,
CPE:cpe:2.3:a:checkmk:checkmk:2.2.0:b5:*:*:*:*:*:*,CPE,cpe:2.3:a:checkmk:checkmk:2.2.0:b5:*:*:*:*:*:*,,,,,,,,
CPE:cpe:2.3:a:checkmk:checkmk:2.2.0:b6:*:*:*:*:*:*,CPE,cpe:2.3:a:checkmk:checkmk:2.2.0:b6:*:*:*:*:*:*,,,,,,,,
CPE:cpe:2.3:a:checkmk:checkmk:2.2.0:b7:*:*:*:*:*:*,CPE,cpe:2.3:a:checkmk:checkmk:2.2.0:b7:*:*:*:*:*:*,,,,,,,,
CPE:cpe:2.3:a:checkmk:checkmk:2.2.0:b8:*:*:*:*:*:*,CPE,cpe:2.3:a:checkmk:checkmk:2.2.0:b8:*:*:*:*:*:*,,,,,,,,
CPE:cpe:2.3:a:checkmk:checkmk:2.2.0:i1:*:*:*:*:*:*,CPE,cpe:2.3:a:checkmk:checkmk:2.2.0:i1:*:*:*:*:*:*,,,,,,,,
CPE:cpe:2.3:a:checkmk:checkmk:2.2.0:p10:*:*:*:*:*:*,CPE,cpe:2.3:a:checkmk:checkmk:2.2.0:p10:*:*:*:*:*:*,,,,,,,,
CPE:cpe:2.3:a:checkmk:checkmk:2.2.0:p11:*:*:*:*:*:*,CPE,cpe:2.3:a:checkmk:checkmk:2.2.0:p11:*:*:*:*:*:*,,,,,,,,
CPE:cpe:2.3:a:checkmk:checkmk:2.2.0:p12:*:*:*:*:*:*,CPE,cpe:2.3:a:checkmk:checkmk:2.2.0:p12:*:*:*:*:*:*,,,,,,,,
CPE:cpe:2.3:a:checkmk:checkmk:2.2.0:p13:*:*:*:*:*:*,CPE,cpe:2.3:a:checkmk:checkmk:2.2.0:p13:*:*:*:*:*:*,,,,,,,,
CPE:cpe:2.3:a:checkmk:checkmk:2.2.0:p14:*:*:*:*:*:*,CPE,cpe:2.3:a:checkmk:checkmk:2.2.0:p14:*:*:*:*:*:*,,,,,,,,
CPE:cpe:2.3:a:checkmk:checkmk:2.2.0:p15:*:*:*:*:*:*,CPE,cpe:2.3:a:checkmk:checkmk:2.2.0:p15:*:*:*:*:*:*,,,,,,,,
CPE:cpe:2.3:a:checkmk:checkmk:2.2.0:p16:*:*:*:*:*:*,CPE,cpe:2.3:a:checkmk:checkmk:2.2.0:p16:*:*:*:*:*:*,,,,,,,,
CPE:cpe:2.3:a:checkmk:checkmk:2.2.0:p17:*:*:*:*:*:*,CPE,cpe:2.3:a:checkmk:checkmk:2.2.0:p17:*:*:*:*:*:*,,,,,,,,
CPE:cpe:2.3:a:checkmk:checkmk:2.2.0:p18:*:*:*:*:*:*,CPE,cpe:2.3:a:checkmk:checkmk:2.2.0:p18:*:*:*:*:*:*,,,,,,,,
CPE:cpe:2.3:a:checkmk:checkmk:2.2.0:p19:*:*:*:*:*:*,CPE,cpe:2.3:a:checkmk:checkmk:2.2.0:p19:*:*:*:*:*:*,,,,,,,,
CPE:cpe:2.3:a:checkmk:checkmk:2.2.0:p1:*:*:*:*:*:*,CPE,cpe:2.3:a:checkmk:checkmk:2.2.0:p1:*:*:*:*:*:*,,,,,,,,
CPE:cpe:2.3:a:checkmk:checkmk:2.2.0:p20:*:*:*:*:*:*,CPE,cpe:2.3:a:checkmk:checkmk:2.2.0:p20:*:*:*:*:*:*,,,,,,,,
CPE:cpe:2.3:a:checkmk:checkmk:2.2.0:p21:*:*:*:*:*:*,CPE,cpe:2.3:a:checkmk:checkmk:2.2.0:p21:*:*:*:*:*:*,,,,,,,,
CPE:cpe:2.3:a:checkmk:checkmk:2.2.0:p22:*:*:*:*:*:*,CPE,cpe:2.3:a:checkmk:checkmk:2.2.0:p22:*:*:*:*:*:*,,,,,,,,
CPE:cpe:2.3:a:checkmk:checkmk:2.2.0:p23:*:*:*:*:*:*,CPE,cpe:2.3:a:checkmk:checkmk:2.2.0:p23:*:*:*:*:*:*,,,,,,,,
CPE:cpe:2.3:a:checkmk:checkmk:2.2.0:p24:*:*:*:*:*:*,CPE,cpe:2.3:a:checkmk:checkmk:2.2.0:p24:*:*:*:*:*:*,,,,,,,,
CPE:cpe:2.3:a:checkmk:checkmk:2.2.0:p25:*:*:*:*:*:*,CPE,cpe:2.3:a:checkmk:checkmk:2.2.0:p25:*:*:*:*:*:*,,,,,,,,
CPE:cpe:2.3:a:checkmk:checkmk:2.2.0:p26:*:*:*:*:*:*,CPE,cpe:2.3:a:checkmk:checkmk:2.2.0:p26:*:*:*:*:*:*,,,,,,,,
CPE:cpe:2.3:a:checkmk:checkmk:2.2.0:p27:*:*:*:*:*:*,CPE,cpe:2.3:a:checkmk:checkmk:2.2.0:p27:*:*:*:*:*:*,,,,,,,,
CPE:cpe:2.3:a:checkmk:checkmk:2.2.0:p28:*:*:*:*:*:*,CPE,cpe:2.3:a:checkmk:checkmk:2.2.0:p28:*:*:*:*:*:*,,,,,,,,
CPE:cpe:2.3:a:checkmk:checkmk:2.2.0:p29:*:*:*:*:*:*,CPE,cpe:2.3:a:checkmk:checkmk:2.2.0:p29:*:*:*:*:*:*,,,,,,,,
CPE:cpe:2.3:a:checkmk:checkmk:2.2.0:p2:*:*:*:*:*:*,CPE,cpe:2.3:a:checkmk:checkmk:2.2.0:p2:*:*:*:*:*:*,,,,,,,,
CPE:cpe:2.3:a:checkmk:checkmk:2.2.0:p30:*:*:*:*:*:*,CPE,cpe:2.3:a:checkmk:checkmk:2.2.0:p30:*:*:*:*:*:*,,,,,,,,
CPE:cpe:2.3:a:checkmk:checkmk:2.2.0:p31:*:*:*:*:*:*,CPE,cpe:2.3:a:checkmk:checkmk:2.2.0:p31:*:*:*:*:*:*,,,,,,,,
CPE:cpe:2.3:a:checkmk:checkmk:2.2.0:p32:*:*:*:*:*:*,CPE,cpe:2.3:a:checkmk:checkmk:2.2.0:p32:*:*:*:*:*:*,,,,,,,,
CPE:cpe:2.3:a:checkmk:checkmk:2.2.0:p33:*:*:*:*:*:*,CPE,cpe:2.3:a:checkmk:checkmk:2.2.0:p33:*:*:*:*:*:*,,,,,,,,
CPE:cpe:2.3:a:checkmk:checkmk:2.2.0:p34:*:*:*:*:*:*,CPE,cpe:2.3:a:checkmk:checkmk:2.2.0:p34:*:*:*:*:*:*,,,,,,,,
CPE:cpe:2.3:a:checkmk:checkmk:2.2.0:p35:*:*:*:*:*:*,CPE,cpe:2.3:a:checkmk:checkmk:2.2.0:p35:*:*:*:*:*:*,,,,,,,,
CPE:cpe:2.3:a:checkmk:checkmk:2.2.0:p36:*:*:*:*:*:*,CPE,cpe:2.3:a:checkmk:checkmk:2.2.0:p36:*:*:*:*:*:*,,,,,,,,
CPE:cpe:2.3:a:checkmk:checkmk:2.2.0:p37:*:*:*:*:*:*,CPE,cpe:2.3:a:checkmk:checkmk:2.2.0:p37:*:*:*:*:*:*,,,,,,,,
CPE:cpe:2.3:a:checkmk:checkmk:2.2.0:p38:*:*:*:*:*:*,CPE,cpe:2.3:a:checkmk:checkmk:2.2.0:p38:*:*:*:*:*:*,,,,,,,,
CPE:cpe:2.3:a:checkmk:checkmk:2.2.0:p39:*:*:*:*:*:*,CPE,cpe:2.3:a:checkmk:checkmk:2.2.0:p39:*:*:*:*:*:*,,,,,,,,
CPE:cpe:2.3:a:checkmk:checkmk:2.2.0:p3:*:*:*:*:*:*,CPE,cpe:2.3:a:checkmk:checkmk:2.2.0:p3:*:*:*:*:*:*,,,,,,,,
CPE:cpe:2.3:a:checkmk:checkmk:2.2.0:p40:*:*:*:*:*:*,CPE,cpe:2.3:a:checkmk:checkmk:2.2.0:p40:*:*:*:*:*:*,,,,,,,,
CPE:cpe:2.3:a:checkmk:checkmk:2.2.0:p41:*:*:*:*:*:*,CPE,cpe:2.3:a:checkmk:checkmk:2.2.0:p41:*:*:*:*:*:*,,,,,,,,
CPE:cpe:2.3:a:checkmk:checkmk:2.2.0:p4:*:*:*:*:*:*,CPE,cpe:2.3:a:checkmk:checkmk:2.2.0:p4:*:*:*:*:*:*,,,,,,,,
CPE:cpe:2.3:a:checkmk:checkmk:2.2.0:p5:*:*:*:*:*:*,CPE,cpe:2.3:a:checkmk:checkmk:2.2.0:p5:*:*:*:*:*:*,,,,,,,,
CPE:cpe:2.3:a:checkmk:checkmk:2.2.0:p6:*:*:*:*:*:*,CPE,cpe:2.3:a:checkmk:checkmk:2.2.0:p6:*:*:*:*:*:*,,,,,,,,
CPE:cpe:2.3:a:checkmk:checkmk:2.2.0:p7:*:*:*:*:*:*,CPE,cpe:2.3:a:checkmk:checkmk:2.2.0:p7:*:*:*:*:*:*,,,,,,,,
CPE:cpe:2.3:a:checkmk:checkmk:2.2.0:p8:*:*:*:*:*:*,CPE,cpe:2.3:a:checkmk:checkmk:2.2.0:p8:*:*:*:*:*:*,,,,,,,,
CPE:cpe:2.3:a:checkmk:checkmk:2.2.0:p9:*:*:*:*:*:*,CPE,cpe:2.3:a:checkmk:checkmk:2.2.0:p9:*:*:*:*:*:*,,,,,,,,
CPE:cpe:2.3:a:checkmk:checkmk:2.3.0:*:*:*:*:*:*:*,CPE,cpe:2.3:a:checkmk:checkmk:2.3.0:*:*:*:*:*:*:*,,,,,,,,
CPE:cpe:2.3:a:checkmk:checkmk:2.3.0:-:*:*:*:*:*:*,CPE,cpe:2.3:a:checkmk:checkmk:2.3.0:-:*:*:*:*:*:*,,,,,,,,
CPE:cpe:2.3:a:checkmk:checkmk:2.3.0:b1:*:*:*:*:*:*,CPE,cpe:2.3:a:checkmk:checkmk:2.3.0:b1:*:*:*:*:*:*,,,,,,,,
CPE:cpe:2.3:a:checkmk:checkmk:2.3.0:b2:*:*:*:*:*:*,CPE,cpe:2.3:a:checkmk:checkmk:2.3.0:b2:*:*:*:*:*:*,,,,,,,,
CPE:cpe:2.3:a:checkmk:checkmk:2.3.0:b3:*:*:*:*:*:*,CPE,cpe:2.3:a:checkmk:checkmk:2.3.0:b3:*:*:*:*:*:*,,,,,,,,
CPE:cpe:2.3:a:checkmk:checkmk:2.3.0:b4:*:*:*:*:*:*,CPE,cpe:2.3:a:checkmk:checkmk:2.3.0:b4:*:*:*:*:*:*,,,,,,,,
CPE:cpe:2.3:a:checkmk:checkmk:2.3.0:b5:*:*:*:*:*:*,CPE,cpe:2.3:a:checkmk:checkmk:2.3.0:b5:*:*:*:*:*:*,,,,,,,,
CPE:cpe:2.3:a:checkmk:checkmk:2.3.0:b6:*:*:*:*:*:*,CPE,cpe:2.3:a:checkmk:checkmk:2.3.0:b6:*:*:*:*:*:*,,,,,,,,
CPE:cpe:2.3:a:checkmk:checkmk:2.3.0:p10:*:*:*:*:*:*,CPE,cpe:2.3:a:checkmk:checkmk:2.3.0:p10:*:*:*:*:*:*,,,,,,,,
CPE:cpe:2.3:a:checkmk:checkmk:2.3.0:p11:*:*:*:*:*:*,CPE,cpe:2.3:a:checkmk:checkmk:2.3.0:p11:*:*:*:*:*:*,,,,,,,,
CPE:cpe:2.3:a:checkmk:checkmk:2.3.0:p12:*:*:*:*:*:*,CPE,cpe:2.3:a:checkmk:checkmk:2.3.0:p12:*:*:*:*:*:*,,,,,,,,
CPE:cpe:2.3:a:checkmk:checkmk:2.3.0:p13:*:*:*:*:*:*,CPE,cpe:2.3:a:checkmk:checkmk:2.3.0:p13:*:*:*:*:*:*,,,,,,,,
CPE:cpe:2.3:a:checkmk:checkmk:2.3.0:p14:*:*:*:*:*:*,CPE,cpe:2.3:a:checkmk:checkmk:2.3.0:p14:*:*:*:*:*:*,,,,,,,,
CPE:cpe:2.3:a:checkmk:checkmk:2.3.0:p15:*:*:*:*:*:*,CPE,cpe:2.3:a:checkmk:checkmk:2.3.0:p15:*:*:*:*:*:*,,,,,,,,
CPE:cpe:2.3:a:checkmk:checkmk:2.3.0:p16:*:*:*:*:*:*,CPE,cpe:2.3:a:checkmk:checkmk:2.3.0:p16:*:*:*:*:*:*,,,,,,,,
CPE:cpe:2.3:a:checkmk:checkmk:2.3.0:p17:*:*:*:*:*:*,CPE,cpe:2.3:a:checkmk:checkmk:2.3.0:p17:*:*:*:*:*:*,,,,,,,,
CPE:cpe:2.3:a:checkmk:checkmk:2.3.0:p18:*:*:*:*:*:*,CPE,cpe:2.3:a:checkmk:checkmk:2.3.0:p18:*:*:*:*:*:*,,,,,,,,
CPE:cpe:2.3:a:checkmk:checkmk:2.3.0:p19:*:*:*:*:*:*,CPE,cpe:2.3:a:checkmk:checkmk:2.3.0:p19:*:*:*:*:*:*,,,,,,,,
CPE:cpe:2.3:a:checkmk:checkmk:2.3.0:p1:*:*:*:*:*:*,CPE,cpe:2.3:a:checkmk:checkmk:2.3.0:p1:*:*:*:*:*:*,,,,,,,,
CPE:cpe:2.3:a:checkmk:checkmk:2.3.0:p20:*:*:*:*:*:*,CPE,cpe:2.3:a:checkmk:checkmk:2.3.0:p20:*:*:*:*:*:*,,,,,,,,
CPE:cpe:2.3:a:checkmk:checkmk:2.3.0:p21:*:*:*:*:*:*,CPE,cpe:2.3:a:checkmk:checkmk:2.3.0:p21:*:*:*:*:*:*,,,,,,,,
CPE:cpe:2.3:a:checkmk:checkmk:2.3.0:p22:*:*:*:*:*:*,CPE,cpe:2.3:a:checkmk:checkmk:2.3.0:p22:*:*:*:*:*:*,,,,,,,,
CPE:cpe:2.3:a:checkmk:checkmk:2.3.0:p23:*:*:*:*:*:*,CPE,cpe:2.3:a:checkmk:checkmk:2.3.0:p23:*:*:*:*:*:*,,,,,,,,
CPE:cpe:2.3:a:checkmk:checkmk:2.3.0:p24:*:*:*:*:*:*,CPE,cpe:2.3:a:checkmk:checkmk:2.3.0:p24:*:*:*:*:*:*,,,,,,,,
CPE:cpe:2.3:a:checkmk:checkmk:2.3.0:p25:*:*:*:*:*:*,CPE,cpe:2.3:a:checkmk:checkmk:2.3.0:p25:*:*:*:*:*:*,,,,,,,,
CPE:cpe:2.3:a:checkmk:checkmk:2.3.0:p26:*:*:*:*:*:*,CPE,cpe:2.3:a:checkmk:checkmk:2.3.0:p26:*:*:*:*:*:*,,,,,,,,
CPE:cpe:2.3:a:checkmk:checkmk:2.3.0:p27:*:*:*:*:*:*,CPE,cpe:2.3:a:checkmk:checkmk:2.3.0:p27:*:*:*:*:*:*,,,,,,,,
CPE:cpe:2.3:a:checkmk:checkmk:2.3.0:p28:*:*:*:*:*:*,CPE,cpe:2.3:a:checkmk:checkmk:2.3.0:p28:*:*:*:*:*:*,,,,,,,,
CPE:cpe:2.3:a:checkmk:checkmk:2.3.0:p29:*:*:*:*:*:*,CPE,cpe:2.3:a:checkmk:checkmk:2.3.0:p29:*:*:*:*:*:*,,,,,,,,
CPE:cpe:2.3:a:checkmk:checkmk:2.3.0:p2:*:*:*:*:*:*,CPE,cpe:2.3:a:checkmk:checkmk:2.3.0:p2:*:*:*:*:*:*,,,,,,,,
CPE:cpe:2.3:a:checkmk:checkmk:2.3.0:p30:*:*:*:*:*:*,CPE,cpe:2.3:a:checkmk:checkmk:2.3.0:p30:*:*:*:*:*:*,,,,,,,,
CPE:cpe:2.3:a:checkmk:checkmk:2.3.0:p31:*:*:*:*:*:*,CPE,cpe:2.3:a:checkmk:checkmk:2.3.0:p31:*:*:*:*:*:*,,,,,,,,
CPE:cpe:2.3:a:checkmk:checkmk:2.3.0:p3:*:*:*:*:*:*,CPE,cpe:2.3:a:checkmk:checkmk:2.3.0:p3:*:*:*:*:*:*,,,,,,,,
CPE:cpe:2.3:a:checkmk:checkmk:2.3.0:p4:*:*:*:*:*:*,CPE,cpe:2.3:a:checkmk:checkmk:2.3.0:p4:*:*:*:*:*:*,,,,,,,,
CPE:cpe:2.3:a:checkmk:checkmk:2.3.0:p5:*:*:*:*:*:*,CPE,cpe:2.3:a:checkmk:checkmk:2.3.0:p5:*:*:*:*:*:*,,,,,,,,
CPE:cpe:2.3:a:checkmk:checkmk:2.3.0:p6:*:*:*:*:*:*,CPE,cpe:2.3:a:checkmk:checkmk:2.3.0:p6:*:*:*:*:*:*,,,,,,,,
CPE:cpe:2.3:a:checkmk:checkmk:2.3.0:p7:*:*:*:*:*:*,CPE,cpe:2.3:a:checkmk:checkmk:2.3.0:p7:*:*:*:*:*:*,,,,,,,,
CPE:cpe:2.3:a:checkmk:checkmk:2.3.0:p8:*:*:*:*:*:*,CPE,cpe:2.3:a:checkmk:checkmk:2.3.0:p8:*:*:*:*:*:*,,,,,,,,
CPE:cpe:2.3:a:checkmk:checkmk:2.3.0:p9:*:*:*:*:*:*,CPE,cpe:2.3:a:checkmk:checkmk:2.3.0:p9:*:*:*:*:*:*,,,,,,,,
CPE:cpe:2.3:a:checkmk:checkmk:2.4.0:-:*:*:*:*:*:*,CPE,cpe:2.3:a:checkmk:checkmk:2.4.0:-:*:*:*:*:*:*,,,,,,,,
CPE:cpe:2.3:a:checkmk:checkmk:2.4.0:b1:*:*:*:*:*:*,CPE,cpe:2.3:a:checkmk:checkmk:2.4.0:b1:*:*:*:*:*:*,,,,,,,,
CPE:cpe:2.3:a:checkmk:checkmk:2.4.0:b2:*:*:*:*:*:*,CPE,cpe:2.3:a:checkmk:checkmk:2.4.0:b2:*:*:*:*:*:*,,,,,,,,
CPE:cpe:2.3:a:checkmk:checkmk:2.4.0:b3:*:*:*:*:*:*,CPE,cpe:2.3:a:checkmk:checkmk:2.4.0:b3:*:*:*:*:*:*,,,,,,,,
CPE:cpe:2.3:a:checkmk:checkmk:2.4.0:b4:*:*:*:*:*:*,CPE,cpe:2.3:a:checkmk:checkmk:2.4.0:b4:*:*:*:*:*:*,,,,,,,,
CPE:cpe:2.3:a:checkmk:checkmk:2.4.0:b5:*:*:*:*:*:*,CPE,cpe:2.3:a:checkmk:checkmk:2.4.0:b5:*:*:*:*:*:*,,,,,,,,
CPE:cpe:2.3:a:checkmk:checkmk:2.4.0:b6:*:*:*:*:*:*,CPE,cpe:2.3:a:checkmk:checkmk:2.4.0:b6:*:*:*:*:*:*,,,,,,,,
REF:CVE-2025-1712:0,Reference,https://checkmk.com/werk/17996,,,,,,,,https://checkmk.com/werk/17996
CVE:CVE-2026-28312,CVE,CVE-2026-28312,133436,0.009986,MINIMAL,CRITICAL,False,2026-07-21T16:17:09Z,,
CPE:cpe:2.3:a:solarwinds:serv-u:*:*:*:*:*:*:*:*,CPE,cpe:2.3:a:solarwinds:serv-u:*:*:*:*:*:*:*:*,,,,,,,,
REF:CVE-2026-28312:0,Reference,https://documentation.solarwinds.com/en/success_center/servu/content/release_notes/servu_2026-3_release_notes.htm,,,,,,,,https://documentation.solarwinds.com/en/success_center/servu/content/release_notes/servu_2026-3_release_notes.htm
REF:CVE-2026-28312:1,Reference,https://https://www.solarwinds.com/trust-center/security-advisories/CVE-2026-28312,,,,,,,,https://https://www.solarwinds.com/trust-center/security-advisories/CVE-2026-28312
CVE:CVE-2024-24851,CVE,CVE-2024-24851,17336,0.009981,MINIMAL,HIGH,False,2024-05-28T16:15:13.150000Z,,
CWE:CWE-805,CWE,CWE-805,,,,,,,,
REF:CVE-2024-24851:0,Reference,https://community.automationdirect.com/s/internal-database-security-advisory/a4GPE0000003y1F2AQ/sa00025,,,,,,,,https://community.automationdirect.com/s/internal-database-security-advisory/a4GPE0000003y1F2AQ/sa00025
REF:CVE-2024-24851:1,Reference,https://talosintelligence.com/vulnerability_reports/TALOS-2024-1936,,,,,,,,https://talosintelligence.com/vulnerability_reports/TALOS-2024-1936
REF:CVE-2024-24851:2,Reference,https://www.talosintelligence.com/vulnerability_reports/TALOS-2024-1936,,,,,,,,https://www.talosintelligence.com/vulnerability_reports/TALOS-2024-1936
CVE:CVE-2023-50333,CVE,CVE-2023-50333,74,0.008000,MINIMAL,LOW,False,2024-01-02T10:15:08.723000Z,,
CPE:cpe:2.3:a:mattermost:mattermost_server:*:*:*:*:*:*:*:*,CPE,cpe:2.3:a:mattermost:mattermost_server:*:*:*:*:*:*:*:*,,,,,,,,
REF:CVE-2023-50333:0,Reference,https://mattermost.com/security-updates,,,,,,,,https://mattermost.com/security-updates
CVE:CVE-2023-48418,CVE,CVE-2023-48418,114,0.008000,MINIMAL,CRITICAL,False,2024-01-02T23:15:11Z,,
CPE:cpe:2.3:h:google:pixel_watch:11:*:*:*:*:*:*:*,CPE,cpe:2.3:h:google:pixel_watch:11:*:*:*:*:*:*:*,,,,,,,,
CPE:cpe:2.3:o:google:pixel_watch_firmware:-:*:*:*:*:*:*:*,CPE,cpe:2.3:o:google:pixel_watch_firmware:-:*:*:*:*:*:*:*,,,,,,,,
REF:CVE-2023-48418:0,Reference,http://packetstormsecurity.com/files/176446/Android-DeviceVersionFragment.java-Privilege-Escalation.html,,,,,,,,http://packetstormsecurity.com/files/176446/Android-DeviceVersionFragment.java-Privilege-Escalation.html
REF:CVE-2023-48418:1,Reference,https://source.android.com/docs/security/bulletin/pixel-watch/2023/2023-12-01,,,,,,,,https://source.android.com/docs/security/bulletin/pixel-watch/2023/2023-12-01
CVE:CVE-2023-50350,CVE,CVE-2023-50350,132,0.008000,MINIMAL,HIGH,False,2024-01-03T02:15:44.227000Z,,
CPE:cpe:2.3:a:hcltech:dryice_myxalytics:5.9:*:*:*:*:*:*:*,CPE,cpe:2.3:a:hcltech:dryice_myxalytics:5.9:*:*:*:*:*:*:*,,,,,,,,
CPE:cpe:2.3:a:hcltech:dryice_myxalytics:6.0:*:*:*:*:*:*:*,CPE,cpe:2.3:a:hcltech:dryice_myxalytics:6.0:*:*:*:*:*:*:*,,,,,,,,
CPE:cpe:2.3:a:hcltech:dryice_myxalytics:6.1:*:*:*:*:*:*:*,CPE,cpe:2.3:a:hcltech:dryice_myxalytics:6.1:*:*:*:*:*:*:*,,,,,,,,
REF:CVE-2023-50350:0,Reference,https://support.hcltechsw.com/csm?id=kb_article&sysparm_article=KB0109608,,,,,,,,https://support.hcltechsw.com/csm?id=kb_article&sysparm_article=KB0109608
CVE:CVE-2023-45724,CVE,CVE-2023-45724,136,0.008000,MINIMAL,HIGH,False,2024-01-03T03:15:09.537000Z,,
REF:CVE-2023-45724:0,Reference,https://support.hcltechsw.com/csm?id=kb_article&sysparm_article=KB0109608,,,,,,,,https://support.hcltechsw.com/csm?id=kb_article&sysparm_article=KB0109608
CVE:CVE-2023-50343,CVE,CVE-2023-50343,139,0.008000,MINIMAL,HIGH,False,2024-01-03T03:15:11.210000Z,,
REF:CVE-2023-50343:0,Reference,https://support.hcltechsw.com/csm?id=kb_article&sysparm_article=KB0109608,,,,,,,,https://support.hcltechsw.com/csm?id=kb_article&sysparm_article=KB0109608
CVE:CVE-2023-51784,CVE,CVE-2023-51784,180,0.008000,MINIMAL,CRITICAL,False,2024-01-03T10:15:09.027000Z,,
REF:CVE-2023-51784:0,Reference,http://www.openwall.com/lists/oss-security/2024/01/03/1,,,,,,,,http://www.openwall.com/lists/oss-security/2024/01/03/1
REF:CVE-2023-51784:1,Reference,https://lists.apache.org/thread/4nxbyl6mh5jgh0plk0qposbxwn6w9h8j,,,,,,,,https://lists.apache.org/thread/4nxbyl6mh5jgh0plk0qposbxwn6w9h8j
CVE:CVE-2023-5881,CVE,CVE-2023-5881,210,0.008000,MINIMAL,HIGH,False,2024-01-03T20:15:21.903000Z,,
CPE:cpe:2.3:h:geniecompany:aladdin_connect_garage_door_opener:-:*:*:*:*:*:*:*,CPE,cpe:2.3:h:geniecompany:aladdin_connect_garage_door_opener:-:*:*:*:*:*:*:*,,,,,,,,
CPE:cpe:2.3:o:geniecompany:aladdin_connect_garage_door_opener_firmware:*:*:*:*:*:*:*:*,CPE,cpe:2.3:o:geniecompany:aladdin_connect_garage_door_opener_firmware:*:*:*:*:*:*:*:*,,,,,,,,
REF:CVE-2023-5881:0,Reference,https://www.rapid7.com/blog/post/2024/01/03/genie-aladdin-connect-retrofit-garage-door-opener-multiple-vulnerabilities/,,,,,,,,https://www.rapid7.com/blog/post/2024/01/03/genie-aladdin-connect-retrofit-garage-door-opener-multiple-vulnerabilities/
CVE:CVE-2024-0222,CVE,CVE-2024-0222,227,0.008000,MINIMAL,HIGH,False,2024-01-04T02:15:28.933000Z,,
REF:CVE-2024-0222:0,Reference,https://chromereleases.googleblog.com/2024/01/stable-channel-update-for-desktop.html,,,,,,,,https://chromereleases.googleblog.com/2024/01/stable-channel-update-for-desktop.html
REF:CVE-2024-0222:1,Reference,https://crbug.com/1501798,,,,,,,,https://crbug.com/1501798
REF:CVE-2024-0222:2,Reference,https://lists.fedoraproject.org/archives/list/package-announce@lists.fedoraproject.org/message/AYONA2XSNFMXLAW4IHLFI5UVV3QRNG5K/,,,,,,,,https://lists.fedoraproject.org/archives/list/package-announce@lists.fedoraproject.org/message/AYONA2XSNFMXLAW4IHLFI5UVV3QRNG5K/
REF:CVE-2024-0222:3,Reference,https://lists.fedoraproject.org/archives/list/package-announce@lists.fedoraproject.org/message/D6C2HN4T2S6GYNTAUXLH45LQZHK7QPHP/,,,,,,,,https://lists.fedoraproject.org/archives/list/package-announce@lists.fedoraproject.org/message/D6C2HN4T2S6GYNTAUXLH45LQZHK7QPHP/
REF:CVE-2024-0222:4,Reference,https://security.gentoo.org/glsa/202401-34,,,,,,,,https://security.gentoo.org/glsa/202401-34
CVE:CVE-2024-0225,CVE,CVE-2024-0225,230,0.008000,MINIMAL,HIGH,False,2024-01-04T02:15:29.080000Z,,
REF:CVE-2024-0225:0,Reference,https://chromereleases.googleblog.com/2024/01/stable-channel-update-for-desktop.html,,,,,,,,https://chromereleases.googleblog.com/2024/01/stable-channel-update-for-desktop.html
REF:CVE-2024-0225:1,Reference,https://crbug.com/1506923,,,,,,,,https://crbug.com/1506923
REF:CVE-2024-0225:2,Reference,https://lists.fedoraproject.org/archives/list/package-announce@lists.fedoraproject.org/message/AYONA2XSNFMXLAW4IHLFI5UVV3QRNG5K/,,,,,,,,https://lists.fedoraproject.org/archives/list/package-announce@lists.fedoraproject.org/message/AYONA2XSNFMXLAW4IHLFI5UVV3QRNG5K/
REF:CVE-2024-0225:3,Reference,https://lists.fedoraproject.org/archives/list/package-announce@lists.fedoraproject.org/message/D6C2HN4T2S6GYNTAUXLH45LQZHK7QPHP/,,,,,,,,https://lists.fedoraproject.org/archives/list/package-announce@lists.fedoraproject.org/message/D6C2HN4T2S6GYNTAUXLH45LQZHK7QPHP/
REF:CVE-2024-0225:4,Reference,https://security.gentoo.org/glsa/202401-34,,,,,,,,https://security.gentoo.org/glsa/202401-34
CVE:CVE-2022-46839,CVE,CVE-2022-46839,316,0.008000,MINIMAL,CRITICAL,False,2024-01-05T11:15:09.433000Z,,
CPE:cpe:2.3:a:wiselyhub:js_help_desk:*:*:*:*:*:wordpress:*:*,CPE,cpe:2.3:a:wiselyhub:js_help_desk:*:*:*:*:*:wordpress:*:*,,,,,,,,
REF:CVE-2022-46839:0,Reference,https://patchstack.com/database/vulnerability/js-support-ticket/wordpress-js-help-desk-plugin-2-7-1-arbitrary-file-upload-vulnerability?_s_id=cve,,,,,,,,https://patchstack.com/database/vulnerability/js-support-ticket/wordpress-js-help-desk-plugin-2-7-1-arbitrary-file-upload-vulnerability?_s_id=cve
CVE:CVE-2022-3328,CVE,CVE-2022-3328,527,0.008000,MINIMAL,HIGH,False,2024-01-08T18:15:45.233000Z,,
CPE:cpe:2.3:a:canonical:snapd:*:*:*:*:*:*:*:*,CPE,cpe:2.3:a:canonical:snapd:*:*:*:*:*:*:*:*,,,,,,,,
CPE:cpe:2.3:o:canonical:ubuntu_linux:22.10:*:*:*:-:*:*:*,CPE,cpe:2.3:o:canonical:ubuntu_linux:22.10:*:*:*:-:*:*:*,,,,,,,,
REF:CVE-2022-3328:0,Reference,https://cve.mitre.org/cgi-bin/cvename.cgi?name=CVE-2022-3328,,,,,,,,https://cve.mitre.org/cgi-bin/cvename.cgi?name=CVE-2022-3328
REF:CVE-2022-3328:1,Reference,https://ubuntu.com/security/notices/USN-5753-1,,,,,,,,https://ubuntu.com/security/notices/USN-5753-1
CVE:CVE-2023-50982,CVE,CVE-2023-50982,558,0.008000,MINIMAL,CRITICAL,False,2024-01-08T20:15:44.513000Z,,
CPE:cpe:2.3:a:studip:stud.ip:*:*:*:*:*:*:*:*,CPE,cpe:2.3:a:studip:stud.ip:*:*:*:*:*:*:*:*,,,,,,,,
REF:CVE-2023-50982:0,Reference,https://gitlab.studip.de/studip/studip/-/tags,,,,,,,,https://gitlab.studip.de/studip/studip/-/tags
REF:CVE-2023-50982:1,Reference,https://rehmeinfosec.de/labor/cve-2023-50982,,,,,,,,https://rehmeinfosec.de/labor/cve-2023-50982
REF:CVE-2023-50982:2,Reference,https://sourceforge.net/projects/studip/files/Stud.IP/5.4/,,,,,,,,https://sourceforge.net/projects/studip/files/Stud.IP/5.4/
CVE:CVE-2023-49961,CVE,CVE-2023-49961,570,0.008000,MINIMAL,HIGH,False,2024-01-08T21:15:08.767000Z,,
CPE:cpe:2.3:a:wallix:bastion:*:*:*:*:*:*:*:*,CPE,cpe:2.3:a:wallix:bastion:*:*:*:*:*:*:*:*,,,,,,,,
CPE:cpe:2.3:a:wallix:bastion_access_manager:*:*:*:*:*:*:*:*,CPE,cpe:2.3:a:wallix:bastion_access_manager:*:*:*:*:*:*:*:*,,,,,,,,
REF:CVE-2023-49961:0,Reference,https://www.wallix.com/support/alerts/,,,,,,,,https://www.wallix.com/support/alerts/
CVE:CVE-2024-20656,CVE,CVE-2024-20656,676,0.008000,MINIMAL,HIGH,False,2024-01-09T18:15:48.490000Z,,
CPE:cpe:2.3:a:microsoft:visual_studio:2015:update3:*:*:*:*:*:*,CPE,cpe:2.3:a:microsoft:visual_studio:2015:update3:*:*:*:*:*:*,,,,,,,,
CPE:cpe:2.3:a:microsoft:visual_studio_2017:*:*:*:*:*:*:*:*,CPE,cpe:2.3:a:microsoft:visual_studio_2017:*:*:*:*:*:*:*:*,,,,,,,,
CPE:cpe:2.3:a:microsoft:visual_studio_2019:*:*:*:*:*:*:*:*,CPE,cpe:2.3:a:microsoft:visual_studio_2019:*:*:*:*:*:*:*:*,,,,,,,,
REF:CVE-2024-20656:0,Reference,https://msrc.microsoft.com/update-guide/vulnerability/CVE-2024-20656,,,,,,,,https://msrc.microsoft.com/update-guide/vulnerability/CVE-2024-20656
CVE:CVE-2024-20661,CVE,CVE-2024-20661,680,0.008000,MINIMAL,HIGH,False,2024-01-09T18:15:49.270000Z,,
CWE:CWE-476,CWE,CWE-476,,,,,,,,
REF:CVE-2024-20661:0,Reference,https://msrc.microsoft.com/update-guide/vulnerability/CVE-2024-20661,,,,,,,,https://msrc.microsoft.com/update-guide/vulnerability/CVE-2024-20661
CVE:CVE-2024-20697,CVE,CVE-2024-20697,700,0.008000,MINIMAL,HIGH,False,2024-01-09T18:15:53.130000Z,,
REF:CVE-2024-20697:0,Reference,http://www.openwall.com/lists/oss-security/2024/06/04/2,,,,,,,,http://www.openwall.com/lists/oss-security/2024/06/04/2
REF:CVE-2024-20697:1,Reference,http://www.openwall.com/lists/oss-security/2024/06/05/1,,,,,,,,http://www.openwall.com/lists/oss-security/2024/06/05/1
REF:CVE-2024-20697:2,Reference,https://github.com/advisories/GHSA-w6xv-37jv-7cjr,,,,,,,,https://github.com/advisories/GHSA-w6xv-37jv-7cjr
REF:CVE-2024-20697:3,Reference,https://msrc.microsoft.com/update-guide/vulnerability/CVE-2024-20697,,,,,,,,https://msrc.microsoft.com/update-guide/vulnerability/CVE-2024-20697
REF:CVE-2024-20697:4,Reference,https://www.zerodayinitiative.com/blog/2024/4/17/cve-2024-20697-windows-libarchive-remote-code-execution-vulnerability,,,,,,,,https://www.zerodayinitiative.com/blog/2024/4/17/cve-2024-20697-windows-libarchive-remote-code-execution-vulnerability
CVE:CVE-2024-20700,CVE,CVE-2024-20700,703,0.008000,MINIMAL,HIGH,False,2024-01-09T18:15:53.673000Z,,
REF:CVE-2024-20700:0,Reference,https://msrc.microsoft.com/update-guide/vulnerability/CVE-2024-20700,,,,,,,,https://msrc.microsoft.com/update-guide/vulnerability/CVE-2024-20700
CVE:CVE-2024-21311,CVE,CVE-2024-21311,709,0.008000,MINIMAL,MEDIUM,False,2024-01-09T18:15:54.877000Z,,
REF:CVE-2024-21311:0,Reference,https://msrc.microsoft.com/update-guide/vulnerability/CVE-2024-21311,,,,,,,,https://msrc.microsoft.com/update-guide/vulnerability/CVE-2024-21311
CVE:CVE-2023-31488,CVE,CVE-2023-31488,858,0.008000,MINIMAL,CRITICAL,False,2024-01-10T20:15:45.330000Z,,
CPE:cpe:2.3:a:cisco:ironport_email_security_appliance:-:*:*:*:*:*:*:*,CPE,cpe:2.3:a:cisco:ironport_email_security_appliance:-:*:*:*:*:*:*:*,,,,,,,,
CPE:cpe:2.3:h:cisco:secure_email_gateway:-:*:*:*:*:*:*:*,CPE,cpe:2.3:h:cisco:secure_email_gateway:-:*:*:*:*:*:*:*,,,,,,,,
CPE:cpe:2.3:o:cisco:secure_email_gateway_firmware:-:*:*:*:*:*:*:*,CPE,cpe:2.3:o:cisco:secure_email_gateway_firmware:-:*:*:*:*:*:*:*,,,,,,,,
REF:CVE-2023-31488:0,Reference,https://bst.cisco.com/quickview/bug/CSCwe11003,,,,,,,,https://bst.cisco.com/quickview/bug/CSCwe11003
CVE:CVE-2023-40414,CVE,CVE-2023-40414,893,0.008000,MINIMAL,CRITICAL,False,2024-01-10T22:15:48.687000Z,,
REF:CVE-2023-40414:0,Reference,http://www.openwall.com/lists/oss-security/2024/02/05/8,,,,,,,,http://www.openwall.com/lists/oss-security/2024/02/05/8
REF:CVE-2023-40414:1,Reference,https://support.apple.com/en-us/HT213936,,,,,,,,https://support.apple.com/en-us/HT213936
REF:CVE-2023-40414:2,Reference,https://support.apple.com/en-us/HT213937,,,,,,,,https://support.apple.com/en-us/HT213937
REF:CVE-2023-40414:3,Reference,https://support.apple.com/en-us/HT213938,,,,,,,,https://support.apple.com/en-us/HT213938
REF:CVE-2023-40414:4,Reference,https://support.apple.com/en-us/HT213940,,,,,,,,https://support.apple.com/en-us/HT213940
REF:CVE-2023-40414:5,Reference,https://support.apple.com/en-us/HT213941,,,,,,,,https://support.apple.com/en-us/HT213941
CVE:CVE-2023-42870,CVE,CVE-2023-42870,917,0.008000,MINIMAL,HIGH,False,2024-01-10T22:15:50.240000Z,,
REF:CVE-2023-42870:0,Reference,https://support.apple.com/en-us/HT213938,,,,,,,,https://support.apple.com/en-us/HT213938
REF:CVE-2023-42870:1,Reference,https://support.apple.com/en-us/HT213940,,,,,,,,https://support.apple.com/en-us/HT213940
REF:CVE-2023-42870:2,Reference,https://support.apple.com/kb/HT213938,,,,,,,,https://support.apple.com/kb/HT213938
REF:CVE-2023-42870:3,Reference,https://support.apple.com/kb/HT213940,,,,,,,,https://support.apple.com/kb/HT213940
CVE:CVE-2023-42871,CVE,CVE-2023-42871,918,0.008000,MINIMAL,HIGH,False,2024-01-10T22:15:50.280000Z,,
REF:CVE-2023-42871:0,Reference,https://support.apple.com/en-us/HT213938,,,,,,,,https://support.apple.com/en-us/HT213938
REF:CVE-2023-42871:1,Reference,https://support.apple.com/en-us/HT213940,,,,,,,,https://support.apple.com/en-us/HT213940
REF:CVE-2023-42871:2,Reference,https://support.apple.com/kb/HT213938,,,,,,,,https://support.apple.com/kb/HT213938
REF:CVE-2023-42871:3,Reference,https://support.apple.com/kb/HT213940,,,,,,,,https://support.apple.com/kb/HT213940
CVE:CVE-2022-45794,CVE,CVE-2022-45794,929,0.008000,MINIMAL,HIGH,False,2024-01-10T23:15:08.397000Z,,
CPE:cpe:2.3:h:omron:sysmac_cj1g-cpu42p:-:*:*:*:*:*:*:*,CPE,cpe:2.3:h:omron:sysmac_cj1g-cpu42p:-:*:*:*:*:*:*:*,,,,,,,,
CPE:cpe:2.3:h:omron:sysmac_cj1g-cpu43p:-:*:*:*:*:*:*:*,CPE,cpe:2.3:h:omron:sysmac_cj1g-cpu43p:-:*:*:*:*:*:*:*,,,,,,,,
CPE:cpe:2.3:h:omron:sysmac_cj1g-cpu44p:-:*:*:*:*:*:*:*,CPE,cpe:2.3:h:omron:sysmac_cj1g-cpu44p:-:*:*:*:*:*:*:*,,,,,,,,
CPE:cpe:2.3:h:omron:sysmac_cj1g-cpu45p:-:*:*:*:*:*:*:*,CPE,cpe:2.3:h:omron:sysmac_cj1g-cpu45p:-:*:*:*:*:*:*:*,,,,,,,,
CPE:cpe:2.3:h:omron:sysmac_cj2h-cpu64-eip:-:*:*:*:*:*:*:*,CPE,cpe:2.3:h:omron:sysmac_cj2h-cpu64-eip:-:*:*:*:*:*:*:*,,,,,,,,
CPE:cpe:2.3:h:omron:sysmac_cj2h-cpu64:-:*:*:*:*:*:*:*,CPE,cpe:2.3:h:omron:sysmac_cj2h-cpu64:-:*:*:*:*:*:*:*,,,,,,,,
CPE:cpe:2.3:h:omron:sysmac_cj2h-cpu65-eip:-:*:*:*:*:*:*:*,CPE,cpe:2.3:h:omron:sysmac_cj2h-cpu65-eip:-:*:*:*:*:*:*:*,,,,,,,,
CPE:cpe:2.3:h:omron:sysmac_cj2h-cpu65:-:*:*:*:*:*:*:*,CPE,cpe:2.3:h:omron:sysmac_cj2h-cpu65:-:*:*:*:*:*:*:*,,,,,,,,
CPE:cpe:2.3:h:omron:sysmac_cj2h-cpu66-eip:-:*:*:*:*:*:*:*,CPE,cpe:2.3:h:omron:sysmac_cj2h-cpu66-eip:-:*:*:*:*:*:*:*,,,,,,,,
CPE:cpe:2.3:h:omron:sysmac_cj2h-cpu66:-:*:*:*:*:*:*:*,CPE,cpe:2.3:h:omron:sysmac_cj2h-cpu66:-:*:*:*:*:*:*:*,,,,,,,,
CPE:cpe:2.3:h:omron:sysmac_cj2h-cpu67-eip:-:*:*:*:*:*:*:*,CPE,cpe:2.3:h:omron:sysmac_cj2h-cpu67-eip:-:*:*:*:*:*:*:*,,,,,,,,
CPE:cpe:2.3:h:omron:sysmac_cj2h-cpu67:-:*:*:*:*:*:*:*,CPE,cpe:2.3:h:omron:sysmac_cj2h-cpu67:-:*:*:*:*:*:*:*,,,,,,,,
CPE:cpe:2.3:h:omron:sysmac_cj2h-cpu68-eip:-:*:*:*:*:*:*:*,CPE,cpe:2.3:h:omron:sysmac_cj2h-cpu68-eip:-:*:*:*:*:*:*:*,,,,,,,,
CPE:cpe:2.3:h:omron:sysmac_cj2h-cpu68:-:*:*:*:*:*:*:*,CPE,cpe:2.3:h:omron:sysmac_cj2h-cpu68:-:*:*:*:*:*:*:*,,,,,,,,
CPE:cpe:2.3:h:omron:sysmac_cj2m-cpu11:-:*:*:*:*:*:*:*,CPE,cpe:2.3:h:omron:sysmac_cj2m-cpu11:-:*:*:*:*:*:*:*,,,,,,,,
CPE:cpe:2.3:h:omron:sysmac_cj2m-cpu12:-:*:*:*:*:*:*:*,CPE,cpe:2.3:h:omron:sysmac_cj2m-cpu12:-:*:*:*:*:*:*:*,,,,,,,,
CPE:cpe:2.3:h:omron:sysmac_cj2m-cpu13:-:*:*:*:*:*:*:*,CPE,cpe:2.3:h:omron:sysmac_cj2m-cpu13:-:*:*:*:*:*:*:*,,,,,,,,
CPE:cpe:2.3:h:omron:sysmac_cj2m-cpu14:-:*:*:*:*:*:*:*,CPE,cpe:2.3:h:omron:sysmac_cj2m-cpu14:-:*:*:*:*:*:*:*,,,,,,,,
CPE:cpe:2.3:h:omron:sysmac_cj2m-cpu15:-:*:*:*:*:*:*:*,CPE,cpe:2.3:h:omron:sysmac_cj2m-cpu15:-:*:*:*:*:*:*:*,,,,,,,,
CPE:cpe:2.3:h:omron:sysmac_cj2m-cpu31:-:*:*:*:*:*:*:*,CPE,cpe:2.3:h:omron:sysmac_cj2m-cpu31:-:*:*:*:*:*:*:*,,,,,,,,
CPE:cpe:2.3:h:omron:sysmac_cj2m-cpu32:-:*:*:*:*:*:*:*,CPE,cpe:2.3:h:omron:sysmac_cj2m-cpu32:-:*:*:*:*:*:*:*,,,,,,,,
CPE:cpe:2.3:h:omron:sysmac_cj2m-cpu33:-:*:*:*:*:*:*:*,CPE,cpe:2.3:h:omron:sysmac_cj2m-cpu33:-:*:*:*:*:*:*:*,,,,,,,,
CPE:cpe:2.3:h:omron:sysmac_cj2m-cpu34:-:*:*:*:*:*:*:*,CPE,cpe:2.3:h:omron:sysmac_cj2m-cpu34:-:*:*:*:*:*:*:*,,,,,,,,
CPE:cpe:2.3:h:omron:sysmac_cj2m-cpu35:-:*:*:*:*:*:*:*,CPE,cpe:2.3:h:omron:sysmac_cj2m-cpu35:-:*:*:*:*:*:*:*,,,,,,,,
CPE:cpe:2.3:h:omron:sysmac_cs1d-cpu44sa:-:*:*:*:*:*:*:*,CPE,cpe:2.3:h:omron:sysmac_cs1d-cpu44sa:-:*:*:*:*:*:*:*,,,,,,,,
CPE:cpe:2.3:h:omron:sysmac_cs1d-cpu65h:-:*:*:*:*:*:*:*,CPE,cpe:2.3:h:omron:sysmac_cs1d-cpu65h:-:*:*:*:*:*:*:*,,,,,,,,
CPE:cpe:2.3:h:omron:sysmac_cs1d-cpu65p:-:*:*:*:*:*:*:*,CPE,cpe:2.3:h:omron:sysmac_cs1d-cpu65p:-:*:*:*:*:*:*:*,,,,,,,,
CPE:cpe:2.3:h:omron:sysmac_cs1d-cpu67h:-:*:*:*:*:*:*:*,CPE,cpe:2.3:h:omron:sysmac_cs1d-cpu67h:-:*:*:*:*:*:*:*,,,,,,,,
CPE:cpe:2.3:h:omron:sysmac_cs1d-cpu67ha:-:*:*:*:*:*:*:*,CPE,cpe:2.3:h:omron:sysmac_cs1d-cpu67ha:-:*:*:*:*:*:*:*,,,,,,,,
CPE:cpe:2.3:h:omron:sysmac_cs1d-cpu67p:-:*:*:*:*:*:*:*,CPE,cpe:2.3:h:omron:sysmac_cs1d-cpu67p:-:*:*:*:*:*:*:*,,,,,,,,
CPE:cpe:2.3:h:omron:sysmac_cs1d-cpu67sa:-:*:*:*:*:*:*:*,CPE,cpe:2.3:h:omron:sysmac_cs1d-cpu67sa:-:*:*:*:*:*:*:*,,,,,,,,
CPE:cpe:2.3:h:omron:sysmac_cs1d-cpu68ha:-:*:*:*:*:*:*:*,CPE,cpe:2.3:h:omron:sysmac_cs1d-cpu68ha:-:*:*:*:*:*:*:*,,,,,,,,
CPE:cpe:2.3:h:omron:sysmac_cs1g-cpu42h:-:*:*:*:*:*:*:*,CPE,cpe:2.3:h:omron:sysmac_cs1g-cpu42h:-:*:*:*:*:*:*:*,,,,,,,,
CPE:cpe:2.3:h:omron:sysmac_cs1g-cpu43h:-:*:*:*:*:*:*:*,CPE,cpe:2.3:h:omron:sysmac_cs1g-cpu43h:-:*:*:*:*:*:*:*,,,,,,,,
CPE:cpe:2.3:h:omron:sysmac_cs1g-cpu44h:-:*:*:*:*:*:*:*,CPE,cpe:2.3:h:omron:sysmac_cs1g-cpu44h:-:*:*:*:*:*:*:*,,,,,,,,
CPE:cpe:2.3:h:omron:sysmac_cs1g-cpu45h:-:*:*:*:*:*:*:*,CPE,cpe:2.3:h:omron:sysmac_cs1g-cpu45h:-:*:*:*:*:*:*:*,,,,,,,,
CPE:cpe:2.3:h:omron:sysmac_cs1h-cpu63h:-:*:*:*:*:*:*:*,CPE,cpe:2.3:h:omron:sysmac_cs1h-cpu63h:-:*:*:*:*:*:*:*,,,,,,,,
CPE:cpe:2.3:h:omron:sysmac_cs1h-cpu64h:-:*:*:*:*:*:*:*,CPE,cpe:2.3:h:omron:sysmac_cs1h-cpu64h:-:*:*:*:*:*:*:*,,,,,,,,
CPE:cpe:2.3:h:omron:sysmac_cs1h-cpu65h:-:*:*:*:*:*:*:*,CPE,cpe:2.3:h:omron:sysmac_cs1h-cpu65h:-:*:*:*:*:*:*:*,,,,,,,,
CPE:cpe:2.3:h:omron:sysmac_cs1h-cpu66h:-:*:*:*:*:*:*:*,CPE,cpe:2.3:h:omron:sysmac_cs1h-cpu66h:-:*:*:*:*:*:*:*,,,,,,,,
CPE:cpe:2.3:h:omron:sysmac_cs1h-cpu67h:-:*:*:*:*:*:*:*,CPE,cpe:2.3:h:omron:sysmac_cs1h-cpu67h:-:*:*:*:*:*:*:*,,,,,,,,
CPE:cpe:2.3:o:omron:sysmac_cj1g-cpu42p_firmware:-:*:*:*:*:*:*:*,CPE,cpe:2.3:o:omron:sysmac_cj1g-cpu42p_firmware:-:*:*:*:*:*:*:*,,,,,,,,
CPE:cpe:2.3:o:omron:sysmac_cj1g-cpu43p_firmware:-:*:*:*:*:*:*:*,CPE,cpe:2.3:o:omron:sysmac_cj1g-cpu43p_firmware:-:*:*:*:*:*:*:*,,,,,,,,
CPE:cpe:2.3:o:omron:sysmac_cj1g-cpu44p_firmware:-:*:*:*:*:*:*:*,CPE,cpe:2.3:o:omron:sysmac_cj1g-cpu44p_firmware:-:*:*:*:*:*:*:*,,,,,,,,
CPE:cpe:2.3:o:omron:sysmac_cj1g-cpu45p_firmware:-:*:*:*:*:*:*:*,CPE,cpe:2.3:o:omron:sysmac_cj1g-cpu45p_firmware:-:*:*:*:*:*:*:*,,,,,,,,
CPE:cpe:2.3:o:omron:sysmac_cj2h-cpu64-eip_firmware:-:*:*:*:*:*:*:*,CPE,cpe:2.3:o:omron:sysmac_cj2h-cpu64-eip_firmware:-:*:*:*:*:*:*:*,,,,,,,,
CPE:cpe:2.3:o:omron:sysmac_cj2h-cpu64_firmware:-:*:*:*:*:*:*:*,CPE,cpe:2.3:o:omron:sysmac_cj2h-cpu64_firmware:-:*:*:*:*:*:*:*,,,,,,,,
CPE:cpe:2.3:o:omron:sysmac_cj2h-cpu65-eip_firmware:-:*:*:*:*:*:*:*,CPE,cpe:2.3:o:omron:sysmac_cj2h-cpu65-eip_firmware:-:*:*:*:*:*:*:*,,,,,,,,
CPE:cpe:2.3:o:omron:sysmac_cj2h-cpu65_firmware:-:*:*:*:*:*:*:*,CPE,cpe:2.3:o:omron:sysmac_cj2h-cpu65_firmware:-:*:*:*:*:*:*:*,,,,,,,,
CPE:cpe:2.3:o:omron:sysmac_cj2h-cpu66-eip_firmware:-:*:*:*:*:*:*:*,CPE,cpe:2.3:o:omron:sysmac_cj2h-cpu66-eip_firmware:-:*:*:*:*:*:*:*,,,,,,,,
CPE:cpe:2.3:o:omron:sysmac_cj2h-cpu66_firmware:-:*:*:*:*:*:*:*,CPE,cpe:2.3:o:omron:sysmac_cj2h-cpu66_firmware:-:*:*:*:*:*:*:*,,,,,,,,
CPE:cpe:2.3:o:omron:sysmac_cj2h-cpu67-eip_firmware:-:*:*:*:*:*:*:*,CPE,cpe:2.3:o:omron:sysmac_cj2h-cpu67-eip_firmware:-:*:*:*:*:*:*:*,,,,,,,,
CPE:cpe:2.3:o:omron:sysmac_cj2h-cpu67_firmware:-:*:*:*:*:*:*:*,CPE,cpe:2.3:o:omron:sysmac_cj2h-cpu67_firmware:-:*:*:*:*:*:*:*,,,,,,,,
CPE:cpe:2.3:o:omron:sysmac_cj2h-cpu68-eip_firmware:-:*:*:*:*:*:*:*,CPE,cpe:2.3:o:omron:sysmac_cj2h-cpu68-eip_firmware:-:*:*:*:*:*:*:*,,,,,,,,
CPE:cpe:2.3:o:omron:sysmac_cj2h-cpu68_firmware:-:*:*:*:*:*:*:*,CPE,cpe:2.3:o:omron:sysmac_cj2h-cpu68_firmware:-:*:*:*:*:*:*:*,,,,,,,,
CPE:cpe:2.3:o:omron:sysmac_cj2m-cpu11_firmware:-:*:*:*:*:*:*:*,CPE,cpe:2.3:o:omron:sysmac_cj2m-cpu11_firmware:-:*:*:*:*:*:*:*,,,,,,,,
CPE:cpe:2.3:o:omron:sysmac_cj2m-cpu12_firmware:-:*:*:*:*:*:*:*,CPE,cpe:2.3:o:omron:sysmac_cj2m-cpu12_firmware:-:*:*:*:*:*:*:*,,,,,,,,
CPE:cpe:2.3:o:omron:sysmac_cj2m-cpu13_firmware:-:*:*:*:*:*:*:*,CPE,cpe:2.3:o:omron:sysmac_cj2m-cpu13_firmware:-:*:*:*:*:*:*:*,,,,,,,,
CPE:cpe:2.3:o:omron:sysmac_cj2m-cpu14_firmware:-:*:*:*:*:*:*:*,CPE,cpe:2.3:o:omron:sysmac_cj2m-cpu14_firmware:-:*:*:*:*:*:*:*,,,,,,,,
CPE:cpe:2.3:o:omron:sysmac_cj2m-cpu15_firmware:-:*:*:*:*:*:*:*,CPE,cpe:2.3:o:omron:sysmac_cj2m-cpu15_firmware:-:*:*:*:*:*:*:*,,,,,,,,
CPE:cpe:2.3:o:omron:sysmac_cj2m-cpu31_firmware:-:*:*:*:*:*:*:*,CPE,cpe:2.3:o:omron:sysmac_cj2m-cpu31_firmware:-:*:*:*:*:*:*:*,,,,,,,,
CPE:cpe:2.3:o:omron:sysmac_cj2m-cpu32_firmware:-:*:*:*:*:*:*:*,CPE,cpe:2.3:o:omron:sysmac_cj2m-cpu32_firmware:-:*:*:*:*:*:*:*,,,,,,,,
CPE:cpe:2.3:o:omron:sysmac_cj2m-cpu33_firmware:-:*:*:*:*:*:*:*,CPE,cpe:2.3:o:omron:sysmac_cj2m-cpu33_firmware:-:*:*:*:*:*:*:*,,,,,,,,
CPE:cpe:2.3:o:omron:sysmac_cj2m-cpu34_firmware:-:*:*:*:*:*:*:*,CPE,cpe:2.3:o:omron:sysmac_cj2m-cpu34_firmware:-:*:*:*:*:*:*:*,,,,,,,,
CPE:cpe:2.3:o:omron:sysmac_cj2m-cpu35_firmware:-:*:*:*:*:*:*:*,CPE,cpe:2.3:o:omron:sysmac_cj2m-cpu35_firmware:-:*:*:*:*:*:*:*,,,,,,,,
CPE:cpe:2.3:o:omron:sysmac_cs1d-cpu44sa_firmware:-:*:*:*:*:*:*:*,CPE,cpe:2.3:o:omron:sysmac_cs1d-cpu44sa_firmware:-:*:*:*:*:*:*:*,,,,,,,,
CPE:cpe:2.3:o:omron:sysmac_cs1d-cpu65h_firmware:-:*:*:*:*:*:*:*,CPE,cpe:2.3:o:omron:sysmac_cs1d-cpu65h_firmware:-:*:*:*:*:*:*:*,,,,,,,,
CPE:cpe:2.3:o:omron:sysmac_cs1d-cpu65p_firmware:-:*:*:*:*:*:*:*,CPE,cpe:2.3:o:omron:sysmac_cs1d-cpu65p_firmware:-:*:*:*:*:*:*:*,,,,,,,,
CPE:cpe:2.3:o:omron:sysmac_cs1d-cpu67h_firmware:-:*:*:*:*:*:*:*,CPE,cpe:2.3:o:omron:sysmac_cs1d-cpu67h_firmware:-:*:*:*:*:*:*:*,,,,,,,,
CPE:cpe:2.3:o:omron:sysmac_cs1d-cpu67ha_firmware:-:*:*:*:*:*:*:*,CPE,cpe:2.3:o:omron:sysmac_cs1d-cpu67ha_firmware:-:*:*:*:*:*:*:*,,,,,,,,
CPE:cpe:2.3:o:omron:sysmac_cs1d-cpu67p_firmware:-:*:*:*:*:*:*:*,CPE,cpe:2.3:o:omron:sysmac_cs1d-cpu67p_firmware:-:*:*:*:*:*:*:*,,,,,,,,
CPE:cpe:2.3:o:omron:sysmac_cs1d-cpu67sa_firmware:-:*:*:*:*:*:*:*,CPE,cpe:2.3:o:omron:sysmac_cs1d-cpu67sa_firmware:-:*:*:*:*:*:*:*,,,,,,,,
CPE:cpe:2.3:o:omron:sysmac_cs1d-cpu68ha_firmware:-:*:*:*:*:*:*:*,CPE,cpe:2.3:o:omron:sysmac_cs1d-cpu68ha_firmware:-:*:*:*:*:*:*:*,,,,,,,,
CPE:cpe:2.3:o:omron:sysmac_cs1g-cpu42h_firmware:-:*:*:*:*:*:*:*,CPE,cpe:2.3:o:omron:sysmac_cs1g-cpu42h_firmware:-:*:*:*:*:*:*:*,,,,,,,,
CPE:cpe:2.3:o:omron:sysmac_cs1g-cpu43h_firmware:-:*:*:*:*:*:*:*,CPE,cpe:2.3:o:omron:sysmac_cs1g-cpu43h_firmware:-:*:*:*:*:*:*:*,,,,,,,,
CPE:cpe:2.3:o:omron:sysmac_cs1g-cpu44h_firmware:-:*:*:*:*:*:*:*,CPE,cpe:2.3:o:omron:sysmac_cs1g-cpu44h_firmware:-:*:*:*:*:*:*:*,,,,,,,,
CPE:cpe:2.3:o:omron:sysmac_cs1g-cpu45h_firmware:-:*:*:*:*:*:*:*,CPE,cpe:2.3:o:omron:sysmac_cs1g-cpu45h_firmware:-:*:*:*:*:*:*:*,,,,,,,,
CPE:cpe:2.3:o:omron:sysmac_cs1h-cpu63h_firmware:-:*:*:*:*:*:*:*,CPE,cpe:2.3:o:omron:sysmac_cs1h-cpu63h_firmware:-:*:*:*:*:*:*:*,,,,,,,,
CPE:cpe:2.3:o:omron:sysmac_cs1h-cpu64h_firmware:-:*:*:*:*:*:*:*,CPE,cpe:2.3:o:omron:sysmac_cs1h-cpu64h_firmware:-:*:*:*:*:*:*:*,,,,,,,,
CPE:cpe:2.3:o:omron:sysmac_cs1h-cpu65h_firmware:-:*:*:*:*:*:*:*,CPE,cpe:2.3:o:omron:sysmac_cs1h-cpu65h_firmware:-:*:*:*:*:*:*:*,,,,,,,,
CPE:cpe:2.3:o:omron:sysmac_cs1h-cpu66h_firmware:-:*:*:*:*:*:*:*,CPE,cpe:2.3:o:omron:sysmac_cs1h-cpu66h_firmware:-:*:*:*:*:*:*:*,,,,,,,,
CPE:cpe:2.3:o:omron:sysmac_cs1h-cpu67h_firmware:-:*:*:*:*:*:*:*,CPE,cpe:2.3:o:omron:sysmac_cs1h-cpu67h_firmware:-:*:*:*:*:*:*:*,,,,,,,,
REF:CVE-2022-45794:0,Reference,https://www.dragos.com/advisory/omron-plc-and-engineering-software-network-and-file-format-access/,,,,,,,,https://www.dragos.com/advisory/omron-plc-and-engineering-software-network-and-file-format-access/
REF:CVE-2022-45794:1,Reference,https://www.fa.omron.co.jp/product/security/assets/pdf/en/OMSR-2023-002_en.pdf,,,,,,,,https://www.fa.omron.co.jp/product/security/assets/pdf/en/OMSR-2023-002_en.pdf
CVE:CVE-2023-6979,CVE,CVE-2023-6979,1009,0.008000,MINIMAL,HIGH,False,2024-01-11T09:15:53.670000Z,,
CPE:cpe:2.3:a:cusrev:customer_reviews_for_woocommerce:*:*:*:*:*:wordpress:*:*,CPE,cpe:2.3:a:cusrev:customer_reviews_for_woocommerce:*:*:*:*:*:wordpress:*:*,,,,,,,,
REF:CVE-2023-6979:0,Reference,https://drive.proton.me/urls/K4R2HDQBS0#iuTPm3NqZEdz,,,,,,,,https://drive.proton.me/urls/K4R2HDQBS0#iuTPm3NqZEdz
REF:CVE-2023-6979:1,Reference,https://plugins.trac.wordpress.org/browser/customer-reviews-woocommerce/trunk/includes/import-export/class-cr-reviews-importer.php#L35,,,,,,,,https://plugins.trac.wordpress.org/browser/customer-reviews-woocommerce/trunk/includes/import-export/class-cr-reviews-importer.php#L35
REF:CVE-2023-6979:2,Reference,https://plugins.trac.wordpress.org/changeset?sfp_email=&sfph_mail=&reponame=&old=3016708%40customer-reviews-woocommerce&new=3016708%40customer-reviews-woocommerce&sfp_email=&sfph_mail=,,,,,,,,https://plugins.trac.wordpress.org/changeset?sfp_email=&sfph_mail=&reponame=&old=3016708%40customer-reviews-woocommerce&new=3016708%40customer-reviews-woocommerce&sfp_email=&sfph_mail=
REF:CVE-2023-6979:3,Reference,https://plugins.trac.wordpress.org/changeset?sfp_email=&sfph_mail=&reponame=&old=3018507%40customer-reviews-woocommerce&new=3018507%40customer-reviews-woocommerce&sfp_email=&sfph_mail=,,,,,,,,https://plugins.trac.wordpress.org/changeset?sfp_email=&sfph_mail=&reponame=&old=3018507%40customer-reviews-woocommerce&new=3018507%40customer-reviews-woocommerce&sfp_email=&sfph_mail=
REF:CVE-2023-6979:4,Reference,https://www.wordfence.com/threat-intel/vulnerabilities/id/4af801db-44a6-4cd3-bd1a-3125490c8c48?source=cve,,,,,,,,https://www.wordfence.com/threat-intel/vulnerabilities/id/4af801db-44a6-4cd3-bd1a-3125490c8c48?source=cve
CVE:CVE-2016-20021,CVE,CVE-2016-20021,1104,0.008000,MINIMAL,CRITICAL,False,2024-01-12T03:15:08.410000Z,,
CPE:cpe:2.3:a:gentoo:portage:*:*:*:*:*:*:*:*,CPE,cpe:2.3:a:gentoo:portage:*:*:*:*:*:*:*:*,,,,,,,,
REF:CVE-2016-20021:0,Reference,https://bugs.gentoo.org/597800,,,,,,,,https://bugs.gentoo.org/597800
REF:CVE-2016-20021:1,Reference,https://gitweb.gentoo.org/proj/portage.git/tree/NEWS,,,,,,,,https://gitweb.gentoo.org/proj/portage.git/tree/NEWS
REF:CVE-2016-20021:2,Reference,https://wiki.gentoo.org/wiki/Portage,,,,,,,,https://wiki.gentoo.org/wiki/Portage
CVE:CVE-2023-49569,CVE,CVE-2023-49569,1131,0.008000,MINIMAL,CRITICAL,False,2024-01-12T11:15:13.250000Z,,
CPE:cpe:2.3:a:go-git_project:go-git:*:*:*:*:*:go:*:*,CPE,cpe:2.3:a:go-git_project:go-git:*:*:*:*:*:go:*:*,,,,,,,,
REF:CVE-2023-49569:0,Reference,https://github.com/go-git/go-git/security/advisories/GHSA-449p-3h89-pw88,,,,,,,,https://github.com/go-git/go-git/security/advisories/GHSA-449p-3h89-pw88
CVE:CVE-2023-51790,CVE,CVE-2023-51790,1132,0.008000,MINIMAL,MEDIUM,False,2024-01-12T13:15:11.733000Z,,
CPE:cpe:2.3:a:piwigo:piwigo:14.0.0:*:*:*:*:*:*:*,CPE,cpe:2.3:a:piwigo:piwigo:14.0.0:*:*:*:*:*:*:*,,,,,,,,
REF:CVE-2023-51790:0,Reference,https://github.com/Piwigo/AdminTools/issues/21,,,,,,,,https://github.com/Piwigo/AdminTools/issues/21
REF:CVE-2023-51790:1,Reference,https://github.com/Piwigo/Piwigo/issues/2069,,,,,,,,https://github.com/Piwigo/Piwigo/issues/2069
CVE:CVE-2023-4812,CVE,CVE-2023-4812,1137,0.008000,MINIMAL,HIGH,False,2024-01-12T14:15:48.510000Z,,
CPE:cpe:2.3:a:gitlab:gitlab:*:*:*:*:community:*:*:*,CPE,cpe:2.3:a:gitlab:gitlab:*:*:*:*:community:*:*:*,,,,,,,,
CPE:cpe:2.3:a:gitlab:gitlab:*:*:*:*:enterprise:*:*:*,CPE,cpe:2.3:a:gitlab:gitlab:*:*:*:*:enterprise:*:*:*,,,,,,,,
CPE:cpe:2.3:a:gitlab:gitlab:16.7.0:*:*:*:enterprise:*:*:*,CPE,cpe:2.3:a:gitlab:gitlab:16.7.0:*:*:*:enterprise:*:*:*,,,,,,,,
CPE:cpe:2.3:a:gitlab:gitlab:16.7.1:*:*:*:enterprise:*:*:*,CPE,cpe:2.3:a:gitlab:gitlab:16.7.1:*:*:*:enterprise:*:*:*,,,,,,,,
REF:CVE-2023-4812:0,Reference,https://gitlab.com/gitlab-org/gitlab/-/issues/424398,,,,,,,,https://gitlab.com/gitlab-org/gitlab/-/issues/424398
REF:CVE-2023-4812:1,Reference,https://hackerone.com/reports/2115574,,,,,,,,https://hackerone.com/reports/2115574
CVE:CVE-2023-51063,CVE,CVE-2023-51063,1214,0.008000,MINIMAL,HIGH,False,2024-01-13T04:15:07.820000Z,,
CPE:cpe:2.3:a:qstar:archive_storage_manager:3-0:build7_patch0:*:*:*:*:*:*,CPE,cpe:2.3:a:qstar:archive_storage_manager:3-0:build7_patch0:*:*:*:*:*:*,,,,,,,,
REF:CVE-2023-51063:0,Reference,https://github.com/Oracle-Security/CVEs/blob/main/QStar%20Archive%20Solutions/CVE-2023-51063.md,,,,,,,,https://github.com/Oracle-Security/CVEs/blob/main/QStar%20Archive%20Solutions/CVE-2023-51063.md
CVE:CVE-2023-51066,CVE,CVE-2023-51066,1217,0.008000,MINIMAL,HIGH,False,2024-01-13T04:15:07.957000Z,,
REF:CVE-2023-51066:0,Reference,https://github.com/Oracle-Security/CVEs/blob/main/QStar%20Archive%20Solutions/CVE-2023-51066.md,,,,,,,,https://github.com/Oracle-Security/CVEs/blob/main/QStar%20Archive%20Solutions/CVE-2023-51066.md
CVE:CVE-2024-0552,CVE,CVE-2024-0552,1276,0.008000,MINIMAL,CRITICAL,False,2024-01-15T04:15:08.260000Z,,
CPE:cpe:2.3:a:intumit:smartrobot:*:*:*:*:*:*:*:*,CPE,cpe:2.3:a:intumit:smartrobot:*:*:*:*:*:*:*:*,,,,,,,,
REF:CVE-2024-0552:0,Reference,https://www.twcert.org.tw/tw/cp-132-7662-41d50-1.html,,,,,,,,https://www.twcert.org.tw/tw/cp-132-7662-41d50-1.html
CVE:CVE-2023-6049,CVE,CVE-2023-6049,1306,0.008000,MINIMAL,CRITICAL,False,2024-01-15T16:15:12.323000Z,,
CPE:cpe:2.3:a:estatik:estatik:*:*:*:*:*:wordpress:*:*,CPE,cpe:2.3:a:estatik:estatik:*:*:*:*:*:wordpress:*:*,,,,,,,,
REF:CVE-2023-6049:0,Reference,https://wpscan.com/vulnerability/8cfd8c1f-2834-4a94-a3fa-c0cfbe78a8b7,,,,,,,,https://wpscan.com/vulnerability/8cfd8c1f-2834-4a94-a3fa-c0cfbe78a8b7
CVE:CVE-2023-6395,CVE,CVE-2023-6395,1384,0.008000,MINIMAL,MEDIUM,False,2024-01-16T15:15:08.657000Z,,
CPE:cpe:2.3:a:fedoraproject:extra_packages_for_enterprise_linux:7.0:*:*:*:*:*:*:*,CPE,cpe:2.3:a:fedoraproject:extra_packages_for_enterprise_linux:7.0:*:*:*:*:*:*:*,,,,,,,,
CPE:cpe:2.3:a:fedoraproject:extra_packages_for_enterprise_linux:8.0:*:*:*:*:*:*:*,CPE,cpe:2.3:a:fedoraproject:extra_packages_for_enterprise_linux:8.0:*:*:*:*:*:*:*,,,,,,,,
CPE:cpe:2.3:a:fedoraproject:extra_packages_for_enterprise_linux:9.0:*:*:*:*:*:*:*,CPE,cpe:2.3:a:fedoraproject:extra_packages_for_enterprise_linux:9.0:*:*:*:*:*:*:*,,,,,,,,
CPE:cpe:2.3:a:rpm-software-management:mock:-:*:*:*:*:*:*:*,CPE,cpe:2.3:a:rpm-software-management:mock:-:*:*:*:*:*:*:*,,,,,,,,
REF:CVE-2023-6395:0,Reference,http://www.openwall.com/lists/oss-security/2024/01/16/1,,,,,,,,http://www.openwall.com/lists/oss-security/2024/01/16/1
REF:CVE-2023-6395:1,Reference,http://www.openwall.com/lists/oss-security/2024/01/16/3,,,,,,,,http://www.openwall.com/lists/oss-security/2024/01/16/3
REF:CVE-2023-6395:2,Reference,https://access.redhat.com/security/cve/CVE-2023-6395,,,,,,,,https://access.redhat.com/security/cve/CVE-2023-6395
REF:CVE-2023-6395:3,Reference,https://bugzilla.redhat.com/show_bug.cgi?id=2252206,,,,,,,,https://bugzilla.redhat.com/show_bug.cgi?id=2252206
REF:CVE-2023-6395:4,Reference,https://github.com/xsuchy/templated-dictionary/commit/0740bd0ca8d487301881541028977d120f8b8933,,,,,,,,https://github.com/xsuchy/templated-dictionary/commit/0740bd0ca8d487301881541028977d120f8b8933
REF:CVE-2023-6395:5,Reference,https://github.com/xsuchy/templated-dictionary/commit/bcd90f0dafa365575c4b101e6f5d98c4ef4e4b69,,,,,,,,https://github.com/xsuchy/templated-dictionary/commit/bcd90f0dafa365575c4b101e6f5d98c4ef4e4b69
REF:CVE-2023-6395:6,Reference,https://lists.fedoraproject.org/archives/list/package-announce@lists.fedoraproject.org/message/62SP2BJC2AFLFJJAEHPGZ3ZINTBTI7AN/,,,,,,,,https://lists.fedoraproject.org/archives/list/package-announce@lists.fedoraproject.org/message/62SP2BJC2AFLFJJAEHPGZ3ZINTBTI7AN/
REF:CVE-2023-6395:7,Reference,https://lists.fedoraproject.org/archives/list/package-announce@lists.fedoraproject.org/message/NBFYREAJH4T7GXXQZ4GJEREN4Q3AHS3K/,,,,,,,,https://lists.fedoraproject.org/archives/list/package-announce@lists.fedoraproject.org/message/NBFYREAJH4T7GXXQZ4GJEREN4Q3AHS3K/
CVE:CVE-2023-4536,CVE,CVE-2023-4536,1444,0.008000,MINIMAL,HIGH,False,2024-01-16T16:15:13.220000Z,,
CPE:cpe:2.3:a:koalaapps:my_account_page_editor:*:*:*:*:*:wordpress:*:*,CPE,cpe:2.3:a:koalaapps:my_account_page_editor:*:*:*:*:*:wordpress:*:*,,,,,,,,
REF:CVE-2023-4536:0,Reference,https://wpscan.com/vulnerability/80e0e21c-9e6e-406d-b598-18eb222b3e3e/,,,,,,,,https://wpscan.com/vulnerability/80e0e21c-9e6e-406d-b598-18eb222b3e3e/
CVE:CVE-2024-20287,CVE,CVE-2024-20287,1625,0.008000,MINIMAL,MEDIUM,False,2024-01-17T17:15:12.467000Z,,
CPE:cpe:2.3:h:cisco:wap371:-:*:*:*:*:*:*:*,CPE,cpe:2.3:h:cisco:wap371:-:*:*:*:*:*:*:*,,,,,,,,
CPE:cpe:2.3:o:cisco:wap371_firmware:*:*:*:*:*:*:*:*,CPE,cpe:2.3:o:cisco:wap371_firmware:*:*:*:*:*:*:*:*,,,,,,,,
REF:CVE-2024-20287:0,Reference,https://sec.cloudapps.cisco.com/security/center/content/CiscoSecurityAdvisory/cisco-sa-sb-wap-inject-bHStWgXO,,,,,,,,https://sec.cloudapps.cisco.com/security/center/content/CiscoSecurityAdvisory/cisco-sa-sb-wap-inject-bHStWgXO
CVE:CVE-2023-6816,CVE,CVE-2023-6816,1673,0.008000,MINIMAL,CRITICAL,False,2024-01-18T05:15:08.607000Z,,
CPE:cpe:2.3:a:x.org:x_server:*:*:*:*:*:*:*:*,CPE,cpe:2.3:a:x.org:x_server:*:*:*:*:*:*:*:*,,,,,,,,
CPE:cpe:2.3:a:x.org:xwayland:*:*:*:*:*:*:*:*,CPE,cpe:2.3:a:x.org:xwayland:*:*:*:*:*:*:*:*,,,,,,,,
CPE:cpe:2.3:o:redhat:enterprise_linux_desktop:7.0:*:*:*:*:*:*:*,CPE,cpe:2.3:o:redhat:enterprise_linux_desktop:7.0:*:*:*:*:*:*:*,,,,,,,,
CPE:cpe:2.3:o:redhat:enterprise_linux_server:7.0:*:*:*:*:*:*:*,CPE,cpe:2.3:o:redhat:enterprise_linux_server:7.0:*:*:*:*:*:*:*,,,,,,,,
CPE:cpe:2.3:o:redhat:enterprise_linux_workstation:7.0:*:*:*:*:*:*:*,CPE,cpe:2.3:o:redhat:enterprise_linux_workstation:7.0:*:*:*:*:*:*:*,,,,,,,,
REF:CVE-2023-6816:0,Reference,http://www.openwall.com/lists/oss-security/2024/01/18/1,,,,,,,,http://www.openwall.com/lists/oss-security/2024/01/18/1
REF:CVE-2023-6816:1,Reference,https://access.redhat.com/errata/RHSA-2024:0320,,,,,,,,https://access.redhat.com/errata/RHSA-2024:0320
REF:CVE-2023-6816:2,Reference,https://access.redhat.com/errata/RHSA-2024:0557,,,,,,,,https://access.redhat.com/errata/RHSA-2024:0557
REF:CVE-2023-6816:3,Reference,https://access.redhat.com/errata/RHSA-2024:0558,,,,,,,,https://access.redhat.com/errata/RHSA-2024:0558
REF:CVE-2023-6816:4,Reference,https://access.redhat.com/errata/RHSA-2024:0597,,,,,,,,https://access.redhat.com/errata/RHSA-2024:0597
REF:CVE-2023-6816:5,Reference,https://access.redhat.com/errata/RHSA-2024:0607,,,,,,,,https://access.redhat.com/errata/RHSA-2024:0607
REF:CVE-2023-6816:6,Reference,https://access.redhat.com/errata/RHSA-2024:0614,,,,,,,,https://access.redhat.com/errata/RHSA-2024:0614
REF:CVE-2023-6816:7,Reference,https://access.redhat.com/errata/RHSA-2024:0617,,,,,,,,https://access.redhat.com/errata/RHSA-2024:0617
REF:CVE-2023-6816:8,Reference,https://access.redhat.com/errata/RHSA-2024:0621,,,,,,,,https://access.redhat.com/errata/RHSA-2024:0621
REF:CVE-2023-6816:9,Reference,https://access.redhat.com/errata/RHSA-2024:0626,,,,,,,,https://access.redhat.com/errata/RHSA-2024:0626
REF:CVE-2023-6816:10,Reference,https://access.redhat.com/errata/RHSA-2024:0629,,,,,,,,https://access.redhat.com/errata/RHSA-2024:0629
REF:CVE-2023-6816:11,Reference,https://access.redhat.com/errata/RHSA-2024:2169,,,,,,,,https://access.redhat.com/errata/RHSA-2024:2169
REF:CVE-2023-6816:12,Reference,https://access.redhat.com/errata/RHSA-2024:2170,,,,,,,,https://access.redhat.com/errata/RHSA-2024:2170
REF:CVE-2023-6816:13,Reference,https://access.redhat.com/errata/RHSA-2024:2995,,,,,,,,https://access.redhat.com/errata/RHSA-2024:2995
REF:CVE-2023-6816:14,Reference,https://access.redhat.com/errata/RHSA-2024:2996,,,,,,,,https://access.redhat.com/errata/RHSA-2024:2996
REF:CVE-2023-6816:15,Reference,https://access.redhat.com/errata/RHSA-2025:12751,,,,,,,,https://access.redhat.com/errata/RHSA-2025:12751
REF:CVE-2023-6816:16,Reference,https://access.redhat.com/security/cve/CVE-2023-6816,,,,,,,,https://access.redhat.com/security/cve/CVE-2023-6816
REF:CVE-2023-6816:17,Reference,https://bugzilla.redhat.com/show_bug.cgi?id=2257691,,,,,,,,https://bugzilla.redhat.com/show_bug.cgi?id=2257691
REF:CVE-2023-6816:18,Reference,https://lists.debian.org/debian-lts-announce/2024/01/msg00016.html,,,,,,,,https://lists.debian.org/debian-lts-announce/2024/01/msg00016.html
REF:CVE-2023-6816:19,Reference,https://lists.fedoraproject.org/archives/list/package-announce@lists.fedoraproject.org/message/5J4H7CH565ALSZZYKOJFYDA5KFLG6NUK/,,,,,,,,https://lists.fedoraproject.org/archives/list/package-announce@lists.fedoraproject.org/message/5J4H7CH565ALSZZYKOJFYDA5KFLG6NUK/
REF:CVE-2023-6816:20,Reference,https://lists.fedoraproject.org/archives/list/package-announce@lists.fedoraproject.org/message/EJBMCWQ54R6ZL3MYU2D2JBW6JMZL7BQW/,,,,,,,,https://lists.fedoraproject.org/archives/list/package-announce@lists.fedoraproject.org/message/EJBMCWQ54R6ZL3MYU2D2JBW6JMZL7BQW/
REF:CVE-2023-6816:21,Reference,https://lists.fedoraproject.org/archives/list/package-announce@lists.fedoraproject.org/message/IZ75X54CN4IFYMIV7OK3JVZ57FHQIGIC/,,,,,,,,https://lists.fedoraproject.org/archives/list/package-announce@lists.fedoraproject.org/message/IZ75X54CN4IFYMIV7OK3JVZ57FHQIGIC/
REF:CVE-2023-6816:22,Reference,https://security.gentoo.org/glsa/202401-30,,,,,,,,https://security.gentoo.org/glsa/202401-30
REF:CVE-2023-6816:23,Reference,https://security.netapp.com/advisory/ntap-20240307-0006/,,,,,,,,https://security.netapp.com/advisory/ntap-20240307-0006/
CVE:CVE-2024-22568,CVE,CVE-2024-22568,1690,0.008000,MINIMAL,HIGH,False,2024-01-18T15:15:09.717000Z,,
CPE:cpe:2.3:a:flycms_project:flycms:1.0:*:*:*:*:*:*:*,CPE,cpe:2.3:a:flycms_project:flycms:1.0:*:*:*:*:*:*:*,,,,,,,,
REF:CVE-2024-22568:0,Reference,https://github.com/kayo-zjq/myc/blob/main/1.md,,,,,,,,https://github.com/kayo-zjq/myc/blob/main/1.md
CVE:CVE-2024-0409,CVE,CVE-2024-0409,1695,0.008000,MINIMAL,HIGH,False,2024-01-18T16:15:08.593000Z,,
CPE:cpe:2.3:a:tigervnc:tigervnc:*:*:*:*:*:*:*:*,CPE,cpe:2.3:a:tigervnc:tigervnc:*:*:*:*:*:*:*:*,,,,,,,,
CPE:cpe:2.3:o:redhat:enterprise_linux:6.0:*:*:*:*:*:*:*,CPE,cpe:2.3:o:redhat:enterprise_linux:6.0:*:*:*:*:*:*:*,,,,,,,,
CPE:cpe:2.3:o:redhat:enterprise_linux:7.0:*:*:*:*:*:*:*,CPE,cpe:2.3:o:redhat:enterprise_linux:7.0:*:*:*:*:*:*:*,,,,,,,,
CPE:cpe:2.3:o:redhat:enterprise_linux:8.0:*:*:*:*:*:*:*,CPE,cpe:2.3:o:redhat:enterprise_linux:8.0:*:*:*:*:*:*:*,,,,,,,,
CPE:cpe:2.3:o:redhat:enterprise_linux:9.0:*:*:*:*:*:*:*,CPE,cpe:2.3:o:redhat:enterprise_linux:9.0:*:*:*:*:*:*:*,,,,,,,,
CPE:cpe:2.3:o:redhat:enterprise_linux_for_ibm_z_systems:7.0:*:*:*:*:*:*:*,CPE,cpe:2.3:o:redhat:enterprise_linux_for_ibm_z_systems:7.0:*:*:*:*:*:*:*,,,,,,,,
CPE:cpe:2.3:o:redhat:enterprise_linux_for_power_big_endian:7.0:*:*:*:*:*:*:*,CPE,cpe:2.3:o:redhat:enterprise_linux_for_power_big_endian:7.0:*:*:*:*:*:*:*,,,,,,,,
CPE:cpe:2.3:o:redhat:enterprise_linux_for_power_little_endian:7.0:*:*:*:*:*:*:*,CPE,cpe:2.3:o:redhat:enterprise_linux_for_power_little_endian:7.0:*:*:*:*:*:*:*,,,,,,,,
CPE:cpe:2.3:o:redhat:enterprise_linux_for_scientific_computing:7.0:*:*:*:*:*:*:*,CPE,cpe:2.3:o:redhat:enterprise_linux_for_scientific_computing:7.0:*:*:*:*:*:*:*,,,,,,,,
REF:CVE-2024-0409:0,Reference,https://access.redhat.com/errata/RHSA-2024:0320,,,,,,,,https://access.redhat.com/errata/RHSA-2024:0320
REF:CVE-2024-0409:1,Reference,https://access.redhat.com/errata/RHSA-2024:2169,,,,,,,,https://access.redhat.com/errata/RHSA-2024:2169
REF:CVE-2024-0409:2,Reference,https://access.redhat.com/errata/RHSA-2024:2170,,,,,,,,https://access.redhat.com/errata/RHSA-2024:2170
REF:CVE-2024-0409:3,Reference,https://access.redhat.com/errata/RHSA-2024:2995,,,,,,,,https://access.redhat.com/errata/RHSA-2024:2995
REF:CVE-2024-0409:4,Reference,https://access.redhat.com/errata/RHSA-2024:2996,,,,,,,,https://access.redhat.com/errata/RHSA-2024:2996
REF:CVE-2024-0409:5,Reference,https://access.redhat.com/security/cve/CVE-2024-0409,,,,,,,,https://access.redhat.com/security/cve/CVE-2024-0409
REF:CVE-2024-0409:6,Reference,https://bugzilla.redhat.com/show_bug.cgi?id=2257690,,,,,,,,https://bugzilla.redhat.com/show_bug.cgi?id=2257690
REF:CVE-2024-0409:7,Reference,https://lists.debian.org/debian-lts-announce/2024/01/msg00016.html,,,,,,,,https://lists.debian.org/debian-lts-announce/2024/01/msg00016.html
REF:CVE-2024-0409:8,Reference,https://lists.fedoraproject.org/archives/list/package-announce@lists.fedoraproject.org/message/5J4H7CH565ALSZZYKOJFYDA5KFLG6NUK/,,,,,,,,https://lists.fedoraproject.org/archives/list/package-announce@lists.fedoraproject.org/message/5J4H7CH565ALSZZYKOJFYDA5KFLG6NUK/
REF:CVE-2024-0409:9,Reference,https://lists.fedoraproject.org/archives/list/package-announce@lists.fedoraproject.org/message/EJBMCWQ54R6ZL3MYU2D2JBW6JMZL7BQW/,,,,,,,,https://lists.fedoraproject.org/archives/list/package-announce@lists.fedoraproject.org/message/EJBMCWQ54R6ZL3MYU2D2JBW6JMZL7BQW/
REF:CVE-2024-0409:10,Reference,https://lists.fedoraproject.org/archives/list/package-announce@lists.fedoraproject.org/message/IZ75X54CN4IFYMIV7OK3JVZ57FHQIGIC/,,,,,,,,https://lists.fedoraproject.org/archives/list/package-announce@lists.fedoraproject.org/message/IZ75X54CN4IFYMIV7OK3JVZ57FHQIGIC/
REF:CVE-2024-0409:11,Reference,https://security.gentoo.org/glsa/202401-30,,,,,,,,https://security.gentoo.org/glsa/202401-30
REF:CVE-2024-0409:12,Reference,https://security.netapp.com/advisory/ntap-20240307-0006/,,,,,,,,https://security.netapp.com/advisory/ntap-20240307-0006/
CVE:CVE-2024-22212,CVE,CVE-2024-22212,1709,0.008000,MINIMAL,CRITICAL,False,2024-01-18T19:15:10.353000Z,,
CPE:cpe:2.3:a:nextcloud:global_site_selector:*:*:*:*:*:*:*:*,CPE,cpe:2.3:a:nextcloud:global_site_selector:*:*:*:*:*:*:*:*,,,,,,,,
REF:CVE-2024-22212:0,Reference,https://github.com/nextcloud/globalsiteselector/commit/ab5da57190d5bbc79079ce4109b6bcccccd893ee,,,,,,,,https://github.com/nextcloud/globalsiteselector/commit/ab5da57190d5bbc79079ce4109b6bcccccd893ee
REF:CVE-2024-22212:1,Reference,https://github.com/nextcloud/security-advisories/security/advisories/GHSA-vj5q-f63m-wp77,,,,,,,,https://github.com/nextcloud/security-advisories/security/advisories/GHSA-vj5q-f63m-wp77
REF:CVE-2024-22212:2,Reference,https://hackerone.com/reports/2248689,,,,,,,,https://hackerone.com/reports/2248689
CVE:CVE-2024-22213,CVE,CVE-2024-22213,1711,0.008000,MINIMAL,NONE,False,2024-01-18T20:15:08.113000Z,,
CPE:cpe:2.3:a:nextcloud:deck:*:*:*:*:*:*:*:*,CPE,cpe:2.3:a:nextcloud:deck:*:*:*:*:*:*:*:*,,,,,,,,
REF:CVE-2024-22213:0,Reference,https://github.com/nextcloud/deck/commit/91f1557362047f8840f53151f176b80148650bcd,,,,,,,,https://github.com/nextcloud/deck/commit/91f1557362047f8840f53151f176b80148650bcd
REF:CVE-2024-22213:1,Reference,https://github.com/nextcloud/security-advisories/security/advisories/GHSA-mg7w-x9fm-9wwc,,,,,,,,https://github.com/nextcloud/security-advisories/security/advisories/GHSA-mg7w-x9fm-9wwc
REF:CVE-2024-22213:2,Reference,https://hackerone.com/reports/2058556,,,,,,,,https://hackerone.com/reports/2058556
CVE:CVE-2023-38738,CVE,CVE-2023-38738,1739,0.008000,MINIMAL,MEDIUM,False,2024-01-19T01:15:08.717000Z,,
CWE:CWE-257,CWE,CWE-257,,,,,,,,
CPE:cpe:2.3:a:ibm:openpages_with_watson:*:*:*:*:*:*:*:*,CPE,cpe:2.3:a:ibm:openpages_with_watson:*:*:*:*:*:*:*:*,,,,,,,,
CPE:cpe:2.3:a:ibm:openpages_with_watson:9.0:*:*:*:*:*:*:*,CPE,cpe:2.3:a:ibm:openpages_with_watson:9.0:*:*:*:*:*:*:*,,,,,,,,
REF:CVE-2023-38738:0,Reference,https://exchange.xforce.ibmcloud.com/vulnerabilities/262594,,,,,,,,https://exchange.xforce.ibmcloud.com/vulnerabilities/262594
REF:CVE-2023-38738:1,Reference,https://www.ibm.com/support/pages/node/7107775,,,,,,,,https://www.ibm.com/support/pages/node/7107775
CVE:CVE-2024-0705,CVE,CVE-2024-0705,1749,0.008000,MINIMAL,CRITICAL,False,2024-01-19T10:15:34.287000Z,,
CPE:cpe:2.3:a:webtoffee:stripe_payment_plugin_for_woocommerce:*:*:*:*:*:wordpress:*:*,CPE,cpe:2.3:a:webtoffee:stripe_payment_plugin_for_woocommerce:*:*:*:*:*:wordpress:*:*,,,,,,,,
REF:CVE-2024-0705:0,Reference,https://plugins.trac.wordpress.org/changeset?sfp_email=&sfph_mail=&reponame=&old=2954934%40payment-gateway-stripe-and-woocommerce-integration&new=2954934%40payment-gateway-stripe-and-woocommerce-integration&sfp_email=&sfph_mail=,,,,,,,,https://plugins.trac.wordpress.org/changeset?sfp_email=&sfph_mail=&reponame=&old=2954934%40payment-gateway-stripe-and-woocommerce-integration&new=2954934%40payment-gateway-stripe-and-woocommerce-integration&sfp_email=&sfph_mail=
REF:CVE-2024-0705:1,Reference,https://www.wordfence.com/threat-intel/vulnerabilities/id/2652a7fc-b610-40f1-8b76-2129f59390ec?source=cve,,,,,,,,https://www.wordfence.com/threat-intel/vulnerabilities/id/2652a7fc-b610-40f1-8b76-2129f59390ec?source=cve
CVE:CVE-2023-50030,CVE,CVE-2023-50030,1755,0.008000,MINIMAL,CRITICAL,False,2024-01-19T14:15:12.453000Z,,
CPE:cpe:2.3:a:joommasters:jmssetting:*:*:*:*:*:prestashop:*:*,CPE,cpe:2.3:a:joommasters:jmssetting:*:*:*:*:*:prestashop:*:*,,,,,,,,
REF:CVE-2023-50030:0,Reference,https://security.friendsofpresta.org/modules/2024/01/16/jmssetting.html,,,,,,,,https://security.friendsofpresta.org/modules/2024/01/16/jmssetting.html
REF:CVE-2023-50030:1,Reference,https://www.joommasters.com/,,,,,,,,https://www.joommasters.com/
CVE:CVE-2024-0714,CVE,CVE-2024-0714,1767,0.008000,MINIMAL,MEDIUM,False,2024-01-19T15:15:08.997000Z,,
CPE:cpe:2.3:a:sourcefabric:phoniebox:*:*:*:*:*:*:*:*,CPE,cpe:2.3:a:sourcefabric:phoniebox:*:*:*:*:*:*:*:*,,,,,,,,
REF:CVE-2024-0714:0,Reference,https://vuldb.com/?ctiid.251540,,,,,,,,https://vuldb.com/?ctiid.251540
REF:CVE-2024-0714:1,Reference,https://vuldb.com/?id.251540,,,,,,,,https://vuldb.com/?id.251540
CVE:CVE-2024-0758,CVE,CVE-2024-0758,1828,0.008000,MINIMAL,MEDIUM,False,2024-01-19T21:15:09.600000Z,,
CPE:cpe:2.3:a:ipb-halle:molecularfaces:*:*:*:*:*:*:*:*,CPE,cpe:2.3:a:ipb-halle:molecularfaces:*:*:*:*:*:*:*:*,,,,,,,,
REF:CVE-2024-0758:0,Reference,https://github.com/advisories/GHSA-2pwh-52h7-7j84,,,,,,,,https://github.com/advisories/GHSA-2pwh-52h7-7j84
REF:CVE-2024-0758:1,Reference,https://github.com/ipb-halle/MolecularFaces/security/advisories/GHSA-2pwh-52h7-7j84,,,,,,,,https://github.com/ipb-halle/MolecularFaces/security/advisories/GHSA-2pwh-52h7-7j84
REF:CVE-2024-0758:2,Reference,https://vulncheck.com/advisories/vc-advisory-GHSA-2pwh-52h7-7j84,,,,,,,,https://vulncheck.com/advisories/vc-advisory-GHSA-2pwh-52h7-7j84
CVE:CVE-2024-23208,CVE,CVE-2024-23208,1946,0.008000,MINIMAL,HIGH,False,2024-01-23T01:15:10.930000Z,,
REF:CVE-2024-23208:0,Reference,http://seclists.org/fulldisclosure/2024/Jan/33,,,,,,,,http://seclists.org/fulldisclosure/2024/Jan/33
REF:CVE-2024-23208:1,Reference,http://seclists.org/fulldisclosure/2024/Jan/36,,,,,,,,http://seclists.org/fulldisclosure/2024/Jan/36
REF:CVE-2024-23208:2,Reference,http://seclists.org/fulldisclosure/2024/Jan/39,,,,,,,,http://seclists.org/fulldisclosure/2024/Jan/39
REF:CVE-2024-23208:3,Reference,http://seclists.org/fulldisclosure/2024/Jan/40,,,,,,,,http://seclists.org/fulldisclosure/2024/Jan/40
REF:CVE-2024-23208:4,Reference,https://support.apple.com/en-us/120304,,,,,,,,https://support.apple.com/en-us/120304
REF:CVE-2024-23208:5,Reference,https://support.apple.com/en-us/120306,,,,,,,,https://support.apple.com/en-us/120306
REF:CVE-2024-23208:6,Reference,https://support.apple.com/en-us/120309,,,,,,,,https://support.apple.com/en-us/120309
REF:CVE-2024-23208:7,Reference,https://support.apple.com/en-us/120311,,,,,,,,https://support.apple.com/en-us/120311
REF:CVE-2024-23208:8,Reference,https://support.apple.com/en-us/HT214055,,,,,,,,https://support.apple.com/en-us/HT214055
REF:CVE-2024-23208:9,Reference,https://support.apple.com/en-us/HT214059,,,,,,,,https://support.apple.com/en-us/HT214059
REF:CVE-2024-23208:10,Reference,https://support.apple.com/en-us/HT214060,,,,,,,,https://support.apple.com/en-us/HT214060
REF:CVE-2024-23208:11,Reference,https://support.apple.com/en-us/HT214061,,,,,,,,https://support.apple.com/en-us/HT214061
REF:CVE-2024-23208:12,Reference,https://support.apple.com/kb/HT214055,,,,,,,,https://support.apple.com/kb/HT214055
REF:CVE-2024-23208:13,Reference,https://support.apple.com/kb/HT214061,,,,,,,,https://support.apple.com/kb/HT214061
CVE:CVE-2024-0751,CVE,CVE-2024-0751,1996,0.008000,MINIMAL,HIGH,False,2024-01-23T14:15:38.643000Z,,
CPE:cpe:2.3:a:mozilla:firefox:*:*:*:*:*:*:*:*,CPE,cpe:2.3:a:mozilla:firefox:*:*:*:*:*:*:*:*,,,,,,,,
CPE:cpe:2.3:a:mozilla:firefox_esr:*:*:*:*:*:*:*:*,CPE,cpe:2.3:a:mozilla:firefox_esr:*:*:*:*:*:*:*:*,,,,,,,,
CPE:cpe:2.3:a:mozilla:thunderbird:*:*:*:*:*:*:*:*,CPE,cpe:2.3:a:mozilla:thunderbird:*:*:*:*:*:*:*:*,,,,,,,,
REF:CVE-2024-0751:0,Reference,https://bugzilla.mozilla.org/show_bug.cgi?id=1865689,,,,,,,,https://bugzilla.mozilla.org/show_bug.cgi?id=1865689
REF:CVE-2024-0751:1,Reference,https://lists.debian.org/debian-lts-announce/2024/01/msg00015.html,,,,,,,,https://lists.debian.org/debian-lts-announce/2024/01/msg00015.html
REF:CVE-2024-0751:2,Reference,https://lists.debian.org/debian-lts-announce/2024/01/msg00022.html,,,,,,,,https://lists.debian.org/debian-lts-announce/2024/01/msg00022.html
REF:CVE-2024-0751:3,Reference,https://www.mozilla.org/security/advisories/mfsa2024-01/,,,,,,,,https://www.mozilla.org/security/advisories/mfsa2024-01/
REF:CVE-2024-0751:4,Reference,https://www.mozilla.org/security/advisories/mfsa2024-02/,,,,,,,,https://www.mozilla.org/security/advisories/mfsa2024-02/
REF:CVE-2024-0751:5,Reference,https://www.mozilla.org/security/advisories/mfsa2024-04/,,,,,,,,https://www.mozilla.org/security/advisories/mfsa2024-04/
CVE:CVE-2021-42142,CVE,CVE-2021-42142,2061,0.008000,MINIMAL,CRITICAL,False,2024-01-23T22:15:16.270000Z,,
CWE:CWE-755,CWE,CWE-755,,,,,,,,
CWE:CWE-770,CWE,CWE-770,,,,,,,,
CPE:cpe:2.3:a:contiki-ng:tinydtls:*:*:*:*:*:*:*:*,CPE,cpe:2.3:a:contiki-ng:tinydtls:*:*:*:*:*:*:*:*,,,,,,,,
REF:CVE-2021-42142:0,Reference,http://seclists.org/fulldisclosure/2024/Jan/15,,,,,,,,http://seclists.org/fulldisclosure/2024/Jan/15
REF:CVE-2021-42142:1,Reference,https://github.com/contiki-ng/tinydtls/issues/24,,,,,,,,https://github.com/contiki-ng/tinydtls/issues/24
REF:CVE-2021-42142:2,Reference,https://seclists.org/fulldisclosure/2024/Jan/15,,,,,,,,https://seclists.org/fulldisclosure/2024/Jan/15
CVE:CVE-2023-35835,CVE,CVE-2023-35835,2068,0.008000,MINIMAL,CRITICAL,False,2024-01-23T23:15:07.947000Z,,
CPE:cpe:2.3:h:solax:pocket_wifi_3:-:*:*:*:*:*:*:*,CPE,cpe:2.3:h:solax:pocket_wifi_3:-:*:*:*:*:*:*:*,,,,,,,,
CPE:cpe:2.3:o:solax:pocket_wifi_3_firmware:*:*:*:*:*:*:*:*,CPE,cpe:2.3:o:solax:pocket_wifi_3_firmware:*:*:*:*:*:*:*:*,,,,,,,,
REF:CVE-2023-35835:0,Reference,https://www.solaxpower.com/downloads/,,,,,,,,https://www.solaxpower.com/downloads/
REF:CVE-2023-35835:1,Reference,https://www.solaxpower.com/help/upgrading-the-pocket-wifi-firmware/,,,,,,,,https://www.solaxpower.com/help/upgrading-the-pocket-wifi-firmware/
REF:CVE-2023-35835:2,Reference,https://yougottahackthat.com/blog/,,,,,,,,https://yougottahackthat.com/blog/
REF:CVE-2023-35835:3,Reference,https://yougottahackthat.com/blog/1370/solax-inverters-pocket-wifi-using-poor-authentication,,,,,,,,https://yougottahackthat.com/blog/1370/solax-inverters-pocket-wifi-using-poor-authentication
CVE:CVE-2024-0812,CVE,CVE-2024-0812,2080,0.008000,MINIMAL,HIGH,False,2024-01-24T00:15:08.167000Z,,
REF:CVE-2024-0812:0,Reference,https://chromereleases.googleblog.com/2024/01/stable-channel-update-for-desktop_23.html,,,,,,,,https://chromereleases.googleblog.com/2024/01/stable-channel-update-for-desktop_23.html
REF:CVE-2024-0812:1,Reference,https://crbug.com/1484394,,,,,,,,https://crbug.com/1484394
REF:CVE-2024-0812:2,Reference,https://lists.fedoraproject.org/archives/list/package-announce@lists.fedoraproject.org/message/MMI6GXFONZV6HE3BPZO3AP6GUVQLG4JQ/,,,,,,,,https://lists.fedoraproject.org/archives/list/package-announce@lists.fedoraproject.org/message/MMI6GXFONZV6HE3BPZO3AP6GUVQLG4JQ/
REF:CVE-2024-0812:3,Reference,https://lists.fedoraproject.org/archives/list/package-announce@lists.fedoraproject.org/message/VXDSGAFQD4BDB4IB2O4ZUSHC3JCVQEKC/,,,,,,,,https://lists.fedoraproject.org/archives/list/package-announce@lists.fedoraproject.org/message/VXDSGAFQD4BDB4IB2O4ZUSHC3JCVQEKC/
CVE:CVE-2023-52221,CVE,CVE-2023-52221,2111,0.008000,MINIMAL,CRITICAL,False,2024-01-24T12:15:56.907000Z,,
CPE:cpe:2.3:a:ukrsolution:barcode_scanner_and_inventory_manager:*:*:*:*:*:wordpress:*:*,CPE,cpe:2.3:a:ukrsolution:barcode_scanner_and_inventory_manager:*:*:*:*:*:wordpress:*:*,,,,,,,,
REF:CVE-2023-52221:0,Reference,https://patchstack.com/database/vulnerability/barcode-scanner-lite-pos-to-manage-products-inventory-and-orders/wordpress-barcode-scanner-with-inventory-order-manager-plugin-1-5-1-unauthenticated-arbitrary-file-upload-vulnerability?_s_id=cve,,,,,,,,https://patchstack.com/database/vulnerability/barcode-scanner-lite-pos-to-manage-products-inventory-and-orders/wordpress-barcode-scanner-with-inventory-order-manager-plugin-1-5-1-unauthenticated-arbitrary-file-upload-vulnerability?_s_id=cve
CVE:CVE-2023-33759,CVE,CVE-2023-33759,2172,0.008000,MINIMAL,CRITICAL,False,2024-01-25T08:15:08.637000Z,,
CPE:cpe:2.3:a:splicecom:maximiser_soft_pbx:*:*:*:*:*:*:*:*,CPE,cpe:2.3:a:splicecom:maximiser_soft_pbx:*:*:*:*:*:*:*:*,,,,,,,,
REF:CVE-2023-33759:0,Reference,https://github.com/twignet/splicecom,,,,,,,,https://github.com/twignet/splicecom
CVE:CVE-2024-23622,CVE,CVE-2024-23622,2227,0.008000,MINIMAL,CRITICAL,False,2024-01-26T00:15:10.190000Z,,
CWE:CWE-131,CWE,CWE-131,,,,,,,,
CPE:cpe:2.3:a:ibm:merge_efilm_workstation:*:*:*:*:*:*:*:*,CPE,cpe:2.3:a:ibm:merge_efilm_workstation:*:*:*:*:*:*:*:*,,,,,,,,
REF:CVE-2024-23622:0,Reference,https://blog.exodusintel.com/2024/01/25/ibm-merge-healthcare-efilm-workstation-license-server-copysls_request3-buffer-overflow/,,,,,,,,https://blog.exodusintel.com/2024/01/25/ibm-merge-healthcare-efilm-workstation-license-server-copysls_request3-buffer-overflow/
CVE:CVE-2024-23626,CVE,CVE-2024-23626,2230,0.008000,MINIMAL,CRITICAL,False,2024-01-26T00:15:10.820000Z,,
CPE:cpe:2.3:h:motorola:mr2600:-:*:*:*:*:*:*:*,CPE,cpe:2.3:h:motorola:mr2600:-:*:*:*:*:*:*:*,,,,,,,,
CPE:cpe:2.3:o:motorola:mr2600_firmware:-:*:*:*:*:*:*:*,CPE,cpe:2.3:o:motorola:mr2600_firmware:-:*:*:*:*:*:*:*,,,,,,,,
REF:CVE-2024-23626:0,Reference,https://blog.exodusintel.com/2024/01/25/motorola-mr2600-savesyslogparams-command-injection-vulnerability/,,,,,,,,https://blog.exodusintel.com/2024/01/25/motorola-mr2600-savesyslogparams-command-injection-vulnerability/
CVE:CVE-2024-0402,CVE,CVE-2024-0402,2236,0.008000,MINIMAL,CRITICAL,False,2024-01-26T01:15:08.920000Z,,
CPE:cpe:2.3:a:gitlab:gitlab:16.8.0:*:*:*:community:*:*:*,CPE,cpe:2.3:a:gitlab:gitlab:16.8.0:*:*:*:community:*:*:*,,,,,,,,
CPE:cpe:2.3:a:gitlab:gitlab:16.8.0:*:*:*:enterprise:*:*:*,CPE,cpe:2.3:a:gitlab:gitlab:16.8.0:*:*:*:enterprise:*:*:*,,,,,,,,
REF:CVE-2024-0402:0,Reference,https://about.gitlab.com/releases/2024/01/25/critical-security-release-gitlab-16-8-1-released/,,,,,,,,https://about.gitlab.com/releases/2024/01/25/critical-security-release-gitlab-16-8-1-released/
REF:CVE-2024-0402:1,Reference,https://gitlab.com/gitlab-org/gitlab/-/issues/437819,,,,,,,,https://gitlab.com/gitlab-org/gitlab/-/issues/437819
CVE:CVE-2023-6390,CVE,CVE-2023-6390,2412,0.008000,MINIMAL,HIGH,False,2024-01-29T15:15:09.467000Z,,
CPE:cpe:2.3:a:jonathonkemp:wordpress_users:*:*:*:*:*:wordpress:*:*,CPE,cpe:2.3:a:jonathonkemp:wordpress_users:*:*:*:*:*:wordpress:*:*,,,,,,,,
REF:CVE-2023-6390:0,Reference,https://magos-securitas.com/txt/2023-6390.txt,,,,,,,,https://magos-securitas.com/txt/2023-6390.txt
REF:CVE-2023-6390:1,Reference,https://wpscan.com/vulnerability/a0ca68d3-f885-46c9-9f6b-b77ad387d25d/,,,,,,,,https://wpscan.com/vulnerability/a0ca68d3-f885-46c9-9f6b-b77ad387d25d/
CVE:CVE-2023-1705,CVE,CVE-2023-1705,2433,0.008000,MINIMAL,HIGH,False,2024-01-29T17:15:08.123000Z,,
CPE:cpe:2.3:a:forcepoint:one_smartedge_agent:*:*:*:*:*:*:*:*,CPE,cpe:2.3:a:forcepoint:one_smartedge_agent:*:*:*:*:*:*:*:*,,,,,,,,
REF:CVE-2023-1705:0,Reference,https://support.forcepoint.com/s/article/000042333,,,,,,,,https://support.forcepoint.com/s/article/000042333
CVE:CVE-2024-1069,CVE,CVE-2024-1069,2559,0.008000,MINIMAL,HIGH,False,2024-01-31T03:15:08.573000Z,,
"CPE:cpe:2.3:a:crmperks:database_for_contact_form_7\,_wpforms\,_elementor_forms:*:*:*:*:*:wordpress:*:*",CPE,"cpe:2.3:a:crmperks:database_for_contact_form_7\,_wpforms\,_elementor_forms:*:*:*:*:*:wordpress:*:*",,,,,,,,
REF:CVE-2024-1069:0,Reference,https://plugins.trac.wordpress.org/browser/contact-form-entries/trunk/includes/plugin-pages.php?rev=3003884#L1213,,,,,,,,https://plugins.trac.wordpress.org/browser/contact-form-entries/trunk/includes/plugin-pages.php?rev=3003884#L1213
REF:CVE-2024-1069:1,Reference,https://plugins.trac.wordpress.org/changeset/3028640/contact-form-entries#file1,,,,,,,,https://plugins.trac.wordpress.org/changeset/3028640/contact-form-entries#file1
REF:CVE-2024-1069:2,Reference,https://www.wordfence.com/threat-intel/vulnerabilities/id/120313be-9f98-4448-9f5d-a77186a6ff08?source=cve,,,,,,,,https://www.wordfence.com/threat-intel/vulnerabilities/id/120313be-9f98-4448-9f5d-a77186a6ff08?source=cve
CVE:CVE-2023-50357,CVE,CVE-2023-50357,2570,0.008000,MINIMAL,MEDIUM,False,2024-01-31T11:15:08.513000Z,,
CPE:cpe:2.3:a:areal-topkapi:webserv1:*:*:*:*:*:*:*:*,CPE,cpe:2.3:a:areal-topkapi:webserv1:*:*:*:*:*:*:*:*,,,,,,,,
REF:CVE-2023-50357:0,Reference,https://www.areal-topkapi.com/en/services/security-bulletins,,,,,,,,https://www.areal-topkapi.com/en/services/security-bulletins
CVE:CVE-2024-23652,CVE,CVE-2024-23652,2642,0.008000,MINIMAL,CRITICAL,False,2024-01-31T22:15:54.377000Z,,
CPE:cpe:2.3:a:mobyproject:buildkit:*:*:*:*:*:*:*:*,CPE,cpe:2.3:a:mobyproject:buildkit:*:*:*:*:*:*:*:*,,,,,,,,
REF:CVE-2024-23652:0,Reference,https://github.com/moby/buildkit/pull/4603,,,,,,,,https://github.com/moby/buildkit/pull/4603
REF:CVE-2024-23652:1,Reference,https://github.com/moby/buildkit/releases/tag/v0.12.5,,,,,,,,https://github.com/moby/buildkit/releases/tag/v0.12.5
REF:CVE-2024-23652:2,Reference,https://github.com/moby/buildkit/security/advisories/GHSA-4v98-7qmw-rqr8,,,,,,,,https://github.com/moby/buildkit/security/advisories/GHSA-4v98-7qmw-rqr8
CVE:CVE-2024-23832,CVE,CVE-2024-23832,2700,0.008000,MINIMAL,CRITICAL,False,2024-02-01T17:15:10.677000Z,,
CPE:cpe:2.3:a:joinmastodon:mastodon:*:*:*:*:*:*:*:*,CPE,cpe:2.3:a:joinmastodon:mastodon:*:*:*:*:*:*:*:*,,,,,,,,
REF:CVE-2024-23832:0,Reference,http://www.openwall.com/lists/oss-security/2024/02/02/4,,,,,,,,http://www.openwall.com/lists/oss-security/2024/02/02/4
REF:CVE-2024-23832:1,Reference,https://github.com/mastodon/mastodon/commit/1726085db5cd73dd30953da858f9887bcc90b958,,,,,,,,https://github.com/mastodon/mastodon/commit/1726085db5cd73dd30953da858f9887bcc90b958
REF:CVE-2024-23832:2,Reference,https://github.com/mastodon/mastodon/security/advisories/GHSA-3fjr-858r-92rw,,,,,,,,https://github.com/mastodon/mastodon/security/advisories/GHSA-3fjr-858r-92rw
CVE:CVE-2024-1039,CVE,CVE-2024-1039,2715,0.008000,MINIMAL,CRITICAL,False,2024-02-01T22:15:55.527000Z,,
CPE:cpe:2.3:h:gesslergmbh:web-master:-:*:*:*:*:*:*:*,CPE,cpe:2.3:h:gesslergmbh:web-master:-:*:*:*:*:*:*:*,,,,,,,,
CPE:cpe:2.3:o:gesslergmbh:web-master_firmware:7.9:*:*:*:*:*:*:*,CPE,cpe:2.3:o:gesslergmbh:web-master_firmware:7.9:*:*:*:*:*:*:*,,,,,,,,
REF:CVE-2024-1039:0,Reference,https://www.cisa.gov/news-events/ics-advisories/icsa-24-032-01,,,,,,,,https://www.cisa.gov/news-events/ics-advisories/icsa-24-032-01
CVE:CVE-2023-36496,CVE,CVE-2023-36496,2718,0.008000,MINIMAL,HIGH,False,2024-02-01T23:15:09.107000Z,,
CPE:cpe:2.3:a:pingidentity:pingdirectory:*:*:*:*:*:*:*:*,CPE,cpe:2.3:a:pingidentity:pingdirectory:*:*:*:*:*:*:*:*,,,,,,,,
CPE:cpe:2.3:a:pingidentity:pingdirectory:9.2.0.0:*:*:*:*:*:*:*,CPE,cpe:2.3:a:pingidentity:pingdirectory:9.2.0.0:*:*:*:*:*:*:*,,,,,,,,
CPE:cpe:2.3:a:pingidentity:pingdirectory:9.2.0.1:*:*:*:*:*:*:*,CPE,cpe:2.3:a:pingidentity:pingdirectory:9.2.0.1:*:*:*:*:*:*:*,,,,,,,,
CPE:cpe:2.3:a:pingidentity:pingdirectory:9.3.0.0:*:*:*:*:*:*:*,CPE,cpe:2.3:a:pingidentity:pingdirectory:9.3.0.0:*:*:*:*:*:*:*,,,,,,,,
CPE:cpe:2.3:a:pingidentity:pingdirectory:9.3.0.1:*:*:*:*:*:*:*,CPE,cpe:2.3:a:pingidentity:pingdirectory:9.3.0.1:*:*:*:*:*:*:*,,,,,,,,
REF:CVE-2023-36496:0,Reference,https://docs.pingidentity.com/r/en-us/pingdirectory-93/ynf1693338390284,,,,,,,,https://docs.pingidentity.com/r/en-us/pingdirectory-93/ynf1693338390284
REF:CVE-2023-36496:1,Reference,https://support.pingidentity.com/s/article/SECADV039,,,,,,,,https://support.pingidentity.com/s/article/SECADV039
REF:CVE-2023-36496:2,Reference,https://www.pingidentity.com/en/resources/downloads/pingdirectory-downloads.html,,,,,,,,https://www.pingidentity.com/en/resources/downloads/pingdirectory-downloads.html
CVE:CVE-2024-22779,CVE,CVE-2024-22779,2756,0.008000,MINIMAL,HIGH,False,2024-02-02T02:15:17.890000Z,,
CPE:cpe:2.3:a:kihron:serverrpexposer:*:*:*:*:*:*:*:*,CPE,cpe:2.3:a:kihron:serverrpexposer:*:*:*:*:*:*:*:*,,,,,,,,
REF:CVE-2024-22779:0,Reference,https://gist.github.com/apple502j/193358682885fe1a6708309ce934e4ed,,,,,,,,https://gist.github.com/apple502j/193358682885fe1a6708309ce934e4ed
REF:CVE-2024-22779:1,Reference,https://github.com/Kihron/ServerRPExposer/commit/8f7b829df633f59e828d677f736c53652d6f1b8f,,,,,,,,https://github.com/Kihron/ServerRPExposer/commit/8f7b829df633f59e828d677f736c53652d6f1b8f
REF:CVE-2024-22779:2,Reference,https://modrinth.com/mod/serverrpexposer,,,,,,,,https://modrinth.com/mod/serverrpexposer
CVE:CVE-2024-23746,CVE,CVE-2024-23746,2762,0.008000,MINIMAL,CRITICAL,False,2024-02-02T02:15:18.330000Z,,
CPE:cpe:2.3:a:miro:miro:0.8.18:*:*:*:*:*:*:*,CPE,cpe:2.3:a:miro:miro:0.8.18:*:*:*:*:*:*:*,,,,,,,,
REF:CVE-2024-23746:0,Reference,https://book.hacktricks.xyz/macos-hardening/macos-security-and-privilege-escalation/macos-proces-abuse/macos-electron-applications-injection,,,,,,,,https://book.hacktricks.xyz/macos-hardening/macos-security-and-privilege-escalation/macos-proces-abuse/macos-electron-applications-injection
REF:CVE-2024-23746:1,Reference,https://github.com/louiselalanne/CVE-2024-23746,,,,,,,,https://github.com/louiselalanne/CVE-2024-23746
REF:CVE-2024-23746:2,Reference,https://miro.com/about/,,,,,,,,https://miro.com/about/
REF:CVE-2024-23746:3,Reference,https://www.electronjs.org/blog/statement-run-as-node-cves,,,,,,,,https://www.electronjs.org/blog/statement-run-as-node-cves
CVE:CVE-2024-22533,CVE,CVE-2024-22533,2766,0.008000,MINIMAL,CRITICAL,False,2024-02-02T03:15:11.210000Z,,
CPE:cpe:2.3:a:xiandafu:beetl:3.15.12:*:*:*:*:*:*:*,CPE,cpe:2.3:a:xiandafu:beetl:3.15.12:*:*:*:*:*:*:*,,,,,,,,
REF:CVE-2024-22533:0,Reference,https://gitee.com/xiandafu/beetl/issues/I8RU01,,,,,,,,https://gitee.com/xiandafu/beetl/issues/I8RU01
CVE:CVE-2023-38020,CVE,CVE-2023-38020,2769,0.008000,MINIMAL,MEDIUM,False,2024-02-02T04:15:08.147000Z,,
CWE:CWE-117,CWE,CWE-117,,,,,,,,
CPE:cpe:2.3:a:ibm:soar_qradar_plugin_app:*:*:*:*:*:*:*:*,CPE,cpe:2.3:a:ibm:soar_qradar_plugin_app:*:*:*:*:*:*:*:*,,,,,,,,
REF:CVE-2023-38020:0,Reference,https://exchange.xforce.ibmcloud.com/vulnerabilities/260576,,,,,,,,https://exchange.xforce.ibmcloud.com/vulnerabilities/260576
REF:CVE-2023-38020:1,Reference,https://www.ibm.com/support/pages/node/7111679,,,,,,,,https://www.ibm.com/support/pages/node/7111679
CVE:CVE-2023-38263,CVE,CVE-2023-38263,2770,0.008000,MINIMAL,MEDIUM,False,2024-02-02T04:15:08.360000Z,,
REF:CVE-2023-38263:0,Reference,https://exchange.xforce.ibmcloud.com/vulnerabilities/260577,,,,,,,,https://exchange.xforce.ibmcloud.com/vulnerabilities/260577
REF:CVE-2023-38263:1,Reference,https://www.ibm.com/support/pages/node/7111679,,,,,,,,https://www.ibm.com/support/pages/node/7111679
CVE:CVE-2021-22282,CVE,CVE-2021-22282,2780,0.008000,MINIMAL,HIGH,False,2024-02-02T07:15:08.287000Z,,
CPE:cpe:2.3:a:br-automation:automation_studio:*:*:*:*:*:*:*:*,CPE,cpe:2.3:a:br-automation:automation_studio:*:*:*:*:*:*:*:*,,,,,,,,
REF:CVE-2021-22282:0,Reference,https://www.br-automation.com/fileadmin/2021-12_RCE_Vulnerability_in_BnR_Automation_Studio-1b993aeb.pdf,,,,,,,,https://www.br-automation.com/fileadmin/2021-12_RCE_Vulnerability_in_BnR_Automation_Studio-1b993aeb.pdf
CVE:CVE-2021-4435,CVE,CVE-2021-4435,2907,0.008000,MINIMAL,HIGH,False,2024-02-04T20:15:45.657000Z,,
CWE:CWE-426,CWE,CWE-426,,,,,,,,
CPE:cpe:2.3:a:yarnpkg:yarn:*:*:*:*:*:*:*:*,CPE,cpe:2.3:a:yarnpkg:yarn:*:*:*:*:*:*:*:*,,,,,,,,
REF:CVE-2021-4435:0,Reference,https://access.redhat.com/security/cve/CVE-2021-4435,,,,,,,,https://access.redhat.com/security/cve/CVE-2021-4435
REF:CVE-2021-4435:1,Reference,https://bugzilla.redhat.com/show_bug.cgi?id=2262284,,,,,,,,https://bugzilla.redhat.com/show_bug.cgi?id=2262284
REF:CVE-2021-4435:2,Reference,https://github.com/yarnpkg/yarn/commit/67fcce88935e45092ffa2674c08053f1ef5268a1,,,,,,,,https://github.com/yarnpkg/yarn/commit/67fcce88935e45092ffa2674c08053f1ef5268a1
REF:CVE-2021-4435:3,Reference,https://github.com/yarnpkg/yarn/releases/tag/v1.22.13,,,,,,,,https://github.com/yarnpkg/yarn/releases/tag/v1.22.13
CVE:CVE-2024-23108,CVE,CVE-2024-23108,2954,0.008000,MINIMAL,CRITICAL,False,2024-02-05T14:15:57.827000Z,,
CPE:cpe:2.3:a:fortinet:fortisiem:*:*:*:*:*:*:*:*,CPE,cpe:2.3:a:fortinet:fortisiem:*:*:*:*:*:*:*:*,,,,,,,,
CPE:cpe:2.3:a:fortinet:fortisiem:7.1.0:*:*:*:*:*:*:*,CPE,cpe:2.3:a:fortinet:fortisiem:7.1.0:*:*:*:*:*:*:*,,,,,,,,
CPE:cpe:2.3:a:fortinet:fortisiem:7.1.1:*:*:*:*:*:*:*,CPE,cpe:2.3:a:fortinet:fortisiem:7.1.1:*:*:*:*:*:*:*,,,,,,,,
REF:CVE-2024-23108:0,Reference,https://fortiguard.com/psirt/FG-IR-23-130,,,,,,,,https://fortiguard.com/psirt/FG-IR-23-130
REF:CVE-2024-23108:1,Reference,https://github.com/horizon3ai/CVE-2024-23108,,,,,,,,https://github.com/horizon3ai/CVE-2024-23108
CVE:CVE-2024-23109,CVE,CVE-2024-23109,2955,0.008000,MINIMAL,CRITICAL,False,2024-02-05T14:15:59.100000Z,,
REF:CVE-2024-23109:0,Reference,https://fortiguard.com/psirt/FG-IR-23-130,,,,,,,,https://fortiguard.com/psirt/FG-IR-23-130
CVE:CVE-2024-24398,CVE,CVE-2024-24398,3072,0.008000,MINIMAL,CRITICAL,False,2024-02-06T00:15:08.183000Z,,
CPE:cpe:2.3:a:stimulsoft:dashboards.php:*:*:*:*:*:*:*:*,CPE,cpe:2.3:a:stimulsoft:dashboards.php:*:*:*:*:*:*:*:*,,,,,,,,
REF:CVE-2024-24398:0,Reference,https://cloud-trustit.spp.at/s/Pi78FFazHamJQ5R,,,,,,,,https://cloud-trustit.spp.at/s/Pi78FFazHamJQ5R
REF:CVE-2024-24398:1,Reference,https://cves.at/posts/cve-2024-24398/writeup/,,,,,,,,https://cves.at/posts/cve-2024-24398/writeup/
CVE:CVE-2023-46360,CVE,CVE-2023-46360,3074,0.008000,MINIMAL,HIGH,False,2024-02-06T01:15:07.930000Z,,
CWE:CWE-250,CWE,CWE-250,,,,,,,,
CPE:cpe:2.3:h:hardy-barth:cph2_echarge:-:*:*:*:*:*:*:*,CPE,cpe:2.3:h:hardy-barth:cph2_echarge:-:*:*:*:*:*:*:*,,,,,,,,
CPE:cpe:2.3:o:hardy-barth:cph2_echarge_firmware:*:*:*:*:*:*:*:*,CPE,cpe:2.3:o:hardy-barth:cph2_echarge_firmware:*:*:*:*:*:*:*:*,,,,,,,,
REF:CVE-2023-46360:0,Reference,https://www.offensity.com/en/blog/os-command-injection-in-cph2-charging-station-200-cve-2023-46359-and-cve-2023-46360/,,,,,,,,https://www.offensity.com/en/blog/os-command-injection-in-cph2-charging-station-200-cve-2023-46359-and-cve-2023-46360/
CVE:CVE-2024-22773,CVE,CVE-2024-22773,3085,0.008000,MINIMAL,HIGH,False,2024-02-06T01:15:09.647000Z,,
CWE:CWE-922,CWE,CWE-922,,,,,,,,
CPE:cpe:2.3:h:intelbras:action_rf_1200:-:*:*:*:*:*:*:*,CPE,cpe:2.3:h:intelbras:action_rf_1200:-:*:*:*:*:*:*:*,,,,,,,,
CPE:cpe:2.3:o:intelbras:action_rf_1200_firmware:1.2.2:*:*:*:*:*:*:*,CPE,cpe:2.3:o:intelbras:action_rf_1200_firmware:1.2.2:*:*:*:*:*:*:*,,,,,,,,
REF:CVE-2024-22773:0,Reference,https://medium.com/%40wagneralves_87750/poc-cve-2024-22773-febf0d3a5433,,,,,,,,https://medium.com/%40wagneralves_87750/poc-cve-2024-22773-febf0d3a5433
REF:CVE-2024-22773:1,Reference,https://www.intelbras.com/en/router-wi-fi-5-dual-band-ac-1200-action-rf-1200,,,,,,,,https://www.intelbras.com/en/router-wi-fi-5-dual-band-ac-1200-action-rf-1200
REF:CVE-2024-22773:2,Reference,https://www.intelbras.com/en/router-wi-fi-5-dual-band-ac-1200-with-giga-port-action-rg-1200,,,,,,,,https://www.intelbras.com/en/router-wi-fi-5-dual-band-ac-1200-with-giga-port-action-rg-1200
REF:CVE-2024-22773:3,Reference,https://www.youtube.com/watch?v=-r0TWJq55DU&t=7s,,,,,,,,https://www.youtube.com/watch?v=-r0TWJq55DU&t=7s
CVE:CVE-2024-24112,CVE,CVE-2024-24112,3086,0.008000,MINIMAL,CRITICAL,False,2024-02-06T01:15:09.700000Z,,
CPE:cpe:2.3:a:exrick:xmall:1.1:*:*:*:*:*:*:*,CPE,cpe:2.3:a:exrick:xmall:1.1:*:*:*:*:*:*:*,,,,,,,,
REF:CVE-2024-24112:0,Reference,https://github.com/Exrick/xmall/issues/78,,,,,,,,https://github.com/Exrick/xmall/issues/78
CVE:CVE-2024-20812,CVE,CVE-2024-20812,3091,0.008000,MINIMAL,HIGH,False,2024-02-06T03:15:08.100000Z,,
CPE:cpe:2.3:o:samsung:android:11.0:-:*:*:*:*:*:*,CPE,cpe:2.3:o:samsung:android:11.0:-:*:*:*:*:*:*,,,,,,,,
CPE:cpe:2.3:o:samsung:android:11.0:smr-apr-2021-r1:*:*:*:*:*:*,CPE,cpe:2.3:o:samsung:android:11.0:smr-apr-2021-r1:*:*:*:*:*:*,,,,,,,,
CPE:cpe:2.3:o:samsung:android:11.0:smr-apr-2022-r1:*:*:*:*:*:*,CPE,cpe:2.3:o:samsung:android:11.0:smr-apr-2022-r1:*:*:*:*:*:*,,,,,,,,
CPE:cpe:2.3:o:samsung:android:11.0:smr-apr-2023-r1:*:*:*:*:*:*,CPE,cpe:2.3:o:samsung:android:11.0:smr-apr-2023-r1:*:*:*:*:*:*,,,,,,,,
CPE:cpe:2.3:o:samsung:android:11.0:smr-aug-2021-r1:*:*:*:*:*:*,CPE,cpe:2.3:o:samsung:android:11.0:smr-aug-2021-r1:*:*:*:*:*:*,,,,,,,,
CPE:cpe:2.3:o:samsung:android:11.0:smr-aug-2022-r1:*:*:*:*:*:*,CPE,cpe:2.3:o:samsung:android:11.0:smr-aug-2022-r1:*:*:*:*:*:*,,,,,,,,
CPE:cpe:2.3:o:samsung:android:11.0:smr-aug-2023-r1:*:*:*:*:*:*,CPE,cpe:2.3:o:samsung:android:11.0:smr-aug-2023-r1:*:*:*:*:*:*,,,,,,,,
CPE:cpe:2.3:o:samsung:android:11.0:smr-dec-2020-r1:*:*:*:*:*:*,CPE,cpe:2.3:o:samsung:android:11.0:smr-dec-2020-r1:*:*:*:*:*:*,,,,,,,,
CPE:cpe:2.3:o:samsung:android:11.0:smr-dec-2021-r1:*:*:*:*:*:*,CPE,cpe:2.3:o:samsung:android:11.0:smr-dec-2021-r1:*:*:*:*:*:*,,,,,,,,
CPE:cpe:2.3:o:samsung:android:11.0:smr-dec-2022-r1:*:*:*:*:*:*,CPE,cpe:2.3:o:samsung:android:11.0:smr-dec-2022-r1:*:*:*:*:*:*,,,,,,,,
CPE:cpe:2.3:o:samsung:android:11.0:smr-dec-2023-r1:*:*:*:*:*:*,CPE,cpe:2.3:o:samsung:android:11.0:smr-dec-2023-r1:*:*:*:*:*:*,,,,,,,,
CPE:cpe:2.3:o:samsung:android:11.0:smr-feb-2021-r1:*:*:*:*:*:*,CPE,cpe:2.3:o:samsung:android:11.0:smr-feb-2021-r1:*:*:*:*:*:*,,,,,,,,
CPE:cpe:2.3:o:samsung:android:11.0:smr-feb-2022-r1:*:*:*:*:*:*,CPE,cpe:2.3:o:samsung:android:11.0:smr-feb-2022-r1:*:*:*:*:*:*,,,,,,,,
CPE:cpe:2.3:o:samsung:android:11.0:smr-feb-2023-r1:*:*:*:*:*:*,CPE,cpe:2.3:o:samsung:android:11.0:smr-feb-2023-r1:*:*:*:*:*:*,,,,,,,,
CPE:cpe:2.3:o:samsung:android:11.0:smr-jan-2021-r1:*:*:*:*:*:*,CPE,cpe:2.3:o:samsung:android:11.0:smr-jan-2021-r1:*:*:*:*:*:*,,,,,,,,
CPE:cpe:2.3:o:samsung:android:11.0:smr-jan-2022-r1:*:*:*:*:*:*,CPE,cpe:2.3:o:samsung:android:11.0:smr-jan-2022-r1:*:*:*:*:*:*,,,,,,,,
CPE:cpe:2.3:o:samsung:android:11.0:smr-jan-2023-r1:*:*:*:*:*:*,CPE,cpe:2.3:o:samsung:android:11.0:smr-jan-2023-r1:*:*:*:*:*:*,,,,,,,,
CPE:cpe:2.3:o:samsung:android:11.0:smr-jan-2024-r1:*:*:*:*:*:*,CPE,cpe:2.3:o:samsung:android:11.0:smr-jan-2024-r1:*:*:*:*:*:*,,,,,,,,
CPE:cpe:2.3:o:samsung:android:11.0:smr-jul-2021-r1:*:*:*:*:*:*,CPE,cpe:2.3:o:samsung:android:11.0:smr-jul-2021-r1:*:*:*:*:*:*,,,,,,,,
CPE:cpe:2.3:o:samsung:android:11.0:smr-jul-2022-r1:*:*:*:*:*:*,CPE,cpe:2.3:o:samsung:android:11.0:smr-jul-2022-r1:*:*:*:*:*:*,,,,,,,,
CPE:cpe:2.3:o:samsung:android:11.0:smr-jul-2023-r1:*:*:*:*:*:*,CPE,cpe:2.3:o:samsung:android:11.0:smr-jul-2023-r1:*:*:*:*:*:*,,,,,,,,
CPE:cpe:2.3:o:samsung:android:11.0:smr-jun-2021-r1:*:*:*:*:*:*,CPE,cpe:2.3:o:samsung:android:11.0:smr-jun-2021-r1:*:*:*:*:*:*,,,,,,,,
CPE:cpe:2.3:o:samsung:android:11.0:smr-jun-2022-r1:*:*:*:*:*:*,CPE,cpe:2.3:o:samsung:android:11.0:smr-jun-2022-r1:*:*:*:*:*:*,,,,,,,,
CPE:cpe:2.3:o:samsung:android:11.0:smr-jun-2023-r1:*:*:*:*:*:*,CPE,cpe:2.3:o:samsung:android:11.0:smr-jun-2023-r1:*:*:*:*:*:*,,,,,,,,
CPE:cpe:2.3:o:samsung:android:11.0:smr-mar-2021-r1:*:*:*:*:*:*,CPE,cpe:2.3:o:samsung:android:11.0:smr-mar-2021-r1:*:*:*:*:*:*,,,,,,,,
CPE:cpe:2.3:o:samsung:android:11.0:smr-mar-2022-r1:*:*:*:*:*:*,CPE,cpe:2.3:o:samsung:android:11.0:smr-mar-2022-r1:*:*:*:*:*:*,,,,,,,,
CPE:cpe:2.3:o:samsung:android:11.0:smr-mar-2023-r1:*:*:*:*:*:*,CPE,cpe:2.3:o:samsung:android:11.0:smr-mar-2023-r1:*:*:*:*:*:*,,,,,,,,
CPE:cpe:2.3:o:samsung:android:11.0:smr-may-2021-r1:*:*:*:*:*:*,CPE,cpe:2.3:o:samsung:android:11.0:smr-may-2021-r1:*:*:*:*:*:*,,,,,,,,
CPE:cpe:2.3:o:samsung:android:11.0:smr-may-2022-r1:*:*:*:*:*:*,CPE,cpe:2.3:o:samsung:android:11.0:smr-may-2022-r1:*:*:*:*:*:*,,,,,,,,
CPE:cpe:2.3:o:samsung:android:11.0:smr-may-2023-r1:*:*:*:*:*:*,CPE,cpe:2.3:o:samsung:android:11.0:smr-may-2023-r1:*:*:*:*:*:*,,,,,,,,
CPE:cpe:2.3:o:samsung:android:11.0:smr-nov-2021-r1:*:*:*:*:*:*,CPE,cpe:2.3:o:samsung:android:11.0:smr-nov-2021-r1:*:*:*:*:*:*,,,,,,,,
CPE:cpe:2.3:o:samsung:android:11.0:smr-nov-2022-r1:*:*:*:*:*:*,CPE,cpe:2.3:o:samsung:android:11.0:smr-nov-2022-r1:*:*:*:*:*:*,,,,,,,,
CPE:cpe:2.3:o:samsung:android:11.0:smr-nov-2023-r1:*:*:*:*:*:*,CPE,cpe:2.3:o:samsung:android:11.0:smr-nov-2023-r1:*:*:*:*:*:*,,,,,,,,
CPE:cpe:2.3:o:samsung:android:11.0:smr-oct-2021-r1:*:*:*:*:*:*,CPE,cpe:2.3:o:samsung:android:11.0:smr-oct-2021-r1:*:*:*:*:*:*,,,,,,,,
CPE:cpe:2.3:o:samsung:android:11.0:smr-oct-2022-r1:*:*:*:*:*:*,CPE,cpe:2.3:o:samsung:android:11.0:smr-oct-2022-r1:*:*:*:*:*:*,,,,,,,,
CPE:cpe:2.3:o:samsung:android:11.0:smr-oct-2023-r1:*:*:*:*:*:*,CPE,cpe:2.3:o:samsung:android:11.0:smr-oct-2023-r1:*:*:*:*:*:*,,,,,,,,
CPE:cpe:2.3:o:samsung:android:11.0:smr-sep-2021-r1:*:*:*:*:*:*,CPE,cpe:2.3:o:samsung:android:11.0:smr-sep-2021-r1:*:*:*:*:*:*,,,,,,,,
CPE:cpe:2.3:o:samsung:android:11.0:smr-sep-2022-r1:*:*:*:*:*:*,CPE,cpe:2.3:o:samsung:android:11.0:smr-sep-2022-r1:*:*:*:*:*:*,,,,,,,,
CPE:cpe:2.3:o:samsung:android:11.0:smr-sep-2023-r1:*:*:*:*:*:*,CPE,cpe:2.3:o:samsung:android:11.0:smr-sep-2023-r1:*:*:*:*:*:*,,,,,,,,
CPE:cpe:2.3:o:samsung:android:12.0:-:*:*:*:*:*:*,CPE,cpe:2.3:o:samsung:android:12.0:-:*:*:*:*:*:*,,,,,,,,
CPE:cpe:2.3:o:samsung:android:12.0:smr-apr-2022-r1:*:*:*:*:*:*,CPE,cpe:2.3:o:samsung:android:12.0:smr-apr-2022-r1:*:*:*:*:*:*,,,,,,,,
CPE:cpe:2.3:o:samsung:android:12.0:smr-apr-2023-r1:*:*:*:*:*:*,CPE,cpe:2.3:o:samsung:android:12.0:smr-apr-2023-r1:*:*:*:*:*:*,,,,,,,,
CPE:cpe:2.3:o:samsung:android:12.0:smr-aug-2022-r1:*:*:*:*:*:*,CPE,cpe:2.3:o:samsung:android:12.0:smr-aug-2022-r1:*:*:*:*:*:*,,,,,,,,
CPE:cpe:2.3:o:samsung:android:12.0:smr-aug-2023-r1:*:*:*:*:*:*,CPE,cpe:2.3:o:samsung:android:12.0:smr-aug-2023-r1:*:*:*:*:*:*,,,,,,,,
CPE:cpe:2.3:o:samsung:android:12.0:smr-dec-2021-r1:*:*:*:*:*:*,CPE,cpe:2.3:o:samsung:android:12.0:smr-dec-2021-r1:*:*:*:*:*:*,,,,,,,,
CPE:cpe:2.3:o:samsung:android:12.0:smr-dec-2022-r1:*:*:*:*:*:*,CPE,cpe:2.3:o:samsung:android:12.0:smr-dec-2022-r1:*:*:*:*:*:*,,,,,,,,
CPE:cpe:2.3:o:samsung:android:12.0:smr-dec-2023-r1:*:*:*:*:*:*,CPE,cpe:2.3:o:samsung:android:12.0:smr-dec-2023-r1:*:*:*:*:*:*,,,,,,,,
CPE:cpe:2.3:o:samsung:android:12.0:smr-feb-2022-r1:*:*:*:*:*:*,CPE,cpe:2.3:o:samsung:android:12.0:smr-feb-2022-r1:*:*:*:*:*:*,,,,,,,,
CPE:cpe:2.3:o:samsung:android:12.0:smr-feb-2023-r1:*:*:*:*:*:*,CPE,cpe:2.3:o:samsung:android:12.0:smr-feb-2023-r1:*:*:*:*:*:*,,,,,,,,
CPE:cpe:2.3:o:samsung:android:12.0:smr-jan-2022-r1:*:*:*:*:*:*,CPE,cpe:2.3:o:samsung:android:12.0:smr-jan-2022-r1:*:*:*:*:*:*,,,,,,,,
CPE:cpe:2.3:o:samsung:android:12.0:smr-jan-2023-r1:*:*:*:*:*:*,CPE,cpe:2.3:o:samsung:android:12.0:smr-jan-2023-r1:*:*:*:*:*:*,,,,,,,,
CPE:cpe:2.3:o:samsung:android:12.0:smr-jan-2024-r1:*:*:*:*:*:*,CPE,cpe:2.3:o:samsung:android:12.0:smr-jan-2024-r1:*:*:*:*:*:*,,,,,,,,
CPE:cpe:2.3:o:samsung:android:12.0:smr-jul-2022-r1:*:*:*:*:*:*,CPE,cpe:2.3:o:samsung:android:12.0:smr-jul-2022-r1:*:*:*:*:*:*,,,,,,,,
CPE:cpe:2.3:o:samsung:android:12.0:smr-jul-2023-r1:*:*:*:*:*:*,CPE,cpe:2.3:o:samsung:android:12.0:smr-jul-2023-r1:*:*:*:*:*:*,,,,,,,,
CPE:cpe:2.3:o:samsung:android:12.0:smr-jun-2022-r1:*:*:*:*:*:*,CPE,cpe:2.3:o:samsung:android:12.0:smr-jun-2022-r1:*:*:*:*:*:*,,,,,,,,
CPE:cpe:2.3:o:samsung:android:12.0:smr-jun-2023-r1:*:*:*:*:*:*,CPE,cpe:2.3:o:samsung:android:12.0:smr-jun-2023-r1:*:*:*:*:*:*,,,,,,,,
CPE:cpe:2.3:o:samsung:android:12.0:smr-mar-2022-r1:*:*:*:*:*:*,CPE,cpe:2.3:o:samsung:android:12.0:smr-mar-2022-r1:*:*:*:*:*:*,,,,,,,,
CPE:cpe:2.3:o:samsung:android:12.0:smr-mar-2023-r1:*:*:*:*:*:*,CPE,cpe:2.3:o:samsung:android:12.0:smr-mar-2023-r1:*:*:*:*:*:*,,,,,,,,
CPE:cpe:2.3:o:samsung:android:12.0:smr-may-2022-r1:*:*:*:*:*:*,CPE,cpe:2.3:o:samsung:android:12.0:smr-may-2022-r1:*:*:*:*:*:*,,,,,,,,
CPE:cpe:2.3:o:samsung:android:12.0:smr-may-2023-r1:*:*:*:*:*:*,CPE,cpe:2.3:o:samsung:android:12.0:smr-may-2023-r1:*:*:*:*:*:*,,,,,,,,
CPE:cpe:2.3:o:samsung:android:12.0:smr-nov-2021-r1:*:*:*:*:*:*,CPE,cpe:2.3:o:samsung:android:12.0:smr-nov-2021-r1:*:*:*:*:*:*,,,,,,,,
CPE:cpe:2.3:o:samsung:android:12.0:smr-nov-2022-r1:*:*:*:*:*:*,CPE,cpe:2.3:o:samsung:android:12.0:smr-nov-2022-r1:*:*:*:*:*:*,,,,,,,,
CPE:cpe:2.3:o:samsung:android:12.0:smr-nov-2023-r1:*:*:*:*:*:*,CPE,cpe:2.3:o:samsung:android:12.0:smr-nov-2023-r1:*:*:*:*:*:*,,,,,,,,
CPE:cpe:2.3:o:samsung:android:12.0:smr-oct-2022-r1:*:*:*:*:*:*,CPE,cpe:2.3:o:samsung:android:12.0:smr-oct-2022-r1:*:*:*:*:*:*,,,,,,,,
CPE:cpe:2.3:o:samsung:android:12.0:smr-oct-2023-r1:*:*:*:*:*:*,CPE,cpe:2.3:o:samsung:android:12.0:smr-oct-2023-r1:*:*:*:*:*:*,,,,,,,,
CPE:cpe:2.3:o:samsung:android:12.0:smr-sep-2022-r1:*:*:*:*:*:*,CPE,cpe:2.3:o:samsung:android:12.0:smr-sep-2022-r1:*:*:*:*:*:*,,,,,,,,
CPE:cpe:2.3:o:samsung:android:12.0:smr-sep-2023-r1:*:*:*:*:*:*,CPE,cpe:2.3:o:samsung:android:12.0:smr-sep-2023-r1:*:*:*:*:*:*,,,,,,,,
CPE:cpe:2.3:o:samsung:android:13.0:-:*:*:*:*:*:*,CPE,cpe:2.3:o:samsung:android:13.0:-:*:*:*:*:*:*,,,,,,,,
CPE:cpe:2.3:o:samsung:android:13.0:smr-apr-2023-r1:*:*:*:*:*:*,CPE,cpe:2.3:o:samsung:android:13.0:smr-apr-2023-r1:*:*:*:*:*:*,,,,,,,,
CPE:cpe:2.3:o:samsung:android:13.0:smr-aug-2023-r1:*:*:*:*:*:*,CPE,cpe:2.3:o:samsung:android:13.0:smr-aug-2023-r1:*:*:*:*:*:*,,,,,,,,
CPE:cpe:2.3:o:samsung:android:13.0:smr-dec-2022-r1:*:*:*:*:*:*,CPE,cpe:2.3:o:samsung:android:13.0:smr-dec-2022-r1:*:*:*:*:*:*,,,,,,,,
CPE:cpe:2.3:o:samsung:android:13.0:smr-dec-2023-r1:*:*:*:*:*:*,CPE,cpe:2.3:o:samsung:android:13.0:smr-dec-2023-r1:*:*:*:*:*:*,,,,,,,,
CPE:cpe:2.3:o:samsung:android:13.0:smr-feb-2023-r1:*:*:*:*:*:*,CPE,cpe:2.3:o:samsung:android:13.0:smr-feb-2023-r1:*:*:*:*:*:*,,,,,,,,
CPE:cpe:2.3:o:samsung:android:13.0:smr-jan-2023-r1:*:*:*:*:*:*,CPE,cpe:2.3:o:samsung:android:13.0:smr-jan-2023-r1:*:*:*:*:*:*,,,,,,,,
CPE:cpe:2.3:o:samsung:android:13.0:smr-jan-2024-r1:*:*:*:*:*:*,CPE,cpe:2.3:o:samsung:android:13.0:smr-jan-2024-r1:*:*:*:*:*:*,,,,,,,,
CPE:cpe:2.3:o:samsung:android:13.0:smr-jul-2023-r1:*:*:*:*:*:*,CPE,cpe:2.3:o:samsung:android:13.0:smr-jul-2023-r1:*:*:*:*:*:*,,,,,,,,
CPE:cpe:2.3:o:samsung:android:13.0:smr-jun-2023-r1:*:*:*:*:*:*,CPE,cpe:2.3:o:samsung:android:13.0:smr-jun-2023-r1:*:*:*:*:*:*,,,,,,,,
CPE:cpe:2.3:o:samsung:android:13.0:smr-mar-2023-r1:*:*:*:*:*:*,CPE,cpe:2.3:o:samsung:android:13.0:smr-mar-2023-r1:*:*:*:*:*:*,,,,,,,,
CPE:cpe:2.3:o:samsung:android:13.0:smr-may-2023-r1:*:*:*:*:*:*,CPE,cpe:2.3:o:samsung:android:13.0:smr-may-2023-r1:*:*:*:*:*:*,,,,,,,,
CPE:cpe:2.3:o:samsung:android:13.0:smr-nov-2022-r1:*:*:*:*:*:*,CPE,cpe:2.3:o:samsung:android:13.0:smr-nov-2022-r1:*:*:*:*:*:*,,,,,,,,
CPE:cpe:2.3:o:samsung:android:13.0:smr-nov-2023-r1:*:*:*:*:*:*,CPE,cpe:2.3:o:samsung:android:13.0:smr-nov-2023-r1:*:*:*:*:*:*,,,,,,,,
CPE:cpe:2.3:o:samsung:android:13.0:smr-oct-2022-r1:*:*:*:*:*:*,CPE,cpe:2.3:o:samsung:android:13.0:smr-oct-2022-r1:*:*:*:*:*:*,,,,,,,,
CPE:cpe:2.3:o:samsung:android:13.0:smr-oct-2023-r1:*:*:*:*:*:*,CPE,cpe:2.3:o:samsung:android:13.0:smr-oct-2023-r1:*:*:*:*:*:*,,,,,,,,
CPE:cpe:2.3:o:samsung:android:13.0:smr-sep-2023-r1:*:*:*:*:*:*,CPE,cpe:2.3:o:samsung:android:13.0:smr-sep-2023-r1:*:*:*:*:*:*,,,,,,,,
CPE:cpe:2.3:o:samsung:android:14.0:-:*:*:*:*:*:*,CPE,cpe:2.3:o:samsung:android:14.0:-:*:*:*:*:*:*,,,,,,,,
CPE:cpe:2.3:o:samsung:android:14.0:smr-dec-2023-r1:*:*:*:*:*:*,CPE,cpe:2.3:o:samsung:android:14.0:smr-dec-2023-r1:*:*:*:*:*:*,,,,,,,,
CPE:cpe:2.3:o:samsung:android:14.0:smr-jan-2024-r1:*:*:*:*:*:*,CPE,cpe:2.3:o:samsung:android:14.0:smr-jan-2024-r1:*:*:*:*:*:*,,,,,,,,
CPE:cpe:2.3:o:samsung:android:14.0:smr-nov-2023-r1:*:*:*:*:*:*,CPE,cpe:2.3:o:samsung:android:14.0:smr-nov-2023-r1:*:*:*:*:*:*,,,,,,,,
CPE:cpe:2.3:o:samsung:android:14.0:smr-oct-2023-r1:*:*:*:*:*:*,CPE,cpe:2.3:o:samsung:android:14.0:smr-oct-2023-r1:*:*:*:*:*:*,,,,,,,,
REF:CVE-2024-20812:0,Reference,https://security.samsungmobile.com/securityUpdate.smsb?year=2024&month=02,,,,,,,,https://security.samsungmobile.com/securityUpdate.smsb?year=2024&month=02
CVE:CVE-2024-20813,CVE,CVE-2024-20813,3092,0.008000,MINIMAL,HIGH,False,2024-02-06T03:15:08.297000Z,,
REF:CVE-2024-20813:0,Reference,https://security.samsungmobile.com/securityUpdate.smsb?year=2024&month=02,,,,,,,,https://security.samsungmobile.com/securityUpdate.smsb?year=2024&month=02
CVE:CVE-2023-43533,CVE,CVE-2023-43533,3131,0.008000,MINIMAL,HIGH,False,2024-02-06T06:16:02.670000Z,,
CPE:cpe:2.3:h:qualcomm:315_5g_iot_modem:-:*:*:*:*:*:*:*,CPE,cpe:2.3:h:qualcomm:315_5g_iot_modem:-:*:*:*:*:*:*:*,,,,,,,,
CPE:cpe:2.3:h:qualcomm:csra6620:-:*:*:*:*:*:*:*,CPE,cpe:2.3:h:qualcomm:csra6620:-:*:*:*:*:*:*:*,,,,,,,,
CPE:cpe:2.3:h:qualcomm:csra6640:-:*:*:*:*:*:*:*,CPE,cpe:2.3:h:qualcomm:csra6640:-:*:*:*:*:*:*:*,,,,,,,,
CPE:cpe:2.3:h:qualcomm:csrb31024:-:*:*:*:*:*:*:*,CPE,cpe:2.3:h:qualcomm:csrb31024:-:*:*:*:*:*:*:*,,,,,,,,
CPE:cpe:2.3:h:qualcomm:immersive_home_3210_platform:-:*:*:*:*:*:*:*,CPE,cpe:2.3:h:qualcomm:immersive_home_3210_platform:-:*:*:*:*:*:*:*,,,,,,,,
CPE:cpe:2.3:h:qualcomm:immersive_home_326_platform:-:*:*:*:*:*:*:*,CPE,cpe:2.3:h:qualcomm:immersive_home_326_platform:-:*:*:*:*:*:*:*,,,,,,,,
CPE:cpe:2.3:h:qualcomm:ipq5302:-:*:*:*:*:*:*:*,CPE,cpe:2.3:h:qualcomm:ipq5302:-:*:*:*:*:*:*:*,,,,,,,,
CPE:cpe:2.3:h:qualcomm:ipq5312:-:*:*:*:*:*:*:*,CPE,cpe:2.3:h:qualcomm:ipq5312:-:*:*:*:*:*:*:*,,,,,,,,
CPE:cpe:2.3:h:qualcomm:ipq5332:-:*:*:*:*:*:*:*,CPE,cpe:2.3:h:qualcomm:ipq5332:-:*:*:*:*:*:*:*,,,,,,,,
CPE:cpe:2.3:h:qualcomm:qam8255p:-:*:*:*:*:*:*:*,CPE,cpe:2.3:h:qualcomm:qam8255p:-:*:*:*:*:*:*:*,,,,,,,,
CPE:cpe:2.3:h:qualcomm:qam8650p:-:*:*:*:*:*:*:*,CPE,cpe:2.3:h:qualcomm:qam8650p:-:*:*:*:*:*:*:*,,,,,,,,
CPE:cpe:2.3:h:qualcomm:qam8775p:-:*:*:*:*:*:*:*,CPE,cpe:2.3:h:qualcomm:qam8775p:-:*:*:*:*:*:*:*,,,,,,,,
CPE:cpe:2.3:h:qualcomm:qamsrv1h:-:*:*:*:*:*:*:*,CPE,cpe:2.3:h:qualcomm:qamsrv1h:-:*:*:*:*:*:*:*,,,,,,,,
CPE:cpe:2.3:h:qualcomm:qamsrv1m:-:*:*:*:*:*:*:*,CPE,cpe:2.3:h:qualcomm:qamsrv1m:-:*:*:*:*:*:*:*,,,,,,,,
CPE:cpe:2.3:h:qualcomm:qca1062:-:*:*:*:*:*:*:*,CPE,cpe:2.3:h:qualcomm:qca1062:-:*:*:*:*:*:*:*,,,,,,,,
CPE:cpe:2.3:h:qualcomm:qca1064:-:*:*:*:*:*:*:*,CPE,cpe:2.3:h:qualcomm:qca1064:-:*:*:*:*:*:*:*,,,,,,,,
CPE:cpe:2.3:h:qualcomm:qca2062:-:*:*:*:*:*:*:*,CPE,cpe:2.3:h:qualcomm:qca2062:-:*:*:*:*:*:*:*,,,,,,,,
CPE:cpe:2.3:h:qualcomm:qca2064:-:*:*:*:*:*:*:*,CPE,cpe:2.3:h:qualcomm:qca2064:-:*:*:*:*:*:*:*,,,,,,,,
CPE:cpe:2.3:h:qualcomm:qca2065:-:*:*:*:*:*:*:*,CPE,cpe:2.3:h:qualcomm:qca2065:-:*:*:*:*:*:*:*,,,,,,,,
CPE:cpe:2.3:h:qualcomm:qca2066:-:*:*:*:*:*:*:*,CPE,cpe:2.3:h:qualcomm:qca2066:-:*:*:*:*:*:*:*,,,,,,,,
CPE:cpe:2.3:h:qualcomm:qca6310:-:*:*:*:*:*:*:*,CPE,cpe:2.3:h:qualcomm:qca6310:-:*:*:*:*:*:*:*,,,,,,,,
CPE:cpe:2.3:h:qualcomm:qca6320:-:*:*:*:*:*:*:*,CPE,cpe:2.3:h:qualcomm:qca6320:-:*:*:*:*:*:*:*,,,,,,,,
CPE:cpe:2.3:h:qualcomm:qca6335:-:*:*:*:*:*:*:*,CPE,cpe:2.3:h:qualcomm:qca6335:-:*:*:*:*:*:*:*,,,,,,,,
CPE:cpe:2.3:h:qualcomm:qca6420:-:*:*:*:*:*:*:*,CPE,cpe:2.3:h:qualcomm:qca6420:-:*:*:*:*:*:*:*,,,,,,,,
CPE:cpe:2.3:h:qualcomm:qca6421:-:*:*:*:*:*:*:*,CPE,cpe:2.3:h:qualcomm:qca6421:-:*:*:*:*:*:*:*,,,,,,,,
CPE:cpe:2.3:h:qualcomm:qca6430:-:*:*:*:*:*:*:*,CPE,cpe:2.3:h:qualcomm:qca6430:-:*:*:*:*:*:*:*,,,,,,,,
CPE:cpe:2.3:h:qualcomm:qca6431:-:*:*:*:*:*:*:*,CPE,cpe:2.3:h:qualcomm:qca6431:-:*:*:*:*:*:*:*,,,,,,,,
CPE:cpe:2.3:h:qualcomm:qca6554a:-:*:*:*:*:*:*:*,CPE,cpe:2.3:h:qualcomm:qca6554a:-:*:*:*:*:*:*:*,,,,,,,,
CPE:cpe:2.3:h:qualcomm:qca6564a:-:*:*:*:*:*:*:*,CPE,cpe:2.3:h:qualcomm:qca6564a:-:*:*:*:*:*:*:*,,,,,,,,
CPE:cpe:2.3:h:qualcomm:qca6564au:-:*:*:*:*:*:*:*,CPE,cpe:2.3:h:qualcomm:qca6564au:-:*:*:*:*:*:*:*,,,,,,,,
CPE:cpe:2.3:h:qualcomm:qca6574:-:*:*:*:*:*:*:*,CPE,cpe:2.3:h:qualcomm:qca6574:-:*:*:*:*:*:*:*,,,,,,,,
CPE:cpe:2.3:h:qualcomm:qca6678aq:-:*:*:*:*:*:*:*,CPE,cpe:2.3:h:qualcomm:qca6678aq:-:*:*:*:*:*:*:*,,,,,,,,
CPE:cpe:2.3:h:qualcomm:qca6797aq:-:*:*:*:*:*:*:*,CPE,cpe:2.3:h:qualcomm:qca6797aq:-:*:*:*:*:*:*:*,,,,,,,,
CPE:cpe:2.3:h:qualcomm:qca8386:-:*:*:*:*:*:*:*,CPE,cpe:2.3:h:qualcomm:qca8386:-:*:*:*:*:*:*:*,,,,,,,,
CPE:cpe:2.3:h:qualcomm:qcc2073:-:*:*:*:*:*:*:*,CPE,cpe:2.3:h:qualcomm:qcc2073:-:*:*:*:*:*:*:*,,,,,,,,
CPE:cpe:2.3:h:qualcomm:qcc2076:-:*:*:*:*:*:*:*,CPE,cpe:2.3:h:qualcomm:qcc2076:-:*:*:*:*:*:*:*,,,,,,,,
CPE:cpe:2.3:h:qualcomm:qcf8000:-:*:*:*:*:*:*:*,CPE,cpe:2.3:h:qualcomm:qcf8000:-:*:*:*:*:*:*:*,,,,,,,,
CPE:cpe:2.3:h:qualcomm:qcm2290:-:*:*:*:*:*:*:*,CPE,cpe:2.3:h:qualcomm:qcm2290:-:*:*:*:*:*:*:*,,,,,,,,
CPE:cpe:2.3:h:qualcomm:qcm4290:-:*:*:*:*:*:*:*,CPE,cpe:2.3:h:qualcomm:qcm4290:-:*:*:*:*:*:*:*,,,,,,,,
CPE:cpe:2.3:h:qualcomm:qcm4325:-:*:*:*:*:*:*:*,CPE,cpe:2.3:h:qualcomm:qcm4325:-:*:*:*:*:*:*:*,,,,,,,,
CPE:cpe:2.3:h:qualcomm:qcm6125:-:*:*:*:*:*:*:*,CPE,cpe:2.3:h:qualcomm:qcm6125:-:*:*:*:*:*:*:*,,,,,,,,
CPE:cpe:2.3:h:qualcomm:qcm6490:-:*:*:*:*:*:*:*,CPE,cpe:2.3:h:qualcomm:qcm6490:-:*:*:*:*:*:*:*,,,,,,,,
CPE:cpe:2.3:h:qualcomm:qcm8550:-:*:*:*:*:*:*:*,CPE,cpe:2.3:h:qualcomm:qcm8550:-:*:*:*:*:*:*:*,,,,,,,,
CPE:cpe:2.3:h:qualcomm:qcn6024:-:*:*:*:*:*:*:*,CPE,cpe:2.3:h:qualcomm:qcn6024:-:*:*:*:*:*:*:*,,,,,,,,
CPE:cpe:2.3:h:qualcomm:qcn6402:-:*:*:*:*:*:*:*,CPE,cpe:2.3:h:qualcomm:qcn6402:-:*:*:*:*:*:*:*,,,,,,,,
CPE:cpe:2.3:h:qualcomm:qcn6412:-:*:*:*:*:*:*:*,CPE,cpe:2.3:h:qualcomm:qcn6412:-:*:*:*:*:*:*:*,,,,,,,,
CPE:cpe:2.3:h:qualcomm:qcn6422:-:*:*:*:*:*:*:*,CPE,cpe:2.3:h:qualcomm:qcn6422:-:*:*:*:*:*:*:*,,,,,,,,
CPE:cpe:2.3:h:qualcomm:qcn6432:-:*:*:*:*:*:*:*,CPE,cpe:2.3:h:qualcomm:qcn6432:-:*:*:*:*:*:*:*,,,,,,,,
CPE:cpe:2.3:h:qualcomm:qcn9024:-:*:*:*:*:*:*:*,CPE,cpe:2.3:h:qualcomm:qcn9024:-:*:*:*:*:*:*:*,,,,,,,,
CPE:cpe:2.3:h:qualcomm:qcn9274:-:*:*:*:*:*:*:*,CPE,cpe:2.3:h:qualcomm:qcn9274:-:*:*:*:*:*:*:*,,,,,,,,
CPE:cpe:2.3:h:qualcomm:qcs2290:-:*:*:*:*:*:*:*,CPE,cpe:2.3:h:qualcomm:qcs2290:-:*:*:*:*:*:*:*,,,,,,,,
CPE:cpe:2.3:h:qualcomm:qcs4290:-:*:*:*:*:*:*:*,CPE,cpe:2.3:h:qualcomm:qcs4290:-:*:*:*:*:*:*:*,,,,,,,,
CPE:cpe:2.3:h:qualcomm:qcs6125:-:*:*:*:*:*:*:*,CPE,cpe:2.3:h:qualcomm:qcs6125:-:*:*:*:*:*:*:*,,,,,,,,
CPE:cpe:2.3:h:qualcomm:qcs8550:-:*:*:*:*:*:*:*,CPE,cpe:2.3:h:qualcomm:qcs8550:-:*:*:*:*:*:*:*,,,,,,,,
CPE:cpe:2.3:h:qualcomm:qep8111:-:*:*:*:*:*:*:*,CPE,cpe:2.3:h:qualcomm:qep8111:-:*:*:*:*:*:*:*,,,,,,,,
CPE:cpe:2.3:h:qualcomm:qsm8250:-:*:*:*:*:*:*:*,CPE,cpe:2.3:h:qualcomm:qsm8250:-:*:*:*:*:*:*:*,,,,,,,,
CPE:cpe:2.3:h:qualcomm:qsm8350:-:*:*:*:*:*:*:*,CPE,cpe:2.3:h:qualcomm:qsm8350:-:*:*:*:*:*:*:*,,,,,,,,
CPE:cpe:2.3:h:qualcomm:robotics_rb3_platform:-:*:*:*:*:*:*:*,CPE,cpe:2.3:h:qualcomm:robotics_rb3_platform:-:*:*:*:*:*:*:*,,,,,,,,
CPE:cpe:2.3:h:qualcomm:sa6155:-:*:*:*:*:*:*:*,CPE,cpe:2.3:h:qualcomm:sa6155:-:*:*:*:*:*:*:*,,,,,,,,
CPE:cpe:2.3:h:qualcomm:sa8155:-:*:*:*:*:*:*:*,CPE,cpe:2.3:h:qualcomm:sa8155:-:*:*:*:*:*:*:*,,,,,,,,
CPE:cpe:2.3:h:qualcomm:sa8255p:-:*:*:*:*:*:*:*,CPE,cpe:2.3:h:qualcomm:sa8255p:-:*:*:*:*:*:*:*,,,,,,,,
CPE:cpe:2.3:h:qualcomm:sa8650p:-:*:*:*:*:*:*:*,CPE,cpe:2.3:h:qualcomm:sa8650p:-:*:*:*:*:*:*:*,,,,,,,,
CPE:cpe:2.3:h:qualcomm:sa8770p:-:*:*:*:*:*:*:*,CPE,cpe:2.3:h:qualcomm:sa8770p:-:*:*:*:*:*:*:*,,,,,,,,
CPE:cpe:2.3:h:qualcomm:sa8775p:-:*:*:*:*:*:*:*,CPE,cpe:2.3:h:qualcomm:sa8775p:-:*:*:*:*:*:*:*,,,,,,,,
CPE:cpe:2.3:h:qualcomm:sa9000p:-:*:*:*:*:*:*:*,CPE,cpe:2.3:h:qualcomm:sa9000p:-:*:*:*:*:*:*:*,,,,,,,,
CPE:cpe:2.3:h:qualcomm:sc8180x\+sdx55:-:*:*:*:*:*:*:*,CPE,cpe:2.3:h:qualcomm:sc8180x\+sdx55:-:*:*:*:*:*:*:*,,,,,,,,
CPE:cpe:2.3:h:qualcomm:sc8380xp:-:*:*:*:*:*:*:*,CPE,cpe:2.3:h:qualcomm:sc8380xp:-:*:*:*:*:*:*:*,,,,,,,,
CPE:cpe:2.3:h:qualcomm:sd460:-:*:*:*:*:*:*:*,CPE,cpe:2.3:h:qualcomm:sd460:-:*:*:*:*:*:*:*,,,,,,,,
CPE:cpe:2.3:h:qualcomm:sd662:-:*:*:*:*:*:*:*,CPE,cpe:2.3:h:qualcomm:sd662:-:*:*:*:*:*:*:*,,,,,,,,
CPE:cpe:2.3:h:qualcomm:sd675:-:*:*:*:*:*:*:*,CPE,cpe:2.3:h:qualcomm:sd675:-:*:*:*:*:*:*:*,,,,,,,,
CPE:cpe:2.3:h:qualcomm:sd730:-:*:*:*:*:*:*:*,CPE,cpe:2.3:h:qualcomm:sd730:-:*:*:*:*:*:*:*,,,,,,,,
CPE:cpe:2.3:h:qualcomm:sd888:-:*:*:*:*:*:*:*,CPE,cpe:2.3:h:qualcomm:sd888:-:*:*:*:*:*:*:*,,,,,,,,
CPE:cpe:2.3:h:qualcomm:sd_455:-:*:*:*:*:*:*:*,CPE,cpe:2.3:h:qualcomm:sd_455:-:*:*:*:*:*:*:*,,,,,,,,
CPE:cpe:2.3:h:qualcomm:sd_675:-:*:*:*:*:*:*:*,CPE,cpe:2.3:h:qualcomm:sd_675:-:*:*:*:*:*:*:*,,,,,,,,
CPE:cpe:2.3:h:qualcomm:sd_8_gen1_5g:-:*:*:*:*:*:*:*,CPE,cpe:2.3:h:qualcomm:sd_8_gen1_5g:-:*:*:*:*:*:*:*,,,,,,,,
CPE:cpe:2.3:h:qualcomm:sd_8cx:-:*:*:*:*:*:*:*,CPE,cpe:2.3:h:qualcomm:sd_8cx:-:*:*:*:*:*:*:*,,,,,,,,
CPE:cpe:2.3:h:qualcomm:sm4125:-:*:*:*:*:*:*:*,CPE,cpe:2.3:h:qualcomm:sm4125:-:*:*:*:*:*:*:*,,,,,,,,
CPE:cpe:2.3:h:qualcomm:sm6250p:-:*:*:*:*:*:*:*,CPE,cpe:2.3:h:qualcomm:sm6250p:-:*:*:*:*:*:*:*,,,,,,,,
CPE:cpe:2.3:h:qualcomm:sm7250p:-:*:*:*:*:*:*:*,CPE,cpe:2.3:h:qualcomm:sm7250p:-:*:*:*:*:*:*:*,,,,,,,,
CPE:cpe:2.3:h:qualcomm:sm7315:-:*:*:*:*:*:*:*,CPE,cpe:2.3:h:qualcomm:sm7315:-:*:*:*:*:*:*:*,,,,,,,,
CPE:cpe:2.3:h:qualcomm:smart_audio_400_platform:-:*:*:*:*:*:*:*,CPE,cpe:2.3:h:qualcomm:smart_audio_400_platform:-:*:*:*:*:*:*:*,,,,,,,,
CPE:cpe:2.3:h:qualcomm:snapdragon_480\+_5g_mobile_platform:-:*:*:*:*:*:*:*,CPE,cpe:2.3:h:qualcomm:snapdragon_480\+_5g_mobile_platform:-:*:*:*:*:*:*:*,,,,,,,,
CPE:cpe:2.3:h:qualcomm:snapdragon_4_gen_2_mobile_platform:-:*:*:*:*:*:*:*,CPE,cpe:2.3:h:qualcomm:snapdragon_4_gen_2_mobile_platform:-:*:*:*:*:*:*:*,,,,,,,,
CPE:cpe:2.3:h:qualcomm:snapdragon_630_mobile_platform:-:*:*:*:*:*:*:*,CPE,cpe:2.3:h:qualcomm:snapdragon_630_mobile_platform:-:*:*:*:*:*:*:*,,,,,,,,
CPE:cpe:2.3:h:qualcomm:snapdragon_636_mobile_platform:-:*:*:*:*:*:*:*,CPE,cpe:2.3:h:qualcomm:snapdragon_636_mobile_platform:-:*:*:*:*:*:*:*,,,,,,,,
CPE:cpe:2.3:h:qualcomm:snapdragon_660_mobile_platform:-:*:*:*:*:*:*:*,CPE,cpe:2.3:h:qualcomm:snapdragon_660_mobile_platform:-:*:*:*:*:*:*:*,,,,,,,,
CPE:cpe:2.3:h:qualcomm:snapdragon_665_mobile_platform:-:*:*:*:*:*:*:*,CPE,cpe:2.3:h:qualcomm:snapdragon_665_mobile_platform:-:*:*:*:*:*:*:*,,,,,,,,
CPE:cpe:2.3:h:qualcomm:snapdragon_670_mobile_platform:-:*:*:*:*:*:*:*,CPE,cpe:2.3:h:qualcomm:snapdragon_670_mobile_platform:-:*:*:*:*:*:*:*,,,,,,,,
CPE:cpe:2.3:h:qualcomm:snapdragon_675_mobile_platform:-:*:*:*:*:*:*:*,CPE,cpe:2.3:h:qualcomm:snapdragon_675_mobile_platform:-:*:*:*:*:*:*:*,,,,,,,,
CPE:cpe:2.3:h:qualcomm:snapdragon_678_mobile_platform:-:*:*:*:*:*:*:*,CPE,cpe:2.3:h:qualcomm:snapdragon_678_mobile_platform:-:*:*:*:*:*:*:*,,,,,,,,
CPE:cpe:2.3:h:qualcomm:snapdragon_685_4g_mobile_platform:-:*:*:*:*:*:*:*,CPE,cpe:2.3:h:qualcomm:snapdragon_685_4g_mobile_platform:-:*:*:*:*:*:*:*,,,,,,,,
CPE:cpe:2.3:h:qualcomm:snapdragon_710_mobile_platform:-:*:*:*:*:*:*:*,CPE,cpe:2.3:h:qualcomm:snapdragon_710_mobile_platform:-:*:*:*:*:*:*:*,,,,,,,,
CPE:cpe:2.3:h:qualcomm:snapdragon_712_mobile_platform:-:*:*:*:*:*:*:*,CPE,cpe:2.3:h:qualcomm:snapdragon_712_mobile_platform:-:*:*:*:*:*:*:*,,,,,,,,
CPE:cpe:2.3:h:qualcomm:snapdragon_730_mobile_platform:-:*:*:*:*:*:*:*,CPE,cpe:2.3:h:qualcomm:snapdragon_730_mobile_platform:-:*:*:*:*:*:*:*,,,,,,,,
CPE:cpe:2.3:h:qualcomm:snapdragon_730g_mobile_platform:-:*:*:*:*:*:*:*,CPE,cpe:2.3:h:qualcomm:snapdragon_730g_mobile_platform:-:*:*:*:*:*:*:*,,,,,,,,
CPE:cpe:2.3:h:qualcomm:snapdragon_732g_mobile_platform:-:*:*:*:*:*:*:*,CPE,cpe:2.3:h:qualcomm:snapdragon_732g_mobile_platform:-:*:*:*:*:*:*:*,,,,,,,,
CPE:cpe:2.3:h:qualcomm:snapdragon_750g_5g_mobile_platform:-:*:*:*:*:*:*:*,CPE,cpe:2.3:h:qualcomm:snapdragon_750g_5g_mobile_platform:-:*:*:*:*:*:*:*,,,,,,,,
CPE:cpe:2.3:h:qualcomm:snapdragon_765_5g_mobile_platform:-:*:*:*:*:*:*:*,CPE,cpe:2.3:h:qualcomm:snapdragon_765_5g_mobile_platform:-:*:*:*:*:*:*:*,,,,,,,,
CPE:cpe:2.3:h:qualcomm:snapdragon_765g_5g_mobile_platform:-:*:*:*:*:*:*:*,CPE,cpe:2.3:h:qualcomm:snapdragon_765g_5g_mobile_platform:-:*:*:*:*:*:*:*,,,,,,,,
CPE:cpe:2.3:h:qualcomm:snapdragon_768g_5g_mobile_platform:-:*:*:*:*:*:*:*,CPE,cpe:2.3:h:qualcomm:snapdragon_768g_5g_mobile_platform:-:*:*:*:*:*:*:*,,,,,,,,
CPE:cpe:2.3:h:qualcomm:snapdragon_778g\+_5g_mobile_platform:-:*:*:*:*:*:*:*,CPE,cpe:2.3:h:qualcomm:snapdragon_778g\+_5g_mobile_platform:-:*:*:*:*:*:*:*,,,,,,,,
CPE:cpe:2.3:h:qualcomm:snapdragon_780g_5g_mobile_platform:-:*:*:*:*:*:*:*,CPE,cpe:2.3:h:qualcomm:snapdragon_780g_5g_mobile_platform:-:*:*:*:*:*:*:*,,,,,,,,
CPE:cpe:2.3:h:qualcomm:snapdragon_782g_mobile_platform:-:*:*:*:*:*:*:*,CPE,cpe:2.3:h:qualcomm:snapdragon_782g_mobile_platform:-:*:*:*:*:*:*:*,,,,,,,,
CPE:cpe:2.3:h:qualcomm:snapdragon_7c_compute_platform:-:*:*:*:*:*:*:*,CPE,cpe:2.3:h:qualcomm:snapdragon_7c_compute_platform:-:*:*:*:*:*:*:*,,,,,,,,
CPE:cpe:2.3:h:qualcomm:snapdragon_7c_gen_2_compute_platform:-:*:*:*:*:*:*:*,CPE,cpe:2.3:h:qualcomm:snapdragon_7c_gen_2_compute_platform:-:*:*:*:*:*:*:*,,,,,,,,
CPE:cpe:2.3:h:qualcomm:snapdragon_835_mobile_pc_platform:-:*:*:*:*:*:*:*,CPE,cpe:2.3:h:qualcomm:snapdragon_835_mobile_pc_platform:-:*:*:*:*:*:*:*,,,,,,,,
CPE:cpe:2.3:h:qualcomm:snapdragon_845_mobile_platform:-:*:*:*:*:*:*:*,CPE,cpe:2.3:h:qualcomm:snapdragon_845_mobile_platform:-:*:*:*:*:*:*:*,,,,,,,,
CPE:cpe:2.3:h:qualcomm:snapdragon_850_mobile_compute_platform:-:*:*:*:*:*:*:*,CPE,cpe:2.3:h:qualcomm:snapdragon_850_mobile_compute_platform:-:*:*:*:*:*:*:*,,,,,,,,
CPE:cpe:2.3:h:qualcomm:snapdragon_855\+\/860_mobile_platform:-:*:*:*:*:*:*:*,CPE,cpe:2.3:h:qualcomm:snapdragon_855\+\/860_mobile_platform:-:*:*:*:*:*:*:*,,,,,,,,
CPE:cpe:2.3:h:qualcomm:snapdragon_865\+_5g_mobile_platform:-:*:*:*:*:*:*:*,CPE,cpe:2.3:h:qualcomm:snapdragon_865\+_5g_mobile_platform:-:*:*:*:*:*:*:*,,,,,,,,
CPE:cpe:2.3:h:qualcomm:snapdragon_870_5g_mobile_platform:-:*:*:*:*:*:*:*,CPE,cpe:2.3:h:qualcomm:snapdragon_870_5g_mobile_platform:-:*:*:*:*:*:*:*,,,,,,,,
CPE:cpe:2.3:h:qualcomm:snapdragon_888\+_5g_mobile_platform:-:*:*:*:*:*:*:*,CPE,cpe:2.3:h:qualcomm:snapdragon_888\+_5g_mobile_platform:-:*:*:*:*:*:*:*,,,,,,,,
CPE:cpe:2.3:h:qualcomm:snapdragon_8\+_gen_1_mobile_platform:-:*:*:*:*:*:*:*,CPE,cpe:2.3:h:qualcomm:snapdragon_8\+_gen_1_mobile_platform:-:*:*:*:*:*:*:*,,,,,,,,
CPE:cpe:2.3:h:qualcomm:snapdragon_8_gen_1_mobile_platform:-:*:*:*:*:*:*:*,CPE,cpe:2.3:h:qualcomm:snapdragon_8_gen_1_mobile_platform:-:*:*:*:*:*:*:*,,,,,,,,
CPE:cpe:2.3:h:qualcomm:snapdragon_8c_compute_platform:-:*:*:*:*:*:*:*,CPE,cpe:2.3:h:qualcomm:snapdragon_8c_compute_platform:-:*:*:*:*:*:*:*,,,,,,,,
CPE:cpe:2.3:h:qualcomm:snapdragon_8cx_compute_platform:-:*:*:*:*:*:*:*,CPE,cpe:2.3:h:qualcomm:snapdragon_8cx_compute_platform:-:*:*:*:*:*:*:*,,,,,,,,
CPE:cpe:2.3:h:qualcomm:snapdragon_8cx_gen_2_5g_compute_platform:-:*:*:*:*:*:*:*,CPE,cpe:2.3:h:qualcomm:snapdragon_8cx_gen_2_5g_compute_platform:-:*:*:*:*:*:*:*,,,,,,,,
CPE:cpe:2.3:h:qualcomm:snapdragon_8cx_gen_3_compute_platform:-:*:*:*:*:*:*:*,CPE,cpe:2.3:h:qualcomm:snapdragon_8cx_gen_3_compute_platform:-:*:*:*:*:*:*:*,,,,,,,,
CPE:cpe:2.3:h:qualcomm:snapdragon_ar2_gen_1_platform:-:*:*:*:*:*:*:*,CPE,cpe:2.3:h:qualcomm:snapdragon_ar2_gen_1_platform:-:*:*:*:*:*:*:*,,,,,,,,
CPE:cpe:2.3:h:qualcomm:snapdragon_auto_4g_modem:-:*:*:*:*:*:*:*,CPE,cpe:2.3:h:qualcomm:snapdragon_auto_4g_modem:-:*:*:*:*:*:*:*,,,,,,,,
CPE:cpe:2.3:h:qualcomm:snapdragon_w5\+_gen_1_wearable_platform:-:*:*:*:*:*:*:*,CPE,cpe:2.3:h:qualcomm:snapdragon_w5\+_gen_1_wearable_platform:-:*:*:*:*:*:*:*,,,,,,,,
CPE:cpe:2.3:h:qualcomm:snapdragon_x35_5g_modem-rf_system:-:*:*:*:*:*:*:*,CPE,cpe:2.3:h:qualcomm:snapdragon_x35_5g_modem-rf_system:-:*:*:*:*:*:*:*,,,,,,,,
CPE:cpe:2.3:h:qualcomm:snapdragon_x50_5g_modem-rf_system:-:*:*:*:*:*:*:*,CPE,cpe:2.3:h:qualcomm:snapdragon_x50_5g_modem-rf_system:-:*:*:*:*:*:*:*,,,,,,,,
CPE:cpe:2.3:h:qualcomm:snapdragon_x65_5g_modem-rf_system:-:*:*:*:*:*:*:*,CPE,cpe:2.3:h:qualcomm:snapdragon_x65_5g_modem-rf_system:-:*:*:*:*:*:*:*,,,,,,,,
CPE:cpe:2.3:h:qualcomm:snapdragon_xr1_platform:-:*:*:*:*:*:*:*,CPE,cpe:2.3:h:qualcomm:snapdragon_xr1_platform:-:*:*:*:*:*:*:*,,,,,,,,
CPE:cpe:2.3:h:qualcomm:snapdragon_xr2\+_gen_1_platform:-:*:*:*:*:*:*:*,CPE,cpe:2.3:h:qualcomm:snapdragon_xr2\+_gen_1_platform:-:*:*:*:*:*:*:*,,,,,,,,
CPE:cpe:2.3:h:qualcomm:snapdragon_xr2_5g_platform:-:*:*:*:*:*:*:*,CPE,cpe:2.3:h:qualcomm:snapdragon_xr2_5g_platform:-:*:*:*:*:*:*:*,,,,,,,,
CPE:cpe:2.3:h:qualcomm:srv1h:-:*:*:*:*:*:*:*,CPE,cpe:2.3:h:qualcomm:srv1h:-:*:*:*:*:*:*:*,,,,,,,,
CPE:cpe:2.3:h:qualcomm:srv1m:-:*:*:*:*:*:*:*,CPE,cpe:2.3:h:qualcomm:srv1m:-:*:*:*:*:*:*:*,,,,,,,,
CPE:cpe:2.3:h:qualcomm:ssg2115p:-:*:*:*:*:*:*:*,CPE,cpe:2.3:h:qualcomm:ssg2115p:-:*:*:*:*:*:*:*,,,,,,,,
CPE:cpe:2.3:h:qualcomm:ssg2125p:-:*:*:*:*:*:*:*,CPE,cpe:2.3:h:qualcomm:ssg2125p:-:*:*:*:*:*:*:*,,,,,,,,
CPE:cpe:2.3:h:qualcomm:sxr1120:-:*:*:*:*:*:*:*,CPE,cpe:2.3:h:qualcomm:sxr1120:-:*:*:*:*:*:*:*,,,,,,,,
CPE:cpe:2.3:h:qualcomm:sxr1230p:-:*:*:*:*:*:*:*,CPE,cpe:2.3:h:qualcomm:sxr1230p:-:*:*:*:*:*:*:*,,,,,,,,
CPE:cpe:2.3:h:qualcomm:vision_intelligence_300_platform:-:*:*:*:*:*:*:*,CPE,cpe:2.3:h:qualcomm:vision_intelligence_300_platform:-:*:*:*:*:*:*:*,,,,,,,,
CPE:cpe:2.3:h:qualcomm:vision_intelligence_400_platform:-:*:*:*:*:*:*:*,CPE,cpe:2.3:h:qualcomm:vision_intelligence_400_platform:-:*:*:*:*:*:*:*,,,,,,,,
CPE:cpe:2.3:h:qualcomm:wcd9326:-:*:*:*:*:*:*:*,CPE,cpe:2.3:h:qualcomm:wcd9326:-:*:*:*:*:*:*:*,,,,,,,,
CPE:cpe:2.3:h:qualcomm:wcd9371:-:*:*:*:*:*:*:*,CPE,cpe:2.3:h:qualcomm:wcd9371:-:*:*:*:*:*:*:*,,,,,,,,
CPE:cpe:2.3:h:qualcomm:wcn3910:-:*:*:*:*:*:*:*,CPE,cpe:2.3:h:qualcomm:wcn3910:-:*:*:*:*:*:*:*,,,,,,,,
CPE:cpe:2.3:h:qualcomm:wcn6740:-:*:*:*:*:*:*:*,CPE,cpe:2.3:h:qualcomm:wcn6740:-:*:*:*:*:*:*:*,,,,,,,,
CPE:cpe:2.3:o:qualcomm:315_5g_iot_modem_firmware:-:*:*:*:*:*:*:*,CPE,cpe:2.3:o:qualcomm:315_5g_iot_modem_firmware:-:*:*:*:*:*:*:*,,,,,,,,
CPE:cpe:2.3:o:qualcomm:csra6620_firmware:-:*:*:*:*:*:*:*,CPE,cpe:2.3:o:qualcomm:csra6620_firmware:-:*:*:*:*:*:*:*,,,,,,,,
CPE:cpe:2.3:o:qualcomm:csra6640_firmware:-:*:*:*:*:*:*:*,CPE,cpe:2.3:o:qualcomm:csra6640_firmware:-:*:*:*:*:*:*:*,,,,,,,,
CPE:cpe:2.3:o:qualcomm:csrb31024_firmware:-:*:*:*:*:*:*:*,CPE,cpe:2.3:o:qualcomm:csrb31024_firmware:-:*:*:*:*:*:*:*,,,,,,,,
CPE:cpe:2.3:o:qualcomm:immersive_home_3210_platform_firmware:-:*:*:*:*:*:*:*,CPE,cpe:2.3:o:qualcomm:immersive_home_3210_platform_firmware:-:*:*:*:*:*:*:*,,,,,,,,
CPE:cpe:2.3:o:qualcomm:immersive_home_326_platform_firmware:-:*:*:*:*:*:*:*,CPE,cpe:2.3:o:qualcomm:immersive_home_326_platform_firmware:-:*:*:*:*:*:*:*,,,,,,,,
CPE:cpe:2.3:o:qualcomm:ipq5302_firmware:-:*:*:*:*:*:*:*,CPE,cpe:2.3:o:qualcomm:ipq5302_firmware:-:*:*:*:*:*:*:*,,,,,,,,
CPE:cpe:2.3:o:qualcomm:ipq5312_firmware:-:*:*:*:*:*:*:*,CPE,cpe:2.3:o:qualcomm:ipq5312_firmware:-:*:*:*:*:*:*:*,,,,,,,,
CPE:cpe:2.3:o:qualcomm:ipq5332_firmware:-:*:*:*:*:*:*:*,CPE,cpe:2.3:o:qualcomm:ipq5332_firmware:-:*:*:*:*:*:*:*,,,,,,,,
CPE:cpe:2.3:o:qualcomm:qam8255p_firmware:-:*:*:*:*:*:*:*,CPE,cpe:2.3:o:qualcomm:qam8255p_firmware:-:*:*:*:*:*:*:*,,,,,,,,
CPE:cpe:2.3:o:qualcomm:qam8650p_firmware:-:*:*:*:*:*:*:*,CPE,cpe:2.3:o:qualcomm:qam8650p_firmware:-:*:*:*:*:*:*:*,,,,,,,,
CPE:cpe:2.3:o:qualcomm:qam8775p_firmware:-:*:*:*:*:*:*:*,CPE,cpe:2.3:o:qualcomm:qam8775p_firmware:-:*:*:*:*:*:*:*,,,,,,,,
CPE:cpe:2.3:o:qualcomm:qamsrv1h_firmware:-:*:*:*:*:*:*:*,CPE,cpe:2.3:o:qualcomm:qamsrv1h_firmware:-:*:*:*:*:*:*:*,,,,,,,,
CPE:cpe:2.3:o:qualcomm:qamsrv1m_firmware:-:*:*:*:*:*:*:*,CPE,cpe:2.3:o:qualcomm:qamsrv1m_firmware:-:*:*:*:*:*:*:*,,,,,,,,
CPE:cpe:2.3:o:qualcomm:qca1062_firmware:-:*:*:*:*:*:*:*,CPE,cpe:2.3:o:qualcomm:qca1062_firmware:-:*:*:*:*:*:*:*,,,,,,,,
CPE:cpe:2.3:o:qualcomm:qca1064_firmware:-:*:*:*:*:*:*:*,CPE,cpe:2.3:o:qualcomm:qca1064_firmware:-:*:*:*:*:*:*:*,,,,,,,,
CPE:cpe:2.3:o:qualcomm:qca2062_firmware:-:*:*:*:*:*:*:*,CPE,cpe:2.3:o:qualcomm:qca2062_firmware:-:*:*:*:*:*:*:*,,,,,,,,
CPE:cpe:2.3:o:qualcomm:qca2064_firmware:-:*:*:*:*:*:*:*,CPE,cpe:2.3:o:qualcomm:qca2064_firmware:-:*:*:*:*:*:*:*,,,,,,,,
CPE:cpe:2.3:o:qualcomm:qca2065_firmware:-:*:*:*:*:*:*:*,CPE,cpe:2.3:o:qualcomm:qca2065_firmware:-:*:*:*:*:*:*:*,,,,,,,,
CPE:cpe:2.3:o:qualcomm:qca2066_firmware:-:*:*:*:*:*:*:*,CPE,cpe:2.3:o:qualcomm:qca2066_firmware:-:*:*:*:*:*:*:*,,,,,,,,
CPE:cpe:2.3:o:qualcomm:qca6310_firmware:-:*:*:*:*:*:*:*,CPE,cpe:2.3:o:qualcomm:qca6310_firmware:-:*:*:*:*:*:*:*,,,,,,,,
CPE:cpe:2.3:o:qualcomm:qca6320_firmware:-:*:*:*:*:*:*:*,CPE,cpe:2.3:o:qualcomm:qca6320_firmware:-:*:*:*:*:*:*:*,,,,,,,,
CPE:cpe:2.3:o:qualcomm:qca6335_firmware:-:*:*:*:*:*:*:*,CPE,cpe:2.3:o:qualcomm:qca6335_firmware:-:*:*:*:*:*:*:*,,,,,,,,
CPE:cpe:2.3:o:qualcomm:qca6420_firmware:-:*:*:*:*:*:*:*,CPE,cpe:2.3:o:qualcomm:qca6420_firmware:-:*:*:*:*:*:*:*,,,,,,,,
CPE:cpe:2.3:o:qualcomm:qca6421_firmware:-:*:*:*:*:*:*:*,CPE,cpe:2.3:o:qualcomm:qca6421_firmware:-:*:*:*:*:*:*:*,,,,,,,,
CPE:cpe:2.3:o:qualcomm:qca6430_firmware:-:*:*:*:*:*:*:*,CPE,cpe:2.3:o:qualcomm:qca6430_firmware:-:*:*:*:*:*:*:*,,,,,,,,
CPE:cpe:2.3:o:qualcomm:qca6431_firmware:-:*:*:*:*:*:*:*,CPE,cpe:2.3:o:qualcomm:qca6431_firmware:-:*:*:*:*:*:*:*,,,,,,,,
CPE:cpe:2.3:o:qualcomm:qca6554a_firmware:-:*:*:*:*:*:*:*,CPE,cpe:2.3:o:qualcomm:qca6554a_firmware:-:*:*:*:*:*:*:*,,,,,,,,
CPE:cpe:2.3:o:qualcomm:qca6564a_firmware:-:*:*:*:*:*:*:*,CPE,cpe:2.3:o:qualcomm:qca6564a_firmware:-:*:*:*:*:*:*:*,,,,,,,,
CPE:cpe:2.3:o:qualcomm:qca6564au_firmware:-:*:*:*:*:*:*:*,CPE,cpe:2.3:o:qualcomm:qca6564au_firmware:-:*:*:*:*:*:*:*,,,,,,,,
CPE:cpe:2.3:o:qualcomm:qca6574_firmware:-:*:*:*:*:*:*:*,CPE,cpe:2.3:o:qualcomm:qca6574_firmware:-:*:*:*:*:*:*:*,,,,,,,,
CPE:cpe:2.3:o:qualcomm:qca6678aq_firmware:-:*:*:*:*:*:*:*,CPE,cpe:2.3:o:qualcomm:qca6678aq_firmware:-:*:*:*:*:*:*:*,,,,,,,,
CPE:cpe:2.3:o:qualcomm:qca6797aq_firmware:-:*:*:*:*:*:*:*,CPE,cpe:2.3:o:qualcomm:qca6797aq_firmware:-:*:*:*:*:*:*:*,,,,,,,,
CPE:cpe:2.3:o:qualcomm:qca8386_firmware:-:*:*:*:*:*:*:*,CPE,cpe:2.3:o:qualcomm:qca8386_firmware:-:*:*:*:*:*:*:*,,,,,,,,
CPE:cpe:2.3:o:qualcomm:qcc2073_firmware:-:*:*:*:*:*:*:*,CPE,cpe:2.3:o:qualcomm:qcc2073_firmware:-:*:*:*:*:*:*:*,,,,,,,,
CPE:cpe:2.3:o:qualcomm:qcc2076_firmware:-:*:*:*:*:*:*:*,CPE,cpe:2.3:o:qualcomm:qcc2076_firmware:-:*:*:*:*:*:*:*,,,,,,,,
CPE:cpe:2.3:o:qualcomm:qcf8000_firmware:-:*:*:*:*:*:*:*,CPE,cpe:2.3:o:qualcomm:qcf8000_firmware:-:*:*:*:*:*:*:*,,,,,,,,
CPE:cpe:2.3:o:qualcomm:qcm2290_firmware:-:*:*:*:*:*:*:*,CPE,cpe:2.3:o:qualcomm:qcm2290_firmware:-:*:*:*:*:*:*:*,,,,,,,,
CPE:cpe:2.3:o:qualcomm:qcm4290_firmware:-:*:*:*:*:*:*:*,CPE,cpe:2.3:o:qualcomm:qcm4290_firmware:-:*:*:*:*:*:*:*,,,,,,,,
CPE:cpe:2.3:o:qualcomm:qcm4325_firmware:-:*:*:*:*:*:*:*,CPE,cpe:2.3:o:qualcomm:qcm4325_firmware:-:*:*:*:*:*:*:*,,,,,,,,
CPE:cpe:2.3:o:qualcomm:qcm6125_firmware:-:*:*:*:*:*:*:*,CPE,cpe:2.3:o:qualcomm:qcm6125_firmware:-:*:*:*:*:*:*:*,,,,,,,,
CPE:cpe:2.3:o:qualcomm:qcm6490_firmware:-:*:*:*:*:*:*:*,CPE,cpe:2.3:o:qualcomm:qcm6490_firmware:-:*:*:*:*:*:*:*,,,,,,,,
CPE:cpe:2.3:o:qualcomm:qcm8550_firmware:-:*:*:*:*:*:*:*,CPE,cpe:2.3:o:qualcomm:qcm8550_firmware:-:*:*:*:*:*:*:*,,,,,,,,
CPE:cpe:2.3:o:qualcomm:qcn6024_firmware:-:*:*:*:*:*:*:*,CPE,cpe:2.3:o:qualcomm:qcn6024_firmware:-:*:*:*:*:*:*:*,,,,,,,,
CPE:cpe:2.3:o:qualcomm:qcn6402_firmware:-:*:*:*:*:*:*:*,CPE,cpe:2.3:o:qualcomm:qcn6402_firmware:-:*:*:*:*:*:*:*,,,,,,,,
CPE:cpe:2.3:o:qualcomm:qcn6412_firmware:-:*:*:*:*:*:*:*,CPE,cpe:2.3:o:qualcomm:qcn6412_firmware:-:*:*:*:*:*:*:*,,,,,,,,
CPE:cpe:2.3:o:qualcomm:qcn6422_firmware:-:*:*:*:*:*:*:*,CPE,cpe:2.3:o:qualcomm:qcn6422_firmware:-:*:*:*:*:*:*:*,,,,,,,,
CPE:cpe:2.3:o:qualcomm:qcn6432_firmware:-:*:*:*:*:*:*:*,CPE,cpe:2.3:o:qualcomm:qcn6432_firmware:-:*:*:*:*:*:*:*,,,,,,,,
CPE:cpe:2.3:o:qualcomm:qcn9024_firmware:-:*:*:*:*:*:*:*,CPE,cpe:2.3:o:qualcomm:qcn9024_firmware:-:*:*:*:*:*:*:*,,,,,,,,
CPE:cpe:2.3:o:qualcomm:qcn9274_firmware:-:*:*:*:*:*:*:*,CPE,cpe:2.3:o:qualcomm:qcn9274_firmware:-:*:*:*:*:*:*:*,,,,,,,,
CPE:cpe:2.3:o:qualcomm:qcs2290_firmware:-:*:*:*:*:*:*:*,CPE,cpe:2.3:o:qualcomm:qcs2290_firmware:-:*:*:*:*:*:*:*,,,,,,,,
CPE:cpe:2.3:o:qualcomm:qcs4290_firmware:-:*:*:*:*:*:*:*,CPE,cpe:2.3:o:qualcomm:qcs4290_firmware:-:*:*:*:*:*:*:*,,,,,,,,
CPE:cpe:2.3:o:qualcomm:qcs6125_firmware:-:*:*:*:*:*:*:*,CPE,cpe:2.3:o:qualcomm:qcs6125_firmware:-:*:*:*:*:*:*:*,,,,,,,,
CPE:cpe:2.3:o:qualcomm:qcs8550_firmware:-:*:*:*:*:*:*:*,CPE,cpe:2.3:o:qualcomm:qcs8550_firmware:-:*:*:*:*:*:*:*,,,,,,,,
CPE:cpe:2.3:o:qualcomm:qep8111_firmware:-:*:*:*:*:*:*:*,CPE,cpe:2.3:o:qualcomm:qep8111_firmware:-:*:*:*:*:*:*:*,,,,,,,,
CPE:cpe:2.3:o:qualcomm:qsm8250_firmware:-:*:*:*:*:*:*:*,CPE,cpe:2.3:o:qualcomm:qsm8250_firmware:-:*:*:*:*:*:*:*,,,,,,,,
CPE:cpe:2.3:o:qualcomm:qsm8350_firmware:-:*:*:*:*:*:*:*,CPE,cpe:2.3:o:qualcomm:qsm8350_firmware:-:*:*:*:*:*:*:*,,,,,,,,
CPE:cpe:2.3:o:qualcomm:robotics_rb3_platform_firmware:-:*:*:*:*:*:*:*,CPE,cpe:2.3:o:qualcomm:robotics_rb3_platform_firmware:-:*:*:*:*:*:*:*,,,,,,,,
CPE:cpe:2.3:o:qualcomm:sa6155_firmware:-:*:*:*:*:*:*:*,CPE,cpe:2.3:o:qualcomm:sa6155_firmware:-:*:*:*:*:*:*:*,,,,,,,,
CPE:cpe:2.3:o:qualcomm:sa8155_firmware:-:*:*:*:*:*:*:*,CPE,cpe:2.3:o:qualcomm:sa8155_firmware:-:*:*:*:*:*:*:*,,,,,,,,
CPE:cpe:2.3:o:qualcomm:sa8255p_firmware:-:*:*:*:*:*:*:*,CPE,cpe:2.3:o:qualcomm:sa8255p_firmware:-:*:*:*:*:*:*:*,,,,,,,,
CPE:cpe:2.3:o:qualcomm:sa8650p_firmware:-:*:*:*:*:*:*:*,CPE,cpe:2.3:o:qualcomm:sa8650p_firmware:-:*:*:*:*:*:*:*,,,,,,,,
CPE:cpe:2.3:o:qualcomm:sa8770p_firmware:-:*:*:*:*:*:*:*,CPE,cpe:2.3:o:qualcomm:sa8770p_firmware:-:*:*:*:*:*:*:*,,,,,,,,
CPE:cpe:2.3:o:qualcomm:sa8775p_firmware:-:*:*:*:*:*:*:*,CPE,cpe:2.3:o:qualcomm:sa8775p_firmware:-:*:*:*:*:*:*:*,,,,,,,,
CPE:cpe:2.3:o:qualcomm:sa9000p_firmware:-:*:*:*:*:*:*:*,CPE,cpe:2.3:o:qualcomm:sa9000p_firmware:-:*:*:*:*:*:*:*,,,,,,,,
CPE:cpe:2.3:o:qualcomm:sc8180x\+sdx55_firmware:-:*:*:*:*:*:*:*,CPE,cpe:2.3:o:qualcomm:sc8180x\+sdx55_firmware:-:*:*:*:*:*:*:*,,,,,,,,
CPE:cpe:2.3:o:qualcomm:sc8380xp_firmware:-:*:*:*:*:*:*:*,CPE,cpe:2.3:o:qualcomm:sc8380xp_firmware:-:*:*:*:*:*:*:*,,,,,,,,
CPE:cpe:2.3:o:qualcomm:sd460_firmware:-:*:*:*:*:*:*:*,CPE,cpe:2.3:o:qualcomm:sd460_firmware:-:*:*:*:*:*:*:*,,,,,,,,
CPE:cpe:2.3:o:qualcomm:sd662_firmware:-:*:*:*:*:*:*:*,CPE,cpe:2.3:o:qualcomm:sd662_firmware:-:*:*:*:*:*:*:*,,,,,,,,
CPE:cpe:2.3:o:qualcomm:sd675_firmware:-:*:*:*:*:*:*:*,CPE,cpe:2.3:o:qualcomm:sd675_firmware:-:*:*:*:*:*:*:*,,,,,,,,
CPE:cpe:2.3:o:qualcomm:sd730_firmware:-:*:*:*:*:*:*:*,CPE,cpe:2.3:o:qualcomm:sd730_firmware:-:*:*:*:*:*:*:*,,,,,,,,
CPE:cpe:2.3:o:qualcomm:sd888_firmware:-:*:*:*:*:*:*:*,CPE,cpe:2.3:o:qualcomm:sd888_firmware:-:*:*:*:*:*:*:*,,,,,,,,
CPE:cpe:2.3:o:qualcomm:sd_455_firmware:-:*:*:*:*:*:*:*,CPE,cpe:2.3:o:qualcomm:sd_455_firmware:-:*:*:*:*:*:*:*,,,,,,,,
CPE:cpe:2.3:o:qualcomm:sd_675_firmware:-:*:*:*:*:*:*:*,CPE,cpe:2.3:o:qualcomm:sd_675_firmware:-:*:*:*:*:*:*:*,,,,,,,,
CPE:cpe:2.3:o:qualcomm:sd_8_gen1_5g_firmware:-:*:*:*:*:*:*:*,CPE,cpe:2.3:o:qualcomm:sd_8_gen1_5g_firmware:-:*:*:*:*:*:*:*,,,,,,,,
CPE:cpe:2.3:o:qualcomm:sd_8cx_firmware:-:*:*:*:*:*:*:*,CPE,cpe:2.3:o:qualcomm:sd_8cx_firmware:-:*:*:*:*:*:*:*,,,,,,,,
CPE:cpe:2.3:o:qualcomm:sm4125_firmware:-:*:*:*:*:*:*:*,CPE,cpe:2.3:o:qualcomm:sm4125_firmware:-:*:*:*:*:*:*:*,,,,,,,,
CPE:cpe:2.3:o:qualcomm:sm6250p_firmware:-:*:*:*:*:*:*:*,CPE,cpe:2.3:o:qualcomm:sm6250p_firmware:-:*:*:*:*:*:*:*,,,,,,,,
CPE:cpe:2.3:o:qualcomm:sm7250p_firmware:-:*:*:*:*:*:*:*,CPE,cpe:2.3:o:qualcomm:sm7250p_firmware:-:*:*:*:*:*:*:*,,,,,,,,
CPE:cpe:2.3:o:qualcomm:sm7315_firmware:-:*:*:*:*:*:*:*,CPE,cpe:2.3:o:qualcomm:sm7315_firmware:-:*:*:*:*:*:*:*,,,,,,,,
CPE:cpe:2.3:o:qualcomm:smart_audio_400_platform_firmware:-:*:*:*:*:*:*:*,CPE,cpe:2.3:o:qualcomm:smart_audio_400_platform_firmware:-:*:*:*:*:*:*:*,,,,,,,,
CPE:cpe:2.3:o:qualcomm:snapdragon_480\+_5g_mobile_platform_firmware:-:*:*:*:*:*:*:*,CPE,cpe:2.3:o:qualcomm:snapdragon_480\+_5g_mobile_platform_firmware:-:*:*:*:*:*:*:*,,,,,,,,
CPE:cpe:2.3:o:qualcomm:snapdragon_4_gen_2_mobile_platform_firmware:-:*:*:*:*:*:*:*,CPE,cpe:2.3:o:qualcomm:snapdragon_4_gen_2_mobile_platform_firmware:-:*:*:*:*:*:*:*,,,,,,,,
CPE:cpe:2.3:o:qualcomm:snapdragon_630_mobile_platform_firmware:-:*:*:*:*:*:*:*,CPE,cpe:2.3:o:qualcomm:snapdragon_630_mobile_platform_firmware:-:*:*:*:*:*:*:*,,,,,,,,
CPE:cpe:2.3:o:qualcomm:snapdragon_636_mobile_platform_firmware:-:*:*:*:*:*:*:*,CPE,cpe:2.3:o:qualcomm:snapdragon_636_mobile_platform_firmware:-:*:*:*:*:*:*:*,,,,,,,,
CPE:cpe:2.3:o:qualcomm:snapdragon_660_mobile_platform_firmware:-:*:*:*:*:*:*:*,CPE,cpe:2.3:o:qualcomm:snapdragon_660_mobile_platform_firmware:-:*:*:*:*:*:*:*,,,,,,,,
CPE:cpe:2.3:o:qualcomm:snapdragon_665_mobile_platform_firmware:-:*:*:*:*:*:*:*,CPE,cpe:2.3:o:qualcomm:snapdragon_665_mobile_platform_firmware:-:*:*:*:*:*:*:*,,,,,,,,
CPE:cpe:2.3:o:qualcomm:snapdragon_670_mobile_platform_firmware:-:*:*:*:*:*:*:*,CPE,cpe:2.3:o:qualcomm:snapdragon_670_mobile_platform_firmware:-:*:*:*:*:*:*:*,,,,,,,,
CPE:cpe:2.3:o:qualcomm:snapdragon_675_mobile_platform_firmware:-:*:*:*:*:*:*:*,CPE,cpe:2.3:o:qualcomm:snapdragon_675_mobile_platform_firmware:-:*:*:*:*:*:*:*,,,,,,,,
CPE:cpe:2.3:o:qualcomm:snapdragon_678_mobile_platform_firmware:-:*:*:*:*:*:*:*,CPE,cpe:2.3:o:qualcomm:snapdragon_678_mobile_platform_firmware:-:*:*:*:*:*:*:*,,,,,,,,
CPE:cpe:2.3:o:qualcomm:snapdragon_685_4g_mobile_platform_firmware:-:*:*:*:*:*:*:*,CPE,cpe:2.3:o:qualcomm:snapdragon_685_4g_mobile_platform_firmware:-:*:*:*:*:*:*:*,,,,,,,,
CPE:cpe:2.3:o:qualcomm:snapdragon_710_mobile_platform_firmware:-:*:*:*:*:*:*:*,CPE,cpe:2.3:o:qualcomm:snapdragon_710_mobile_platform_firmware:-:*:*:*:*:*:*:*,,,,,,,,
CPE:cpe:2.3:o:qualcomm:snapdragon_712_mobile_platform_firmware:-:*:*:*:*:*:*:*,CPE,cpe:2.3:o:qualcomm:snapdragon_712_mobile_platform_firmware:-:*:*:*:*:*:*:*,,,,,,,,
CPE:cpe:2.3:o:qualcomm:snapdragon_730_mobile_platform_firmware:-:*:*:*:*:*:*:*,CPE,cpe:2.3:o:qualcomm:snapdragon_730_mobile_platform_firmware:-:*:*:*:*:*:*:*,,,,,,,,
CPE:cpe:2.3:o:qualcomm:snapdragon_730g_mobile_platform_firmware:-:*:*:*:*:*:*:*,CPE,cpe:2.3:o:qualcomm:snapdragon_730g_mobile_platform_firmware:-:*:*:*:*:*:*:*,,,,,,,,
CPE:cpe:2.3:o:qualcomm:snapdragon_732g_mobile_platform_firmware:-:*:*:*:*:*:*:*,CPE,cpe:2.3:o:qualcomm:snapdragon_732g_mobile_platform_firmware:-:*:*:*:*:*:*:*,,,,,,,,
CPE:cpe:2.3:o:qualcomm:snapdragon_750g_5g_mobile_platform_firmware:-:*:*:*:*:*:*:*,CPE,cpe:2.3:o:qualcomm:snapdragon_750g_5g_mobile_platform_firmware:-:*:*:*:*:*:*:*,,,,,,,,
CPE:cpe:2.3:o:qualcomm:snapdragon_765_5g_mobile_platform_firmware:-:*:*:*:*:*:*:*,CPE,cpe:2.3:o:qualcomm:snapdragon_765_5g_mobile_platform_firmware:-:*:*:*:*:*:*:*,,,,,,,,
CPE:cpe:2.3:o:qualcomm:snapdragon_765g_5g_mobile_platform_firmware:-:*:*:*:*:*:*:*,CPE,cpe:2.3:o:qualcomm:snapdragon_765g_5g_mobile_platform_firmware:-:*:*:*:*:*:*:*,,,,,,,,
CPE:cpe:2.3:o:qualcomm:snapdragon_768g_5g_mobile_platform_firmware:-:*:*:*:*:*:*:*,CPE,cpe:2.3:o:qualcomm:snapdragon_768g_5g_mobile_platform_firmware:-:*:*:*:*:*:*:*,,,,,,,,
CPE:cpe:2.3:o:qualcomm:snapdragon_778g\+_5g_mobile_platform_firmware:-:*:*:*:*:*:*:*,CPE,cpe:2.3:o:qualcomm:snapdragon_778g\+_5g_mobile_platform_firmware:-:*:*:*:*:*:*:*,,,,,,,,
CPE:cpe:2.3:o:qualcomm:snapdragon_780g_5g_mobile_platform_firmware:-:*:*:*:*:*:*:*,CPE,cpe:2.3:o:qualcomm:snapdragon_780g_5g_mobile_platform_firmware:-:*:*:*:*:*:*:*,,,,,,,,
CPE:cpe:2.3:o:qualcomm:snapdragon_782g_mobile_platform_firmware:-:*:*:*:*:*:*:*,CPE,cpe:2.3:o:qualcomm:snapdragon_782g_mobile_platform_firmware:-:*:*:*:*:*:*:*,,,,,,,,
CPE:cpe:2.3:o:qualcomm:snapdragon_7c_compute_platform_firmware:-:*:*:*:*:*:*:*,CPE,cpe:2.3:o:qualcomm:snapdragon_7c_compute_platform_firmware:-:*:*:*:*:*:*:*,,,,,,,,
CPE:cpe:2.3:o:qualcomm:snapdragon_7c_gen_2_compute_platform_firmware:-:*:*:*:*:*:*:*,CPE,cpe:2.3:o:qualcomm:snapdragon_7c_gen_2_compute_platform_firmware:-:*:*:*:*:*:*:*,,,,,,,,
CPE:cpe:2.3:o:qualcomm:snapdragon_835_mobile_pc_platform_firmware:-:*:*:*:*:*:*:*,CPE,cpe:2.3:o:qualcomm:snapdragon_835_mobile_pc_platform_firmware:-:*:*:*:*:*:*:*,,,,,,,,
CPE:cpe:2.3:o:qualcomm:snapdragon_845_mobile_platform_firmware:-:*:*:*:*:*:*:*,CPE,cpe:2.3:o:qualcomm:snapdragon_845_mobile_platform_firmware:-:*:*:*:*:*:*:*,,,,,,,,
CPE:cpe:2.3:o:qualcomm:snapdragon_850_mobile_compute_platform_firmware:-:*:*:*:*:*:*:*,CPE,cpe:2.3:o:qualcomm:snapdragon_850_mobile_compute_platform_firmware:-:*:*:*:*:*:*:*,,,,,,,,
CPE:cpe:2.3:o:qualcomm:snapdragon_855\+\/860_mobile_platform_firmware:-:*:*:*:*:*:*:*,CPE,cpe:2.3:o:qualcomm:snapdragon_855\+\/860_mobile_platform_firmware:-:*:*:*:*:*:*:*,,,,,,,,
CPE:cpe:2.3:o:qualcomm:snapdragon_865\+_5g_mobile_platform_firmware:-:*:*:*:*:*:*:*,CPE,cpe:2.3:o:qualcomm:snapdragon_865\+_5g_mobile_platform_firmware:-:*:*:*:*:*:*:*,,,,,,,,
CPE:cpe:2.3:o:qualcomm:snapdragon_870_5g_mobile_platform_firmware:-:*:*:*:*:*:*:*,CPE,cpe:2.3:o:qualcomm:snapdragon_870_5g_mobile_platform_firmware:-:*:*:*:*:*:*:*,,,,,,,,
CPE:cpe:2.3:o:qualcomm:snapdragon_888\+_5g_mobile_platform_firmware:-:*:*:*:*:*:*:*,CPE,cpe:2.3:o:qualcomm:snapdragon_888\+_5g_mobile_platform_firmware:-:*:*:*:*:*:*:*,,,,,,,,
CPE:cpe:2.3:o:qualcomm:snapdragon_8\+_gen_1_mobile_platform_firmware:-:*:*:*:*:*:*:*,CPE,cpe:2.3:o:qualcomm:snapdragon_8\+_gen_1_mobile_platform_firmware:-:*:*:*:*:*:*:*,,,,,,,,
CPE:cpe:2.3:o:qualcomm:snapdragon_8_gen_1_mobile_platform_firmware:-:*:*:*:*:*:*:*,CPE,cpe:2.3:o:qualcomm:snapdragon_8_gen_1_mobile_platform_firmware:-:*:*:*:*:*:*:*,,,,,,,,
CPE:cpe:2.3:o:qualcomm:snapdragon_8c_compute_platform_firmware:-:*:*:*:*:*:*:*,CPE,cpe:2.3:o:qualcomm:snapdragon_8c_compute_platform_firmware:-:*:*:*:*:*:*:*,,,,,,,,
CPE:cpe:2.3:o:qualcomm:snapdragon_8cx_compute_platform_firmware:-:*:*:*:*:*:*:*,CPE,cpe:2.3:o:qualcomm:snapdragon_8cx_compute_platform_firmware:-:*:*:*:*:*:*:*,,,,,,,,
CPE:cpe:2.3:o:qualcomm:snapdragon_8cx_gen_2_5g_compute_platform_firmware:-:*:*:*:*:*:*:*,CPE,cpe:2.3:o:qualcomm:snapdragon_8cx_gen_2_5g_compute_platform_firmware:-:*:*:*:*:*:*:*,,,,,,,,
CPE:cpe:2.3:o:qualcomm:snapdragon_8cx_gen_3_compute_platform_firmware:-:*:*:*:*:*:*:*,CPE,cpe:2.3:o:qualcomm:snapdragon_8cx_gen_3_compute_platform_firmware:-:*:*:*:*:*:*:*,,,,,,,,
CPE:cpe:2.3:o:qualcomm:snapdragon_ar2_gen_1_platform_firmware:-:*:*:*:*:*:*:*,CPE,cpe:2.3:o:qualcomm:snapdragon_ar2_gen_1_platform_firmware:-:*:*:*:*:*:*:*,,,,,,,,
CPE:cpe:2.3:o:qualcomm:snapdragon_auto_4g_modem_firmware:-:*:*:*:*:*:*:*,CPE,cpe:2.3:o:qualcomm:snapdragon_auto_4g_modem_firmware:-:*:*:*:*:*:*:*,,,,,,,,
CPE:cpe:2.3:o:qualcomm:snapdragon_w5\+_gen_1_wearable_platform_firmware:-:*:*:*:*:*:*:*,CPE,cpe:2.3:o:qualcomm:snapdragon_w5\+_gen_1_wearable_platform_firmware:-:*:*:*:*:*:*:*,,,,,,,,
CPE:cpe:2.3:o:qualcomm:snapdragon_x35_5g_modem-rf_system_firmware:-:*:*:*:*:*:*:*,CPE,cpe:2.3:o:qualcomm:snapdragon_x35_5g_modem-rf_system_firmware:-:*:*:*:*:*:*:*,,,,,,,,
CPE:cpe:2.3:o:qualcomm:snapdragon_x50_5g_modem-rf_system_firmware:-:*:*:*:*:*:*:*,CPE,cpe:2.3:o:qualcomm:snapdragon_x50_5g_modem-rf_system_firmware:-:*:*:*:*:*:*:*,,,,,,,,
CPE:cpe:2.3:o:qualcomm:snapdragon_x65_5g_modem-rf_system_firmware:-:*:*:*:*:*:*:*,CPE,cpe:2.3:o:qualcomm:snapdragon_x65_5g_modem-rf_system_firmware:-:*:*:*:*:*:*:*,,,,,,,,
CPE:cpe:2.3:o:qualcomm:snapdragon_xr1_platform_firmware:-:*:*:*:*:*:*:*,CPE,cpe:2.3:o:qualcomm:snapdragon_xr1_platform_firmware:-:*:*:*:*:*:*:*,,,,,,,,
CPE:cpe:2.3:o:qualcomm:snapdragon_xr2\+_gen_1_platform_firmware:-:*:*:*:*:*:*:*,CPE,cpe:2.3:o:qualcomm:snapdragon_xr2\+_gen_1_platform_firmware:-:*:*:*:*:*:*:*,,,,,,,,
CPE:cpe:2.3:o:qualcomm:snapdragon_xr2_5g_platform_firmware:-:*:*:*:*:*:*:*,CPE,cpe:2.3:o:qualcomm:snapdragon_xr2_5g_platform_firmware:-:*:*:*:*:*:*:*,,,,,,,,
CPE:cpe:2.3:o:qualcomm:srv1h_firmware:-:*:*:*:*:*:*:*,CPE,cpe:2.3:o:qualcomm:srv1h_firmware:-:*:*:*:*:*:*:*,,,,,,,,
CPE:cpe:2.3:o:qualcomm:srv1m_firmware:-:*:*:*:*:*:*:*,CPE,cpe:2.3:o:qualcomm:srv1m_firmware:-:*:*:*:*:*:*:*,,,,,,,,
CPE:cpe:2.3:o:qualcomm:ssg2115p_firmware:-:*:*:*:*:*:*:*,CPE,cpe:2.3:o:qualcomm:ssg2115p_firmware:-:*:*:*:*:*:*:*,,,,,,,,
CPE:cpe:2.3:o:qualcomm:ssg2125p_firmware:-:*:*:*:*:*:*:*,CPE,cpe:2.3:o:qualcomm:ssg2125p_firmware:-:*:*:*:*:*:*:*,,,,,,,,
CPE:cpe:2.3:o:qualcomm:sxr1120_firmware:-:*:*:*:*:*:*:*,CPE,cpe:2.3:o:qualcomm:sxr1120_firmware:-:*:*:*:*:*:*:*,,,,,,,,
CPE:cpe:2.3:o:qualcomm:sxr1230p_firmware:-:*:*:*:*:*:*:*,CPE,cpe:2.3:o:qualcomm:sxr1230p_firmware:-:*:*:*:*:*:*:*,,,,,,,,
CPE:cpe:2.3:o:qualcomm:vision_intelligence_300_platform_firmware:-:*:*:*:*:*:*:*,CPE,cpe:2.3:o:qualcomm:vision_intelligence_300_platform_firmware:-:*:*:*:*:*:*:*,,,,,,,,
CPE:cpe:2.3:o:qualcomm:vision_intelligence_400_platform_firmware:-:*:*:*:*:*:*:*,CPE,cpe:2.3:o:qualcomm:vision_intelligence_400_platform_firmware:-:*:*:*:*:*:*:*,,,,,,,,
CPE:cpe:2.3:o:qualcomm:wcd9326_firmware:-:*:*:*:*:*:*:*,CPE,cpe:2.3:o:qualcomm:wcd9326_firmware:-:*:*:*:*:*:*:*,,,,,,,,
CPE:cpe:2.3:o:qualcomm:wcd9371_firmware:-:*:*:*:*:*:*:*,CPE,cpe:2.3:o:qualcomm:wcd9371_firmware:-:*:*:*:*:*:*:*,,,,,,,,
CPE:cpe:2.3:o:qualcomm:wcn3910_firmware:-:*:*:*:*:*:*:*,CPE,cpe:2.3:o:qualcomm:wcn3910_firmware:-:*:*:*:*:*:*:*,,,,,,,,
CPE:cpe:2.3:o:qualcomm:wcn6740_firmware:-:*:*:*:*:*:*:*,CPE,cpe:2.3:o:qualcomm:wcn6740_firmware:-:*:*:*:*:*:*:*,,,,,,,,
REF:CVE-2023-43533:0,Reference,https://www.qualcomm.com/company/product-security/bulletins/february-2024-bulletin,,,,,,,,https://www.qualcomm.com/company/product-security/bulletins/february-2024-bulletin
CVE:CVE-2023-32451,CVE,CVE-2023-32451,3140,0.008000,MINIMAL,HIGH,False,2024-02-06T08:15:48.843000Z,,
CWE:CWE-272,CWE,CWE-272,,,,,,,,
CPE:cpe:2.3:a:dell:display_manager:*:*:*:*:*:*:*:*,CPE,cpe:2.3:a:dell:display_manager:*:*:*:*:*:*:*:*,,,,,,,,
REF:CVE-2023-32451:0,Reference,https://www.dell.com/support/kbdoc/en-us/000215216/dsa-2023-182-dell,,,,,,,,https://www.dell.com/support/kbdoc/en-us/000215216/dsa-2023-182-dell
CVE:CVE-2024-22237,CVE,CVE-2024-22237,3192,0.008000,MINIMAL,HIGH,False,2024-02-06T20:16:03.430000Z,,
CPE:cpe:2.3:a:vmware:aria_operations_for_networks:*:*:*:*:*:*:*:*,CPE,cpe:2.3:a:vmware:aria_operations_for_networks:*:*:*:*:*:*:*:*,,,,,,,,
REF:CVE-2024-22237:0,Reference,https://www.vmware.com/security/advisories/VMSA-2024-0002.html,,,,,,,,https://www.vmware.com/security/advisories/VMSA-2024-0002.html
CVE:CVE-2024-22022,CVE,CVE-2024-22022,3233,0.008000,MINIMAL,HIGH,False,2024-02-07T01:15:08.487000Z,,
CPE:cpe:2.3:a:veeam:recovery_orchestrator:*:*:*:*:*:*:*:*,CPE,cpe:2.3:a:veeam:recovery_orchestrator:*:*:*:*:*:*:*:*,,,,,,,,
REF:CVE-2024-22022:0,Reference,https://veeam.com/kb4541,,,,,,,,https://veeam.com/kb4541
CVE:CVE-2024-24024,CVE,CVE-2024-24024,3306,0.008000,MINIMAL,CRITICAL,False,2024-02-08T01:15:27.113000Z,,
CPE:cpe:2.3:a:xxyopen:novel-plus:*:*:*:*:*:*:*:*,CPE,cpe:2.3:a:xxyopen:novel-plus:*:*:*:*:*:*:*:*,,,,,,,,
CPE:cpe:2.3:a:xxyopen:novel-plus:4.3.0:rc1:*:*:*:*:*:*,CPE,cpe:2.3:a:xxyopen:novel-plus:4.3.0:rc1:*:*:*:*:*:*,,,,,,,,
REF:CVE-2024-24024:0,Reference,https://github.com/201206030/novel-plus,,,,,,,,https://github.com/201206030/novel-plus
REF:CVE-2024-24024:1,Reference,https://github.com/cxcxcxcxcxcxcxc/cxcxcxcxcxcxcxc/blob/main/cxcxcxcxcxc/about-2024/24024.txt,,,,,,,,https://github.com/cxcxcxcxcxcxcxc/cxcxcxcxcxcxcxc/blob/main/cxcxcxcxcxc/about-2024/24024.txt
CVE:CVE-2024-24350,CVE,CVE-2024-24350,3309,0.008000,MINIMAL,HIGH,False,2024-02-08T01:15:27.247000Z,,
CPE:cpe:2.3:a:softwarepublico:e-sic_livre:*:*:*:*:*:*:*:*,CPE,cpe:2.3:a:softwarepublico:e-sic_livre:*:*:*:*:*:*:*:*,,,,,,,,
REF:CVE-2024-24350:0,Reference,https://gist.github.com/viniciuspinheiros/4e53b297fd6466cf12d01867ee1c9c33,,,,,,,,https://gist.github.com/viniciuspinheiros/4e53b297fd6466cf12d01867ee1c9c33
REF:CVE-2024-24350:1,Reference,https://medium.com/%40viniciuspinheiros/e-sic-livre-2-0-authenticated-file-upload-leads-to-remote-code-execution-rce-5937c9537258,,,,,,,,https://medium.com/%40viniciuspinheiros/e-sic-livre-2-0-authenticated-file-upload-leads-to-remote-code-execution-rce-5937c9537258
CVE:CVE-2024-24003,CVE,CVE-2024-24003,3311,0.008000,MINIMAL,CRITICAL,False,2024-02-08T02:15:07.763000Z,,
CPE:cpe:2.3:a:jishenghua:jsherp:3.3:*:*:*:*:*:*:*,CPE,cpe:2.3:a:jishenghua:jsherp:3.3:*:*:*:*:*:*:*,,,,,,,,
REF:CVE-2024-24003:0,Reference,https://github.com/cxcxcxcxcxcxcxc/cxcxcxcxcxcxcxc/blob/main/cxcxcxcxcxc/about-2024/24003.txt,,,,,,,,https://github.com/cxcxcxcxcxcxcxc/cxcxcxcxcxcxcxc/blob/main/cxcxcxcxcxc/about-2024/24003.txt
REF:CVE-2024-24003:1,Reference,https://github.com/jishenghua/jshERP/issues/99,,,,,,,,https://github.com/jishenghua/jshERP/issues/99
CVE:CVE-2024-24202,CVE,CVE-2024-24202,3320,0.008000,MINIMAL,CRITICAL,False,2024-02-08T05:15:08.593000Z,,
CPE:cpe:2.3:a:easycorp:zentao:18.10:*:*:*:community:*:*:*,CPE,cpe:2.3:a:easycorp:zentao:18.10:*:*:*:community:*:*:*,,,,,,,,
CPE:cpe:2.3:a:easycorp:zentao_biz:8.10:*:*:*:*:*:*:*,CPE,cpe:2.3:a:easycorp:zentao_biz:8.10:*:*:*:*:*:*:*,,,,,,,,
CPE:cpe:2.3:a:easycorp:zentao_max:4.10:*:*:*:*:*:*:*,CPE,cpe:2.3:a:easycorp:zentao_max:4.10:*:*:*:*:*:*:*,,,,,,,,
REF:CVE-2024-24202:0,Reference,https://clammy-blizzard-8ef.notion.site/Zentao-PMS-Authorized-Remote-Code-Execution-Vulnerability-1077a870c92848e18fe0c139c4fc2176,,,,,,,,https://clammy-blizzard-8ef.notion.site/Zentao-PMS-Authorized-Remote-Code-Execution-Vulnerability-1077a870c92848e18fe0c139c4fc2176
CVE:CVE-2023-6515,CVE,CVE-2023-6515,3328,0.008000,MINIMAL,HIGH,False,2024-02-08T10:15:11.047000Z,,
CWE:CWE-639,CWE,CWE-639,,,,,,,,
CPE:cpe:2.3:a:miateknoloji:mia-med:*:*:*:*:*:*:*:*,CPE,cpe:2.3:a:miateknoloji:mia-med:*:*:*:*:*:*:*:*,,,,,,,,
REF:CVE-2023-6515:0,Reference,https://siberguvenlik.gov.tr/guvenlik-bildirimleri/detay/tr-24-0087,,,,,,,,https://siberguvenlik.gov.tr/guvenlik-bildirimleri/detay/tr-24-0087
REF:CVE-2023-6515:1,Reference,https://www.usom.gov.tr/bildirim/tr-24-0087,,,,,,,,https://www.usom.gov.tr/bildirim/tr-24-0087
CVE:CVE-2024-24113,CVE,CVE-2024-24113,3344,0.008000,MINIMAL,HIGH,False,2024-02-08T13:15:09.807000Z,,
CPE:cpe:2.3:a:xuxueli:xxl-job:*:*:*:*:*:*:*:*,CPE,cpe:2.3:a:xuxueli:xxl-job:*:*:*:*:*:*:*:*,,,,,,,,
REF:CVE-2024-24113:0,Reference,https://github.com/xuxueli/xxl-job/issues/3375,,,,,,,,https://github.com/xuxueli/xxl-job/issues/3375
